solid box
  facet normal 0 0 -1
    outer loop
      vertex -75 -75 -5
      vertex -75 -74 -5
      vertex -74 -74 -5
    endloop
  endfacet
  facet normal 0 0 -1
    outer loop
      vertex -75 -75 -5
      vertex -74 -74 -5
      vertex -74 -75 -5
    endloop
  endfacet
  facet normal 0 0 -1
    outer loop
      vertex -75 -74 -5
      vertex -75 -59.7 -5
      vertex -74 -59.7 -5
    endloop
  endfacet
  facet normal 0 0 -1
    outer loop
      vertex -75 -74 -5
      vertex -74 -59.7 -5
      vertex -74 -74 -5
    endloop
  endfacet
  facet normal 0 0 -1
    outer loop
      vertex -75 -59.7 -5
      vertex -75 -58.7 -5
      vertex -74 -58.7 -5
    endloop
  endfacet
  facet normal 0 0 -1
    outer loop
      vertex -75 -59.7 -5
      vertex -74 -58.7 -5
      vertex -74 -59.7 -5
    endloop
  endfacet
  facet normal 0 0 -1
    outer loop
      vertex -75 -58.7 -5
      vertex -75 -44.9 -5
      vertex -74 -44.9 -5
    endloop
  endfacet
  facet normal 0 0 -1
    outer loop
      vertex -75 -58.7 -5
      vertex -74 -44.9 -5
      vertex -74 -58.7 -5
    endloop
  endfacet
  facet normal 0 0 -1
    outer loop
      vertex -75 -44.9 -5
      vertex -75 -43.9 -5
      vertex -74 -43.9 -5
    endloop
  endfacet
  facet normal 0 0 -1
    outer loop
      vertex -75 -44.9 -5
      vertex -74 -43.9 -5
      vertex -74 -44.9 -5
    endloop
  endfacet
  facet normal 0 0 -1
    outer loop
      vertex -75 -43.9 -5
      vertex -75 -30.1 -5
      vertex -74 -30.1 -5
    endloop
  endfacet
  facet normal 0 0 -1
    outer loop
      vertex -75 -43.9 -5
      vertex -74 -30.1 -5
      vertex -74 -43.9 -5
    endloop
  endfacet
  facet normal 0 0 -1
    outer loop
      vertex -75 -30.1 -5
      vertex -75 -29.1 -5
      vertex -74 -29.1 -5
    endloop
  endfacet
  facet normal 0 0 -1
    outer loop
      vertex -75 -30.1 -5
      vertex -74 -29.1 -5
      vertex -74 -30.1 -5
    endloop
  endfacet
  facet normal 0 0 -1
    outer loop
      vertex -75 -29.1 -5
      vertex -75 -15.299999999999997 -5
      vertex -74 -15.299999999999997 -5
    endloop
  endfacet
  facet normal 0 0 -1
    outer loop
      vertex -75 -29.1 -5
      vertex -74 -15.299999999999997 -5
      vertex -74 -29.1 -5
    endloop
  endfacet
  facet normal 0 0 -1
    outer loop
      vertex -75 -15.299999999999997 -5
      vertex -75 -14.299999999999997 -5
      vertex -74 -14.299999999999997 -5
    endloop
  endfacet
  facet normal 0 0 -1
    outer loop
      vertex -75 -15.299999999999997 -5
      vertex -74 -14.299999999999997 -5
      vertex -74 -15.299999999999997 -5
    endloop
  endfacet
  facet normal 0 0 -1
    outer loop
      vertex -75 -14.299999999999997 -5
      vertex -75 -0.5 -5
      vertex -74 -0.5 -5
    endloop
  endfacet
  facet normal 0 0 -1
    outer loop
      vertex -75 -14.299999999999997 -5
      vertex -74 -0.5 -5
      vertex -74 -14.299999999999997 -5
    endloop
  endfacet
  facet normal 0 0 -1
    outer loop
      vertex -75 -0.5 -5
      vertex -75 0.5 -5
      vertex -74 0.5 -5
    endloop
  endfacet
  facet normal 0 0 -1
    outer loop
      vertex -75 -0.5 -5
      vertex -74 0.5 -5
      vertex -74 -0.5 -5
    endloop
  endfacet
  facet normal 0 0 -1
    outer loop
      vertex -75 0.5 -5
      vertex -75 14.299999999999997 -5
      vertex -74 14.299999999999997 -5
    endloop
  endfacet
  facet normal 0 0 -1
    outer loop
      vertex -75 0.5 -5
      vertex -74 14.299999999999997 -5
      vertex -74 0.5 -5
    endloop
  endfacet
  facet normal 0 0 -1
    outer loop
      vertex -75 14.299999999999997 -5
      vertex -75 15.299999999999997 -5
      vertex -74 15.299999999999997 -5
    endloop
  endfacet
  facet normal 0 0 -1
    outer loop
      vertex -75 14.299999999999997 -5
      vertex -74 15.299999999999997 -5
      vertex -74 14.299999999999997 -5
    endloop
  endfacet
  facet normal 0 0 -1
    outer loop
      vertex -75 15.299999999999997 -5
      vertex -75 29.099999999999994 -5
      vertex -74 29.099999999999994 -5
    endloop
  endfacet
  facet normal 0 0 -1
    outer loop
      vertex -75 15.299999999999997 -5
      vertex -74 29.099999999999994 -5
      vertex -74 15.299999999999997 -5
    endloop
  endfacet
  facet normal 0 0 -1
    outer loop
      vertex -75 29.099999999999994 -5
      vertex -75 30.099999999999994 -5
      vertex -74 30.099999999999994 -5
    endloop
  endfacet
  facet normal 0 0 -1
    outer loop
      vertex -75 29.099999999999994 -5
      vertex -74 30.099999999999994 -5
      vertex -74 29.099999999999994 -5
    endloop
  endfacet
  facet normal 0 0 -1
    outer loop
      vertex -75 30.099999999999994 -5
      vertex -75 43.900000000000006 -5
      vertex -74 43.900000000000006 -5
    endloop
  endfacet
  facet normal 0 0 -1
    outer loop
      vertex -75 30.099999999999994 -5
      vertex -74 43.900000000000006 -5
      vertex -74 30.099999999999994 -5
    endloop
  endfacet
  facet normal 0 0 -1
    outer loop
      vertex -75 43.900000000000006 -5
      vertex -75 44.900000000000006 -5
      vertex -74 44.900000000000006 -5
    endloop
  endfacet
  facet normal 0 0 -1
    outer loop
      vertex -75 43.900000000000006 -5
      vertex -74 44.900000000000006 -5
      vertex -74 43.900000000000006 -5
    endloop
  endfacet
  facet normal 0 0 -1
    outer loop
      vertex -75 44.900000000000006 -5
      vertex -75 58.70000000000002 -5
      vertex -74 58.70000000000002 -5
    endloop
  endfacet
  facet normal 0 0 -1
    outer loop
      vertex -75 44.900000000000006 -5
      vertex -74 58.70000000000002 -5
      vertex -74 44.900000000000006 -5
    endloop
  endfacet
  facet normal 0 0 -1
    outer loop
      vertex -75 58.70000000000002 -5
      vertex -75 59.70000000000002 -5
      vertex -74 59.70000000000002 -5
    endloop
  endfacet
  facet normal 0 0 -1
    outer loop
      vertex -75 58.70000000000002 -5
      vertex -74 59.70000000000002 -5
      vertex -74 58.70000000000002 -5
    endloop
  endfacet
  facet normal 0 0 -1
    outer loop
      vertex -75 59.70000000000002 -5
      vertex -75 74 -5
      vertex -74 74 -5
    endloop
  endfacet
  facet normal 0 0 -1
    outer loop
      vertex -75 59.70000000000002 -5
      vertex -74 74 -5
      vertex -74 59.70000000000002 -5
    endloop
  endfacet
  facet normal 0 0 -1
    outer loop
      vertex -75 74 -5
      vertex -75 75 -5
      vertex -74 75 -5
    endloop
  endfacet
  facet normal 0 0 -1
    outer loop
      vertex -75 74 -5
      vertex -74 75 -5
      vertex -74 74 -5
    endloop
  endfacet
  facet normal 0 0 -1
    outer loop
      vertex -74 -75 -5
      vertex -74 -74 -5
      vertex -61.18 -74 -5
    endloop
  endfacet
  facet normal 0 0 -1
    outer loop
      vertex -74 -75 -5
      vertex -61.18 -74 -5
      vertex -61.18 -75 -5
    endloop
  endfacet
  facet normal 0 0 -1
    outer loop
      vertex -74 -74 -5
      vertex -74 -59.7 -5
      vertex -61.18 -59.7 -5
    endloop
  endfacet
  facet normal 0 0 -1
    outer loop
      vertex -74 -74 -5
      vertex -61.18 -59.7 -5
      vertex -61.18 -74 -5
    endloop
  endfacet
  facet normal 0 0 -1
    outer loop
      vertex -74 -59.7 -5
      vertex -74 -58.7 -5
      vertex -61.18 -58.7 -5
    endloop
  endfacet
  facet normal 0 0 -1
    outer loop
      vertex -74 -59.7 -5
      vertex -61.18 -58.7 -5
      vertex -61.18 -59.7 -5
    endloop
  endfacet
  facet normal 0 0 -1
    outer loop
      vertex -74 -58.7 -5
      vertex -74 -44.9 -5
      vertex -61.18 -44.9 -5
    endloop
  endfacet
  facet normal 0 0 -1
    outer loop
      vertex -74 -58.7 -5
      vertex -61.18 -44.9 -5
      vertex -61.18 -58.7 -5
    endloop
  endfacet
  facet normal 0 0 -1
    outer loop
      vertex -74 -44.9 -5
      vertex -74 -43.9 -5
      vertex -61.18 -43.9 -5
    endloop
  endfacet
  facet normal 0 0 -1
    outer loop
      vertex -74 -44.9 -5
      vertex -61.18 -43.9 -5
      vertex -61.18 -44.9 -5
    endloop
  endfacet
  facet normal 0 0 -1
    outer loop
      vertex -74 -43.9 -5
      vertex -74 -30.1 -5
      vertex -61.18 -30.1 -5
    endloop
  endfacet
  facet normal 0 0 -1
    outer loop
      vertex -74 -43.9 -5
      vertex -61.18 -30.1 -5
      vertex -61.18 -43.9 -5
    endloop
  endfacet
  facet normal 0 0 -1
    outer loop
      vertex -74 -30.1 -5
      vertex -74 -29.1 -5
      vertex -61.18 -29.1 -5
    endloop
  endfacet
  facet normal 0 0 -1
    outer loop
      vertex -74 -30.1 -5
      vertex -61.18 -29.1 -5
      vertex -61.18 -30.1 -5
    endloop
  endfacet
  facet normal 0 0 -1
    outer loop
      vertex -74 -29.1 -5
      vertex -74 -15.299999999999997 -5
      vertex -61.18 -15.299999999999997 -5
    endloop
  endfacet
  facet normal 0 0 -1
    outer loop
      vertex -74 -29.1 -5
      vertex -61.18 -15.299999999999997 -5
      vertex -61.18 -29.1 -5
    endloop
  endfacet
  facet normal 0 0 -1
    outer loop
      vertex -74 -15.299999999999997 -5
      vertex -74 -14.299999999999997 -5
      vertex -61.18 -14.299999999999997 -5
    endloop
  endfacet
  facet normal 0 0 -1
    outer loop
      vertex -74 -15.299999999999997 -5
      vertex -61.18 -14.299999999999997 -5
      vertex -61.18 -15.299999999999997 -5
    endloop
  endfacet
  facet normal 0 0 -1
    outer loop
      vertex -74 -14.299999999999997 -5
      vertex -74 -0.5 -5
      vertex -61.18 -0.5 -5
    endloop
  endfacet
  facet normal 0 0 -1
    outer loop
      vertex -74 -14.299999999999997 -5
      vertex -61.18 -0.5 -5
      vertex -61.18 -14.299999999999997 -5
    endloop
  endfacet
  facet normal 0 0 -1
    outer loop
      vertex -74 -0.5 -5
      vertex -74 0.5 -5
      vertex -61.18 0.5 -5
    endloop
  endfacet
  facet normal 0 0 -1
    outer loop
      vertex -74 -0.5 -5
      vertex -61.18 0.5 -5
      vertex -61.18 -0.5 -5
    endloop
  endfacet
  facet normal 0 0 -1
    outer loop
      vertex -74 0.5 -5
      vertex -74 14.299999999999997 -5
      vertex -61.18 14.299999999999997 -5
    endloop
  endfacet
  facet normal 0 0 -1
    outer loop
      vertex -74 0.5 -5
      vertex -61.18 14.299999999999997 -5
      vertex -61.18 0.5 -5
    endloop
  endfacet
  facet normal 0 0 -1
    outer loop
      vertex -74 14.299999999999997 -5
      vertex -74 15.299999999999997 -5
      vertex -61.18 15.299999999999997 -5
    endloop
  endfacet
  facet normal 0 0 -1
    outer loop
      vertex -74 14.299999999999997 -5
      vertex -61.18 15.299999999999997 -5
      vertex -61.18 14.299999999999997 -5
    endloop
  endfacet
  facet normal 0 0 -1
    outer loop
      vertex -74 15.299999999999997 -5
      vertex -74 29.099999999999994 -5
      vertex -61.18 29.099999999999994 -5
    endloop
  endfacet
  facet normal 0 0 -1
    outer loop
      vertex -74 15.299999999999997 -5
      vertex -61.18 29.099999999999994 -5
      vertex -61.18 15.299999999999997 -5
    endloop
  endfacet
  facet normal 0 0 -1
    outer loop
      vertex -74 29.099999999999994 -5
      vertex -74 30.099999999999994 -5
      vertex -61.18 30.099999999999994 -5
    endloop
  endfacet
  facet normal 0 0 -1
    outer loop
      vertex -74 29.099999999999994 -5
      vertex -61.18 30.099999999999994 -5
      vertex -61.18 29.099999999999994 -5
    endloop
  endfacet
  facet normal 0 0 -1
    outer loop
      vertex -74 30.099999999999994 -5
      vertex -74 43.900000000000006 -5
      vertex -61.18 43.900000000000006 -5
    endloop
  endfacet
  facet normal 0 0 -1
    outer loop
      vertex -74 30.099999999999994 -5
      vertex -61.18 43.900000000000006 -5
      vertex -61.18 30.099999999999994 -5
    endloop
  endfacet
  facet normal 0 0 -1
    outer loop
      vertex -74 43.900000000000006 -5
      vertex -74 44.900000000000006 -5
      vertex -61.18 44.900000000000006 -5
    endloop
  endfacet
  facet normal 0 0 -1
    outer loop
      vertex -74 43.900000000000006 -5
      vertex -61.18 44.900000000000006 -5
      vertex -61.18 43.900000000000006 -5
    endloop
  endfacet
  facet normal 0 0 -1
    outer loop
      vertex -74 44.900000000000006 -5
      vertex -74 58.70000000000002 -5
      vertex -61.18 58.70000000000002 -5
    endloop
  endfacet
  facet normal 0 0 -1
    outer loop
      vertex -74 44.900000000000006 -5
      vertex -61.18 58.70000000000002 -5
      vertex -61.18 44.900000000000006 -5
    endloop
  endfacet
  facet normal 0 0 -1
    outer loop
      vertex -74 58.70000000000002 -5
      vertex -74 59.70000000000002 -5
      vertex -61.18 59.70000000000002 -5
    endloop
  endfacet
  facet normal 0 0 -1
    outer loop
      vertex -74 58.70000000000002 -5
      vertex -61.18 59.70000000000002 -5
      vertex -61.18 58.70000000000002 -5
    endloop
  endfacet
  facet normal 0 0 -1
    outer loop
      vertex -74 59.70000000000002 -5
      vertex -74 74 -5
      vertex -61.18 74 -5
    endloop
  endfacet
  facet normal 0 0 -1
    outer loop
      vertex -74 59.70000000000002 -5
      vertex -61.18 74 -5
      vertex -61.18 59.70000000000002 -5
    endloop
  endfacet
  facet normal 0 0 -1
    outer loop
      vertex -74 74 -5
      vertex -74 75 -5
      vertex -61.18 75 -5
    endloop
  endfacet
  facet normal 0 0 -1
    outer loop
      vertex -74 74 -5
      vertex -61.18 75 -5
      vertex -61.18 74 -5
    endloop
  endfacet
  facet normal 0 0 -1
    outer loop
      vertex -61.18 -75 -5
      vertex -61.18 -74 -5
      vertex -60.18 -74 -5
    endloop
  endfacet
  facet normal 0 0 -1
    outer loop
      vertex -61.18 -75 -5
      vertex -60.18 -74 -5
      vertex -60.18 -75 -5
    endloop
  endfacet
  facet normal 0 0 -1
    outer loop
      vertex -61.18 -74 -5
      vertex -61.18 -59.7 -5
      vertex -60.18 -59.7 -5
    endloop
  endfacet
  facet normal 0 0 -1
    outer loop
      vertex -61.18 -74 -5
      vertex -60.18 -59.7 -5
      vertex -60.18 -74 -5
    endloop
  endfacet
  facet normal 0 0 -1
    outer loop
      vertex -61.18 -59.7 -5
      vertex -61.18 -58.7 -5
      vertex -60.18 -58.7 -5
    endloop
  endfacet
  facet normal 0 0 -1
    outer loop
      vertex -61.18 -59.7 -5
      vertex -60.18 -58.7 -5
      vertex -60.18 -59.7 -5
    endloop
  endfacet
  facet normal 0 0 -1
    outer loop
      vertex -61.18 -58.7 -5
      vertex -61.18 -44.9 -5
      vertex -60.18 -44.9 -5
    endloop
  endfacet
  facet normal 0 0 -1
    outer loop
      vertex -61.18 -58.7 -5
      vertex -60.18 -44.9 -5
      vertex -60.18 -58.7 -5
    endloop
  endfacet
  facet normal 0 0 -1
    outer loop
      vertex -61.18 -44.9 -5
      vertex -61.18 -43.9 -5
      vertex -60.18 -43.9 -5
    endloop
  endfacet
  facet normal 0 0 -1
    outer loop
      vertex -61.18 -44.9 -5
      vertex -60.18 -43.9 -5
      vertex -60.18 -44.9 -5
    endloop
  endfacet
  facet normal 0 0 -1
    outer loop
      vertex -61.18 -43.9 -5
      vertex -61.18 -30.1 -5
      vertex -60.18 -30.1 -5
    endloop
  endfacet
  facet normal 0 0 -1
    outer loop
      vertex -61.18 -43.9 -5
      vertex -60.18 -30.1 -5
      vertex -60.18 -43.9 -5
    endloop
  endfacet
  facet normal 0 0 -1
    outer loop
      vertex -61.18 -30.1 -5
      vertex -61.18 -29.1 -5
      vertex -60.18 -29.1 -5
    endloop
  endfacet
  facet normal 0 0 -1
    outer loop
      vertex -61.18 -30.1 -5
      vertex -60.18 -29.1 -5
      vertex -60.18 -30.1 -5
    endloop
  endfacet
  facet normal 0 0 -1
    outer loop
      vertex -61.18 -29.1 -5
      vertex -61.18 -15.299999999999997 -5
      vertex -60.18 -15.299999999999997 -5
    endloop
  endfacet
  facet normal 0 0 -1
    outer loop
      vertex -61.18 -29.1 -5
      vertex -60.18 -15.299999999999997 -5
      vertex -60.18 -29.1 -5
    endloop
  endfacet
  facet normal 0 0 -1
    outer loop
      vertex -61.18 -15.299999999999997 -5
      vertex -61.18 -14.299999999999997 -5
      vertex -60.18 -14.299999999999997 -5
    endloop
  endfacet
  facet normal 0 0 -1
    outer loop
      vertex -61.18 -15.299999999999997 -5
      vertex -60.18 -14.299999999999997 -5
      vertex -60.18 -15.299999999999997 -5
    endloop
  endfacet
  facet normal 0 0 -1
    outer loop
      vertex -61.18 -14.299999999999997 -5
      vertex -61.18 -0.5 -5
      vertex -60.18 -0.5 -5
    endloop
  endfacet
  facet normal 0 0 -1
    outer loop
      vertex -61.18 -14.299999999999997 -5
      vertex -60.18 -0.5 -5
      vertex -60.18 -14.299999999999997 -5
    endloop
  endfacet
  facet normal 0 0 -1
    outer loop
      vertex -61.18 -0.5 -5
      vertex -61.18 0.5 -5
      vertex -60.18 0.5 -5
    endloop
  endfacet
  facet normal 0 0 -1
    outer loop
      vertex -61.18 -0.5 -5
      vertex -60.18 0.5 -5
      vertex -60.18 -0.5 -5
    endloop
  endfacet
  facet normal 0 0 -1
    outer loop
      vertex -61.18 0.5 -5
      vertex -61.18 14.299999999999997 -5
      vertex -60.18 14.299999999999997 -5
    endloop
  endfacet
  facet normal 0 0 -1
    outer loop
      vertex -61.18 0.5 -5
      vertex -60.18 14.299999999999997 -5
      vertex -60.18 0.5 -5
    endloop
  endfacet
  facet normal 0 0 -1
    outer loop
      vertex -61.18 14.299999999999997 -5
      vertex -61.18 15.299999999999997 -5
      vertex -60.18 15.299999999999997 -5
    endloop
  endfacet
  facet normal 0 0 -1
    outer loop
      vertex -61.18 14.299999999999997 -5
      vertex -60.18 15.299999999999997 -5
      vertex -60.18 14.299999999999997 -5
    endloop
  endfacet
  facet normal 0 0 -1
    outer loop
      vertex -61.18 15.299999999999997 -5
      vertex -61.18 29.099999999999994 -5
      vertex -60.18 29.099999999999994 -5
    endloop
  endfacet
  facet normal 0 0 -1
    outer loop
      vertex -61.18 15.299999999999997 -5
      vertex -60.18 29.099999999999994 -5
      vertex -60.18 15.299999999999997 -5
    endloop
  endfacet
  facet normal 0 0 -1
    outer loop
      vertex -61.18 29.099999999999994 -5
      vertex -61.18 30.099999999999994 -5
      vertex -60.18 30.099999999999994 -5
    endloop
  endfacet
  facet normal 0 0 -1
    outer loop
      vertex -61.18 29.099999999999994 -5
      vertex -60.18 30.099999999999994 -5
      vertex -60.18 29.099999999999994 -5
    endloop
  endfacet
  facet normal 0 0 -1
    outer loop
      vertex -61.18 30.099999999999994 -5
      vertex -61.18 43.900000000000006 -5
      vertex -60.18 43.900000000000006 -5
    endloop
  endfacet
  facet normal 0 0 -1
    outer loop
      vertex -61.18 30.099999999999994 -5
      vertex -60.18 43.900000000000006 -5
      vertex -60.18 30.099999999999994 -5
    endloop
  endfacet
  facet normal 0 0 -1
    outer loop
      vertex -61.18 43.900000000000006 -5
      vertex -61.18 44.900000000000006 -5
      vertex -60.18 44.900000000000006 -5
    endloop
  endfacet
  facet normal 0 0 -1
    outer loop
      vertex -61.18 43.900000000000006 -5
      vertex -60.18 44.900000000000006 -5
      vertex -60.18 43.900000000000006 -5
    endloop
  endfacet
  facet normal 0 0 -1
    outer loop
      vertex -61.18 44.900000000000006 -5
      vertex -61.18 58.70000000000002 -5
      vertex -60.18 58.70000000000002 -5
    endloop
  endfacet
  facet normal 0 0 -1
    outer loop
      vertex -61.18 44.900000000000006 -5
      vertex -60.18 58.70000000000002 -5
      vertex -60.18 44.900000000000006 -5
    endloop
  endfacet
  facet normal 0 0 -1
    outer loop
      vertex -61.18 58.70000000000002 -5
      vertex -61.18 59.70000000000002 -5
      vertex -60.18 59.70000000000002 -5
    endloop
  endfacet
  facet normal 0 0 -1
    outer loop
      vertex -61.18 58.70000000000002 -5
      vertex -60.18 59.70000000000002 -5
      vertex -60.18 58.70000000000002 -5
    endloop
  endfacet
  facet normal 0 0 -1
    outer loop
      vertex -61.18 59.70000000000002 -5
      vertex -61.18 74 -5
      vertex -60.18 74 -5
    endloop
  endfacet
  facet normal 0 0 -1
    outer loop
      vertex -61.18 59.70000000000002 -5
      vertex -60.18 74 -5
      vertex -60.18 59.70000000000002 -5
    endloop
  endfacet
  facet normal 0 0 -1
    outer loop
      vertex -61.18 74 -5
      vertex -61.18 75 -5
      vertex -60.18 75 -5
    endloop
  endfacet
  facet normal 0 0 -1
    outer loop
      vertex -61.18 74 -5
      vertex -60.18 75 -5
      vertex -60.18 74 -5
    endloop
  endfacet
  facet normal 0 0 -1
    outer loop
      vertex -60.18 -75 -5
      vertex -60.18 -74 -5
      vertex -44.9 -74 -5
    endloop
  endfacet
  facet normal 0 0 -1
    outer loop
      vertex -60.18 -75 -5
      vertex -44.9 -74 -5
      vertex -44.9 -75 -5
    endloop
  endfacet
  facet normal 0 0 -1
    outer loop
      vertex -60.18 -74 -5
      vertex -60.18 -59.7 -5
      vertex -44.9 -59.7 -5
    endloop
  endfacet
  facet normal 0 0 -1
    outer loop
      vertex -60.18 -74 -5
      vertex -44.9 -59.7 -5
      vertex -44.9 -74 -5
    endloop
  endfacet
  facet normal 0 0 -1
    outer loop
      vertex -60.18 -59.7 -5
      vertex -60.18 -58.7 -5
      vertex -44.9 -58.7 -5
    endloop
  endfacet
  facet normal 0 0 -1
    outer loop
      vertex -60.18 -59.7 -5
      vertex -44.9 -58.7 -5
      vertex -44.9 -59.7 -5
    endloop
  endfacet
  facet normal 0 0 -1
    outer loop
      vertex -60.18 -58.7 -5
      vertex -60.18 -44.9 -5
      vertex -44.9 -44.9 -5
    endloop
  endfacet
  facet normal 0 0 -1
    outer loop
      vertex -60.18 -58.7 -5
      vertex -44.9 -44.9 -5
      vertex -44.9 -58.7 -5
    endloop
  endfacet
  facet normal 0 0 -1
    outer loop
      vertex -60.18 -44.9 -5
      vertex -60.18 -43.9 -5
      vertex -44.9 -43.9 -5
    endloop
  endfacet
  facet normal 0 0 -1
    outer loop
      vertex -60.18 -44.9 -5
      vertex -44.9 -43.9 -5
      vertex -44.9 -44.9 -5
    endloop
  endfacet
  facet normal 0 0 -1
    outer loop
      vertex -60.18 -43.9 -5
      vertex -60.18 -30.1 -5
      vertex -44.9 -30.1 -5
    endloop
  endfacet
  facet normal 0 0 -1
    outer loop
      vertex -60.18 -43.9 -5
      vertex -44.9 -30.1 -5
      vertex -44.9 -43.9 -5
    endloop
  endfacet
  facet normal 0 0 -1
    outer loop
      vertex -60.18 -30.1 -5
      vertex -60.18 -29.1 -5
      vertex -44.9 -29.1 -5
    endloop
  endfacet
  facet normal 0 0 -1
    outer loop
      vertex -60.18 -30.1 -5
      vertex -44.9 -29.1 -5
      vertex -44.9 -30.1 -5
    endloop
  endfacet
  facet normal 0 0 -1
    outer loop
      vertex -60.18 -29.1 -5
      vertex -60.18 -15.299999999999997 -5
      vertex -44.9 -15.299999999999997 -5
    endloop
  endfacet
  facet normal 0 0 -1
    outer loop
      vertex -60.18 -29.1 -5
      vertex -44.9 -15.299999999999997 -5
      vertex -44.9 -29.1 -5
    endloop
  endfacet
  facet normal 0 0 -1
    outer loop
      vertex -60.18 -15.299999999999997 -5
      vertex -60.18 -14.299999999999997 -5
      vertex -44.9 -14.299999999999997 -5
    endloop
  endfacet
  facet normal 0 0 -1
    outer loop
      vertex -60.18 -15.299999999999997 -5
      vertex -44.9 -14.299999999999997 -5
      vertex -44.9 -15.299999999999997 -5
    endloop
  endfacet
  facet normal 0 0 -1
    outer loop
      vertex -60.18 -14.299999999999997 -5
      vertex -60.18 -0.5 -5
      vertex -44.9 -0.5 -5
    endloop
  endfacet
  facet normal 0 0 -1
    outer loop
      vertex -60.18 -14.299999999999997 -5
      vertex -44.9 -0.5 -5
      vertex -44.9 -14.299999999999997 -5
    endloop
  endfacet
  facet normal 0 0 -1
    outer loop
      vertex -60.18 -0.5 -5
      vertex -60.18 0.5 -5
      vertex -44.9 0.5 -5
    endloop
  endfacet
  facet normal 0 0 -1
    outer loop
      vertex -60.18 -0.5 -5
      vertex -44.9 0.5 -5
      vertex -44.9 -0.5 -5
    endloop
  endfacet
  facet normal 0 0 -1
    outer loop
      vertex -60.18 0.5 -5
      vertex -60.18 14.299999999999997 -5
      vertex -44.9 14.299999999999997 -5
    endloop
  endfacet
  facet normal 0 0 -1
    outer loop
      vertex -60.18 0.5 -5
      vertex -44.9 14.299999999999997 -5
      vertex -44.9 0.5 -5
    endloop
  endfacet
  facet normal 0 0 -1
    outer loop
      vertex -60.18 14.299999999999997 -5
      vertex -60.18 15.299999999999997 -5
      vertex -44.9 15.299999999999997 -5
    endloop
  endfacet
  facet normal 0 0 -1
    outer loop
      vertex -60.18 14.299999999999997 -5
      vertex -44.9 15.299999999999997 -5
      vertex -44.9 14.299999999999997 -5
    endloop
  endfacet
  facet normal 0 0 -1
    outer loop
      vertex -60.18 15.299999999999997 -5
      vertex -60.18 29.099999999999994 -5
      vertex -44.9 29.099999999999994 -5
    endloop
  endfacet
  facet normal 0 0 -1
    outer loop
      vertex -60.18 15.299999999999997 -5
      vertex -44.9 29.099999999999994 -5
      vertex -44.9 15.299999999999997 -5
    endloop
  endfacet
  facet normal 0 0 -1
    outer loop
      vertex -60.18 29.099999999999994 -5
      vertex -60.18 30.099999999999994 -5
      vertex -44.9 30.099999999999994 -5
    endloop
  endfacet
  facet normal 0 0 -1
    outer loop
      vertex -60.18 29.099999999999994 -5
      vertex -44.9 30.099999999999994 -5
      vertex -44.9 29.099999999999994 -5
    endloop
  endfacet
  facet normal 0 0 -1
    outer loop
      vertex -60.18 30.099999999999994 -5
      vertex -60.18 43.900000000000006 -5
      vertex -44.9 43.900000000000006 -5
    endloop
  endfacet
  facet normal 0 0 -1
    outer loop
      vertex -60.18 30.099999999999994 -5
      vertex -44.9 43.900000000000006 -5
      vertex -44.9 30.099999999999994 -5
    endloop
  endfacet
  facet normal 0 0 -1
    outer loop
      vertex -60.18 43.900000000000006 -5
      vertex -60.18 44.900000000000006 -5
      vertex -44.9 44.900000000000006 -5
    endloop
  endfacet
  facet normal 0 0 -1
    outer loop
      vertex -60.18 43.900000000000006 -5
      vertex -44.9 44.900000000000006 -5
      vertex -44.9 43.900000000000006 -5
    endloop
  endfacet
  facet normal 0 0 -1
    outer loop
      vertex -60.18 44.900000000000006 -5
      vertex -60.18 58.70000000000002 -5
      vertex -44.9 58.70000000000002 -5
    endloop
  endfacet
  facet normal 0 0 -1
    outer loop
      vertex -60.18 44.900000000000006 -5
      vertex -44.9 58.70000000000002 -5
      vertex -44.9 44.900000000000006 -5
    endloop
  endfacet
  facet normal 0 0 -1
    outer loop
      vertex -60.18 58.70000000000002 -5
      vertex -60.18 59.70000000000002 -5
      vertex -44.9 59.70000000000002 -5
    endloop
  endfacet
  facet normal 0 0 -1
    outer loop
      vertex -60.18 58.70000000000002 -5
      vertex -44.9 59.70000000000002 -5
      vertex -44.9 58.70000000000002 -5
    endloop
  endfacet
  facet normal 0 0 -1
    outer loop
      vertex -60.18 59.70000000000002 -5
      vertex -60.18 74 -5
      vertex -44.9 74 -5
    endloop
  endfacet
  facet normal 0 0 -1
    outer loop
      vertex -60.18 59.70000000000002 -5
      vertex -44.9 74 -5
      vertex -44.9 59.70000000000002 -5
    endloop
  endfacet
  facet normal 0 0 -1
    outer loop
      vertex -60.18 74 -5
      vertex -60.18 75 -5
      vertex -44.9 75 -5
    endloop
  endfacet
  facet normal 0 0 -1
    outer loop
      vertex -60.18 74 -5
      vertex -44.9 75 -5
      vertex -44.9 74 -5
    endloop
  endfacet
  facet normal 0 0 -1
    outer loop
      vertex -44.9 -75 -5
      vertex -44.9 -74 -5
      vertex -43.9 -74 -5
    endloop
  endfacet
  facet normal 0 0 -1
    outer loop
      vertex -44.9 -75 -5
      vertex -43.9 -74 -5
      vertex -43.9 -75 -5
    endloop
  endfacet
  facet normal 0 0 -1
    outer loop
      vertex -44.9 -74 -5
      vertex -44.9 -59.7 -5
      vertex -43.9 -59.7 -5
    endloop
  endfacet
  facet normal 0 0 -1
    outer loop
      vertex -44.9 -74 -5
      vertex -43.9 -59.7 -5
      vertex -43.9 -74 -5
    endloop
  endfacet
  facet normal 0 0 -1
    outer loop
      vertex -44.9 -59.7 -5
      vertex -44.9 -58.7 -5
      vertex -43.9 -58.7 -5
    endloop
  endfacet
  facet normal 0 0 -1
    outer loop
      vertex -44.9 -59.7 -5
      vertex -43.9 -58.7 -5
      vertex -43.9 -59.7 -5
    endloop
  endfacet
  facet normal 0 0 -1
    outer loop
      vertex -44.9 -58.7 -5
      vertex -44.9 -44.9 -5
      vertex -43.9 -44.9 -5
    endloop
  endfacet
  facet normal 0 0 -1
    outer loop
      vertex -44.9 -58.7 -5
      vertex -43.9 -44.9 -5
      vertex -43.9 -58.7 -5
    endloop
  endfacet
  facet normal 0 0 -1
    outer loop
      vertex -44.9 -44.9 -5
      vertex -44.9 -43.9 -5
      vertex -43.9 -43.9 -5
    endloop
  endfacet
  facet normal 0 0 -1
    outer loop
      vertex -44.9 -44.9 -5
      vertex -43.9 -43.9 -5
      vertex -43.9 -44.9 -5
    endloop
  endfacet
  facet normal 0 0 -1
    outer loop
      vertex -44.9 -43.9 -5
      vertex -44.9 -30.1 -5
      vertex -43.9 -30.1 -5
    endloop
  endfacet
  facet normal 0 0 -1
    outer loop
      vertex -44.9 -43.9 -5
      vertex -43.9 -30.1 -5
      vertex -43.9 -43.9 -5
    endloop
  endfacet
  facet normal 0 0 -1
    outer loop
      vertex -44.9 -30.1 -5
      vertex -44.9 -29.1 -5
      vertex -43.9 -29.1 -5
    endloop
  endfacet
  facet normal 0 0 -1
    outer loop
      vertex -44.9 -30.1 -5
      vertex -43.9 -29.1 -5
      vertex -43.9 -30.1 -5
    endloop
  endfacet
  facet normal 0 0 -1
    outer loop
      vertex -44.9 -29.1 -5
      vertex -44.9 -15.299999999999997 -5
      vertex -43.9 -15.299999999999997 -5
    endloop
  endfacet
  facet normal 0 0 -1
    outer loop
      vertex -44.9 -29.1 -5
      vertex -43.9 -15.299999999999997 -5
      vertex -43.9 -29.1 -5
    endloop
  endfacet
  facet normal 0 0 -1
    outer loop
      vertex -44.9 -15.299999999999997 -5
      vertex -44.9 -14.299999999999997 -5
      vertex -43.9 -14.299999999999997 -5
    endloop
  endfacet
  facet normal 0 0 -1
    outer loop
      vertex -44.9 -15.299999999999997 -5
      vertex -43.9 -14.299999999999997 -5
      vertex -43.9 -15.299999999999997 -5
    endloop
  endfacet
  facet normal 0 0 -1
    outer loop
      vertex -44.9 -14.299999999999997 -5
      vertex -44.9 -0.5 -5
      vertex -43.9 -0.5 -5
    endloop
  endfacet
  facet normal 0 0 -1
    outer loop
      vertex -44.9 -14.299999999999997 -5
      vertex -43.9 -0.5 -5
      vertex -43.9 -14.299999999999997 -5
    endloop
  endfacet
  facet normal 0 0 -1
    outer loop
      vertex -44.9 -0.5 -5
      vertex -44.9 0.5 -5
      vertex -43.9 0.5 -5
    endloop
  endfacet
  facet normal 0 0 -1
    outer loop
      vertex -44.9 -0.5 -5
      vertex -43.9 0.5 -5
      vertex -43.9 -0.5 -5
    endloop
  endfacet
  facet normal 0 0 -1
    outer loop
      vertex -44.9 0.5 -5
      vertex -44.9 14.299999999999997 -5
      vertex -43.9 14.299999999999997 -5
    endloop
  endfacet
  facet normal 0 0 -1
    outer loop
      vertex -44.9 0.5 -5
      vertex -43.9 14.299999999999997 -5
      vertex -43.9 0.5 -5
    endloop
  endfacet
  facet normal 0 0 -1
    outer loop
      vertex -44.9 14.299999999999997 -5
      vertex -44.9 15.299999999999997 -5
      vertex -43.9 15.299999999999997 -5
    endloop
  endfacet
  facet normal 0 0 -1
    outer loop
      vertex -44.9 14.299999999999997 -5
      vertex -43.9 15.299999999999997 -5
      vertex -43.9 14.299999999999997 -5
    endloop
  endfacet
  facet normal 0 0 -1
    outer loop
      vertex -44.9 15.299999999999997 -5
      vertex -44.9 29.099999999999994 -5
      vertex -43.9 29.099999999999994 -5
    endloop
  endfacet
  facet normal 0 0 -1
    outer loop
      vertex -44.9 15.299999999999997 -5
      vertex -43.9 29.099999999999994 -5
      vertex -43.9 15.299999999999997 -5
    endloop
  endfacet
  facet normal 0 0 -1
    outer loop
      vertex -44.9 29.099999999999994 -5
      vertex -44.9 30.099999999999994 -5
      vertex -43.9 30.099999999999994 -5
    endloop
  endfacet
  facet normal 0 0 -1
    outer loop
      vertex -44.9 29.099999999999994 -5
      vertex -43.9 30.099999999999994 -5
      vertex -43.9 29.099999999999994 -5
    endloop
  endfacet
  facet normal 0 0 -1
    outer loop
      vertex -44.9 30.099999999999994 -5
      vertex -44.9 43.900000000000006 -5
      vertex -43.9 43.900000000000006 -5
    endloop
  endfacet
  facet normal 0 0 -1
    outer loop
      vertex -44.9 30.099999999999994 -5
      vertex -43.9 43.900000000000006 -5
      vertex -43.9 30.099999999999994 -5
    endloop
  endfacet
  facet normal 0 0 -1
    outer loop
      vertex -44.9 43.900000000000006 -5
      vertex -44.9 44.900000000000006 -5
      vertex -43.9 44.900000000000006 -5
    endloop
  endfacet
  facet normal 0 0 -1
    outer loop
      vertex -44.9 43.900000000000006 -5
      vertex -43.9 44.900000000000006 -5
      vertex -43.9 43.900000000000006 -5
    endloop
  endfacet
  facet normal 0 0 -1
    outer loop
      vertex -44.9 44.900000000000006 -5
      vertex -44.9 58.70000000000002 -5
      vertex -43.9 58.70000000000002 -5
    endloop
  endfacet
  facet normal 0 0 -1
    outer loop
      vertex -44.9 44.900000000000006 -5
      vertex -43.9 58.70000000000002 -5
      vertex -43.9 44.900000000000006 -5
    endloop
  endfacet
  facet normal 0 0 -1
    outer loop
      vertex -44.9 58.70000000000002 -5
      vertex -44.9 59.70000000000002 -5
      vertex -43.9 59.70000000000002 -5
    endloop
  endfacet
  facet normal 0 0 -1
    outer loop
      vertex -44.9 58.70000000000002 -5
      vertex -43.9 59.70000000000002 -5
      vertex -43.9 58.70000000000002 -5
    endloop
  endfacet
  facet normal 0 0 -1
    outer loop
      vertex -44.9 59.70000000000002 -5
      vertex -44.9 74 -5
      vertex -43.9 74 -5
    endloop
  endfacet
  facet normal 0 0 -1
    outer loop
      vertex -44.9 59.70000000000002 -5
      vertex -43.9 74 -5
      vertex -43.9 59.70000000000002 -5
    endloop
  endfacet
  facet normal 0 0 -1
    outer loop
      vertex -44.9 74 -5
      vertex -44.9 75 -5
      vertex -43.9 75 -5
    endloop
  endfacet
  facet normal 0 0 -1
    outer loop
      vertex -44.9 74 -5
      vertex -43.9 75 -5
      vertex -43.9 74 -5
    endloop
  endfacet
  facet normal 0 0 -1
    outer loop
      vertex -43.9 -75 -5
      vertex -43.9 -74 -5
      vertex -30.1 -74 -5
    endloop
  endfacet
  facet normal 0 0 -1
    outer loop
      vertex -43.9 -75 -5
      vertex -30.1 -74 -5
      vertex -30.1 -75 -5
    endloop
  endfacet
  facet normal 0 0 -1
    outer loop
      vertex -43.9 -74 -5
      vertex -43.9 -59.7 -5
      vertex -30.1 -59.7 -5
    endloop
  endfacet
  facet normal 0 0 -1
    outer loop
      vertex -43.9 -74 -5
      vertex -30.1 -59.7 -5
      vertex -30.1 -74 -5
    endloop
  endfacet
  facet normal 0 0 -1
    outer loop
      vertex -43.9 -59.7 -5
      vertex -43.9 -58.7 -5
      vertex -30.1 -58.7 -5
    endloop
  endfacet
  facet normal 0 0 -1
    outer loop
      vertex -43.9 -59.7 -5
      vertex -30.1 -58.7 -5
      vertex -30.1 -59.7 -5
    endloop
  endfacet
  facet normal 0 0 -1
    outer loop
      vertex -43.9 -58.7 -5
      vertex -43.9 -44.9 -5
      vertex -30.1 -44.9 -5
    endloop
  endfacet
  facet normal 0 0 -1
    outer loop
      vertex -43.9 -58.7 -5
      vertex -30.1 -44.9 -5
      vertex -30.1 -58.7 -5
    endloop
  endfacet
  facet normal 0 0 -1
    outer loop
      vertex -43.9 -44.9 -5
      vertex -43.9 -43.9 -5
      vertex -30.1 -43.9 -5
    endloop
  endfacet
  facet normal 0 0 -1
    outer loop
      vertex -43.9 -44.9 -5
      vertex -30.1 -43.9 -5
      vertex -30.1 -44.9 -5
    endloop
  endfacet
  facet normal 0 0 -1
    outer loop
      vertex -43.9 -43.9 -5
      vertex -43.9 -30.1 -5
      vertex -30.1 -30.1 -5
    endloop
  endfacet
  facet normal 0 0 -1
    outer loop
      vertex -43.9 -43.9 -5
      vertex -30.1 -30.1 -5
      vertex -30.1 -43.9 -5
    endloop
  endfacet
  facet normal 0 0 -1
    outer loop
      vertex -43.9 -30.1 -5
      vertex -43.9 -29.1 -5
      vertex -30.1 -29.1 -5
    endloop
  endfacet
  facet normal 0 0 -1
    outer loop
      vertex -43.9 -30.1 -5
      vertex -30.1 -29.1 -5
      vertex -30.1 -30.1 -5
    endloop
  endfacet
  facet normal 0 0 -1
    outer loop
      vertex -43.9 -29.1 -5
      vertex -43.9 -15.299999999999997 -5
      vertex -30.1 -15.299999999999997 -5
    endloop
  endfacet
  facet normal 0 0 -1
    outer loop
      vertex -43.9 -29.1 -5
      vertex -30.1 -15.299999999999997 -5
      vertex -30.1 -29.1 -5
    endloop
  endfacet
  facet normal 0 0 -1
    outer loop
      vertex -43.9 -15.299999999999997 -5
      vertex -43.9 -14.299999999999997 -5
      vertex -30.1 -14.299999999999997 -5
    endloop
  endfacet
  facet normal 0 0 -1
    outer loop
      vertex -43.9 -15.299999999999997 -5
      vertex -30.1 -14.299999999999997 -5
      vertex -30.1 -15.299999999999997 -5
    endloop
  endfacet
  facet normal 0 0 -1
    outer loop
      vertex -43.9 -14.299999999999997 -5
      vertex -43.9 -0.5 -5
      vertex -30.1 -0.5 -5
    endloop
  endfacet
  facet normal 0 0 -1
    outer loop
      vertex -43.9 -14.299999999999997 -5
      vertex -30.1 -0.5 -5
      vertex -30.1 -14.299999999999997 -5
    endloop
  endfacet
  facet normal 0 0 -1
    outer loop
      vertex -43.9 -0.5 -5
      vertex -43.9 0.5 -5
      vertex -30.1 0.5 -5
    endloop
  endfacet
  facet normal 0 0 -1
    outer loop
      vertex -43.9 -0.5 -5
      vertex -30.1 0.5 -5
      vertex -30.1 -0.5 -5
    endloop
  endfacet
  facet normal 0 0 -1
    outer loop
      vertex -43.9 0.5 -5
      vertex -43.9 14.299999999999997 -5
      vertex -30.1 14.299999999999997 -5
    endloop
  endfacet
  facet normal 0 0 -1
    outer loop
      vertex -43.9 0.5 -5
      vertex -30.1 14.299999999999997 -5
      vertex -30.1 0.5 -5
    endloop
  endfacet
  facet normal 0 0 -1
    outer loop
      vertex -43.9 14.299999999999997 -5
      vertex -43.9 15.299999999999997 -5
      vertex -30.1 15.299999999999997 -5
    endloop
  endfacet
  facet normal 0 0 -1
    outer loop
      vertex -43.9 14.299999999999997 -5
      vertex -30.1 15.299999999999997 -5
      vertex -30.1 14.299999999999997 -5
    endloop
  endfacet
  facet normal 0 0 -1
    outer loop
      vertex -43.9 15.299999999999997 -5
      vertex -43.9 29.099999999999994 -5
      vertex -30.1 29.099999999999994 -5
    endloop
  endfacet
  facet normal 0 0 -1
    outer loop
      vertex -43.9 15.299999999999997 -5
      vertex -30.1 29.099999999999994 -5
      vertex -30.1 15.299999999999997 -5
    endloop
  endfacet
  facet normal 0 0 -1
    outer loop
      vertex -43.9 29.099999999999994 -5
      vertex -43.9 30.099999999999994 -5
      vertex -30.1 30.099999999999994 -5
    endloop
  endfacet
  facet normal 0 0 -1
    outer loop
      vertex -43.9 29.099999999999994 -5
      vertex -30.1 30.099999999999994 -5
      vertex -30.1 29.099999999999994 -5
    endloop
  endfacet
  facet normal 0 0 -1
    outer loop
      vertex -43.9 30.099999999999994 -5
      vertex -43.9 43.900000000000006 -5
      vertex -30.1 43.900000000000006 -5
    endloop
  endfacet
  facet normal 0 0 -1
    outer loop
      vertex -43.9 30.099999999999994 -5
      vertex -30.1 43.900000000000006 -5
      vertex -30.1 30.099999999999994 -5
    endloop
  endfacet
  facet normal 0 0 -1
    outer loop
      vertex -43.9 43.900000000000006 -5
      vertex -43.9 44.900000000000006 -5
      vertex -30.1 44.900000000000006 -5
    endloop
  endfacet
  facet normal 0 0 -1
    outer loop
      vertex -43.9 43.900000000000006 -5
      vertex -30.1 44.900000000000006 -5
      vertex -30.1 43.900000000000006 -5
    endloop
  endfacet
  facet normal 0 0 -1
    outer loop
      vertex -43.9 44.900000000000006 -5
      vertex -43.9 58.70000000000002 -5
      vertex -30.1 58.70000000000002 -5
    endloop
  endfacet
  facet normal 0 0 -1
    outer loop
      vertex -43.9 44.900000000000006 -5
      vertex -30.1 58.70000000000002 -5
      vertex -30.1 44.900000000000006 -5
    endloop
  endfacet
  facet normal 0 0 -1
    outer loop
      vertex -43.9 58.70000000000002 -5
      vertex -43.9 59.70000000000002 -5
      vertex -30.1 59.70000000000002 -5
    endloop
  endfacet
  facet normal 0 0 -1
    outer loop
      vertex -43.9 58.70000000000002 -5
      vertex -30.1 59.70000000000002 -5
      vertex -30.1 58.70000000000002 -5
    endloop
  endfacet
  facet normal 0 0 -1
    outer loop
      vertex -43.9 59.70000000000002 -5
      vertex -43.9 74 -5
      vertex -30.1 74 -5
    endloop
  endfacet
  facet normal 0 0 -1
    outer loop
      vertex -43.9 59.70000000000002 -5
      vertex -30.1 74 -5
      vertex -30.1 59.70000000000002 -5
    endloop
  endfacet
  facet normal 0 0 -1
    outer loop
      vertex -43.9 74 -5
      vertex -43.9 75 -5
      vertex -30.1 75 -5
    endloop
  endfacet
  facet normal 0 0 -1
    outer loop
      vertex -43.9 74 -5
      vertex -30.1 75 -5
      vertex -30.1 74 -5
    endloop
  endfacet
  facet normal 0 0 -1
    outer loop
      vertex -30.1 -75 -5
      vertex -30.1 -74 -5
      vertex -29.1 -74 -5
    endloop
  endfacet
  facet normal 0 0 -1
    outer loop
      vertex -30.1 -75 -5
      vertex -29.1 -74 -5
      vertex -29.1 -75 -5
    endloop
  endfacet
  facet normal 0 0 -1
    outer loop
      vertex -30.1 -74 -5
      vertex -30.1 -59.7 -5
      vertex -29.1 -59.7 -5
    endloop
  endfacet
  facet normal 0 0 -1
    outer loop
      vertex -30.1 -74 -5
      vertex -29.1 -59.7 -5
      vertex -29.1 -74 -5
    endloop
  endfacet
  facet normal 0 0 -1
    outer loop
      vertex -30.1 -59.7 -5
      vertex -30.1 -58.7 -5
      vertex -29.1 -58.7 -5
    endloop
  endfacet
  facet normal 0 0 -1
    outer loop
      vertex -30.1 -59.7 -5
      vertex -29.1 -58.7 -5
      vertex -29.1 -59.7 -5
    endloop
  endfacet
  facet normal 0 0 -1
    outer loop
      vertex -30.1 -58.7 -5
      vertex -30.1 -44.9 -5
      vertex -29.1 -44.9 -5
    endloop
  endfacet
  facet normal 0 0 -1
    outer loop
      vertex -30.1 -58.7 -5
      vertex -29.1 -44.9 -5
      vertex -29.1 -58.7 -5
    endloop
  endfacet
  facet normal 0 0 -1
    outer loop
      vertex -30.1 -44.9 -5
      vertex -30.1 -43.9 -5
      vertex -29.1 -43.9 -5
    endloop
  endfacet
  facet normal 0 0 -1
    outer loop
      vertex -30.1 -44.9 -5
      vertex -29.1 -43.9 -5
      vertex -29.1 -44.9 -5
    endloop
  endfacet
  facet normal 0 0 -1
    outer loop
      vertex -30.1 -43.9 -5
      vertex -30.1 -30.1 -5
      vertex -29.1 -30.1 -5
    endloop
  endfacet
  facet normal 0 0 -1
    outer loop
      vertex -30.1 -43.9 -5
      vertex -29.1 -30.1 -5
      vertex -29.1 -43.9 -5
    endloop
  endfacet
  facet normal 0 0 -1
    outer loop
      vertex -30.1 -30.1 -5
      vertex -30.1 -29.1 -5
      vertex -29.1 -29.1 -5
    endloop
  endfacet
  facet normal 0 0 -1
    outer loop
      vertex -30.1 -30.1 -5
      vertex -29.1 -29.1 -5
      vertex -29.1 -30.1 -5
    endloop
  endfacet
  facet normal 0 0 -1
    outer loop
      vertex -30.1 -29.1 -5
      vertex -30.1 -15.299999999999997 -5
      vertex -29.1 -15.299999999999997 -5
    endloop
  endfacet
  facet normal 0 0 -1
    outer loop
      vertex -30.1 -29.1 -5
      vertex -29.1 -15.299999999999997 -5
      vertex -29.1 -29.1 -5
    endloop
  endfacet
  facet normal 0 0 -1
    outer loop
      vertex -30.1 -15.299999999999997 -5
      vertex -30.1 -14.299999999999997 -5
      vertex -29.1 -14.299999999999997 -5
    endloop
  endfacet
  facet normal 0 0 -1
    outer loop
      vertex -30.1 -15.299999999999997 -5
      vertex -29.1 -14.299999999999997 -5
      vertex -29.1 -15.299999999999997 -5
    endloop
  endfacet
  facet normal 0 0 -1
    outer loop
      vertex -30.1 -14.299999999999997 -5
      vertex -30.1 -0.5 -5
      vertex -29.1 -0.5 -5
    endloop
  endfacet
  facet normal 0 0 -1
    outer loop
      vertex -30.1 -14.299999999999997 -5
      vertex -29.1 -0.5 -5
      vertex -29.1 -14.299999999999997 -5
    endloop
  endfacet
  facet normal 0 0 -1
    outer loop
      vertex -30.1 -0.5 -5
      vertex -30.1 0.5 -5
      vertex -29.1 0.5 -5
    endloop
  endfacet
  facet normal 0 0 -1
    outer loop
      vertex -30.1 -0.5 -5
      vertex -29.1 0.5 -5
      vertex -29.1 -0.5 -5
    endloop
  endfacet
  facet normal 0 0 -1
    outer loop
      vertex -30.1 0.5 -5
      vertex -30.1 14.299999999999997 -5
      vertex -29.1 14.299999999999997 -5
    endloop
  endfacet
  facet normal 0 0 -1
    outer loop
      vertex -30.1 0.5 -5
      vertex -29.1 14.299999999999997 -5
      vertex -29.1 0.5 -5
    endloop
  endfacet
  facet normal 0 0 -1
    outer loop
      vertex -30.1 14.299999999999997 -5
      vertex -30.1 15.299999999999997 -5
      vertex -29.1 15.299999999999997 -5
    endloop
  endfacet
  facet normal 0 0 -1
    outer loop
      vertex -30.1 14.299999999999997 -5
      vertex -29.1 15.299999999999997 -5
      vertex -29.1 14.299999999999997 -5
    endloop
  endfacet
  facet normal 0 0 -1
    outer loop
      vertex -30.1 15.299999999999997 -5
      vertex -30.1 29.099999999999994 -5
      vertex -29.1 29.099999999999994 -5
    endloop
  endfacet
  facet normal 0 0 -1
    outer loop
      vertex -30.1 15.299999999999997 -5
      vertex -29.1 29.099999999999994 -5
      vertex -29.1 15.299999999999997 -5
    endloop
  endfacet
  facet normal 0 0 -1
    outer loop
      vertex -30.1 29.099999999999994 -5
      vertex -30.1 30.099999999999994 -5
      vertex -29.1 30.099999999999994 -5
    endloop
  endfacet
  facet normal 0 0 -1
    outer loop
      vertex -30.1 29.099999999999994 -5
      vertex -29.1 30.099999999999994 -5
      vertex -29.1 29.099999999999994 -5
    endloop
  endfacet
  facet normal 0 0 -1
    outer loop
      vertex -30.1 30.099999999999994 -5
      vertex -30.1 43.900000000000006 -5
      vertex -29.1 43.900000000000006 -5
    endloop
  endfacet
  facet normal 0 0 -1
    outer loop
      vertex -30.1 30.099999999999994 -5
      vertex -29.1 43.900000000000006 -5
      vertex -29.1 30.099999999999994 -5
    endloop
  endfacet
  facet normal 0 0 -1
    outer loop
      vertex -30.1 43.900000000000006 -5
      vertex -30.1 44.900000000000006 -5
      vertex -29.1 44.900000000000006 -5
    endloop
  endfacet
  facet normal 0 0 -1
    outer loop
      vertex -30.1 43.900000000000006 -5
      vertex -29.1 44.900000000000006 -5
      vertex -29.1 43.900000000000006 -5
    endloop
  endfacet
  facet normal 0 0 -1
    outer loop
      vertex -30.1 44.900000000000006 -5
      vertex -30.1 58.70000000000002 -5
      vertex -29.1 58.70000000000002 -5
    endloop
  endfacet
  facet normal 0 0 -1
    outer loop
      vertex -30.1 44.900000000000006 -5
      vertex -29.1 58.70000000000002 -5
      vertex -29.1 44.900000000000006 -5
    endloop
  endfacet
  facet normal 0 0 -1
    outer loop
      vertex -30.1 58.70000000000002 -5
      vertex -30.1 59.70000000000002 -5
      vertex -29.1 59.70000000000002 -5
    endloop
  endfacet
  facet normal 0 0 -1
    outer loop
      vertex -30.1 58.70000000000002 -5
      vertex -29.1 59.70000000000002 -5
      vertex -29.1 58.70000000000002 -5
    endloop
  endfacet
  facet normal 0 0 -1
    outer loop
      vertex -30.1 59.70000000000002 -5
      vertex -30.1 74 -5
      vertex -29.1 74 -5
    endloop
  endfacet
  facet normal 0 0 -1
    outer loop
      vertex -30.1 59.70000000000002 -5
      vertex -29.1 74 -5
      vertex -29.1 59.70000000000002 -5
    endloop
  endfacet
  facet normal 0 0 -1
    outer loop
      vertex -30.1 74 -5
      vertex -30.1 75 -5
      vertex -29.1 75 -5
    endloop
  endfacet
  facet normal 0 0 -1
    outer loop
      vertex -30.1 74 -5
      vertex -29.1 75 -5
      vertex -29.1 74 -5
    endloop
  endfacet
  facet normal 0 0 -1
    outer loop
      vertex -29.1 -75 -5
      vertex -29.1 -74 -5
      vertex -21.22 -74 -5
    endloop
  endfacet
  facet normal 0 0 -1
    outer loop
      vertex -29.1 -75 -5
      vertex -21.22 -74 -5
      vertex -21.22 -75 -5
    endloop
  endfacet
  facet normal 0 0 -1
    outer loop
      vertex -29.1 -74 -5
      vertex -29.1 -59.7 -5
      vertex -21.22 -59.7 -5
    endloop
  endfacet
  facet normal 0 0 -1
    outer loop
      vertex -29.1 -74 -5
      vertex -21.22 -59.7 -5
      vertex -21.22 -74 -5
    endloop
  endfacet
  facet normal 0 0 -1
    outer loop
      vertex -29.1 -59.7 -5
      vertex -29.1 -58.7 -5
      vertex -21.22 -58.7 -5
    endloop
  endfacet
  facet normal 0 0 -1
    outer loop
      vertex -29.1 -59.7 -5
      vertex -21.22 -58.7 -5
      vertex -21.22 -59.7 -5
    endloop
  endfacet
  facet normal 0 0 -1
    outer loop
      vertex -29.1 -58.7 -5
      vertex -29.1 -44.9 -5
      vertex -21.22 -44.9 -5
    endloop
  endfacet
  facet normal 0 0 -1
    outer loop
      vertex -29.1 -58.7 -5
      vertex -21.22 -44.9 -5
      vertex -21.22 -58.7 -5
    endloop
  endfacet
  facet normal 0 0 -1
    outer loop
      vertex -29.1 -44.9 -5
      vertex -29.1 -43.9 -5
      vertex -21.22 -43.9 -5
    endloop
  endfacet
  facet normal 0 0 -1
    outer loop
      vertex -29.1 -44.9 -5
      vertex -21.22 -43.9 -5
      vertex -21.22 -44.9 -5
    endloop
  endfacet
  facet normal 0 0 -1
    outer loop
      vertex -29.1 -43.9 -5
      vertex -29.1 -30.1 -5
      vertex -21.22 -30.1 -5
    endloop
  endfacet
  facet normal 0 0 -1
    outer loop
      vertex -29.1 -43.9 -5
      vertex -21.22 -30.1 -5
      vertex -21.22 -43.9 -5
    endloop
  endfacet
  facet normal 0 0 -1
    outer loop
      vertex -29.1 -30.1 -5
      vertex -29.1 -29.1 -5
      vertex -21.22 -29.1 -5
    endloop
  endfacet
  facet normal 0 0 -1
    outer loop
      vertex -29.1 -30.1 -5
      vertex -21.22 -29.1 -5
      vertex -21.22 -30.1 -5
    endloop
  endfacet
  facet normal 0 0 -1
    outer loop
      vertex -29.1 -29.1 -5
      vertex -29.1 -15.299999999999997 -5
      vertex -21.22 -15.299999999999997 -5
    endloop
  endfacet
  facet normal 0 0 -1
    outer loop
      vertex -29.1 -29.1 -5
      vertex -21.22 -15.299999999999997 -5
      vertex -21.22 -29.1 -5
    endloop
  endfacet
  facet normal 0 0 -1
    outer loop
      vertex -29.1 -15.299999999999997 -5
      vertex -29.1 -14.299999999999997 -5
      vertex -21.22 -14.299999999999997 -5
    endloop
  endfacet
  facet normal 0 0 -1
    outer loop
      vertex -29.1 -15.299999999999997 -5
      vertex -21.22 -14.299999999999997 -5
      vertex -21.22 -15.299999999999997 -5
    endloop
  endfacet
  facet normal 0 0 -1
    outer loop
      vertex -29.1 -14.299999999999997 -5
      vertex -29.1 -0.5 -5
      vertex -21.22 -0.5 -5
    endloop
  endfacet
  facet normal 0 0 -1
    outer loop
      vertex -29.1 -14.299999999999997 -5
      vertex -21.22 -0.5 -5
      vertex -21.22 -14.299999999999997 -5
    endloop
  endfacet
  facet normal 0 0 -1
    outer loop
      vertex -29.1 -0.5 -5
      vertex -29.1 0.5 -5
      vertex -21.22 0.5 -5
    endloop
  endfacet
  facet normal 0 0 -1
    outer loop
      vertex -29.1 -0.5 -5
      vertex -21.22 0.5 -5
      vertex -21.22 -0.5 -5
    endloop
  endfacet
  facet normal 0 0 -1
    outer loop
      vertex -29.1 0.5 -5
      vertex -29.1 14.299999999999997 -5
      vertex -21.22 14.299999999999997 -5
    endloop
  endfacet
  facet normal 0 0 -1
    outer loop
      vertex -29.1 0.5 -5
      vertex -21.22 14.299999999999997 -5
      vertex -21.22 0.5 -5
    endloop
  endfacet
  facet normal 0 0 -1
    outer loop
      vertex -29.1 14.299999999999997 -5
      vertex -29.1 15.299999999999997 -5
      vertex -21.22 15.299999999999997 -5
    endloop
  endfacet
  facet normal 0 0 -1
    outer loop
      vertex -29.1 14.299999999999997 -5
      vertex -21.22 15.299999999999997 -5
      vertex -21.22 14.299999999999997 -5
    endloop
  endfacet
  facet normal 0 0 -1
    outer loop
      vertex -29.1 15.299999999999997 -5
      vertex -29.1 29.099999999999994 -5
      vertex -21.22 29.099999999999994 -5
    endloop
  endfacet
  facet normal 0 0 -1
    outer loop
      vertex -29.1 15.299999999999997 -5
      vertex -21.22 29.099999999999994 -5
      vertex -21.22 15.299999999999997 -5
    endloop
  endfacet
  facet normal 0 0 -1
    outer loop
      vertex -29.1 29.099999999999994 -5
      vertex -29.1 30.099999999999994 -5
      vertex -21.22 30.099999999999994 -5
    endloop
  endfacet
  facet normal 0 0 -1
    outer loop
      vertex -29.1 29.099999999999994 -5
      vertex -21.22 30.099999999999994 -5
      vertex -21.22 29.099999999999994 -5
    endloop
  endfacet
  facet normal 0 0 -1
    outer loop
      vertex -29.1 30.099999999999994 -5
      vertex -29.1 43.900000000000006 -5
      vertex -21.22 43.900000000000006 -5
    endloop
  endfacet
  facet normal 0 0 -1
    outer loop
      vertex -29.1 30.099999999999994 -5
      vertex -21.22 43.900000000000006 -5
      vertex -21.22 30.099999999999994 -5
    endloop
  endfacet
  facet normal 0 0 -1
    outer loop
      vertex -29.1 43.900000000000006 -5
      vertex -29.1 44.900000000000006 -5
      vertex -21.22 44.900000000000006 -5
    endloop
  endfacet
  facet normal 0 0 -1
    outer loop
      vertex -29.1 43.900000000000006 -5
      vertex -21.22 44.900000000000006 -5
      vertex -21.22 43.900000000000006 -5
    endloop
  endfacet
  facet normal 0 0 -1
    outer loop
      vertex -29.1 44.900000000000006 -5
      vertex -29.1 58.70000000000002 -5
      vertex -21.22 58.70000000000002 -5
    endloop
  endfacet
  facet normal 0 0 -1
    outer loop
      vertex -29.1 44.900000000000006 -5
      vertex -21.22 58.70000000000002 -5
      vertex -21.22 44.900000000000006 -5
    endloop
  endfacet
  facet normal 0 0 -1
    outer loop
      vertex -29.1 58.70000000000002 -5
      vertex -29.1 59.70000000000002 -5
      vertex -21.22 59.70000000000002 -5
    endloop
  endfacet
  facet normal 0 0 -1
    outer loop
      vertex -29.1 58.70000000000002 -5
      vertex -21.22 59.70000000000002 -5
      vertex -21.22 58.70000000000002 -5
    endloop
  endfacet
  facet normal 0 0 -1
    outer loop
      vertex -29.1 59.70000000000002 -5
      vertex -29.1 74 -5
      vertex -21.22 74 -5
    endloop
  endfacet
  facet normal 0 0 -1
    outer loop
      vertex -29.1 59.70000000000002 -5
      vertex -21.22 74 -5
      vertex -21.22 59.70000000000002 -5
    endloop
  endfacet
  facet normal 0 0 -1
    outer loop
      vertex -29.1 74 -5
      vertex -29.1 75 -5
      vertex -21.22 75 -5
    endloop
  endfacet
  facet normal 0 0 -1
    outer loop
      vertex -29.1 74 -5
      vertex -21.22 75 -5
      vertex -21.22 74 -5
    endloop
  endfacet
  facet normal 0 0 -1
    outer loop
      vertex -21.22 -75 -5
      vertex -21.22 -74 -5
      vertex -20.22 -74 -5
    endloop
  endfacet
  facet normal 0 0 -1
    outer loop
      vertex -21.22 -75 -5
      vertex -20.22 -74 -5
      vertex -20.22 -75 -5
    endloop
  endfacet
  facet normal 0 0 -1
    outer loop
      vertex -21.22 -74 -5
      vertex -21.22 -59.7 -5
      vertex -20.22 -59.7 -5
    endloop
  endfacet
  facet normal 0 0 -1
    outer loop
      vertex -21.22 -74 -5
      vertex -20.22 -59.7 -5
      vertex -20.22 -74 -5
    endloop
  endfacet
  facet normal 0 0 -1
    outer loop
      vertex -21.22 -59.7 -5
      vertex -21.22 -58.7 -5
      vertex -20.22 -58.7 -5
    endloop
  endfacet
  facet normal 0 0 -1
    outer loop
      vertex -21.22 -59.7 -5
      vertex -20.22 -58.7 -5
      vertex -20.22 -59.7 -5
    endloop
  endfacet
  facet normal 0 0 -1
    outer loop
      vertex -21.22 -58.7 -5
      vertex -21.22 -44.9 -5
      vertex -20.22 -44.9 -5
    endloop
  endfacet
  facet normal 0 0 -1
    outer loop
      vertex -21.22 -58.7 -5
      vertex -20.22 -44.9 -5
      vertex -20.22 -58.7 -5
    endloop
  endfacet
  facet normal 0 0 -1
    outer loop
      vertex -21.22 -44.9 -5
      vertex -21.22 -43.9 -5
      vertex -20.22 -43.9 -5
    endloop
  endfacet
  facet normal 0 0 -1
    outer loop
      vertex -21.22 -44.9 -5
      vertex -20.22 -43.9 -5
      vertex -20.22 -44.9 -5
    endloop
  endfacet
  facet normal 0 0 -1
    outer loop
      vertex -21.22 -43.9 -5
      vertex -21.22 -30.1 -5
      vertex -20.22 -30.1 -5
    endloop
  endfacet
  facet normal 0 0 -1
    outer loop
      vertex -21.22 -43.9 -5
      vertex -20.22 -30.1 -5
      vertex -20.22 -43.9 -5
    endloop
  endfacet
  facet normal 0 0 -1
    outer loop
      vertex -21.22 -30.1 -5
      vertex -21.22 -29.1 -5
      vertex -20.22 -29.1 -5
    endloop
  endfacet
  facet normal 0 0 -1
    outer loop
      vertex -21.22 -30.1 -5
      vertex -20.22 -29.1 -5
      vertex -20.22 -30.1 -5
    endloop
  endfacet
  facet normal 0 0 -1
    outer loop
      vertex -21.22 -29.1 -5
      vertex -21.22 -15.299999999999997 -5
      vertex -20.22 -15.299999999999997 -5
    endloop
  endfacet
  facet normal 0 0 -1
    outer loop
      vertex -21.22 -29.1 -5
      vertex -20.22 -15.299999999999997 -5
      vertex -20.22 -29.1 -5
    endloop
  endfacet
  facet normal 0 0 -1
    outer loop
      vertex -21.22 -15.299999999999997 -5
      vertex -21.22 -14.299999999999997 -5
      vertex -20.22 -14.299999999999997 -5
    endloop
  endfacet
  facet normal 0 0 -1
    outer loop
      vertex -21.22 -15.299999999999997 -5
      vertex -20.22 -14.299999999999997 -5
      vertex -20.22 -15.299999999999997 -5
    endloop
  endfacet
  facet normal 0 0 -1
    outer loop
      vertex -21.22 -14.299999999999997 -5
      vertex -21.22 -0.5 -5
      vertex -20.22 -0.5 -5
    endloop
  endfacet
  facet normal 0 0 -1
    outer loop
      vertex -21.22 -14.299999999999997 -5
      vertex -20.22 -0.5 -5
      vertex -20.22 -14.299999999999997 -5
    endloop
  endfacet
  facet normal 0 0 -1
    outer loop
      vertex -21.22 -0.5 -5
      vertex -21.22 0.5 -5
      vertex -20.22 0.5 -5
    endloop
  endfacet
  facet normal 0 0 -1
    outer loop
      vertex -21.22 -0.5 -5
      vertex -20.22 0.5 -5
      vertex -20.22 -0.5 -5
    endloop
  endfacet
  facet normal 0 0 -1
    outer loop
      vertex -21.22 0.5 -5
      vertex -21.22 14.299999999999997 -5
      vertex -20.22 14.299999999999997 -5
    endloop
  endfacet
  facet normal 0 0 -1
    outer loop
      vertex -21.22 0.5 -5
      vertex -20.22 14.299999999999997 -5
      vertex -20.22 0.5 -5
    endloop
  endfacet
  facet normal 0 0 -1
    outer loop
      vertex -21.22 14.299999999999997 -5
      vertex -21.22 15.299999999999997 -5
      vertex -20.22 15.299999999999997 -5
    endloop
  endfacet
  facet normal 0 0 -1
    outer loop
      vertex -21.22 14.299999999999997 -5
      vertex -20.22 15.299999999999997 -5
      vertex -20.22 14.299999999999997 -5
    endloop
  endfacet
  facet normal 0 0 -1
    outer loop
      vertex -21.22 15.299999999999997 -5
      vertex -21.22 29.099999999999994 -5
      vertex -20.22 29.099999999999994 -5
    endloop
  endfacet
  facet normal 0 0 -1
    outer loop
      vertex -21.22 15.299999999999997 -5
      vertex -20.22 29.099999999999994 -5
      vertex -20.22 15.299999999999997 -5
    endloop
  endfacet
  facet normal 0 0 -1
    outer loop
      vertex -21.22 29.099999999999994 -5
      vertex -21.22 30.099999999999994 -5
      vertex -20.22 30.099999999999994 -5
    endloop
  endfacet
  facet normal 0 0 -1
    outer loop
      vertex -21.22 29.099999999999994 -5
      vertex -20.22 30.099999999999994 -5
      vertex -20.22 29.099999999999994 -5
    endloop
  endfacet
  facet normal 0 0 -1
    outer loop
      vertex -21.22 30.099999999999994 -5
      vertex -21.22 43.900000000000006 -5
      vertex -20.22 43.900000000000006 -5
    endloop
  endfacet
  facet normal 0 0 -1
    outer loop
      vertex -21.22 30.099999999999994 -5
      vertex -20.22 43.900000000000006 -5
      vertex -20.22 30.099999999999994 -5
    endloop
  endfacet
  facet normal 0 0 -1
    outer loop
      vertex -21.22 43.900000000000006 -5
      vertex -21.22 44.900000000000006 -5
      vertex -20.22 44.900000000000006 -5
    endloop
  endfacet
  facet normal 0 0 -1
    outer loop
      vertex -21.22 43.900000000000006 -5
      vertex -20.22 44.900000000000006 -5
      vertex -20.22 43.900000000000006 -5
    endloop
  endfacet
  facet normal 0 0 -1
    outer loop
      vertex -21.22 44.900000000000006 -5
      vertex -21.22 58.70000000000002 -5
      vertex -20.22 58.70000000000002 -5
    endloop
  endfacet
  facet normal 0 0 -1
    outer loop
      vertex -21.22 44.900000000000006 -5
      vertex -20.22 58.70000000000002 -5
      vertex -20.22 44.900000000000006 -5
    endloop
  endfacet
  facet normal 0 0 -1
    outer loop
      vertex -21.22 58.70000000000002 -5
      vertex -21.22 59.70000000000002 -5
      vertex -20.22 59.70000000000002 -5
    endloop
  endfacet
  facet normal 0 0 -1
    outer loop
      vertex -21.22 58.70000000000002 -5
      vertex -20.22 59.70000000000002 -5
      vertex -20.22 58.70000000000002 -5
    endloop
  endfacet
  facet normal 0 0 -1
    outer loop
      vertex -21.22 59.70000000000002 -5
      vertex -21.22 74 -5
      vertex -20.22 74 -5
    endloop
  endfacet
  facet normal 0 0 -1
    outer loop
      vertex -21.22 59.70000000000002 -5
      vertex -20.22 74 -5
      vertex -20.22 59.70000000000002 -5
    endloop
  endfacet
  facet normal 0 0 -1
    outer loop
      vertex -21.22 74 -5
      vertex -21.22 75 -5
      vertex -20.22 75 -5
    endloop
  endfacet
  facet normal 0 0 -1
    outer loop
      vertex -21.22 74 -5
      vertex -20.22 75 -5
      vertex -20.22 74 -5
    endloop
  endfacet
  facet normal 0 0 -1
    outer loop
      vertex -20.22 -75 -5
      vertex -20.22 -74 -5
      vertex -10.86 -74 -5
    endloop
  endfacet
  facet normal 0 0 -1
    outer loop
      vertex -20.22 -75 -5
      vertex -10.86 -74 -5
      vertex -10.86 -75 -5
    endloop
  endfacet
  facet normal 0 0 -1
    outer loop
      vertex -20.22 -74 -5
      vertex -20.22 -59.7 -5
      vertex -10.86 -59.7 -5
    endloop
  endfacet
  facet normal 0 0 -1
    outer loop
      vertex -20.22 -74 -5
      vertex -10.86 -59.7 -5
      vertex -10.86 -74 -5
    endloop
  endfacet
  facet normal 0 0 -1
    outer loop
      vertex -20.22 -59.7 -5
      vertex -20.22 -58.7 -5
      vertex -10.86 -58.7 -5
    endloop
  endfacet
  facet normal 0 0 -1
    outer loop
      vertex -20.22 -59.7 -5
      vertex -10.86 -58.7 -5
      vertex -10.86 -59.7 -5
    endloop
  endfacet
  facet normal 0 0 -1
    outer loop
      vertex -20.22 -58.7 -5
      vertex -20.22 -44.9 -5
      vertex -10.86 -44.9 -5
    endloop
  endfacet
  facet normal 0 0 -1
    outer loop
      vertex -20.22 -58.7 -5
      vertex -10.86 -44.9 -5
      vertex -10.86 -58.7 -5
    endloop
  endfacet
  facet normal 0 0 -1
    outer loop
      vertex -20.22 -44.9 -5
      vertex -20.22 -43.9 -5
      vertex -10.86 -43.9 -5
    endloop
  endfacet
  facet normal 0 0 -1
    outer loop
      vertex -20.22 -44.9 -5
      vertex -10.86 -43.9 -5
      vertex -10.86 -44.9 -5
    endloop
  endfacet
  facet normal 0 0 -1
    outer loop
      vertex -20.22 -43.9 -5
      vertex -20.22 -30.1 -5
      vertex -10.86 -30.1 -5
    endloop
  endfacet
  facet normal 0 0 -1
    outer loop
      vertex -20.22 -43.9 -5
      vertex -10.86 -30.1 -5
      vertex -10.86 -43.9 -5
    endloop
  endfacet
  facet normal 0 0 -1
    outer loop
      vertex -20.22 -30.1 -5
      vertex -20.22 -29.1 -5
      vertex -10.86 -29.1 -5
    endloop
  endfacet
  facet normal 0 0 -1
    outer loop
      vertex -20.22 -30.1 -5
      vertex -10.86 -29.1 -5
      vertex -10.86 -30.1 -5
    endloop
  endfacet
  facet normal 0 0 -1
    outer loop
      vertex -20.22 -29.1 -5
      vertex -20.22 -15.299999999999997 -5
      vertex -10.86 -15.299999999999997 -5
    endloop
  endfacet
  facet normal 0 0 -1
    outer loop
      vertex -20.22 -29.1 -5
      vertex -10.86 -15.299999999999997 -5
      vertex -10.86 -29.1 -5
    endloop
  endfacet
  facet normal 0 0 -1
    outer loop
      vertex -20.22 -15.299999999999997 -5
      vertex -20.22 -14.299999999999997 -5
      vertex -10.86 -14.299999999999997 -5
    endloop
  endfacet
  facet normal 0 0 -1
    outer loop
      vertex -20.22 -15.299999999999997 -5
      vertex -10.86 -14.299999999999997 -5
      vertex -10.86 -15.299999999999997 -5
    endloop
  endfacet
  facet normal 0 0 -1
    outer loop
      vertex -20.22 -14.299999999999997 -5
      vertex -20.22 -0.5 -5
      vertex -10.86 -0.5 -5
    endloop
  endfacet
  facet normal 0 0 -1
    outer loop
      vertex -20.22 -14.299999999999997 -5
      vertex -10.86 -0.5 -5
      vertex -10.86 -14.299999999999997 -5
    endloop
  endfacet
  facet normal 0 0 -1
    outer loop
      vertex -20.22 -0.5 -5
      vertex -20.22 0.5 -5
      vertex -10.86 0.5 -5
    endloop
  endfacet
  facet normal 0 0 -1
    outer loop
      vertex -20.22 -0.5 -5
      vertex -10.86 0.5 -5
      vertex -10.86 -0.5 -5
    endloop
  endfacet
  facet normal 0 0 -1
    outer loop
      vertex -20.22 0.5 -5
      vertex -20.22 14.299999999999997 -5
      vertex -10.86 14.299999999999997 -5
    endloop
  endfacet
  facet normal 0 0 -1
    outer loop
      vertex -20.22 0.5 -5
      vertex -10.86 14.299999999999997 -5
      vertex -10.86 0.5 -5
    endloop
  endfacet
  facet normal 0 0 -1
    outer loop
      vertex -20.22 14.299999999999997 -5
      vertex -20.22 15.299999999999997 -5
      vertex -10.86 15.299999999999997 -5
    endloop
  endfacet
  facet normal 0 0 -1
    outer loop
      vertex -20.22 14.299999999999997 -5
      vertex -10.86 15.299999999999997 -5
      vertex -10.86 14.299999999999997 -5
    endloop
  endfacet
  facet normal 0 0 -1
    outer loop
      vertex -20.22 15.299999999999997 -5
      vertex -20.22 29.099999999999994 -5
      vertex -10.86 29.099999999999994 -5
    endloop
  endfacet
  facet normal 0 0 -1
    outer loop
      vertex -20.22 15.299999999999997 -5
      vertex -10.86 29.099999999999994 -5
      vertex -10.86 15.299999999999997 -5
    endloop
  endfacet
  facet normal 0 0 -1
    outer loop
      vertex -20.22 29.099999999999994 -5
      vertex -20.22 30.099999999999994 -5
      vertex -10.86 30.099999999999994 -5
    endloop
  endfacet
  facet normal 0 0 -1
    outer loop
      vertex -20.22 29.099999999999994 -5
      vertex -10.86 30.099999999999994 -5
      vertex -10.86 29.099999999999994 -5
    endloop
  endfacet
  facet normal 0 0 -1
    outer loop
      vertex -20.22 30.099999999999994 -5
      vertex -20.22 43.900000000000006 -5
      vertex -10.86 43.900000000000006 -5
    endloop
  endfacet
  facet normal 0 0 -1
    outer loop
      vertex -20.22 30.099999999999994 -5
      vertex -10.86 43.900000000000006 -5
      vertex -10.86 30.099999999999994 -5
    endloop
  endfacet
  facet normal 0 0 -1
    outer loop
      vertex -20.22 43.900000000000006 -5
      vertex -20.22 44.900000000000006 -5
      vertex -10.86 44.900000000000006 -5
    endloop
  endfacet
  facet normal 0 0 -1
    outer loop
      vertex -20.22 43.900000000000006 -5
      vertex -10.86 44.900000000000006 -5
      vertex -10.86 43.900000000000006 -5
    endloop
  endfacet
  facet normal 0 0 -1
    outer loop
      vertex -20.22 44.900000000000006 -5
      vertex -20.22 58.70000000000002 -5
      vertex -10.86 58.70000000000002 -5
    endloop
  endfacet
  facet normal 0 0 -1
    outer loop
      vertex -20.22 44.900000000000006 -5
      vertex -10.86 58.70000000000002 -5
      vertex -10.86 44.900000000000006 -5
    endloop
  endfacet
  facet normal 0 0 -1
    outer loop
      vertex -20.22 58.70000000000002 -5
      vertex -20.22 59.70000000000002 -5
      vertex -10.86 59.70000000000002 -5
    endloop
  endfacet
  facet normal 0 0 -1
    outer loop
      vertex -20.22 58.70000000000002 -5
      vertex -10.86 59.70000000000002 -5
      vertex -10.86 58.70000000000002 -5
    endloop
  endfacet
  facet normal 0 0 -1
    outer loop
      vertex -20.22 59.70000000000002 -5
      vertex -20.22 74 -5
      vertex -10.86 74 -5
    endloop
  endfacet
  facet normal 0 0 -1
    outer loop
      vertex -20.22 59.70000000000002 -5
      vertex -10.86 74 -5
      vertex -10.86 59.70000000000002 -5
    endloop
  endfacet
  facet normal 0 0 -1
    outer loop
      vertex -20.22 74 -5
      vertex -20.22 75 -5
      vertex -10.86 75 -5
    endloop
  endfacet
  facet normal 0 0 -1
    outer loop
      vertex -20.22 74 -5
      vertex -10.86 75 -5
      vertex -10.86 74 -5
    endloop
  endfacet
  facet normal 0 0 -1
    outer loop
      vertex -10.86 -75 -5
      vertex -10.86 -74 -5
      vertex -9.86 -74 -5
    endloop
  endfacet
  facet normal 0 0 -1
    outer loop
      vertex -10.86 -75 -5
      vertex -9.86 -74 -5
      vertex -9.86 -75 -5
    endloop
  endfacet
  facet normal 0 0 -1
    outer loop
      vertex -10.86 -74 -5
      vertex -10.86 -59.7 -5
      vertex -9.86 -59.7 -5
    endloop
  endfacet
  facet normal 0 0 -1
    outer loop
      vertex -10.86 -74 -5
      vertex -9.86 -59.7 -5
      vertex -9.86 -74 -5
    endloop
  endfacet
  facet normal 0 0 -1
    outer loop
      vertex -10.86 -59.7 -5
      vertex -10.86 -58.7 -5
      vertex -9.86 -58.7 -5
    endloop
  endfacet
  facet normal 0 0 -1
    outer loop
      vertex -10.86 -59.7 -5
      vertex -9.86 -58.7 -5
      vertex -9.86 -59.7 -5
    endloop
  endfacet
  facet normal 0 0 -1
    outer loop
      vertex -10.86 -58.7 -5
      vertex -10.86 -44.9 -5
      vertex -9.86 -44.9 -5
    endloop
  endfacet
  facet normal 0 0 -1
    outer loop
      vertex -10.86 -58.7 -5
      vertex -9.86 -44.9 -5
      vertex -9.86 -58.7 -5
    endloop
  endfacet
  facet normal 0 0 -1
    outer loop
      vertex -10.86 -44.9 -5
      vertex -10.86 -43.9 -5
      vertex -9.86 -43.9 -5
    endloop
  endfacet
  facet normal 0 0 -1
    outer loop
      vertex -10.86 -44.9 -5
      vertex -9.86 -43.9 -5
      vertex -9.86 -44.9 -5
    endloop
  endfacet
  facet normal 0 0 -1
    outer loop
      vertex -10.86 -43.9 -5
      vertex -10.86 -30.1 -5
      vertex -9.86 -30.1 -5
    endloop
  endfacet
  facet normal 0 0 -1
    outer loop
      vertex -10.86 -43.9 -5
      vertex -9.86 -30.1 -5
      vertex -9.86 -43.9 -5
    endloop
  endfacet
  facet normal 0 0 -1
    outer loop
      vertex -10.86 -30.1 -5
      vertex -10.86 -29.1 -5
      vertex -9.86 -29.1 -5
    endloop
  endfacet
  facet normal 0 0 -1
    outer loop
      vertex -10.86 -30.1 -5
      vertex -9.86 -29.1 -5
      vertex -9.86 -30.1 -5
    endloop
  endfacet
  facet normal 0 0 -1
    outer loop
      vertex -10.86 -29.1 -5
      vertex -10.86 -15.299999999999997 -5
      vertex -9.86 -15.299999999999997 -5
    endloop
  endfacet
  facet normal 0 0 -1
    outer loop
      vertex -10.86 -29.1 -5
      vertex -9.86 -15.299999999999997 -5
      vertex -9.86 -29.1 -5
    endloop
  endfacet
  facet normal 0 0 -1
    outer loop
      vertex -10.86 -15.299999999999997 -5
      vertex -10.86 -14.299999999999997 -5
      vertex -9.86 -14.299999999999997 -5
    endloop
  endfacet
  facet normal 0 0 -1
    outer loop
      vertex -10.86 -15.299999999999997 -5
      vertex -9.86 -14.299999999999997 -5
      vertex -9.86 -15.299999999999997 -5
    endloop
  endfacet
  facet normal 0 0 -1
    outer loop
      vertex -10.86 -14.299999999999997 -5
      vertex -10.86 -0.5 -5
      vertex -9.86 -0.5 -5
    endloop
  endfacet
  facet normal 0 0 -1
    outer loop
      vertex -10.86 -14.299999999999997 -5
      vertex -9.86 -0.5 -5
      vertex -9.86 -14.299999999999997 -5
    endloop
  endfacet
  facet normal 0 0 -1
    outer loop
      vertex -10.86 -0.5 -5
      vertex -10.86 0.5 -5
      vertex -9.86 0.5 -5
    endloop
  endfacet
  facet normal 0 0 -1
    outer loop
      vertex -10.86 -0.5 -5
      vertex -9.86 0.5 -5
      vertex -9.86 -0.5 -5
    endloop
  endfacet
  facet normal 0 0 -1
    outer loop
      vertex -10.86 0.5 -5
      vertex -10.86 14.299999999999997 -5
      vertex -9.86 14.299999999999997 -5
    endloop
  endfacet
  facet normal 0 0 -1
    outer loop
      vertex -10.86 0.5 -5
      vertex -9.86 14.299999999999997 -5
      vertex -9.86 0.5 -5
    endloop
  endfacet
  facet normal 0 0 -1
    outer loop
      vertex -10.86 14.299999999999997 -5
      vertex -10.86 15.299999999999997 -5
      vertex -9.86 15.299999999999997 -5
    endloop
  endfacet
  facet normal 0 0 -1
    outer loop
      vertex -10.86 14.299999999999997 -5
      vertex -9.86 15.299999999999997 -5
      vertex -9.86 14.299999999999997 -5
    endloop
  endfacet
  facet normal 0 0 -1
    outer loop
      vertex -10.86 15.299999999999997 -5
      vertex -10.86 29.099999999999994 -5
      vertex -9.86 29.099999999999994 -5
    endloop
  endfacet
  facet normal 0 0 -1
    outer loop
      vertex -10.86 15.299999999999997 -5
      vertex -9.86 29.099999999999994 -5
      vertex -9.86 15.299999999999997 -5
    endloop
  endfacet
  facet normal 0 0 -1
    outer loop
      vertex -10.86 29.099999999999994 -5
      vertex -10.86 30.099999999999994 -5
      vertex -9.86 30.099999999999994 -5
    endloop
  endfacet
  facet normal 0 0 -1
    outer loop
      vertex -10.86 29.099999999999994 -5
      vertex -9.86 30.099999999999994 -5
      vertex -9.86 29.099999999999994 -5
    endloop
  endfacet
  facet normal 0 0 -1
    outer loop
      vertex -10.86 30.099999999999994 -5
      vertex -10.86 43.900000000000006 -5
      vertex -9.86 43.900000000000006 -5
    endloop
  endfacet
  facet normal 0 0 -1
    outer loop
      vertex -10.86 30.099999999999994 -5
      vertex -9.86 43.900000000000006 -5
      vertex -9.86 30.099999999999994 -5
    endloop
  endfacet
  facet normal 0 0 -1
    outer loop
      vertex -10.86 43.900000000000006 -5
      vertex -10.86 44.900000000000006 -5
      vertex -9.86 44.900000000000006 -5
    endloop
  endfacet
  facet normal 0 0 -1
    outer loop
      vertex -10.86 43.900000000000006 -5
      vertex -9.86 44.900000000000006 -5
      vertex -9.86 43.900000000000006 -5
    endloop
  endfacet
  facet normal 0 0 -1
    outer loop
      vertex -10.86 44.900000000000006 -5
      vertex -10.86 58.70000000000002 -5
      vertex -9.86 58.70000000000002 -5
    endloop
  endfacet
  facet normal 0 0 -1
    outer loop
      vertex -10.86 44.900000000000006 -5
      vertex -9.86 58.70000000000002 -5
      vertex -9.86 44.900000000000006 -5
    endloop
  endfacet
  facet normal 0 0 -1
    outer loop
      vertex -10.86 58.70000000000002 -5
      vertex -10.86 59.70000000000002 -5
      vertex -9.86 59.70000000000002 -5
    endloop
  endfacet
  facet normal 0 0 -1
    outer loop
      vertex -10.86 58.70000000000002 -5
      vertex -9.86 59.70000000000002 -5
      vertex -9.86 58.70000000000002 -5
    endloop
  endfacet
  facet normal 0 0 -1
    outer loop
      vertex -10.86 59.70000000000002 -5
      vertex -10.86 74 -5
      vertex -9.86 74 -5
    endloop
  endfacet
  facet normal 0 0 -1
    outer loop
      vertex -10.86 59.70000000000002 -5
      vertex -9.86 74 -5
      vertex -9.86 59.70000000000002 -5
    endloop
  endfacet
  facet normal 0 0 -1
    outer loop
      vertex -10.86 74 -5
      vertex -10.86 75 -5
      vertex -9.86 75 -5
    endloop
  endfacet
  facet normal 0 0 -1
    outer loop
      vertex -10.86 74 -5
      vertex -9.86 75 -5
      vertex -9.86 74 -5
    endloop
  endfacet
  facet normal 0 0 -1
    outer loop
      vertex -9.86 -75 -5
      vertex -9.86 -74 -5
      vertex 9.86 -74 -5
    endloop
  endfacet
  facet normal 0 0 -1
    outer loop
      vertex -9.86 -75 -5
      vertex 9.86 -74 -5
      vertex 9.86 -75 -5
    endloop
  endfacet
  facet normal 0 0 -1
    outer loop
      vertex -9.86 -74 -5
      vertex -9.86 -59.7 -5
      vertex 9.86 -59.7 -5
    endloop
  endfacet
  facet normal 0 0 -1
    outer loop
      vertex -9.86 -74 -5
      vertex 9.86 -59.7 -5
      vertex 9.86 -74 -5
    endloop
  endfacet
  facet normal 0 0 -1
    outer loop
      vertex -9.86 -59.7 -5
      vertex -9.86 -58.7 -5
      vertex 9.86 -58.7 -5
    endloop
  endfacet
  facet normal 0 0 -1
    outer loop
      vertex -9.86 -59.7 -5
      vertex 9.86 -58.7 -5
      vertex 9.86 -59.7 -5
    endloop
  endfacet
  facet normal 0 0 -1
    outer loop
      vertex -9.86 -58.7 -5
      vertex -9.86 -44.9 -5
      vertex 9.86 -44.9 -5
    endloop
  endfacet
  facet normal 0 0 -1
    outer loop
      vertex -9.86 -58.7 -5
      vertex 9.86 -44.9 -5
      vertex 9.86 -58.7 -5
    endloop
  endfacet
  facet normal 0 0 -1
    outer loop
      vertex -9.86 -44.9 -5
      vertex -9.86 -43.9 -5
      vertex 9.86 -43.9 -5
    endloop
  endfacet
  facet normal 0 0 -1
    outer loop
      vertex -9.86 -44.9 -5
      vertex 9.86 -43.9 -5
      vertex 9.86 -44.9 -5
    endloop
  endfacet
  facet normal 0 0 -1
    outer loop
      vertex -9.86 -43.9 -5
      vertex -9.86 -30.1 -5
      vertex 9.86 -30.1 -5
    endloop
  endfacet
  facet normal 0 0 -1
    outer loop
      vertex -9.86 -43.9 -5
      vertex 9.86 -30.1 -5
      vertex 9.86 -43.9 -5
    endloop
  endfacet
  facet normal 0 0 -1
    outer loop
      vertex -9.86 -30.1 -5
      vertex -9.86 -29.1 -5
      vertex 9.86 -29.1 -5
    endloop
  endfacet
  facet normal 0 0 -1
    outer loop
      vertex -9.86 -30.1 -5
      vertex 9.86 -29.1 -5
      vertex 9.86 -30.1 -5
    endloop
  endfacet
  facet normal 0 0 -1
    outer loop
      vertex -9.86 -29.1 -5
      vertex -9.86 -15.299999999999997 -5
      vertex 9.86 -15.299999999999997 -5
    endloop
  endfacet
  facet normal 0 0 -1
    outer loop
      vertex -9.86 -29.1 -5
      vertex 9.86 -15.299999999999997 -5
      vertex 9.86 -29.1 -5
    endloop
  endfacet
  facet normal 0 0 -1
    outer loop
      vertex -9.86 -15.299999999999997 -5
      vertex -9.86 -14.299999999999997 -5
      vertex 9.86 -14.299999999999997 -5
    endloop
  endfacet
  facet normal 0 0 -1
    outer loop
      vertex -9.86 -15.299999999999997 -5
      vertex 9.86 -14.299999999999997 -5
      vertex 9.86 -15.299999999999997 -5
    endloop
  endfacet
  facet normal 0 0 -1
    outer loop
      vertex -9.86 -14.299999999999997 -5
      vertex -9.86 -0.5 -5
      vertex 9.86 -0.5 -5
    endloop
  endfacet
  facet normal 0 0 -1
    outer loop
      vertex -9.86 -14.299999999999997 -5
      vertex 9.86 -0.5 -5
      vertex 9.86 -14.299999999999997 -5
    endloop
  endfacet
  facet normal 0 0 -1
    outer loop
      vertex -9.86 -0.5 -5
      vertex -9.86 0.5 -5
      vertex 9.86 0.5 -5
    endloop
  endfacet
  facet normal 0 0 -1
    outer loop
      vertex -9.86 -0.5 -5
      vertex 9.86 0.5 -5
      vertex 9.86 -0.5 -5
    endloop
  endfacet
  facet normal 0 0 -1
    outer loop
      vertex -9.86 0.5 -5
      vertex -9.86 14.299999999999997 -5
      vertex 9.86 14.299999999999997 -5
    endloop
  endfacet
  facet normal 0 0 -1
    outer loop
      vertex -9.86 0.5 -5
      vertex 9.86 14.299999999999997 -5
      vertex 9.86 0.5 -5
    endloop
  endfacet
  facet normal 0 0 -1
    outer loop
      vertex -9.86 14.299999999999997 -5
      vertex -9.86 15.299999999999997 -5
      vertex 9.86 15.299999999999997 -5
    endloop
  endfacet
  facet normal 0 0 -1
    outer loop
      vertex -9.86 14.299999999999997 -5
      vertex 9.86 15.299999999999997 -5
      vertex 9.86 14.299999999999997 -5
    endloop
  endfacet
  facet normal 0 0 -1
    outer loop
      vertex -9.86 15.299999999999997 -5
      vertex -9.86 29.099999999999994 -5
      vertex 9.86 29.099999999999994 -5
    endloop
  endfacet
  facet normal 0 0 -1
    outer loop
      vertex -9.86 15.299999999999997 -5
      vertex 9.86 29.099999999999994 -5
      vertex 9.86 15.299999999999997 -5
    endloop
  endfacet
  facet normal 0 0 -1
    outer loop
      vertex -9.86 29.099999999999994 -5
      vertex -9.86 30.099999999999994 -5
      vertex 9.86 30.099999999999994 -5
    endloop
  endfacet
  facet normal 0 0 -1
    outer loop
      vertex -9.86 29.099999999999994 -5
      vertex 9.86 30.099999999999994 -5
      vertex 9.86 29.099999999999994 -5
    endloop
  endfacet
  facet normal 0 0 -1
    outer loop
      vertex -9.86 30.099999999999994 -5
      vertex -9.86 43.900000000000006 -5
      vertex 9.86 43.900000000000006 -5
    endloop
  endfacet
  facet normal 0 0 -1
    outer loop
      vertex -9.86 30.099999999999994 -5
      vertex 9.86 43.900000000000006 -5
      vertex 9.86 30.099999999999994 -5
    endloop
  endfacet
  facet normal 0 0 -1
    outer loop
      vertex -9.86 43.900000000000006 -5
      vertex -9.86 44.900000000000006 -5
      vertex 9.86 44.900000000000006 -5
    endloop
  endfacet
  facet normal 0 0 -1
    outer loop
      vertex -9.86 43.900000000000006 -5
      vertex 9.86 44.900000000000006 -5
      vertex 9.86 43.900000000000006 -5
    endloop
  endfacet
  facet normal 0 0 -1
    outer loop
      vertex -9.86 44.900000000000006 -5
      vertex -9.86 58.70000000000002 -5
      vertex 9.86 58.70000000000002 -5
    endloop
  endfacet
  facet normal 0 0 -1
    outer loop
      vertex -9.86 44.900000000000006 -5
      vertex 9.86 58.70000000000002 -5
      vertex 9.86 44.900000000000006 -5
    endloop
  endfacet
  facet normal 0 0 -1
    outer loop
      vertex -9.86 58.70000000000002 -5
      vertex -9.86 59.70000000000002 -5
      vertex 9.86 59.70000000000002 -5
    endloop
  endfacet
  facet normal 0 0 -1
    outer loop
      vertex -9.86 58.70000000000002 -5
      vertex 9.86 59.70000000000002 -5
      vertex 9.86 58.70000000000002 -5
    endloop
  endfacet
  facet normal 0 0 -1
    outer loop
      vertex -9.86 59.70000000000002 -5
      vertex -9.86 74 -5
      vertex 9.86 74 -5
    endloop
  endfacet
  facet normal 0 0 -1
    outer loop
      vertex -9.86 59.70000000000002 -5
      vertex 9.86 74 -5
      vertex 9.86 59.70000000000002 -5
    endloop
  endfacet
  facet normal 0 0 -1
    outer loop
      vertex -9.86 74 -5
      vertex -9.86 75 -5
      vertex 9.86 75 -5
    endloop
  endfacet
  facet normal 0 0 -1
    outer loop
      vertex -9.86 74 -5
      vertex 9.86 75 -5
      vertex 9.86 74 -5
    endloop
  endfacet
  facet normal 0 0 -1
    outer loop
      vertex 9.86 -75 -5
      vertex 9.86 -74 -5
      vertex 10.86 -74 -5
    endloop
  endfacet
  facet normal 0 0 -1
    outer loop
      vertex 9.86 -75 -5
      vertex 10.86 -74 -5
      vertex 10.86 -75 -5
    endloop
  endfacet
  facet normal 0 0 -1
    outer loop
      vertex 9.86 -74 -5
      vertex 9.86 -59.7 -5
      vertex 10.86 -59.7 -5
    endloop
  endfacet
  facet normal 0 0 -1
    outer loop
      vertex 9.86 -74 -5
      vertex 10.86 -59.7 -5
      vertex 10.86 -74 -5
    endloop
  endfacet
  facet normal 0 0 -1
    outer loop
      vertex 9.86 -59.7 -5
      vertex 9.86 -58.7 -5
      vertex 10.86 -58.7 -5
    endloop
  endfacet
  facet normal 0 0 -1
    outer loop
      vertex 9.86 -59.7 -5
      vertex 10.86 -58.7 -5
      vertex 10.86 -59.7 -5
    endloop
  endfacet
  facet normal 0 0 -1
    outer loop
      vertex 9.86 -58.7 -5
      vertex 9.86 -44.9 -5
      vertex 10.86 -44.9 -5
    endloop
  endfacet
  facet normal 0 0 -1
    outer loop
      vertex 9.86 -58.7 -5
      vertex 10.86 -44.9 -5
      vertex 10.86 -58.7 -5
    endloop
  endfacet
  facet normal 0 0 -1
    outer loop
      vertex 9.86 -44.9 -5
      vertex 9.86 -43.9 -5
      vertex 10.86 -43.9 -5
    endloop
  endfacet
  facet normal 0 0 -1
    outer loop
      vertex 9.86 -44.9 -5
      vertex 10.86 -43.9 -5
      vertex 10.86 -44.9 -5
    endloop
  endfacet
  facet normal 0 0 -1
    outer loop
      vertex 9.86 -43.9 -5
      vertex 9.86 -30.1 -5
      vertex 10.86 -30.1 -5
    endloop
  endfacet
  facet normal 0 0 -1
    outer loop
      vertex 9.86 -43.9 -5
      vertex 10.86 -30.1 -5
      vertex 10.86 -43.9 -5
    endloop
  endfacet
  facet normal 0 0 -1
    outer loop
      vertex 9.86 -30.1 -5
      vertex 9.86 -29.1 -5
      vertex 10.86 -29.1 -5
    endloop
  endfacet
  facet normal 0 0 -1
    outer loop
      vertex 9.86 -30.1 -5
      vertex 10.86 -29.1 -5
      vertex 10.86 -30.1 -5
    endloop
  endfacet
  facet normal 0 0 -1
    outer loop
      vertex 9.86 -29.1 -5
      vertex 9.86 -15.299999999999997 -5
      vertex 10.86 -15.299999999999997 -5
    endloop
  endfacet
  facet normal 0 0 -1
    outer loop
      vertex 9.86 -29.1 -5
      vertex 10.86 -15.299999999999997 -5
      vertex 10.86 -29.1 -5
    endloop
  endfacet
  facet normal 0 0 -1
    outer loop
      vertex 9.86 -15.299999999999997 -5
      vertex 9.86 -14.299999999999997 -5
      vertex 10.86 -14.299999999999997 -5
    endloop
  endfacet
  facet normal 0 0 -1
    outer loop
      vertex 9.86 -15.299999999999997 -5
      vertex 10.86 -14.299999999999997 -5
      vertex 10.86 -15.299999999999997 -5
    endloop
  endfacet
  facet normal 0 0 -1
    outer loop
      vertex 9.86 -14.299999999999997 -5
      vertex 9.86 -0.5 -5
      vertex 10.86 -0.5 -5
    endloop
  endfacet
  facet normal 0 0 -1
    outer loop
      vertex 9.86 -14.299999999999997 -5
      vertex 10.86 -0.5 -5
      vertex 10.86 -14.299999999999997 -5
    endloop
  endfacet
  facet normal 0 0 -1
    outer loop
      vertex 9.86 -0.5 -5
      vertex 9.86 0.5 -5
      vertex 10.86 0.5 -5
    endloop
  endfacet
  facet normal 0 0 -1
    outer loop
      vertex 9.86 -0.5 -5
      vertex 10.86 0.5 -5
      vertex 10.86 -0.5 -5
    endloop
  endfacet
  facet normal 0 0 -1
    outer loop
      vertex 9.86 0.5 -5
      vertex 9.86 14.299999999999997 -5
      vertex 10.86 14.299999999999997 -5
    endloop
  endfacet
  facet normal 0 0 -1
    outer loop
      vertex 9.86 0.5 -5
      vertex 10.86 14.299999999999997 -5
      vertex 10.86 0.5 -5
    endloop
  endfacet
  facet normal 0 0 -1
    outer loop
      vertex 9.86 14.299999999999997 -5
      vertex 9.86 15.299999999999997 -5
      vertex 10.86 15.299999999999997 -5
    endloop
  endfacet
  facet normal 0 0 -1
    outer loop
      vertex 9.86 14.299999999999997 -5
      vertex 10.86 15.299999999999997 -5
      vertex 10.86 14.299999999999997 -5
    endloop
  endfacet
  facet normal 0 0 -1
    outer loop
      vertex 9.86 15.299999999999997 -5
      vertex 9.86 29.099999999999994 -5
      vertex 10.86 29.099999999999994 -5
    endloop
  endfacet
  facet normal 0 0 -1
    outer loop
      vertex 9.86 15.299999999999997 -5
      vertex 10.86 29.099999999999994 -5
      vertex 10.86 15.299999999999997 -5
    endloop
  endfacet
  facet normal 0 0 -1
    outer loop
      vertex 9.86 29.099999999999994 -5
      vertex 9.86 30.099999999999994 -5
      vertex 10.86 30.099999999999994 -5
    endloop
  endfacet
  facet normal 0 0 -1
    outer loop
      vertex 9.86 29.099999999999994 -5
      vertex 10.86 30.099999999999994 -5
      vertex 10.86 29.099999999999994 -5
    endloop
  endfacet
  facet normal 0 0 -1
    outer loop
      vertex 9.86 30.099999999999994 -5
      vertex 9.86 43.900000000000006 -5
      vertex 10.86 43.900000000000006 -5
    endloop
  endfacet
  facet normal 0 0 -1
    outer loop
      vertex 9.86 30.099999999999994 -5
      vertex 10.86 43.900000000000006 -5
      vertex 10.86 30.099999999999994 -5
    endloop
  endfacet
  facet normal 0 0 -1
    outer loop
      vertex 9.86 43.900000000000006 -5
      vertex 9.86 44.900000000000006 -5
      vertex 10.86 44.900000000000006 -5
    endloop
  endfacet
  facet normal 0 0 -1
    outer loop
      vertex 9.86 43.900000000000006 -5
      vertex 10.86 44.900000000000006 -5
      vertex 10.86 43.900000000000006 -5
    endloop
  endfacet
  facet normal 0 0 -1
    outer loop
      vertex 9.86 44.900000000000006 -5
      vertex 9.86 58.70000000000002 -5
      vertex 10.86 58.70000000000002 -5
    endloop
  endfacet
  facet normal 0 0 -1
    outer loop
      vertex 9.86 44.900000000000006 -5
      vertex 10.86 58.70000000000002 -5
      vertex 10.86 44.900000000000006 -5
    endloop
  endfacet
  facet normal 0 0 -1
    outer loop
      vertex 9.86 58.70000000000002 -5
      vertex 9.86 59.70000000000002 -5
      vertex 10.86 59.70000000000002 -5
    endloop
  endfacet
  facet normal 0 0 -1
    outer loop
      vertex 9.86 58.70000000000002 -5
      vertex 10.86 59.70000000000002 -5
      vertex 10.86 58.70000000000002 -5
    endloop
  endfacet
  facet normal 0 0 -1
    outer loop
      vertex 9.86 59.70000000000002 -5
      vertex 9.86 74 -5
      vertex 10.86 74 -5
    endloop
  endfacet
  facet normal 0 0 -1
    outer loop
      vertex 9.86 59.70000000000002 -5
      vertex 10.86 74 -5
      vertex 10.86 59.70000000000002 -5
    endloop
  endfacet
  facet normal 0 0 -1
    outer loop
      vertex 9.86 74 -5
      vertex 9.86 75 -5
      vertex 10.86 75 -5
    endloop
  endfacet
  facet normal 0 0 -1
    outer loop
      vertex 9.86 74 -5
      vertex 10.86 75 -5
      vertex 10.86 74 -5
    endloop
  endfacet
  facet normal 0 0 -1
    outer loop
      vertex 10.86 -75 -5
      vertex 10.86 -74 -5
      vertex 20.22 -74 -5
    endloop
  endfacet
  facet normal 0 0 -1
    outer loop
      vertex 10.86 -75 -5
      vertex 20.22 -74 -5
      vertex 20.22 -75 -5
    endloop
  endfacet
  facet normal 0 0 -1
    outer loop
      vertex 10.86 -74 -5
      vertex 10.86 -59.7 -5
      vertex 20.22 -59.7 -5
    endloop
  endfacet
  facet normal 0 0 -1
    outer loop
      vertex 10.86 -74 -5
      vertex 20.22 -59.7 -5
      vertex 20.22 -74 -5
    endloop
  endfacet
  facet normal 0 0 -1
    outer loop
      vertex 10.86 -59.7 -5
      vertex 10.86 -58.7 -5
      vertex 20.22 -58.7 -5
    endloop
  endfacet
  facet normal 0 0 -1
    outer loop
      vertex 10.86 -59.7 -5
      vertex 20.22 -58.7 -5
      vertex 20.22 -59.7 -5
    endloop
  endfacet
  facet normal 0 0 -1
    outer loop
      vertex 10.86 -58.7 -5
      vertex 10.86 -44.9 -5
      vertex 20.22 -44.9 -5
    endloop
  endfacet
  facet normal 0 0 -1
    outer loop
      vertex 10.86 -58.7 -5
      vertex 20.22 -44.9 -5
      vertex 20.22 -58.7 -5
    endloop
  endfacet
  facet normal 0 0 -1
    outer loop
      vertex 10.86 -44.9 -5
      vertex 10.86 -43.9 -5
      vertex 20.22 -43.9 -5
    endloop
  endfacet
  facet normal 0 0 -1
    outer loop
      vertex 10.86 -44.9 -5
      vertex 20.22 -43.9 -5
      vertex 20.22 -44.9 -5
    endloop
  endfacet
  facet normal 0 0 -1
    outer loop
      vertex 10.86 -43.9 -5
      vertex 10.86 -30.1 -5
      vertex 20.22 -30.1 -5
    endloop
  endfacet
  facet normal 0 0 -1
    outer loop
      vertex 10.86 -43.9 -5
      vertex 20.22 -30.1 -5
      vertex 20.22 -43.9 -5
    endloop
  endfacet
  facet normal 0 0 -1
    outer loop
      vertex 10.86 -30.1 -5
      vertex 10.86 -29.1 -5
      vertex 20.22 -29.1 -5
    endloop
  endfacet
  facet normal 0 0 -1
    outer loop
      vertex 10.86 -30.1 -5
      vertex 20.22 -29.1 -5
      vertex 20.22 -30.1 -5
    endloop
  endfacet
  facet normal 0 0 -1
    outer loop
      vertex 10.86 -29.1 -5
      vertex 10.86 -15.299999999999997 -5
      vertex 20.22 -15.299999999999997 -5
    endloop
  endfacet
  facet normal 0 0 -1
    outer loop
      vertex 10.86 -29.1 -5
      vertex 20.22 -15.299999999999997 -5
      vertex 20.22 -29.1 -5
    endloop
  endfacet
  facet normal 0 0 -1
    outer loop
      vertex 10.86 -15.299999999999997 -5
      vertex 10.86 -14.299999999999997 -5
      vertex 20.22 -14.299999999999997 -5
    endloop
  endfacet
  facet normal 0 0 -1
    outer loop
      vertex 10.86 -15.299999999999997 -5
      vertex 20.22 -14.299999999999997 -5
      vertex 20.22 -15.299999999999997 -5
    endloop
  endfacet
  facet normal 0 0 -1
    outer loop
      vertex 10.86 -14.299999999999997 -5
      vertex 10.86 -0.5 -5
      vertex 20.22 -0.5 -5
    endloop
  endfacet
  facet normal 0 0 -1
    outer loop
      vertex 10.86 -14.299999999999997 -5
      vertex 20.22 -0.5 -5
      vertex 20.22 -14.299999999999997 -5
    endloop
  endfacet
  facet normal 0 0 -1
    outer loop
      vertex 10.86 -0.5 -5
      vertex 10.86 0.5 -5
      vertex 20.22 0.5 -5
    endloop
  endfacet
  facet normal 0 0 -1
    outer loop
      vertex 10.86 -0.5 -5
      vertex 20.22 0.5 -5
      vertex 20.22 -0.5 -5
    endloop
  endfacet
  facet normal 0 0 -1
    outer loop
      vertex 10.86 0.5 -5
      vertex 10.86 14.299999999999997 -5
      vertex 20.22 14.299999999999997 -5
    endloop
  endfacet
  facet normal 0 0 -1
    outer loop
      vertex 10.86 0.5 -5
      vertex 20.22 14.299999999999997 -5
      vertex 20.22 0.5 -5
    endloop
  endfacet
  facet normal 0 0 -1
    outer loop
      vertex 10.86 14.299999999999997 -5
      vertex 10.86 15.299999999999997 -5
      vertex 20.22 15.299999999999997 -5
    endloop
  endfacet
  facet normal 0 0 -1
    outer loop
      vertex 10.86 14.299999999999997 -5
      vertex 20.22 15.299999999999997 -5
      vertex 20.22 14.299999999999997 -5
    endloop
  endfacet
  facet normal 0 0 -1
    outer loop
      vertex 10.86 15.299999999999997 -5
      vertex 10.86 29.099999999999994 -5
      vertex 20.22 29.099999999999994 -5
    endloop
  endfacet
  facet normal 0 0 -1
    outer loop
      vertex 10.86 15.299999999999997 -5
      vertex 20.22 29.099999999999994 -5
      vertex 20.22 15.299999999999997 -5
    endloop
  endfacet
  facet normal 0 0 -1
    outer loop
      vertex 10.86 29.099999999999994 -5
      vertex 10.86 30.099999999999994 -5
      vertex 20.22 30.099999999999994 -5
    endloop
  endfacet
  facet normal 0 0 -1
    outer loop
      vertex 10.86 29.099999999999994 -5
      vertex 20.22 30.099999999999994 -5
      vertex 20.22 29.099999999999994 -5
    endloop
  endfacet
  facet normal 0 0 -1
    outer loop
      vertex 10.86 30.099999999999994 -5
      vertex 10.86 43.900000000000006 -5
      vertex 20.22 43.900000000000006 -5
    endloop
  endfacet
  facet normal 0 0 -1
    outer loop
      vertex 10.86 30.099999999999994 -5
      vertex 20.22 43.900000000000006 -5
      vertex 20.22 30.099999999999994 -5
    endloop
  endfacet
  facet normal 0 0 -1
    outer loop
      vertex 10.86 43.900000000000006 -5
      vertex 10.86 44.900000000000006 -5
      vertex 20.22 44.900000000000006 -5
    endloop
  endfacet
  facet normal 0 0 -1
    outer loop
      vertex 10.86 43.900000000000006 -5
      vertex 20.22 44.900000000000006 -5
      vertex 20.22 43.900000000000006 -5
    endloop
  endfacet
  facet normal 0 0 -1
    outer loop
      vertex 10.86 44.900000000000006 -5
      vertex 10.86 58.70000000000002 -5
      vertex 20.22 58.70000000000002 -5
    endloop
  endfacet
  facet normal 0 0 -1
    outer loop
      vertex 10.86 44.900000000000006 -5
      vertex 20.22 58.70000000000002 -5
      vertex 20.22 44.900000000000006 -5
    endloop
  endfacet
  facet normal 0 0 -1
    outer loop
      vertex 10.86 58.70000000000002 -5
      vertex 10.86 59.70000000000002 -5
      vertex 20.22 59.70000000000002 -5
    endloop
  endfacet
  facet normal 0 0 -1
    outer loop
      vertex 10.86 58.70000000000002 -5
      vertex 20.22 59.70000000000002 -5
      vertex 20.22 58.70000000000002 -5
    endloop
  endfacet
  facet normal 0 0 -1
    outer loop
      vertex 10.86 59.70000000000002 -5
      vertex 10.86 74 -5
      vertex 20.22 74 -5
    endloop
  endfacet
  facet normal 0 0 -1
    outer loop
      vertex 10.86 59.70000000000002 -5
      vertex 20.22 74 -5
      vertex 20.22 59.70000000000002 -5
    endloop
  endfacet
  facet normal 0 0 -1
    outer loop
      vertex 10.86 74 -5
      vertex 10.86 75 -5
      vertex 20.22 75 -5
    endloop
  endfacet
  facet normal 0 0 -1
    outer loop
      vertex 10.86 74 -5
      vertex 20.22 75 -5
      vertex 20.22 74 -5
    endloop
  endfacet
  facet normal 0 0 -1
    outer loop
      vertex 20.22 -75 -5
      vertex 20.22 -74 -5
      vertex 21.22 -74 -5
    endloop
  endfacet
  facet normal 0 0 -1
    outer loop
      vertex 20.22 -75 -5
      vertex 21.22 -74 -5
      vertex 21.22 -75 -5
    endloop
  endfacet
  facet normal 0 0 -1
    outer loop
      vertex 20.22 -74 -5
      vertex 20.22 -59.7 -5
      vertex 21.22 -59.7 -5
    endloop
  endfacet
  facet normal 0 0 -1
    outer loop
      vertex 20.22 -74 -5
      vertex 21.22 -59.7 -5
      vertex 21.22 -74 -5
    endloop
  endfacet
  facet normal 0 0 -1
    outer loop
      vertex 20.22 -59.7 -5
      vertex 20.22 -58.7 -5
      vertex 21.22 -58.7 -5
    endloop
  endfacet
  facet normal 0 0 -1
    outer loop
      vertex 20.22 -59.7 -5
      vertex 21.22 -58.7 -5
      vertex 21.22 -59.7 -5
    endloop
  endfacet
  facet normal 0 0 -1
    outer loop
      vertex 20.22 -58.7 -5
      vertex 20.22 -44.9 -5
      vertex 21.22 -44.9 -5
    endloop
  endfacet
  facet normal 0 0 -1
    outer loop
      vertex 20.22 -58.7 -5
      vertex 21.22 -44.9 -5
      vertex 21.22 -58.7 -5
    endloop
  endfacet
  facet normal 0 0 -1
    outer loop
      vertex 20.22 -44.9 -5
      vertex 20.22 -43.9 -5
      vertex 21.22 -43.9 -5
    endloop
  endfacet
  facet normal 0 0 -1
    outer loop
      vertex 20.22 -44.9 -5
      vertex 21.22 -43.9 -5
      vertex 21.22 -44.9 -5
    endloop
  endfacet
  facet normal 0 0 -1
    outer loop
      vertex 20.22 -43.9 -5
      vertex 20.22 -30.1 -5
      vertex 21.22 -30.1 -5
    endloop
  endfacet
  facet normal 0 0 -1
    outer loop
      vertex 20.22 -43.9 -5
      vertex 21.22 -30.1 -5
      vertex 21.22 -43.9 -5
    endloop
  endfacet
  facet normal 0 0 -1
    outer loop
      vertex 20.22 -30.1 -5
      vertex 20.22 -29.1 -5
      vertex 21.22 -29.1 -5
    endloop
  endfacet
  facet normal 0 0 -1
    outer loop
      vertex 20.22 -30.1 -5
      vertex 21.22 -29.1 -5
      vertex 21.22 -30.1 -5
    endloop
  endfacet
  facet normal 0 0 -1
    outer loop
      vertex 20.22 -29.1 -5
      vertex 20.22 -15.299999999999997 -5
      vertex 21.22 -15.299999999999997 -5
    endloop
  endfacet
  facet normal 0 0 -1
    outer loop
      vertex 20.22 -29.1 -5
      vertex 21.22 -15.299999999999997 -5
      vertex 21.22 -29.1 -5
    endloop
  endfacet
  facet normal 0 0 -1
    outer loop
      vertex 20.22 -15.299999999999997 -5
      vertex 20.22 -14.299999999999997 -5
      vertex 21.22 -14.299999999999997 -5
    endloop
  endfacet
  facet normal 0 0 -1
    outer loop
      vertex 20.22 -15.299999999999997 -5
      vertex 21.22 -14.299999999999997 -5
      vertex 21.22 -15.299999999999997 -5
    endloop
  endfacet
  facet normal 0 0 -1
    outer loop
      vertex 20.22 -14.299999999999997 -5
      vertex 20.22 -0.5 -5
      vertex 21.22 -0.5 -5
    endloop
  endfacet
  facet normal 0 0 -1
    outer loop
      vertex 20.22 -14.299999999999997 -5
      vertex 21.22 -0.5 -5
      vertex 21.22 -14.299999999999997 -5
    endloop
  endfacet
  facet normal 0 0 -1
    outer loop
      vertex 20.22 -0.5 -5
      vertex 20.22 0.5 -5
      vertex 21.22 0.5 -5
    endloop
  endfacet
  facet normal 0 0 -1
    outer loop
      vertex 20.22 -0.5 -5
      vertex 21.22 0.5 -5
      vertex 21.22 -0.5 -5
    endloop
  endfacet
  facet normal 0 0 -1
    outer loop
      vertex 20.22 0.5 -5
      vertex 20.22 14.299999999999997 -5
      vertex 21.22 14.299999999999997 -5
    endloop
  endfacet
  facet normal 0 0 -1
    outer loop
      vertex 20.22 0.5 -5
      vertex 21.22 14.299999999999997 -5
      vertex 21.22 0.5 -5
    endloop
  endfacet
  facet normal 0 0 -1
    outer loop
      vertex 20.22 14.299999999999997 -5
      vertex 20.22 15.299999999999997 -5
      vertex 21.22 15.299999999999997 -5
    endloop
  endfacet
  facet normal 0 0 -1
    outer loop
      vertex 20.22 14.299999999999997 -5
      vertex 21.22 15.299999999999997 -5
      vertex 21.22 14.299999999999997 -5
    endloop
  endfacet
  facet normal 0 0 -1
    outer loop
      vertex 20.22 15.299999999999997 -5
      vertex 20.22 29.099999999999994 -5
      vertex 21.22 29.099999999999994 -5
    endloop
  endfacet
  facet normal 0 0 -1
    outer loop
      vertex 20.22 15.299999999999997 -5
      vertex 21.22 29.099999999999994 -5
      vertex 21.22 15.299999999999997 -5
    endloop
  endfacet
  facet normal 0 0 -1
    outer loop
      vertex 20.22 29.099999999999994 -5
      vertex 20.22 30.099999999999994 -5
      vertex 21.22 30.099999999999994 -5
    endloop
  endfacet
  facet normal 0 0 -1
    outer loop
      vertex 20.22 29.099999999999994 -5
      vertex 21.22 30.099999999999994 -5
      vertex 21.22 29.099999999999994 -5
    endloop
  endfacet
  facet normal 0 0 -1
    outer loop
      vertex 20.22 30.099999999999994 -5
      vertex 20.22 43.900000000000006 -5
      vertex 21.22 43.900000000000006 -5
    endloop
  endfacet
  facet normal 0 0 -1
    outer loop
      vertex 20.22 30.099999999999994 -5
      vertex 21.22 43.900000000000006 -5
      vertex 21.22 30.099999999999994 -5
    endloop
  endfacet
  facet normal 0 0 -1
    outer loop
      vertex 20.22 43.900000000000006 -5
      vertex 20.22 44.900000000000006 -5
      vertex 21.22 44.900000000000006 -5
    endloop
  endfacet
  facet normal 0 0 -1
    outer loop
      vertex 20.22 43.900000000000006 -5
      vertex 21.22 44.900000000000006 -5
      vertex 21.22 43.900000000000006 -5
    endloop
  endfacet
  facet normal 0 0 -1
    outer loop
      vertex 20.22 44.900000000000006 -5
      vertex 20.22 58.70000000000002 -5
      vertex 21.22 58.70000000000002 -5
    endloop
  endfacet
  facet normal 0 0 -1
    outer loop
      vertex 20.22 44.900000000000006 -5
      vertex 21.22 58.70000000000002 -5
      vertex 21.22 44.900000000000006 -5
    endloop
  endfacet
  facet normal 0 0 -1
    outer loop
      vertex 20.22 58.70000000000002 -5
      vertex 20.22 59.70000000000002 -5
      vertex 21.22 59.70000000000002 -5
    endloop
  endfacet
  facet normal 0 0 -1
    outer loop
      vertex 20.22 58.70000000000002 -5
      vertex 21.22 59.70000000000002 -5
      vertex 21.22 58.70000000000002 -5
    endloop
  endfacet
  facet normal 0 0 -1
    outer loop
      vertex 20.22 59.70000000000002 -5
      vertex 20.22 74 -5
      vertex 21.22 74 -5
    endloop
  endfacet
  facet normal 0 0 -1
    outer loop
      vertex 20.22 59.70000000000002 -5
      vertex 21.22 74 -5
      vertex 21.22 59.70000000000002 -5
    endloop
  endfacet
  facet normal 0 0 -1
    outer loop
      vertex 20.22 74 -5
      vertex 20.22 75 -5
      vertex 21.22 75 -5
    endloop
  endfacet
  facet normal 0 0 -1
    outer loop
      vertex 20.22 74 -5
      vertex 21.22 75 -5
      vertex 21.22 74 -5
    endloop
  endfacet
  facet normal 0 0 -1
    outer loop
      vertex 21.22 -75 -5
      vertex 21.22 -74 -5
      vertex 30.58 -74 -5
    endloop
  endfacet
  facet normal 0 0 -1
    outer loop
      vertex 21.22 -75 -5
      vertex 30.58 -74 -5
      vertex 30.58 -75 -5
    endloop
  endfacet
  facet normal 0 0 -1
    outer loop
      vertex 21.22 -74 -5
      vertex 21.22 -59.7 -5
      vertex 30.58 -59.7 -5
    endloop
  endfacet
  facet normal 0 0 -1
    outer loop
      vertex 21.22 -74 -5
      vertex 30.58 -59.7 -5
      vertex 30.58 -74 -5
    endloop
  endfacet
  facet normal 0 0 -1
    outer loop
      vertex 21.22 -59.7 -5
      vertex 21.22 -58.7 -5
      vertex 30.58 -58.7 -5
    endloop
  endfacet
  facet normal 0 0 -1
    outer loop
      vertex 21.22 -59.7 -5
      vertex 30.58 -58.7 -5
      vertex 30.58 -59.7 -5
    endloop
  endfacet
  facet normal 0 0 -1
    outer loop
      vertex 21.22 -58.7 -5
      vertex 21.22 -44.9 -5
      vertex 30.58 -44.9 -5
    endloop
  endfacet
  facet normal 0 0 -1
    outer loop
      vertex 21.22 -58.7 -5
      vertex 30.58 -44.9 -5
      vertex 30.58 -58.7 -5
    endloop
  endfacet
  facet normal 0 0 -1
    outer loop
      vertex 21.22 -44.9 -5
      vertex 21.22 -43.9 -5
      vertex 30.58 -43.9 -5
    endloop
  endfacet
  facet normal 0 0 -1
    outer loop
      vertex 21.22 -44.9 -5
      vertex 30.58 -43.9 -5
      vertex 30.58 -44.9 -5
    endloop
  endfacet
  facet normal 0 0 -1
    outer loop
      vertex 21.22 -43.9 -5
      vertex 21.22 -30.1 -5
      vertex 30.58 -30.1 -5
    endloop
  endfacet
  facet normal 0 0 -1
    outer loop
      vertex 21.22 -43.9 -5
      vertex 30.58 -30.1 -5
      vertex 30.58 -43.9 -5
    endloop
  endfacet
  facet normal 0 0 -1
    outer loop
      vertex 21.22 -30.1 -5
      vertex 21.22 -29.1 -5
      vertex 30.58 -29.1 -5
    endloop
  endfacet
  facet normal 0 0 -1
    outer loop
      vertex 21.22 -30.1 -5
      vertex 30.58 -29.1 -5
      vertex 30.58 -30.1 -5
    endloop
  endfacet
  facet normal 0 0 -1
    outer loop
      vertex 21.22 -29.1 -5
      vertex 21.22 -15.299999999999997 -5
      vertex 30.58 -15.299999999999997 -5
    endloop
  endfacet
  facet normal 0 0 -1
    outer loop
      vertex 21.22 -29.1 -5
      vertex 30.58 -15.299999999999997 -5
      vertex 30.58 -29.1 -5
    endloop
  endfacet
  facet normal 0 0 -1
    outer loop
      vertex 21.22 -15.299999999999997 -5
      vertex 21.22 -14.299999999999997 -5
      vertex 30.58 -14.299999999999997 -5
    endloop
  endfacet
  facet normal 0 0 -1
    outer loop
      vertex 21.22 -15.299999999999997 -5
      vertex 30.58 -14.299999999999997 -5
      vertex 30.58 -15.299999999999997 -5
    endloop
  endfacet
  facet normal 0 0 -1
    outer loop
      vertex 21.22 -14.299999999999997 -5
      vertex 21.22 -0.5 -5
      vertex 30.58 -0.5 -5
    endloop
  endfacet
  facet normal 0 0 -1
    outer loop
      vertex 21.22 -14.299999999999997 -5
      vertex 30.58 -0.5 -5
      vertex 30.58 -14.299999999999997 -5
    endloop
  endfacet
  facet normal 0 0 -1
    outer loop
      vertex 21.22 -0.5 -5
      vertex 21.22 0.5 -5
      vertex 30.58 0.5 -5
    endloop
  endfacet
  facet normal 0 0 -1
    outer loop
      vertex 21.22 -0.5 -5
      vertex 30.58 0.5 -5
      vertex 30.58 -0.5 -5
    endloop
  endfacet
  facet normal 0 0 -1
    outer loop
      vertex 21.22 0.5 -5
      vertex 21.22 14.299999999999997 -5
      vertex 30.58 14.299999999999997 -5
    endloop
  endfacet
  facet normal 0 0 -1
    outer loop
      vertex 21.22 0.5 -5
      vertex 30.58 14.299999999999997 -5
      vertex 30.58 0.5 -5
    endloop
  endfacet
  facet normal 0 0 -1
    outer loop
      vertex 21.22 14.299999999999997 -5
      vertex 21.22 15.299999999999997 -5
      vertex 30.58 15.299999999999997 -5
    endloop
  endfacet
  facet normal 0 0 -1
    outer loop
      vertex 21.22 14.299999999999997 -5
      vertex 30.58 15.299999999999997 -5
      vertex 30.58 14.299999999999997 -5
    endloop
  endfacet
  facet normal 0 0 -1
    outer loop
      vertex 21.22 15.299999999999997 -5
      vertex 21.22 29.099999999999994 -5
      vertex 30.58 29.099999999999994 -5
    endloop
  endfacet
  facet normal 0 0 -1
    outer loop
      vertex 21.22 15.299999999999997 -5
      vertex 30.58 29.099999999999994 -5
      vertex 30.58 15.299999999999997 -5
    endloop
  endfacet
  facet normal 0 0 -1
    outer loop
      vertex 21.22 29.099999999999994 -5
      vertex 21.22 30.099999999999994 -5
      vertex 30.58 30.099999999999994 -5
    endloop
  endfacet
  facet normal 0 0 -1
    outer loop
      vertex 21.22 29.099999999999994 -5
      vertex 30.58 30.099999999999994 -5
      vertex 30.58 29.099999999999994 -5
    endloop
  endfacet
  facet normal 0 0 -1
    outer loop
      vertex 21.22 30.099999999999994 -5
      vertex 21.22 43.900000000000006 -5
      vertex 30.58 43.900000000000006 -5
    endloop
  endfacet
  facet normal 0 0 -1
    outer loop
      vertex 21.22 30.099999999999994 -5
      vertex 30.58 43.900000000000006 -5
      vertex 30.58 30.099999999999994 -5
    endloop
  endfacet
  facet normal 0 0 -1
    outer loop
      vertex 21.22 43.900000000000006 -5
      vertex 21.22 44.900000000000006 -5
      vertex 30.58 44.900000000000006 -5
    endloop
  endfacet
  facet normal 0 0 -1
    outer loop
      vertex 21.22 43.900000000000006 -5
      vertex 30.58 44.900000000000006 -5
      vertex 30.58 43.900000000000006 -5
    endloop
  endfacet
  facet normal 0 0 -1
    outer loop
      vertex 21.22 44.900000000000006 -5
      vertex 21.22 58.70000000000002 -5
      vertex 30.58 58.70000000000002 -5
    endloop
  endfacet
  facet normal 0 0 -1
    outer loop
      vertex 21.22 44.900000000000006 -5
      vertex 30.58 58.70000000000002 -5
      vertex 30.58 44.900000000000006 -5
    endloop
  endfacet
  facet normal 0 0 -1
    outer loop
      vertex 21.22 58.70000000000002 -5
      vertex 21.22 59.70000000000002 -5
      vertex 30.58 59.70000000000002 -5
    endloop
  endfacet
  facet normal 0 0 -1
    outer loop
      vertex 21.22 58.70000000000002 -5
      vertex 30.58 59.70000000000002 -5
      vertex 30.58 58.70000000000002 -5
    endloop
  endfacet
  facet normal 0 0 -1
    outer loop
      vertex 21.22 59.70000000000002 -5
      vertex 21.22 74 -5
      vertex 30.58 74 -5
    endloop
  endfacet
  facet normal 0 0 -1
    outer loop
      vertex 21.22 59.70000000000002 -5
      vertex 30.58 74 -5
      vertex 30.58 59.70000000000002 -5
    endloop
  endfacet
  facet normal 0 0 -1
    outer loop
      vertex 21.22 74 -5
      vertex 21.22 75 -5
      vertex 30.58 75 -5
    endloop
  endfacet
  facet normal 0 0 -1
    outer loop
      vertex 21.22 74 -5
      vertex 30.58 75 -5
      vertex 30.58 74 -5
    endloop
  endfacet
  facet normal 0 0 -1
    outer loop
      vertex 30.58 -75 -5
      vertex 30.58 -74 -5
      vertex 31.58 -74 -5
    endloop
  endfacet
  facet normal 0 0 -1
    outer loop
      vertex 30.58 -75 -5
      vertex 31.58 -74 -5
      vertex 31.58 -75 -5
    endloop
  endfacet
  facet normal 0 0 -1
    outer loop
      vertex 30.58 -74 -5
      vertex 30.58 -59.7 -5
      vertex 31.58 -59.7 -5
    endloop
  endfacet
  facet normal 0 0 -1
    outer loop
      vertex 30.58 -74 -5
      vertex 31.58 -59.7 -5
      vertex 31.58 -74 -5
    endloop
  endfacet
  facet normal 0 0 -1
    outer loop
      vertex 30.58 -59.7 -5
      vertex 30.58 -58.7 -5
      vertex 31.58 -58.7 -5
    endloop
  endfacet
  facet normal 0 0 -1
    outer loop
      vertex 30.58 -59.7 -5
      vertex 31.58 -58.7 -5
      vertex 31.58 -59.7 -5
    endloop
  endfacet
  facet normal 0 0 -1
    outer loop
      vertex 30.58 -58.7 -5
      vertex 30.58 -44.9 -5
      vertex 31.58 -44.9 -5
    endloop
  endfacet
  facet normal 0 0 -1
    outer loop
      vertex 30.58 -58.7 -5
      vertex 31.58 -44.9 -5
      vertex 31.58 -58.7 -5
    endloop
  endfacet
  facet normal 0 0 -1
    outer loop
      vertex 30.58 -44.9 -5
      vertex 30.58 -43.9 -5
      vertex 31.58 -43.9 -5
    endloop
  endfacet
  facet normal 0 0 -1
    outer loop
      vertex 30.58 -44.9 -5
      vertex 31.58 -43.9 -5
      vertex 31.58 -44.9 -5
    endloop
  endfacet
  facet normal 0 0 -1
    outer loop
      vertex 30.58 -43.9 -5
      vertex 30.58 -30.1 -5
      vertex 31.58 -30.1 -5
    endloop
  endfacet
  facet normal 0 0 -1
    outer loop
      vertex 30.58 -43.9 -5
      vertex 31.58 -30.1 -5
      vertex 31.58 -43.9 -5
    endloop
  endfacet
  facet normal 0 0 -1
    outer loop
      vertex 30.58 -30.1 -5
      vertex 30.58 -29.1 -5
      vertex 31.58 -29.1 -5
    endloop
  endfacet
  facet normal 0 0 -1
    outer loop
      vertex 30.58 -30.1 -5
      vertex 31.58 -29.1 -5
      vertex 31.58 -30.1 -5
    endloop
  endfacet
  facet normal 0 0 -1
    outer loop
      vertex 30.58 -29.1 -5
      vertex 30.58 -15.299999999999997 -5
      vertex 31.58 -15.299999999999997 -5
    endloop
  endfacet
  facet normal 0 0 -1
    outer loop
      vertex 30.58 -29.1 -5
      vertex 31.58 -15.299999999999997 -5
      vertex 31.58 -29.1 -5
    endloop
  endfacet
  facet normal 0 0 -1
    outer loop
      vertex 30.58 -15.299999999999997 -5
      vertex 30.58 -14.299999999999997 -5
      vertex 31.58 -14.299999999999997 -5
    endloop
  endfacet
  facet normal 0 0 -1
    outer loop
      vertex 30.58 -15.299999999999997 -5
      vertex 31.58 -14.299999999999997 -5
      vertex 31.58 -15.299999999999997 -5
    endloop
  endfacet
  facet normal 0 0 -1
    outer loop
      vertex 30.58 -14.299999999999997 -5
      vertex 30.58 -0.5 -5
      vertex 31.58 -0.5 -5
    endloop
  endfacet
  facet normal 0 0 -1
    outer loop
      vertex 30.58 -14.299999999999997 -5
      vertex 31.58 -0.5 -5
      vertex 31.58 -14.299999999999997 -5
    endloop
  endfacet
  facet normal 0 0 -1
    outer loop
      vertex 30.58 -0.5 -5
      vertex 30.58 0.5 -5
      vertex 31.58 0.5 -5
    endloop
  endfacet
  facet normal 0 0 -1
    outer loop
      vertex 30.58 -0.5 -5
      vertex 31.58 0.5 -5
      vertex 31.58 -0.5 -5
    endloop
  endfacet
  facet normal 0 0 -1
    outer loop
      vertex 30.58 0.5 -5
      vertex 30.58 14.299999999999997 -5
      vertex 31.58 14.299999999999997 -5
    endloop
  endfacet
  facet normal 0 0 -1
    outer loop
      vertex 30.58 0.5 -5
      vertex 31.58 14.299999999999997 -5
      vertex 31.58 0.5 -5
    endloop
  endfacet
  facet normal 0 0 -1
    outer loop
      vertex 30.58 14.299999999999997 -5
      vertex 30.58 15.299999999999997 -5
      vertex 31.58 15.299999999999997 -5
    endloop
  endfacet
  facet normal 0 0 -1
    outer loop
      vertex 30.58 14.299999999999997 -5
      vertex 31.58 15.299999999999997 -5
      vertex 31.58 14.299999999999997 -5
    endloop
  endfacet
  facet normal 0 0 -1
    outer loop
      vertex 30.58 15.299999999999997 -5
      vertex 30.58 29.099999999999994 -5
      vertex 31.58 29.099999999999994 -5
    endloop
  endfacet
  facet normal 0 0 -1
    outer loop
      vertex 30.58 15.299999999999997 -5
      vertex 31.58 29.099999999999994 -5
      vertex 31.58 15.299999999999997 -5
    endloop
  endfacet
  facet normal 0 0 -1
    outer loop
      vertex 30.58 29.099999999999994 -5
      vertex 30.58 30.099999999999994 -5
      vertex 31.58 30.099999999999994 -5
    endloop
  endfacet
  facet normal 0 0 -1
    outer loop
      vertex 30.58 29.099999999999994 -5
      vertex 31.58 30.099999999999994 -5
      vertex 31.58 29.099999999999994 -5
    endloop
  endfacet
  facet normal 0 0 -1
    outer loop
      vertex 30.58 30.099999999999994 -5
      vertex 30.58 43.900000000000006 -5
      vertex 31.58 43.900000000000006 -5
    endloop
  endfacet
  facet normal 0 0 -1
    outer loop
      vertex 30.58 30.099999999999994 -5
      vertex 31.58 43.900000000000006 -5
      vertex 31.58 30.099999999999994 -5
    endloop
  endfacet
  facet normal 0 0 -1
    outer loop
      vertex 30.58 43.900000000000006 -5
      vertex 30.58 44.900000000000006 -5
      vertex 31.58 44.900000000000006 -5
    endloop
  endfacet
  facet normal 0 0 -1
    outer loop
      vertex 30.58 43.900000000000006 -5
      vertex 31.58 44.900000000000006 -5
      vertex 31.58 43.900000000000006 -5
    endloop
  endfacet
  facet normal 0 0 -1
    outer loop
      vertex 30.58 44.900000000000006 -5
      vertex 30.58 58.70000000000002 -5
      vertex 31.58 58.70000000000002 -5
    endloop
  endfacet
  facet normal 0 0 -1
    outer loop
      vertex 30.58 44.900000000000006 -5
      vertex 31.58 58.70000000000002 -5
      vertex 31.58 44.900000000000006 -5
    endloop
  endfacet
  facet normal 0 0 -1
    outer loop
      vertex 30.58 58.70000000000002 -5
      vertex 30.58 59.70000000000002 -5
      vertex 31.58 59.70000000000002 -5
    endloop
  endfacet
  facet normal 0 0 -1
    outer loop
      vertex 30.58 58.70000000000002 -5
      vertex 31.58 59.70000000000002 -5
      vertex 31.58 58.70000000000002 -5
    endloop
  endfacet
  facet normal 0 0 -1
    outer loop
      vertex 30.58 59.70000000000002 -5
      vertex 30.58 74 -5
      vertex 31.58 74 -5
    endloop
  endfacet
  facet normal 0 0 -1
    outer loop
      vertex 30.58 59.70000000000002 -5
      vertex 31.58 74 -5
      vertex 31.58 59.70000000000002 -5
    endloop
  endfacet
  facet normal 0 0 -1
    outer loop
      vertex 30.58 74 -5
      vertex 30.58 75 -5
      vertex 31.58 75 -5
    endloop
  endfacet
  facet normal 0 0 -1
    outer loop
      vertex 30.58 74 -5
      vertex 31.58 75 -5
      vertex 31.58 74 -5
    endloop
  endfacet
  facet normal 0 0 -1
    outer loop
      vertex 31.58 -75 -5
      vertex 31.58 -74 -5
      vertex 49.81999999999999 -74 -5
    endloop
  endfacet
  facet normal 0 0 -1
    outer loop
      vertex 31.58 -75 -5
      vertex 49.81999999999999 -74 -5
      vertex 49.81999999999999 -75 -5
    endloop
  endfacet
  facet normal 0 0 -1
    outer loop
      vertex 31.58 -74 -5
      vertex 31.58 -59.7 -5
      vertex 49.81999999999999 -59.7 -5
    endloop
  endfacet
  facet normal 0 0 -1
    outer loop
      vertex 31.58 -74 -5
      vertex 49.81999999999999 -59.7 -5
      vertex 49.81999999999999 -74 -5
    endloop
  endfacet
  facet normal 0 0 -1
    outer loop
      vertex 31.58 -59.7 -5
      vertex 31.58 -58.7 -5
      vertex 49.81999999999999 -58.7 -5
    endloop
  endfacet
  facet normal 0 0 -1
    outer loop
      vertex 31.58 -59.7 -5
      vertex 49.81999999999999 -58.7 -5
      vertex 49.81999999999999 -59.7 -5
    endloop
  endfacet
  facet normal 0 0 -1
    outer loop
      vertex 31.58 -58.7 -5
      vertex 31.58 -44.9 -5
      vertex 49.81999999999999 -44.9 -5
    endloop
  endfacet
  facet normal 0 0 -1
    outer loop
      vertex 31.58 -58.7 -5
      vertex 49.81999999999999 -44.9 -5
      vertex 49.81999999999999 -58.7 -5
    endloop
  endfacet
  facet normal 0 0 -1
    outer loop
      vertex 31.58 -44.9 -5
      vertex 31.58 -43.9 -5
      vertex 49.81999999999999 -43.9 -5
    endloop
  endfacet
  facet normal 0 0 -1
    outer loop
      vertex 31.58 -44.9 -5
      vertex 49.81999999999999 -43.9 -5
      vertex 49.81999999999999 -44.9 -5
    endloop
  endfacet
  facet normal 0 0 -1
    outer loop
      vertex 31.58 -43.9 -5
      vertex 31.58 -30.1 -5
      vertex 49.81999999999999 -30.1 -5
    endloop
  endfacet
  facet normal 0 0 -1
    outer loop
      vertex 31.58 -43.9 -5
      vertex 49.81999999999999 -30.1 -5
      vertex 49.81999999999999 -43.9 -5
    endloop
  endfacet
  facet normal 0 0 -1
    outer loop
      vertex 31.58 -30.1 -5
      vertex 31.58 -29.1 -5
      vertex 49.81999999999999 -29.1 -5
    endloop
  endfacet
  facet normal 0 0 -1
    outer loop
      vertex 31.58 -30.1 -5
      vertex 49.81999999999999 -29.1 -5
      vertex 49.81999999999999 -30.1 -5
    endloop
  endfacet
  facet normal 0 0 -1
    outer loop
      vertex 31.58 -29.1 -5
      vertex 31.58 -15.299999999999997 -5
      vertex 49.81999999999999 -15.299999999999997 -5
    endloop
  endfacet
  facet normal 0 0 -1
    outer loop
      vertex 31.58 -29.1 -5
      vertex 49.81999999999999 -15.299999999999997 -5
      vertex 49.81999999999999 -29.1 -5
    endloop
  endfacet
  facet normal 0 0 -1
    outer loop
      vertex 31.58 -15.299999999999997 -5
      vertex 31.58 -14.299999999999997 -5
      vertex 49.81999999999999 -14.299999999999997 -5
    endloop
  endfacet
  facet normal 0 0 -1
    outer loop
      vertex 31.58 -15.299999999999997 -5
      vertex 49.81999999999999 -14.299999999999997 -5
      vertex 49.81999999999999 -15.299999999999997 -5
    endloop
  endfacet
  facet normal 0 0 -1
    outer loop
      vertex 31.58 -14.299999999999997 -5
      vertex 31.58 -0.5 -5
      vertex 49.81999999999999 -0.5 -5
    endloop
  endfacet
  facet normal 0 0 -1
    outer loop
      vertex 31.58 -14.299999999999997 -5
      vertex 49.81999999999999 -0.5 -5
      vertex 49.81999999999999 -14.299999999999997 -5
    endloop
  endfacet
  facet normal 0 0 -1
    outer loop
      vertex 31.58 -0.5 -5
      vertex 31.58 0.5 -5
      vertex 49.81999999999999 0.5 -5
    endloop
  endfacet
  facet normal 0 0 -1
    outer loop
      vertex 31.58 -0.5 -5
      vertex 49.81999999999999 0.5 -5
      vertex 49.81999999999999 -0.5 -5
    endloop
  endfacet
  facet normal 0 0 -1
    outer loop
      vertex 31.58 0.5 -5
      vertex 31.58 14.299999999999997 -5
      vertex 49.81999999999999 14.299999999999997 -5
    endloop
  endfacet
  facet normal 0 0 -1
    outer loop
      vertex 31.58 0.5 -5
      vertex 49.81999999999999 14.299999999999997 -5
      vertex 49.81999999999999 0.5 -5
    endloop
  endfacet
  facet normal 0 0 -1
    outer loop
      vertex 31.58 14.299999999999997 -5
      vertex 31.58 15.299999999999997 -5
      vertex 49.81999999999999 15.299999999999997 -5
    endloop
  endfacet
  facet normal 0 0 -1
    outer loop
      vertex 31.58 14.299999999999997 -5
      vertex 49.81999999999999 15.299999999999997 -5
      vertex 49.81999999999999 14.299999999999997 -5
    endloop
  endfacet
  facet normal 0 0 -1
    outer loop
      vertex 31.58 15.299999999999997 -5
      vertex 31.58 29.099999999999994 -5
      vertex 49.81999999999999 29.099999999999994 -5
    endloop
  endfacet
  facet normal 0 0 -1
    outer loop
      vertex 31.58 15.299999999999997 -5
      vertex 49.81999999999999 29.099999999999994 -5
      vertex 49.81999999999999 15.299999999999997 -5
    endloop
  endfacet
  facet normal 0 0 -1
    outer loop
      vertex 31.58 29.099999999999994 -5
      vertex 31.58 30.099999999999994 -5
      vertex 49.81999999999999 30.099999999999994 -5
    endloop
  endfacet
  facet normal 0 0 -1
    outer loop
      vertex 31.58 29.099999999999994 -5
      vertex 49.81999999999999 30.099999999999994 -5
      vertex 49.81999999999999 29.099999999999994 -5
    endloop
  endfacet
  facet normal 0 0 -1
    outer loop
      vertex 31.58 30.099999999999994 -5
      vertex 31.58 43.900000000000006 -5
      vertex 49.81999999999999 43.900000000000006 -5
    endloop
  endfacet
  facet normal 0 0 -1
    outer loop
      vertex 31.58 30.099999999999994 -5
      vertex 49.81999999999999 43.900000000000006 -5
      vertex 49.81999999999999 30.099999999999994 -5
    endloop
  endfacet
  facet normal 0 0 -1
    outer loop
      vertex 31.58 43.900000000000006 -5
      vertex 31.58 44.900000000000006 -5
      vertex 49.81999999999999 44.900000000000006 -5
    endloop
  endfacet
  facet normal 0 0 -1
    outer loop
      vertex 31.58 43.900000000000006 -5
      vertex 49.81999999999999 44.900000000000006 -5
      vertex 49.81999999999999 43.900000000000006 -5
    endloop
  endfacet
  facet normal 0 0 -1
    outer loop
      vertex 31.58 44.900000000000006 -5
      vertex 31.58 58.70000000000002 -5
      vertex 49.81999999999999 58.70000000000002 -5
    endloop
  endfacet
  facet normal 0 0 -1
    outer loop
      vertex 31.58 44.900000000000006 -5
      vertex 49.81999999999999 58.70000000000002 -5
      vertex 49.81999999999999 44.900000000000006 -5
    endloop
  endfacet
  facet normal 0 0 -1
    outer loop
      vertex 31.58 58.70000000000002 -5
      vertex 31.58 59.70000000000002 -5
      vertex 49.81999999999999 59.70000000000002 -5
    endloop
  endfacet
  facet normal 0 0 -1
    outer loop
      vertex 31.58 58.70000000000002 -5
      vertex 49.81999999999999 59.70000000000002 -5
      vertex 49.81999999999999 58.70000000000002 -5
    endloop
  endfacet
  facet normal 0 0 -1
    outer loop
      vertex 31.58 59.70000000000002 -5
      vertex 31.58 74 -5
      vertex 49.81999999999999 74 -5
    endloop
  endfacet
  facet normal 0 0 -1
    outer loop
      vertex 31.58 59.70000000000002 -5
      vertex 49.81999999999999 74 -5
      vertex 49.81999999999999 59.70000000000002 -5
    endloop
  endfacet
  facet normal 0 0 -1
    outer loop
      vertex 31.58 74 -5
      vertex 31.58 75 -5
      vertex 49.81999999999999 75 -5
    endloop
  endfacet
  facet normal 0 0 -1
    outer loop
      vertex 31.58 74 -5
      vertex 49.81999999999999 75 -5
      vertex 49.81999999999999 74 -5
    endloop
  endfacet
  facet normal 0 0 -1
    outer loop
      vertex 49.81999999999999 -75 -5
      vertex 49.81999999999999 -74 -5
      vertex 50.81999999999999 -74 -5
    endloop
  endfacet
  facet normal 0 0 -1
    outer loop
      vertex 49.81999999999999 -75 -5
      vertex 50.81999999999999 -74 -5
      vertex 50.81999999999999 -75 -5
    endloop
  endfacet
  facet normal 0 0 -1
    outer loop
      vertex 49.81999999999999 -74 -5
      vertex 49.81999999999999 -59.7 -5
      vertex 50.81999999999999 -59.7 -5
    endloop
  endfacet
  facet normal 0 0 -1
    outer loop
      vertex 49.81999999999999 -74 -5
      vertex 50.81999999999999 -59.7 -5
      vertex 50.81999999999999 -74 -5
    endloop
  endfacet
  facet normal 0 0 -1
    outer loop
      vertex 49.81999999999999 -59.7 -5
      vertex 49.81999999999999 -58.7 -5
      vertex 50.81999999999999 -58.7 -5
    endloop
  endfacet
  facet normal 0 0 -1
    outer loop
      vertex 49.81999999999999 -59.7 -5
      vertex 50.81999999999999 -58.7 -5
      vertex 50.81999999999999 -59.7 -5
    endloop
  endfacet
  facet normal 0 0 -1
    outer loop
      vertex 49.81999999999999 -58.7 -5
      vertex 49.81999999999999 -44.9 -5
      vertex 50.81999999999999 -44.9 -5
    endloop
  endfacet
  facet normal 0 0 -1
    outer loop
      vertex 49.81999999999999 -58.7 -5
      vertex 50.81999999999999 -44.9 -5
      vertex 50.81999999999999 -58.7 -5
    endloop
  endfacet
  facet normal 0 0 -1
    outer loop
      vertex 49.81999999999999 -44.9 -5
      vertex 49.81999999999999 -43.9 -5
      vertex 50.81999999999999 -43.9 -5
    endloop
  endfacet
  facet normal 0 0 -1
    outer loop
      vertex 49.81999999999999 -44.9 -5
      vertex 50.81999999999999 -43.9 -5
      vertex 50.81999999999999 -44.9 -5
    endloop
  endfacet
  facet normal 0 0 -1
    outer loop
      vertex 49.81999999999999 -43.9 -5
      vertex 49.81999999999999 -30.1 -5
      vertex 50.81999999999999 -30.1 -5
    endloop
  endfacet
  facet normal 0 0 -1
    outer loop
      vertex 49.81999999999999 -43.9 -5
      vertex 50.81999999999999 -30.1 -5
      vertex 50.81999999999999 -43.9 -5
    endloop
  endfacet
  facet normal 0 0 -1
    outer loop
      vertex 49.81999999999999 -30.1 -5
      vertex 49.81999999999999 -29.1 -5
      vertex 50.81999999999999 -29.1 -5
    endloop
  endfacet
  facet normal 0 0 -1
    outer loop
      vertex 49.81999999999999 -30.1 -5
      vertex 50.81999999999999 -29.1 -5
      vertex 50.81999999999999 -30.1 -5
    endloop
  endfacet
  facet normal 0 0 -1
    outer loop
      vertex 49.81999999999999 -29.1 -5
      vertex 49.81999999999999 -15.299999999999997 -5
      vertex 50.81999999999999 -15.299999999999997 -5
    endloop
  endfacet
  facet normal 0 0 -1
    outer loop
      vertex 49.81999999999999 -29.1 -5
      vertex 50.81999999999999 -15.299999999999997 -5
      vertex 50.81999999999999 -29.1 -5
    endloop
  endfacet
  facet normal 0 0 -1
    outer loop
      vertex 49.81999999999999 -15.299999999999997 -5
      vertex 49.81999999999999 -14.299999999999997 -5
      vertex 50.81999999999999 -14.299999999999997 -5
    endloop
  endfacet
  facet normal 0 0 -1
    outer loop
      vertex 49.81999999999999 -15.299999999999997 -5
      vertex 50.81999999999999 -14.299999999999997 -5
      vertex 50.81999999999999 -15.299999999999997 -5
    endloop
  endfacet
  facet normal 0 0 -1
    outer loop
      vertex 49.81999999999999 -14.299999999999997 -5
      vertex 49.81999999999999 -0.5 -5
      vertex 50.81999999999999 -0.5 -5
    endloop
  endfacet
  facet normal 0 0 -1
    outer loop
      vertex 49.81999999999999 -14.299999999999997 -5
      vertex 50.81999999999999 -0.5 -5
      vertex 50.81999999999999 -14.299999999999997 -5
    endloop
  endfacet
  facet normal 0 0 -1
    outer loop
      vertex 49.81999999999999 -0.5 -5
      vertex 49.81999999999999 0.5 -5
      vertex 50.81999999999999 0.5 -5
    endloop
  endfacet
  facet normal 0 0 -1
    outer loop
      vertex 49.81999999999999 -0.5 -5
      vertex 50.81999999999999 0.5 -5
      vertex 50.81999999999999 -0.5 -5
    endloop
  endfacet
  facet normal 0 0 -1
    outer loop
      vertex 49.81999999999999 0.5 -5
      vertex 49.81999999999999 14.299999999999997 -5
      vertex 50.81999999999999 14.299999999999997 -5
    endloop
  endfacet
  facet normal 0 0 -1
    outer loop
      vertex 49.81999999999999 0.5 -5
      vertex 50.81999999999999 14.299999999999997 -5
      vertex 50.81999999999999 0.5 -5
    endloop
  endfacet
  facet normal 0 0 -1
    outer loop
      vertex 49.81999999999999 14.299999999999997 -5
      vertex 49.81999999999999 15.299999999999997 -5
      vertex 50.81999999999999 15.299999999999997 -5
    endloop
  endfacet
  facet normal 0 0 -1
    outer loop
      vertex 49.81999999999999 14.299999999999997 -5
      vertex 50.81999999999999 15.299999999999997 -5
      vertex 50.81999999999999 14.299999999999997 -5
    endloop
  endfacet
  facet normal 0 0 -1
    outer loop
      vertex 49.81999999999999 15.299999999999997 -5
      vertex 49.81999999999999 29.099999999999994 -5
      vertex 50.81999999999999 29.099999999999994 -5
    endloop
  endfacet
  facet normal 0 0 -1
    outer loop
      vertex 49.81999999999999 15.299999999999997 -5
      vertex 50.81999999999999 29.099999999999994 -5
      vertex 50.81999999999999 15.299999999999997 -5
    endloop
  endfacet
  facet normal 0 0 -1
    outer loop
      vertex 49.81999999999999 29.099999999999994 -5
      vertex 49.81999999999999 30.099999999999994 -5
      vertex 50.81999999999999 30.099999999999994 -5
    endloop
  endfacet
  facet normal 0 0 -1
    outer loop
      vertex 49.81999999999999 29.099999999999994 -5
      vertex 50.81999999999999 30.099999999999994 -5
      vertex 50.81999999999999 29.099999999999994 -5
    endloop
  endfacet
  facet normal 0 0 -1
    outer loop
      vertex 49.81999999999999 30.099999999999994 -5
      vertex 49.81999999999999 43.900000000000006 -5
      vertex 50.81999999999999 43.900000000000006 -5
    endloop
  endfacet
  facet normal 0 0 -1
    outer loop
      vertex 49.81999999999999 30.099999999999994 -5
      vertex 50.81999999999999 43.900000000000006 -5
      vertex 50.81999999999999 30.099999999999994 -5
    endloop
  endfacet
  facet normal 0 0 -1
    outer loop
      vertex 49.81999999999999 43.900000000000006 -5
      vertex 49.81999999999999 44.900000000000006 -5
      vertex 50.81999999999999 44.900000000000006 -5
    endloop
  endfacet
  facet normal 0 0 -1
    outer loop
      vertex 49.81999999999999 43.900000000000006 -5
      vertex 50.81999999999999 44.900000000000006 -5
      vertex 50.81999999999999 43.900000000000006 -5
    endloop
  endfacet
  facet normal 0 0 -1
    outer loop
      vertex 49.81999999999999 44.900000000000006 -5
      vertex 49.81999999999999 58.70000000000002 -5
      vertex 50.81999999999999 58.70000000000002 -5
    endloop
  endfacet
  facet normal 0 0 -1
    outer loop
      vertex 49.81999999999999 44.900000000000006 -5
      vertex 50.81999999999999 58.70000000000002 -5
      vertex 50.81999999999999 44.900000000000006 -5
    endloop
  endfacet
  facet normal 0 0 -1
    outer loop
      vertex 49.81999999999999 58.70000000000002 -5
      vertex 49.81999999999999 59.70000000000002 -5
      vertex 50.81999999999999 59.70000000000002 -5
    endloop
  endfacet
  facet normal 0 0 -1
    outer loop
      vertex 49.81999999999999 58.70000000000002 -5
      vertex 50.81999999999999 59.70000000000002 -5
      vertex 50.81999999999999 58.70000000000002 -5
    endloop
  endfacet
  facet normal 0 0 -1
    outer loop
      vertex 49.81999999999999 59.70000000000002 -5
      vertex 49.81999999999999 74 -5
      vertex 50.81999999999999 74 -5
    endloop
  endfacet
  facet normal 0 0 -1
    outer loop
      vertex 49.81999999999999 59.70000000000002 -5
      vertex 50.81999999999999 74 -5
      vertex 50.81999999999999 59.70000000000002 -5
    endloop
  endfacet
  facet normal 0 0 -1
    outer loop
      vertex 49.81999999999999 74 -5
      vertex 49.81999999999999 75 -5
      vertex 50.81999999999999 75 -5
    endloop
  endfacet
  facet normal 0 0 -1
    outer loop
      vertex 49.81999999999999 74 -5
      vertex 50.81999999999999 75 -5
      vertex 50.81999999999999 74 -5
    endloop
  endfacet
  facet normal 0 0 -1
    outer loop
      vertex 50.81999999999999 -75 -5
      vertex 50.81999999999999 -74 -5
      vertex 60.18000000000001 -74 -5
    endloop
  endfacet
  facet normal 0 0 -1
    outer loop
      vertex 50.81999999999999 -75 -5
      vertex 60.18000000000001 -74 -5
      vertex 60.18000000000001 -75 -5
    endloop
  endfacet
  facet normal 0 0 -1
    outer loop
      vertex 50.81999999999999 -74 -5
      vertex 50.81999999999999 -59.7 -5
      vertex 60.18000000000001 -59.7 -5
    endloop
  endfacet
  facet normal 0 0 -1
    outer loop
      vertex 50.81999999999999 -74 -5
      vertex 60.18000000000001 -59.7 -5
      vertex 60.18000000000001 -74 -5
    endloop
  endfacet
  facet normal 0 0 -1
    outer loop
      vertex 50.81999999999999 -59.7 -5
      vertex 50.81999999999999 -58.7 -5
      vertex 60.18000000000001 -58.7 -5
    endloop
  endfacet
  facet normal 0 0 -1
    outer loop
      vertex 50.81999999999999 -59.7 -5
      vertex 60.18000000000001 -58.7 -5
      vertex 60.18000000000001 -59.7 -5
    endloop
  endfacet
  facet normal 0 0 -1
    outer loop
      vertex 50.81999999999999 -58.7 -5
      vertex 50.81999999999999 -44.9 -5
      vertex 60.18000000000001 -44.9 -5
    endloop
  endfacet
  facet normal 0 0 -1
    outer loop
      vertex 50.81999999999999 -58.7 -5
      vertex 60.18000000000001 -44.9 -5
      vertex 60.18000000000001 -58.7 -5
    endloop
  endfacet
  facet normal 0 0 -1
    outer loop
      vertex 50.81999999999999 -44.9 -5
      vertex 50.81999999999999 -43.9 -5
      vertex 60.18000000000001 -43.9 -5
    endloop
  endfacet
  facet normal 0 0 -1
    outer loop
      vertex 50.81999999999999 -44.9 -5
      vertex 60.18000000000001 -43.9 -5
      vertex 60.18000000000001 -44.9 -5
    endloop
  endfacet
  facet normal 0 0 -1
    outer loop
      vertex 50.81999999999999 -43.9 -5
      vertex 50.81999999999999 -30.1 -5
      vertex 60.18000000000001 -30.1 -5
    endloop
  endfacet
  facet normal 0 0 -1
    outer loop
      vertex 50.81999999999999 -43.9 -5
      vertex 60.18000000000001 -30.1 -5
      vertex 60.18000000000001 -43.9 -5
    endloop
  endfacet
  facet normal 0 0 -1
    outer loop
      vertex 50.81999999999999 -30.1 -5
      vertex 50.81999999999999 -29.1 -5
      vertex 60.18000000000001 -29.1 -5
    endloop
  endfacet
  facet normal 0 0 -1
    outer loop
      vertex 50.81999999999999 -30.1 -5
      vertex 60.18000000000001 -29.1 -5
      vertex 60.18000000000001 -30.1 -5
    endloop
  endfacet
  facet normal 0 0 -1
    outer loop
      vertex 50.81999999999999 -29.1 -5
      vertex 50.81999999999999 -15.299999999999997 -5
      vertex 60.18000000000001 -15.299999999999997 -5
    endloop
  endfacet
  facet normal 0 0 -1
    outer loop
      vertex 50.81999999999999 -29.1 -5
      vertex 60.18000000000001 -15.299999999999997 -5
      vertex 60.18000000000001 -29.1 -5
    endloop
  endfacet
  facet normal 0 0 -1
    outer loop
      vertex 50.81999999999999 -15.299999999999997 -5
      vertex 50.81999999999999 -14.299999999999997 -5
      vertex 60.18000000000001 -14.299999999999997 -5
    endloop
  endfacet
  facet normal 0 0 -1
    outer loop
      vertex 50.81999999999999 -15.299999999999997 -5
      vertex 60.18000000000001 -14.299999999999997 -5
      vertex 60.18000000000001 -15.299999999999997 -5
    endloop
  endfacet
  facet normal 0 0 -1
    outer loop
      vertex 50.81999999999999 -14.299999999999997 -5
      vertex 50.81999999999999 -0.5 -5
      vertex 60.18000000000001 -0.5 -5
    endloop
  endfacet
  facet normal 0 0 -1
    outer loop
      vertex 50.81999999999999 -14.299999999999997 -5
      vertex 60.18000000000001 -0.5 -5
      vertex 60.18000000000001 -14.299999999999997 -5
    endloop
  endfacet
  facet normal 0 0 -1
    outer loop
      vertex 50.81999999999999 -0.5 -5
      vertex 50.81999999999999 0.5 -5
      vertex 60.18000000000001 0.5 -5
    endloop
  endfacet
  facet normal 0 0 -1
    outer loop
      vertex 50.81999999999999 -0.5 -5
      vertex 60.18000000000001 0.5 -5
      vertex 60.18000000000001 -0.5 -5
    endloop
  endfacet
  facet normal 0 0 -1
    outer loop
      vertex 50.81999999999999 0.5 -5
      vertex 50.81999999999999 14.299999999999997 -5
      vertex 60.18000000000001 14.299999999999997 -5
    endloop
  endfacet
  facet normal 0 0 -1
    outer loop
      vertex 50.81999999999999 0.5 -5
      vertex 60.18000000000001 14.299999999999997 -5
      vertex 60.18000000000001 0.5 -5
    endloop
  endfacet
  facet normal 0 0 -1
    outer loop
      vertex 50.81999999999999 14.299999999999997 -5
      vertex 50.81999999999999 15.299999999999997 -5
      vertex 60.18000000000001 15.299999999999997 -5
    endloop
  endfacet
  facet normal 0 0 -1
    outer loop
      vertex 50.81999999999999 14.299999999999997 -5
      vertex 60.18000000000001 15.299999999999997 -5
      vertex 60.18000000000001 14.299999999999997 -5
    endloop
  endfacet
  facet normal 0 0 -1
    outer loop
      vertex 50.81999999999999 15.299999999999997 -5
      vertex 50.81999999999999 29.099999999999994 -5
      vertex 60.18000000000001 29.099999999999994 -5
    endloop
  endfacet
  facet normal 0 0 -1
    outer loop
      vertex 50.81999999999999 15.299999999999997 -5
      vertex 60.18000000000001 29.099999999999994 -5
      vertex 60.18000000000001 15.299999999999997 -5
    endloop
  endfacet
  facet normal 0 0 -1
    outer loop
      vertex 50.81999999999999 29.099999999999994 -5
      vertex 50.81999999999999 30.099999999999994 -5
      vertex 60.18000000000001 30.099999999999994 -5
    endloop
  endfacet
  facet normal 0 0 -1
    outer loop
      vertex 50.81999999999999 29.099999999999994 -5
      vertex 60.18000000000001 30.099999999999994 -5
      vertex 60.18000000000001 29.099999999999994 -5
    endloop
  endfacet
  facet normal 0 0 -1
    outer loop
      vertex 50.81999999999999 30.099999999999994 -5
      vertex 50.81999999999999 43.900000000000006 -5
      vertex 60.18000000000001 43.900000000000006 -5
    endloop
  endfacet
  facet normal 0 0 -1
    outer loop
      vertex 50.81999999999999 30.099999999999994 -5
      vertex 60.18000000000001 43.900000000000006 -5
      vertex 60.18000000000001 30.099999999999994 -5
    endloop
  endfacet
  facet normal 0 0 -1
    outer loop
      vertex 50.81999999999999 43.900000000000006 -5
      vertex 50.81999999999999 44.900000000000006 -5
      vertex 60.18000000000001 44.900000000000006 -5
    endloop
  endfacet
  facet normal 0 0 -1
    outer loop
      vertex 50.81999999999999 43.900000000000006 -5
      vertex 60.18000000000001 44.900000000000006 -5
      vertex 60.18000000000001 43.900000000000006 -5
    endloop
  endfacet
  facet normal 0 0 -1
    outer loop
      vertex 50.81999999999999 44.900000000000006 -5
      vertex 50.81999999999999 58.70000000000002 -5
      vertex 60.18000000000001 58.70000000000002 -5
    endloop
  endfacet
  facet normal 0 0 -1
    outer loop
      vertex 50.81999999999999 44.900000000000006 -5
      vertex 60.18000000000001 58.70000000000002 -5
      vertex 60.18000000000001 44.900000000000006 -5
    endloop
  endfacet
  facet normal 0 0 -1
    outer loop
      vertex 50.81999999999999 58.70000000000002 -5
      vertex 50.81999999999999 59.70000000000002 -5
      vertex 60.18000000000001 59.70000000000002 -5
    endloop
  endfacet
  facet normal 0 0 -1
    outer loop
      vertex 50.81999999999999 58.70000000000002 -5
      vertex 60.18000000000001 59.70000000000002 -5
      vertex 60.18000000000001 58.70000000000002 -5
    endloop
  endfacet
  facet normal 0 0 -1
    outer loop
      vertex 50.81999999999999 59.70000000000002 -5
      vertex 50.81999999999999 74 -5
      vertex 60.18000000000001 74 -5
    endloop
  endfacet
  facet normal 0 0 -1
    outer loop
      vertex 50.81999999999999 59.70000000000002 -5
      vertex 60.18000000000001 74 -5
      vertex 60.18000000000001 59.70000000000002 -5
    endloop
  endfacet
  facet normal 0 0 -1
    outer loop
      vertex 50.81999999999999 74 -5
      vertex 50.81999999999999 75 -5
      vertex 60.18000000000001 75 -5
    endloop
  endfacet
  facet normal 0 0 -1
    outer loop
      vertex 50.81999999999999 74 -5
      vertex 60.18000000000001 75 -5
      vertex 60.18000000000001 74 -5
    endloop
  endfacet
  facet normal 0 0 -1
    outer loop
      vertex 60.18000000000001 -75 -5
      vertex 60.18000000000001 -74 -5
      vertex 61.18000000000001 -74 -5
    endloop
  endfacet
  facet normal 0 0 -1
    outer loop
      vertex 60.18000000000001 -75 -5
      vertex 61.18000000000001 -74 -5
      vertex 61.18000000000001 -75 -5
    endloop
  endfacet
  facet normal 0 0 -1
    outer loop
      vertex 60.18000000000001 -74 -5
      vertex 60.18000000000001 -59.7 -5
      vertex 61.18000000000001 -59.7 -5
    endloop
  endfacet
  facet normal 0 0 -1
    outer loop
      vertex 60.18000000000001 -74 -5
      vertex 61.18000000000001 -59.7 -5
      vertex 61.18000000000001 -74 -5
    endloop
  endfacet
  facet normal 0 0 -1
    outer loop
      vertex 60.18000000000001 -59.7 -5
      vertex 60.18000000000001 -58.7 -5
      vertex 61.18000000000001 -58.7 -5
    endloop
  endfacet
  facet normal 0 0 -1
    outer loop
      vertex 60.18000000000001 -59.7 -5
      vertex 61.18000000000001 -58.7 -5
      vertex 61.18000000000001 -59.7 -5
    endloop
  endfacet
  facet normal 0 0 -1
    outer loop
      vertex 60.18000000000001 -58.7 -5
      vertex 60.18000000000001 -44.9 -5
      vertex 61.18000000000001 -44.9 -5
    endloop
  endfacet
  facet normal 0 0 -1
    outer loop
      vertex 60.18000000000001 -58.7 -5
      vertex 61.18000000000001 -44.9 -5
      vertex 61.18000000000001 -58.7 -5
    endloop
  endfacet
  facet normal 0 0 -1
    outer loop
      vertex 60.18000000000001 -44.9 -5
      vertex 60.18000000000001 -43.9 -5
      vertex 61.18000000000001 -43.9 -5
    endloop
  endfacet
  facet normal 0 0 -1
    outer loop
      vertex 60.18000000000001 -44.9 -5
      vertex 61.18000000000001 -43.9 -5
      vertex 61.18000000000001 -44.9 -5
    endloop
  endfacet
  facet normal 0 0 -1
    outer loop
      vertex 60.18000000000001 -43.9 -5
      vertex 60.18000000000001 -30.1 -5
      vertex 61.18000000000001 -30.1 -5
    endloop
  endfacet
  facet normal 0 0 -1
    outer loop
      vertex 60.18000000000001 -43.9 -5
      vertex 61.18000000000001 -30.1 -5
      vertex 61.18000000000001 -43.9 -5
    endloop
  endfacet
  facet normal 0 0 -1
    outer loop
      vertex 60.18000000000001 -30.1 -5
      vertex 60.18000000000001 -29.1 -5
      vertex 61.18000000000001 -29.1 -5
    endloop
  endfacet
  facet normal 0 0 -1
    outer loop
      vertex 60.18000000000001 -30.1 -5
      vertex 61.18000000000001 -29.1 -5
      vertex 61.18000000000001 -30.1 -5
    endloop
  endfacet
  facet normal 0 0 -1
    outer loop
      vertex 60.18000000000001 -29.1 -5
      vertex 60.18000000000001 -15.299999999999997 -5
      vertex 61.18000000000001 -15.299999999999997 -5
    endloop
  endfacet
  facet normal 0 0 -1
    outer loop
      vertex 60.18000000000001 -29.1 -5
      vertex 61.18000000000001 -15.299999999999997 -5
      vertex 61.18000000000001 -29.1 -5
    endloop
  endfacet
  facet normal 0 0 -1
    outer loop
      vertex 60.18000000000001 -15.299999999999997 -5
      vertex 60.18000000000001 -14.299999999999997 -5
      vertex 61.18000000000001 -14.299999999999997 -5
    endloop
  endfacet
  facet normal 0 0 -1
    outer loop
      vertex 60.18000000000001 -15.299999999999997 -5
      vertex 61.18000000000001 -14.299999999999997 -5
      vertex 61.18000000000001 -15.299999999999997 -5
    endloop
  endfacet
  facet normal 0 0 -1
    outer loop
      vertex 60.18000000000001 -14.299999999999997 -5
      vertex 60.18000000000001 -0.5 -5
      vertex 61.18000000000001 -0.5 -5
    endloop
  endfacet
  facet normal 0 0 -1
    outer loop
      vertex 60.18000000000001 -14.299999999999997 -5
      vertex 61.18000000000001 -0.5 -5
      vertex 61.18000000000001 -14.299999999999997 -5
    endloop
  endfacet
  facet normal 0 0 -1
    outer loop
      vertex 60.18000000000001 -0.5 -5
      vertex 60.18000000000001 0.5 -5
      vertex 61.18000000000001 0.5 -5
    endloop
  endfacet
  facet normal 0 0 -1
    outer loop
      vertex 60.18000000000001 -0.5 -5
      vertex 61.18000000000001 0.5 -5
      vertex 61.18000000000001 -0.5 -5
    endloop
  endfacet
  facet normal 0 0 -1
    outer loop
      vertex 60.18000000000001 0.5 -5
      vertex 60.18000000000001 14.299999999999997 -5
      vertex 61.18000000000001 14.299999999999997 -5
    endloop
  endfacet
  facet normal 0 0 -1
    outer loop
      vertex 60.18000000000001 0.5 -5
      vertex 61.18000000000001 14.299999999999997 -5
      vertex 61.18000000000001 0.5 -5
    endloop
  endfacet
  facet normal 0 0 -1
    outer loop
      vertex 60.18000000000001 14.299999999999997 -5
      vertex 60.18000000000001 15.299999999999997 -5
      vertex 61.18000000000001 15.299999999999997 -5
    endloop
  endfacet
  facet normal 0 0 -1
    outer loop
      vertex 60.18000000000001 14.299999999999997 -5
      vertex 61.18000000000001 15.299999999999997 -5
      vertex 61.18000000000001 14.299999999999997 -5
    endloop
  endfacet
  facet normal 0 0 -1
    outer loop
      vertex 60.18000000000001 15.299999999999997 -5
      vertex 60.18000000000001 29.099999999999994 -5
      vertex 61.18000000000001 29.099999999999994 -5
    endloop
  endfacet
  facet normal 0 0 -1
    outer loop
      vertex 60.18000000000001 15.299999999999997 -5
      vertex 61.18000000000001 29.099999999999994 -5
      vertex 61.18000000000001 15.299999999999997 -5
    endloop
  endfacet
  facet normal 0 0 -1
    outer loop
      vertex 60.18000000000001 29.099999999999994 -5
      vertex 60.18000000000001 30.099999999999994 -5
      vertex 61.18000000000001 30.099999999999994 -5
    endloop
  endfacet
  facet normal 0 0 -1
    outer loop
      vertex 60.18000000000001 29.099999999999994 -5
      vertex 61.18000000000001 30.099999999999994 -5
      vertex 61.18000000000001 29.099999999999994 -5
    endloop
  endfacet
  facet normal 0 0 -1
    outer loop
      vertex 60.18000000000001 30.099999999999994 -5
      vertex 60.18000000000001 43.900000000000006 -5
      vertex 61.18000000000001 43.900000000000006 -5
    endloop
  endfacet
  facet normal 0 0 -1
    outer loop
      vertex 60.18000000000001 30.099999999999994 -5
      vertex 61.18000000000001 43.900000000000006 -5
      vertex 61.18000000000001 30.099999999999994 -5
    endloop
  endfacet
  facet normal 0 0 -1
    outer loop
      vertex 60.18000000000001 43.900000000000006 -5
      vertex 60.18000000000001 44.900000000000006 -5
      vertex 61.18000000000001 44.900000000000006 -5
    endloop
  endfacet
  facet normal 0 0 -1
    outer loop
      vertex 60.18000000000001 43.900000000000006 -5
      vertex 61.18000000000001 44.900000000000006 -5
      vertex 61.18000000000001 43.900000000000006 -5
    endloop
  endfacet
  facet normal 0 0 -1
    outer loop
      vertex 60.18000000000001 44.900000000000006 -5
      vertex 60.18000000000001 58.70000000000002 -5
      vertex 61.18000000000001 58.70000000000002 -5
    endloop
  endfacet
  facet normal 0 0 -1
    outer loop
      vertex 60.18000000000001 44.900000000000006 -5
      vertex 61.18000000000001 58.70000000000002 -5
      vertex 61.18000000000001 44.900000000000006 -5
    endloop
  endfacet
  facet normal 0 0 -1
    outer loop
      vertex 60.18000000000001 58.70000000000002 -5
      vertex 60.18000000000001 59.70000000000002 -5
      vertex 61.18000000000001 59.70000000000002 -5
    endloop
  endfacet
  facet normal 0 0 -1
    outer loop
      vertex 60.18000000000001 58.70000000000002 -5
      vertex 61.18000000000001 59.70000000000002 -5
      vertex 61.18000000000001 58.70000000000002 -5
    endloop
  endfacet
  facet normal 0 0 -1
    outer loop
      vertex 60.18000000000001 59.70000000000002 -5
      vertex 60.18000000000001 74 -5
      vertex 61.18000000000001 74 -5
    endloop
  endfacet
  facet normal 0 0 -1
    outer loop
      vertex 60.18000000000001 59.70000000000002 -5
      vertex 61.18000000000001 74 -5
      vertex 61.18000000000001 59.70000000000002 -5
    endloop
  endfacet
  facet normal 0 0 -1
    outer loop
      vertex 60.18000000000001 74 -5
      vertex 60.18000000000001 75 -5
      vertex 61.18000000000001 75 -5
    endloop
  endfacet
  facet normal 0 0 -1
    outer loop
      vertex 60.18000000000001 74 -5
      vertex 61.18000000000001 75 -5
      vertex 61.18000000000001 74 -5
    endloop
  endfacet
  facet normal 0 0 -1
    outer loop
      vertex 61.18000000000001 -75 -5
      vertex 61.18000000000001 -74 -5
      vertex 74 -74 -5
    endloop
  endfacet
  facet normal 0 0 -1
    outer loop
      vertex 61.18000000000001 -75 -5
      vertex 74 -74 -5
      vertex 74 -75 -5
    endloop
  endfacet
  facet normal 0 0 -1
    outer loop
      vertex 61.18000000000001 -74 -5
      vertex 61.18000000000001 -59.7 -5
      vertex 74 -59.7 -5
    endloop
  endfacet
  facet normal 0 0 -1
    outer loop
      vertex 61.18000000000001 -74 -5
      vertex 74 -59.7 -5
      vertex 74 -74 -5
    endloop
  endfacet
  facet normal 0 0 -1
    outer loop
      vertex 61.18000000000001 -59.7 -5
      vertex 61.18000000000001 -58.7 -5
      vertex 74 -58.7 -5
    endloop
  endfacet
  facet normal 0 0 -1
    outer loop
      vertex 61.18000000000001 -59.7 -5
      vertex 74 -58.7 -5
      vertex 74 -59.7 -5
    endloop
  endfacet
  facet normal 0 0 -1
    outer loop
      vertex 61.18000000000001 -58.7 -5
      vertex 61.18000000000001 -44.9 -5
      vertex 74 -44.9 -5
    endloop
  endfacet
  facet normal 0 0 -1
    outer loop
      vertex 61.18000000000001 -58.7 -5
      vertex 74 -44.9 -5
      vertex 74 -58.7 -5
    endloop
  endfacet
  facet normal 0 0 -1
    outer loop
      vertex 61.18000000000001 -44.9 -5
      vertex 61.18000000000001 -43.9 -5
      vertex 74 -43.9 -5
    endloop
  endfacet
  facet normal 0 0 -1
    outer loop
      vertex 61.18000000000001 -44.9 -5
      vertex 74 -43.9 -5
      vertex 74 -44.9 -5
    endloop
  endfacet
  facet normal 0 0 -1
    outer loop
      vertex 61.18000000000001 -43.9 -5
      vertex 61.18000000000001 -30.1 -5
      vertex 74 -30.1 -5
    endloop
  endfacet
  facet normal 0 0 -1
    outer loop
      vertex 61.18000000000001 -43.9 -5
      vertex 74 -30.1 -5
      vertex 74 -43.9 -5
    endloop
  endfacet
  facet normal 0 0 -1
    outer loop
      vertex 61.18000000000001 -30.1 -5
      vertex 61.18000000000001 -29.1 -5
      vertex 74 -29.1 -5
    endloop
  endfacet
  facet normal 0 0 -1
    outer loop
      vertex 61.18000000000001 -30.1 -5
      vertex 74 -29.1 -5
      vertex 74 -30.1 -5
    endloop
  endfacet
  facet normal 0 0 -1
    outer loop
      vertex 61.18000000000001 -29.1 -5
      vertex 61.18000000000001 -15.299999999999997 -5
      vertex 74 -15.299999999999997 -5
    endloop
  endfacet
  facet normal 0 0 -1
    outer loop
      vertex 61.18000000000001 -29.1 -5
      vertex 74 -15.299999999999997 -5
      vertex 74 -29.1 -5
    endloop
  endfacet
  facet normal 0 0 -1
    outer loop
      vertex 61.18000000000001 -15.299999999999997 -5
      vertex 61.18000000000001 -14.299999999999997 -5
      vertex 74 -14.299999999999997 -5
    endloop
  endfacet
  facet normal 0 0 -1
    outer loop
      vertex 61.18000000000001 -15.299999999999997 -5
      vertex 74 -14.299999999999997 -5
      vertex 74 -15.299999999999997 -5
    endloop
  endfacet
  facet normal 0 0 -1
    outer loop
      vertex 61.18000000000001 -14.299999999999997 -5
      vertex 61.18000000000001 -0.5 -5
      vertex 74 -0.5 -5
    endloop
  endfacet
  facet normal 0 0 -1
    outer loop
      vertex 61.18000000000001 -14.299999999999997 -5
      vertex 74 -0.5 -5
      vertex 74 -14.299999999999997 -5
    endloop
  endfacet
  facet normal 0 0 -1
    outer loop
      vertex 61.18000000000001 -0.5 -5
      vertex 61.18000000000001 0.5 -5
      vertex 74 0.5 -5
    endloop
  endfacet
  facet normal 0 0 -1
    outer loop
      vertex 61.18000000000001 -0.5 -5
      vertex 74 0.5 -5
      vertex 74 -0.5 -5
    endloop
  endfacet
  facet normal 0 0 -1
    outer loop
      vertex 61.18000000000001 0.5 -5
      vertex 61.18000000000001 14.299999999999997 -5
      vertex 74 14.299999999999997 -5
    endloop
  endfacet
  facet normal 0 0 -1
    outer loop
      vertex 61.18000000000001 0.5 -5
      vertex 74 14.299999999999997 -5
      vertex 74 0.5 -5
    endloop
  endfacet
  facet normal 0 0 -1
    outer loop
      vertex 61.18000000000001 14.299999999999997 -5
      vertex 61.18000000000001 15.299999999999997 -5
      vertex 74 15.299999999999997 -5
    endloop
  endfacet
  facet normal 0 0 -1
    outer loop
      vertex 61.18000000000001 14.299999999999997 -5
      vertex 74 15.299999999999997 -5
      vertex 74 14.299999999999997 -5
    endloop
  endfacet
  facet normal 0 0 -1
    outer loop
      vertex 61.18000000000001 15.299999999999997 -5
      vertex 61.18000000000001 29.099999999999994 -5
      vertex 74 29.099999999999994 -5
    endloop
  endfacet
  facet normal 0 0 -1
    outer loop
      vertex 61.18000000000001 15.299999999999997 -5
      vertex 74 29.099999999999994 -5
      vertex 74 15.299999999999997 -5
    endloop
  endfacet
  facet normal 0 0 -1
    outer loop
      vertex 61.18000000000001 29.099999999999994 -5
      vertex 61.18000000000001 30.099999999999994 -5
      vertex 74 30.099999999999994 -5
    endloop
  endfacet
  facet normal 0 0 -1
    outer loop
      vertex 61.18000000000001 29.099999999999994 -5
      vertex 74 30.099999999999994 -5
      vertex 74 29.099999999999994 -5
    endloop
  endfacet
  facet normal 0 0 -1
    outer loop
      vertex 61.18000000000001 30.099999999999994 -5
      vertex 61.18000000000001 43.900000000000006 -5
      vertex 74 43.900000000000006 -5
    endloop
  endfacet
  facet normal 0 0 -1
    outer loop
      vertex 61.18000000000001 30.099999999999994 -5
      vertex 74 43.900000000000006 -5
      vertex 74 30.099999999999994 -5
    endloop
  endfacet
  facet normal 0 0 -1
    outer loop
      vertex 61.18000000000001 43.900000000000006 -5
      vertex 61.18000000000001 44.900000000000006 -5
      vertex 74 44.900000000000006 -5
    endloop
  endfacet
  facet normal 0 0 -1
    outer loop
      vertex 61.18000000000001 43.900000000000006 -5
      vertex 74 44.900000000000006 -5
      vertex 74 43.900000000000006 -5
    endloop
  endfacet
  facet normal 0 0 -1
    outer loop
      vertex 61.18000000000001 44.900000000000006 -5
      vertex 61.18000000000001 58.70000000000002 -5
      vertex 74 58.70000000000002 -5
    endloop
  endfacet
  facet normal 0 0 -1
    outer loop
      vertex 61.18000000000001 44.900000000000006 -5
      vertex 74 58.70000000000002 -5
      vertex 74 44.900000000000006 -5
    endloop
  endfacet
  facet normal 0 0 -1
    outer loop
      vertex 61.18000000000001 58.70000000000002 -5
      vertex 61.18000000000001 59.70000000000002 -5
      vertex 74 59.70000000000002 -5
    endloop
  endfacet
  facet normal 0 0 -1
    outer loop
      vertex 61.18000000000001 58.70000000000002 -5
      vertex 74 59.70000000000002 -5
      vertex 74 58.70000000000002 -5
    endloop
  endfacet
  facet normal 0 0 -1
    outer loop
      vertex 61.18000000000001 59.70000000000002 -5
      vertex 61.18000000000001 74 -5
      vertex 74 74 -5
    endloop
  endfacet
  facet normal 0 0 -1
    outer loop
      vertex 61.18000000000001 59.70000000000002 -5
      vertex 74 74 -5
      vertex 74 59.70000000000002 -5
    endloop
  endfacet
  facet normal 0 0 -1
    outer loop
      vertex 61.18000000000001 74 -5
      vertex 61.18000000000001 75 -5
      vertex 74 75 -5
    endloop
  endfacet
  facet normal 0 0 -1
    outer loop
      vertex 61.18000000000001 74 -5
      vertex 74 75 -5
      vertex 74 74 -5
    endloop
  endfacet
  facet normal 0 0 -1
    outer loop
      vertex 74 -75 -5
      vertex 74 -74 -5
      vertex 75 -74 -5
    endloop
  endfacet
  facet normal 0 0 -1
    outer loop
      vertex 74 -75 -5
      vertex 75 -74 -5
      vertex 75 -75 -5
    endloop
  endfacet
  facet normal 0 0 -1
    outer loop
      vertex 74 -74 -5
      vertex 74 -59.7 -5
      vertex 75 -59.7 -5
    endloop
  endfacet
  facet normal 0 0 -1
    outer loop
      vertex 74 -74 -5
      vertex 75 -59.7 -5
      vertex 75 -74 -5
    endloop
  endfacet
  facet normal 0 0 -1
    outer loop
      vertex 74 -59.7 -5
      vertex 74 -58.7 -5
      vertex 75 -58.7 -5
    endloop
  endfacet
  facet normal 0 0 -1
    outer loop
      vertex 74 -59.7 -5
      vertex 75 -58.7 -5
      vertex 75 -59.7 -5
    endloop
  endfacet
  facet normal 0 0 -1
    outer loop
      vertex 74 -58.7 -5
      vertex 74 -44.9 -5
      vertex 75 -44.9 -5
    endloop
  endfacet
  facet normal 0 0 -1
    outer loop
      vertex 74 -58.7 -5
      vertex 75 -44.9 -5
      vertex 75 -58.7 -5
    endloop
  endfacet
  facet normal 0 0 -1
    outer loop
      vertex 74 -44.9 -5
      vertex 74 -43.9 -5
      vertex 75 -43.9 -5
    endloop
  endfacet
  facet normal 0 0 -1
    outer loop
      vertex 74 -44.9 -5
      vertex 75 -43.9 -5
      vertex 75 -44.9 -5
    endloop
  endfacet
  facet normal 0 0 -1
    outer loop
      vertex 74 -43.9 -5
      vertex 74 -30.1 -5
      vertex 75 -30.1 -5
    endloop
  endfacet
  facet normal 0 0 -1
    outer loop
      vertex 74 -43.9 -5
      vertex 75 -30.1 -5
      vertex 75 -43.9 -5
    endloop
  endfacet
  facet normal 0 0 -1
    outer loop
      vertex 74 -30.1 -5
      vertex 74 -29.1 -5
      vertex 75 -29.1 -5
    endloop
  endfacet
  facet normal 0 0 -1
    outer loop
      vertex 74 -30.1 -5
      vertex 75 -29.1 -5
      vertex 75 -30.1 -5
    endloop
  endfacet
  facet normal 0 0 -1
    outer loop
      vertex 74 -29.1 -5
      vertex 74 -15.299999999999997 -5
      vertex 75 -15.299999999999997 -5
    endloop
  endfacet
  facet normal 0 0 -1
    outer loop
      vertex 74 -29.1 -5
      vertex 75 -15.299999999999997 -5
      vertex 75 -29.1 -5
    endloop
  endfacet
  facet normal 0 0 -1
    outer loop
      vertex 74 -15.299999999999997 -5
      vertex 74 -14.299999999999997 -5
      vertex 75 -14.299999999999997 -5
    endloop
  endfacet
  facet normal 0 0 -1
    outer loop
      vertex 74 -15.299999999999997 -5
      vertex 75 -14.299999999999997 -5
      vertex 75 -15.299999999999997 -5
    endloop
  endfacet
  facet normal 0 0 -1
    outer loop
      vertex 74 -14.299999999999997 -5
      vertex 74 -0.5 -5
      vertex 75 -0.5 -5
    endloop
  endfacet
  facet normal 0 0 -1
    outer loop
      vertex 74 -14.299999999999997 -5
      vertex 75 -0.5 -5
      vertex 75 -14.299999999999997 -5
    endloop
  endfacet
  facet normal 0 0 -1
    outer loop
      vertex 74 -0.5 -5
      vertex 74 0.5 -5
      vertex 75 0.5 -5
    endloop
  endfacet
  facet normal 0 0 -1
    outer loop
      vertex 74 -0.5 -5
      vertex 75 0.5 -5
      vertex 75 -0.5 -5
    endloop
  endfacet
  facet normal 0 0 -1
    outer loop
      vertex 74 0.5 -5
      vertex 74 14.299999999999997 -5
      vertex 75 14.299999999999997 -5
    endloop
  endfacet
  facet normal 0 0 -1
    outer loop
      vertex 74 0.5 -5
      vertex 75 14.299999999999997 -5
      vertex 75 0.5 -5
    endloop
  endfacet
  facet normal 0 0 -1
    outer loop
      vertex 74 14.299999999999997 -5
      vertex 74 15.299999999999997 -5
      vertex 75 15.299999999999997 -5
    endloop
  endfacet
  facet normal 0 0 -1
    outer loop
      vertex 74 14.299999999999997 -5
      vertex 75 15.299999999999997 -5
      vertex 75 14.299999999999997 -5
    endloop
  endfacet
  facet normal 0 0 -1
    outer loop
      vertex 74 15.299999999999997 -5
      vertex 74 29.099999999999994 -5
      vertex 75 29.099999999999994 -5
    endloop
  endfacet
  facet normal 0 0 -1
    outer loop
      vertex 74 15.299999999999997 -5
      vertex 75 29.099999999999994 -5
      vertex 75 15.299999999999997 -5
    endloop
  endfacet
  facet normal 0 0 -1
    outer loop
      vertex 74 29.099999999999994 -5
      vertex 74 30.099999999999994 -5
      vertex 75 30.099999999999994 -5
    endloop
  endfacet
  facet normal 0 0 -1
    outer loop
      vertex 74 29.099999999999994 -5
      vertex 75 30.099999999999994 -5
      vertex 75 29.099999999999994 -5
    endloop
  endfacet
  facet normal 0 0 -1
    outer loop
      vertex 74 30.099999999999994 -5
      vertex 74 43.900000000000006 -5
      vertex 75 43.900000000000006 -5
    endloop
  endfacet
  facet normal 0 0 -1
    outer loop
      vertex 74 30.099999999999994 -5
      vertex 75 43.900000000000006 -5
      vertex 75 30.099999999999994 -5
    endloop
  endfacet
  facet normal 0 0 -1
    outer loop
      vertex 74 43.900000000000006 -5
      vertex 74 44.900000000000006 -5
      vertex 75 44.900000000000006 -5
    endloop
  endfacet
  facet normal 0 0 -1
    outer loop
      vertex 74 43.900000000000006 -5
      vertex 75 44.900000000000006 -5
      vertex 75 43.900000000000006 -5
    endloop
  endfacet
  facet normal 0 0 -1
    outer loop
      vertex 74 44.900000000000006 -5
      vertex 74 58.70000000000002 -5
      vertex 75 58.70000000000002 -5
    endloop
  endfacet
  facet normal 0 0 -1
    outer loop
      vertex 74 44.900000000000006 -5
      vertex 75 58.70000000000002 -5
      vertex 75 44.900000000000006 -5
    endloop
  endfacet
  facet normal 0 0 -1
    outer loop
      vertex 74 58.70000000000002 -5
      vertex 74 59.70000000000002 -5
      vertex 75 59.70000000000002 -5
    endloop
  endfacet
  facet normal 0 0 -1
    outer loop
      vertex 74 58.70000000000002 -5
      vertex 75 59.70000000000002 -5
      vertex 75 58.70000000000002 -5
    endloop
  endfacet
  facet normal 0 0 -1
    outer loop
      vertex 74 59.70000000000002 -5
      vertex 74 74 -5
      vertex 75 74 -5
    endloop
  endfacet
  facet normal 0 0 -1
    outer loop
      vertex 74 59.70000000000002 -5
      vertex 75 74 -5
      vertex 75 59.70000000000002 -5
    endloop
  endfacet
  facet normal 0 0 -1
    outer loop
      vertex 74 74 -5
      vertex 74 75 -5
      vertex 75 75 -5
    endloop
  endfacet
  facet normal 0 0 -1
    outer loop
      vertex 74 74 -5
      vertex 75 75 -5
      vertex 75 74 -5
    endloop
  endfacet
  facet normal 0 -1 0
    outer loop
      vertex -75 -75 -5
      vertex -74 -75 -5
      vertex -74 -75 5
    endloop
  endfacet
  facet normal 0 -1 0
    outer loop
      vertex -75 -75 -5
      vertex -74 -75 5
      vertex -75 -75 5
    endloop
  endfacet
  facet normal 0 -1 0
    outer loop
      vertex -74 -75 -5
      vertex -61.18 -75 -5
      vertex -61.18 -75 5
    endloop
  endfacet
  facet normal 0 -1 0
    outer loop
      vertex -74 -75 -5
      vertex -61.18 -75 5
      vertex -74 -75 5
    endloop
  endfacet
  facet normal 0 -1 0
    outer loop
      vertex -61.18 -75 -5
      vertex -60.18 -75 -5
      vertex -60.18 -75 5
    endloop
  endfacet
  facet normal 0 -1 0
    outer loop
      vertex -61.18 -75 -5
      vertex -60.18 -75 5
      vertex -61.18 -75 5
    endloop
  endfacet
  facet normal 0 -1 0
    outer loop
      vertex -60.18 -75 -5
      vertex -44.9 -75 -5
      vertex -44.9 -75 5
    endloop
  endfacet
  facet normal 0 -1 0
    outer loop
      vertex -60.18 -75 -5
      vertex -44.9 -75 5
      vertex -60.18 -75 5
    endloop
  endfacet
  facet normal 0 -1 0
    outer loop
      vertex -44.9 -75 -5
      vertex -43.9 -75 -5
      vertex -43.9 -75 5
    endloop
  endfacet
  facet normal 0 -1 0
    outer loop
      vertex -44.9 -75 -5
      vertex -43.9 -75 5
      vertex -44.9 -75 5
    endloop
  endfacet
  facet normal 0 -1 0
    outer loop
      vertex -43.9 -75 -5
      vertex -30.1 -75 -5
      vertex -30.1 -75 5
    endloop
  endfacet
  facet normal 0 -1 0
    outer loop
      vertex -43.9 -75 -5
      vertex -30.1 -75 5
      vertex -43.9 -75 5
    endloop
  endfacet
  facet normal 0 -1 0
    outer loop
      vertex -30.1 -75 -5
      vertex -29.1 -75 -5
      vertex -29.1 -75 5
    endloop
  endfacet
  facet normal 0 -1 0
    outer loop
      vertex -30.1 -75 -5
      vertex -29.1 -75 5
      vertex -30.1 -75 5
    endloop
  endfacet
  facet normal 0 -1 0
    outer loop
      vertex -29.1 -75 -5
      vertex -21.22 -75 -5
      vertex -21.22 -75 5
    endloop
  endfacet
  facet normal 0 -1 0
    outer loop
      vertex -29.1 -75 -5
      vertex -21.22 -75 5
      vertex -29.1 -75 5
    endloop
  endfacet
  facet normal 0 -1 0
    outer loop
      vertex -21.22 -75 -5
      vertex -20.22 -75 -5
      vertex -20.22 -75 5
    endloop
  endfacet
  facet normal 0 -1 0
    outer loop
      vertex -21.22 -75 -5
      vertex -20.22 -75 5
      vertex -21.22 -75 5
    endloop
  endfacet
  facet normal 0 -1 0
    outer loop
      vertex -20.22 -75 -5
      vertex -10.86 -75 -5
      vertex -10.86 -75 5
    endloop
  endfacet
  facet normal 0 -1 0
    outer loop
      vertex -20.22 -75 -5
      vertex -10.86 -75 5
      vertex -20.22 -75 5
    endloop
  endfacet
  facet normal 0 -1 0
    outer loop
      vertex -10.86 -75 -5
      vertex -9.86 -75 -5
      vertex -9.86 -75 5
    endloop
  endfacet
  facet normal 0 -1 0
    outer loop
      vertex -10.86 -75 -5
      vertex -9.86 -75 5
      vertex -10.86 -75 5
    endloop
  endfacet
  facet normal 0 -1 0
    outer loop
      vertex -9.86 -75 -5
      vertex 9.86 -75 -5
      vertex 9.86 -75 5
    endloop
  endfacet
  facet normal 0 -1 0
    outer loop
      vertex -9.86 -75 -5
      vertex 9.86 -75 5
      vertex -9.86 -75 5
    endloop
  endfacet
  facet normal 0 -1 0
    outer loop
      vertex 9.86 -75 -5
      vertex 10.86 -75 -5
      vertex 10.86 -75 5
    endloop
  endfacet
  facet normal 0 -1 0
    outer loop
      vertex 9.86 -75 -5
      vertex 10.86 -75 5
      vertex 9.86 -75 5
    endloop
  endfacet
  facet normal 0 -1 0
    outer loop
      vertex 10.86 -75 -5
      vertex 20.22 -75 -5
      vertex 20.22 -75 5
    endloop
  endfacet
  facet normal 0 -1 0
    outer loop
      vertex 10.86 -75 -5
      vertex 20.22 -75 5
      vertex 10.86 -75 5
    endloop
  endfacet
  facet normal 0 -1 0
    outer loop
      vertex 20.22 -75 -5
      vertex 21.22 -75 -5
      vertex 21.22 -75 5
    endloop
  endfacet
  facet normal 0 -1 0
    outer loop
      vertex 20.22 -75 -5
      vertex 21.22 -75 5
      vertex 20.22 -75 5
    endloop
  endfacet
  facet normal 0 -1 0
    outer loop
      vertex 21.22 -75 -5
      vertex 30.58 -75 -5
      vertex 30.58 -75 5
    endloop
  endfacet
  facet normal 0 -1 0
    outer loop
      vertex 21.22 -75 -5
      vertex 30.58 -75 5
      vertex 21.22 -75 5
    endloop
  endfacet
  facet normal 0 -1 0
    outer loop
      vertex 30.58 -75 -5
      vertex 31.58 -75 -5
      vertex 31.58 -75 5
    endloop
  endfacet
  facet normal 0 -1 0
    outer loop
      vertex 30.58 -75 -5
      vertex 31.58 -75 5
      vertex 30.58 -75 5
    endloop
  endfacet
  facet normal 0 -1 0
    outer loop
      vertex 31.58 -75 -5
      vertex 49.81999999999999 -75 -5
      vertex 49.81999999999999 -75 5
    endloop
  endfacet
  facet normal 0 -1 0
    outer loop
      vertex 31.58 -75 -5
      vertex 49.81999999999999 -75 5
      vertex 31.58 -75 5
    endloop
  endfacet
  facet normal 0 -1 0
    outer loop
      vertex 49.81999999999999 -75 -5
      vertex 50.81999999999999 -75 -5
      vertex 50.81999999999999 -75 5
    endloop
  endfacet
  facet normal 0 -1 0
    outer loop
      vertex 49.81999999999999 -75 -5
      vertex 50.81999999999999 -75 5
      vertex 49.81999999999999 -75 5
    endloop
  endfacet
  facet normal 0 -1 0
    outer loop
      vertex 50.81999999999999 -75 -5
      vertex 60.18000000000001 -75 -5
      vertex 60.18000000000001 -75 5
    endloop
  endfacet
  facet normal 0 -1 0
    outer loop
      vertex 50.81999999999999 -75 -5
      vertex 60.18000000000001 -75 5
      vertex 50.81999999999999 -75 5
    endloop
  endfacet
  facet normal 0 -1 0
    outer loop
      vertex 60.18000000000001 -75 -5
      vertex 61.18000000000001 -75 -5
      vertex 61.18000000000001 -75 5
    endloop
  endfacet
  facet normal 0 -1 0
    outer loop
      vertex 60.18000000000001 -75 -5
      vertex 61.18000000000001 -75 5
      vertex 60.18000000000001 -75 5
    endloop
  endfacet
  facet normal 0 -1 0
    outer loop
      vertex 61.18000000000001 -75 -5
      vertex 74 -75 -5
      vertex 74 -75 5
    endloop
  endfacet
  facet normal 0 -1 0
    outer loop
      vertex 61.18000000000001 -75 -5
      vertex 74 -75 5
      vertex 61.18000000000001 -75 5
    endloop
  endfacet
  facet normal 0 -1 0
    outer loop
      vertex 74 -75 -5
      vertex 75 -75 -5
      vertex 75 -75 5
    endloop
  endfacet
  facet normal 0 -1 0
    outer loop
      vertex 74 -75 -5
      vertex 75 -75 5
      vertex 74 -75 5
    endloop
  endfacet
  facet normal 0 1 0
    outer loop
      vertex -74 75 -5
      vertex -75 75 -5
      vertex -75 75 5
    endloop
  endfacet
  facet normal 0 1 0
    outer loop
      vertex -74 75 -5
      vertex -75 75 5
      vertex -74 75 5
    endloop
  endfacet
  facet normal 0 1 0
    outer loop
      vertex -61.18 75 -5
      vertex -74 75 -5
      vertex -74 75 5
    endloop
  endfacet
  facet normal 0 1 0
    outer loop
      vertex -61.18 75 -5
      vertex -74 75 5
      vertex -61.18 75 5
    endloop
  endfacet
  facet normal 0 1 0
    outer loop
      vertex -60.18 75 -5
      vertex -61.18 75 -5
      vertex -61.18 75 5
    endloop
  endfacet
  facet normal 0 1 0
    outer loop
      vertex -60.18 75 -5
      vertex -61.18 75 5
      vertex -60.18 75 5
    endloop
  endfacet
  facet normal 0 1 0
    outer loop
      vertex -44.9 75 -5
      vertex -60.18 75 -5
      vertex -60.18 75 5
    endloop
  endfacet
  facet normal 0 1 0
    outer loop
      vertex -44.9 75 -5
      vertex -60.18 75 5
      vertex -44.9 75 5
    endloop
  endfacet
  facet normal 0 1 0
    outer loop
      vertex -43.9 75 -5
      vertex -44.9 75 -5
      vertex -44.9 75 5
    endloop
  endfacet
  facet normal 0 1 0
    outer loop
      vertex -43.9 75 -5
      vertex -44.9 75 5
      vertex -43.9 75 5
    endloop
  endfacet
  facet normal 0 1 0
    outer loop
      vertex -30.1 75 -5
      vertex -43.9 75 -5
      vertex -43.9 75 5
    endloop
  endfacet
  facet normal 0 1 0
    outer loop
      vertex -30.1 75 -5
      vertex -43.9 75 5
      vertex -30.1 75 5
    endloop
  endfacet
  facet normal 0 1 0
    outer loop
      vertex -29.1 75 -5
      vertex -30.1 75 -5
      vertex -30.1 75 5
    endloop
  endfacet
  facet normal 0 1 0
    outer loop
      vertex -29.1 75 -5
      vertex -30.1 75 5
      vertex -29.1 75 5
    endloop
  endfacet
  facet normal 0 1 0
    outer loop
      vertex -21.22 75 -5
      vertex -29.1 75 -5
      vertex -29.1 75 5
    endloop
  endfacet
  facet normal 0 1 0
    outer loop
      vertex -21.22 75 -5
      vertex -29.1 75 5
      vertex -21.22 75 5
    endloop
  endfacet
  facet normal 0 1 0
    outer loop
      vertex -20.22 75 -5
      vertex -21.22 75 -5
      vertex -21.22 75 5
    endloop
  endfacet
  facet normal 0 1 0
    outer loop
      vertex -20.22 75 -5
      vertex -21.22 75 5
      vertex -20.22 75 5
    endloop
  endfacet
  facet normal 0 1 0
    outer loop
      vertex -10.86 75 -5
      vertex -20.22 75 -5
      vertex -20.22 75 5
    endloop
  endfacet
  facet normal 0 1 0
    outer loop
      vertex -10.86 75 -5
      vertex -20.22 75 5
      vertex -10.86 75 5
    endloop
  endfacet
  facet normal 0 1 0
    outer loop
      vertex -9.86 75 -5
      vertex -10.86 75 -5
      vertex -10.86 75 5
    endloop
  endfacet
  facet normal 0 1 0
    outer loop
      vertex -9.86 75 -5
      vertex -10.86 75 5
      vertex -9.86 75 5
    endloop
  endfacet
  facet normal 0 1 0
    outer loop
      vertex 9.86 75 -5
      vertex -9.86 75 -5
      vertex -9.86 75 5
    endloop
  endfacet
  facet normal 0 1 0
    outer loop
      vertex 9.86 75 -5
      vertex -9.86 75 5
      vertex 9.86 75 5
    endloop
  endfacet
  facet normal 0 1 0
    outer loop
      vertex 10.86 75 -5
      vertex 9.86 75 -5
      vertex 9.86 75 5
    endloop
  endfacet
  facet normal 0 1 0
    outer loop
      vertex 10.86 75 -5
      vertex 9.86 75 5
      vertex 10.86 75 5
    endloop
  endfacet
  facet normal 0 1 0
    outer loop
      vertex 20.22 75 -5
      vertex 10.86 75 -5
      vertex 10.86 75 5
    endloop
  endfacet
  facet normal 0 1 0
    outer loop
      vertex 20.22 75 -5
      vertex 10.86 75 5
      vertex 20.22 75 5
    endloop
  endfacet
  facet normal 0 1 0
    outer loop
      vertex 21.22 75 -5
      vertex 20.22 75 -5
      vertex 20.22 75 5
    endloop
  endfacet
  facet normal 0 1 0
    outer loop
      vertex 21.22 75 -5
      vertex 20.22 75 5
      vertex 21.22 75 5
    endloop
  endfacet
  facet normal 0 1 0
    outer loop
      vertex 30.58 75 -5
      vertex 21.22 75 -5
      vertex 21.22 75 5
    endloop
  endfacet
  facet normal 0 1 0
    outer loop
      vertex 30.58 75 -5
      vertex 21.22 75 5
      vertex 30.58 75 5
    endloop
  endfacet
  facet normal 0 1 0
    outer loop
      vertex 31.58 75 -5
      vertex 30.58 75 -5
      vertex 30.58 75 5
    endloop
  endfacet
  facet normal 0 1 0
    outer loop
      vertex 31.58 75 -5
      vertex 30.58 75 5
      vertex 31.58 75 5
    endloop
  endfacet
  facet normal 0 1 0
    outer loop
      vertex 49.81999999999999 75 -5
      vertex 31.58 75 -5
      vertex 31.58 75 5
    endloop
  endfacet
  facet normal 0 1 0
    outer loop
      vertex 49.81999999999999 75 -5
      vertex 31.58 75 5
      vertex 49.81999999999999 75 5
    endloop
  endfacet
  facet normal 0 1 0
    outer loop
      vertex 50.81999999999999 75 -5
      vertex 49.81999999999999 75 -5
      vertex 49.81999999999999 75 5
    endloop
  endfacet
  facet normal 0 1 0
    outer loop
      vertex 50.81999999999999 75 -5
      vertex 49.81999999999999 75 5
      vertex 50.81999999999999 75 5
    endloop
  endfacet
  facet normal 0 1 0
    outer loop
      vertex 60.18000000000001 75 -5
      vertex 50.81999999999999 75 -5
      vertex 50.81999999999999 75 5
    endloop
  endfacet
  facet normal 0 1 0
    outer loop
      vertex 60.18000000000001 75 -5
      vertex 50.81999999999999 75 5
      vertex 60.18000000000001 75 5
    endloop
  endfacet
  facet normal 0 1 0
    outer loop
      vertex 61.18000000000001 75 -5
      vertex 60.18000000000001 75 -5
      vertex 60.18000000000001 75 5
    endloop
  endfacet
  facet normal 0 1 0
    outer loop
      vertex 61.18000000000001 75 -5
      vertex 60.18000000000001 75 5
      vertex 61.18000000000001 75 5
    endloop
  endfacet
  facet normal 0 1 0
    outer loop
      vertex 74 75 -5
      vertex 61.18000000000001 75 -5
      vertex 61.18000000000001 75 5
    endloop
  endfacet
  facet normal 0 1 0
    outer loop
      vertex 74 75 -5
      vertex 61.18000000000001 75 5
      vertex 74 75 5
    endloop
  endfacet
  facet normal 0 1 0
    outer loop
      vertex 75 75 -5
      vertex 74 75 -5
      vertex 74 75 5
    endloop
  endfacet
  facet normal 0 1 0
    outer loop
      vertex 75 75 -5
      vertex 74 75 5
      vertex 75 75 5
    endloop
  endfacet
  facet normal 1 0 0
    outer loop
      vertex 75 -75 -5
      vertex 75 -74 -5
      vertex 75 -74 5
    endloop
  endfacet
  facet normal 1 0 0
    outer loop
      vertex 75 -75 -5
      vertex 75 -74 5
      vertex 75 -75 5
    endloop
  endfacet
  facet normal 1 0 0
    outer loop
      vertex 75 -74 -5
      vertex 75 -59.7 -5
      vertex 75 -59.7 5
    endloop
  endfacet
  facet normal 1 0 0
    outer loop
      vertex 75 -74 -5
      vertex 75 -59.7 5
      vertex 75 -74 5
    endloop
  endfacet
  facet normal 1 0 0
    outer loop
      vertex 75 -59.7 -5
      vertex 75 -58.7 -5
      vertex 75 -58.7 5
    endloop
  endfacet
  facet normal 1 0 0
    outer loop
      vertex 75 -59.7 -5
      vertex 75 -58.7 5
      vertex 75 -59.7 5
    endloop
  endfacet
  facet normal 1 0 0
    outer loop
      vertex 75 -58.7 -5
      vertex 75 -44.9 -5
      vertex 75 -44.9 5
    endloop
  endfacet
  facet normal 1 0 0
    outer loop
      vertex 75 -58.7 -5
      vertex 75 -44.9 5
      vertex 75 -58.7 5
    endloop
  endfacet
  facet normal 1 0 0
    outer loop
      vertex 75 -44.9 -5
      vertex 75 -43.9 -5
      vertex 75 -43.9 5
    endloop
  endfacet
  facet normal 1 0 0
    outer loop
      vertex 75 -44.9 -5
      vertex 75 -43.9 5
      vertex 75 -44.9 5
    endloop
  endfacet
  facet normal 1 0 0
    outer loop
      vertex 75 -43.9 -5
      vertex 75 -30.1 -5
      vertex 75 -30.1 5
    endloop
  endfacet
  facet normal 1 0 0
    outer loop
      vertex 75 -43.9 -5
      vertex 75 -30.1 5
      vertex 75 -43.9 5
    endloop
  endfacet
  facet normal 1 0 0
    outer loop
      vertex 75 -30.1 -5
      vertex 75 -29.1 -5
      vertex 75 -29.1 5
    endloop
  endfacet
  facet normal 1 0 0
    outer loop
      vertex 75 -30.1 -5
      vertex 75 -29.1 5
      vertex 75 -30.1 5
    endloop
  endfacet
  facet normal 1 0 0
    outer loop
      vertex 75 -29.1 -5
      vertex 75 -15.299999999999997 -5
      vertex 75 -15.299999999999997 5
    endloop
  endfacet
  facet normal 1 0 0
    outer loop
      vertex 75 -29.1 -5
      vertex 75 -15.299999999999997 5
      vertex 75 -29.1 5
    endloop
  endfacet
  facet normal 1 0 0
    outer loop
      vertex 75 -15.299999999999997 -5
      vertex 75 -14.299999999999997 -5
      vertex 75 -14.299999999999997 5
    endloop
  endfacet
  facet normal 1 0 0
    outer loop
      vertex 75 -15.299999999999997 -5
      vertex 75 -14.299999999999997 5
      vertex 75 -15.299999999999997 5
    endloop
  endfacet
  facet normal 1 0 0
    outer loop
      vertex 75 -14.299999999999997 -5
      vertex 75 -0.5 -5
      vertex 75 -0.5 5
    endloop
  endfacet
  facet normal 1 0 0
    outer loop
      vertex 75 -14.299999999999997 -5
      vertex 75 -0.5 5
      vertex 75 -14.299999999999997 5
    endloop
  endfacet
  facet normal 1 0 0
    outer loop
      vertex 75 -0.5 -5
      vertex 75 0.5 -5
      vertex 75 0.5 5
    endloop
  endfacet
  facet normal 1 0 0
    outer loop
      vertex 75 -0.5 -5
      vertex 75 0.5 5
      vertex 75 -0.5 5
    endloop
  endfacet
  facet normal 1 0 0
    outer loop
      vertex 75 0.5 -5
      vertex 75 14.299999999999997 -5
      vertex 75 14.299999999999997 5
    endloop
  endfacet
  facet normal 1 0 0
    outer loop
      vertex 75 0.5 -5
      vertex 75 14.299999999999997 5
      vertex 75 0.5 5
    endloop
  endfacet
  facet normal 1 0 0
    outer loop
      vertex 75 14.299999999999997 -5
      vertex 75 15.299999999999997 -5
      vertex 75 15.299999999999997 5
    endloop
  endfacet
  facet normal 1 0 0
    outer loop
      vertex 75 14.299999999999997 -5
      vertex 75 15.299999999999997 5
      vertex 75 14.299999999999997 5
    endloop
  endfacet
  facet normal 1 0 0
    outer loop
      vertex 75 15.299999999999997 -5
      vertex 75 29.099999999999994 -5
      vertex 75 29.099999999999994 5
    endloop
  endfacet
  facet normal 1 0 0
    outer loop
      vertex 75 15.299999999999997 -5
      vertex 75 29.099999999999994 5
      vertex 75 15.299999999999997 5
    endloop
  endfacet
  facet normal 1 0 0
    outer loop
      vertex 75 29.099999999999994 -5
      vertex 75 30.099999999999994 -5
      vertex 75 30.099999999999994 5
    endloop
  endfacet
  facet normal 1 0 0
    outer loop
      vertex 75 29.099999999999994 -5
      vertex 75 30.099999999999994 5
      vertex 75 29.099999999999994 5
    endloop
  endfacet
  facet normal 1 0 0
    outer loop
      vertex 75 30.099999999999994 -5
      vertex 75 43.900000000000006 -5
      vertex 75 43.900000000000006 5
    endloop
  endfacet
  facet normal 1 0 0
    outer loop
      vertex 75 30.099999999999994 -5
      vertex 75 43.900000000000006 5
      vertex 75 30.099999999999994 5
    endloop
  endfacet
  facet normal 1 0 0
    outer loop
      vertex 75 43.900000000000006 -5
      vertex 75 44.900000000000006 -5
      vertex 75 44.900000000000006 5
    endloop
  endfacet
  facet normal 1 0 0
    outer loop
      vertex 75 43.900000000000006 -5
      vertex 75 44.900000000000006 5
      vertex 75 43.900000000000006 5
    endloop
  endfacet
  facet normal 1 0 0
    outer loop
      vertex 75 44.900000000000006 -5
      vertex 75 58.70000000000002 -5
      vertex 75 58.70000000000002 5
    endloop
  endfacet
  facet normal 1 0 0
    outer loop
      vertex 75 44.900000000000006 -5
      vertex 75 58.70000000000002 5
      vertex 75 44.900000000000006 5
    endloop
  endfacet
  facet normal 1 0 0
    outer loop
      vertex 75 58.70000000000002 -5
      vertex 75 59.70000000000002 -5
      vertex 75 59.70000000000002 5
    endloop
  endfacet
  facet normal 1 0 0
    outer loop
      vertex 75 58.70000000000002 -5
      vertex 75 59.70000000000002 5
      vertex 75 58.70000000000002 5
    endloop
  endfacet
  facet normal 1 0 0
    outer loop
      vertex 75 59.70000000000002 -5
      vertex 75 74 -5
      vertex 75 74 5
    endloop
  endfacet
  facet normal 1 0 0
    outer loop
      vertex 75 59.70000000000002 -5
      vertex 75 74 5
      vertex 75 59.70000000000002 5
    endloop
  endfacet
  facet normal 1 0 0
    outer loop
      vertex 75 74 -5
      vertex 75 75 -5
      vertex 75 75 5
    endloop
  endfacet
  facet normal 1 0 0
    outer loop
      vertex 75 74 -5
      vertex 75 75 5
      vertex 75 74 5
    endloop
  endfacet
  facet normal -1 0 0
    outer loop
      vertex -75 -74 -5
      vertex -75 -75 -5
      vertex -75 -75 5
    endloop
  endfacet
  facet normal -1 0 0
    outer loop
      vertex -75 -74 -5
      vertex -75 -75 5
      vertex -75 -74 5
    endloop
  endfacet
  facet normal -1 0 0
    outer loop
      vertex -75 -59.7 -5
      vertex -75 -74 -5
      vertex -75 -74 5
    endloop
  endfacet
  facet normal -1 0 0
    outer loop
      vertex -75 -59.7 -5
      vertex -75 -74 5
      vertex -75 -59.7 5
    endloop
  endfacet
  facet normal -1 0 0
    outer loop
      vertex -75 -58.7 -5
      vertex -75 -59.7 -5
      vertex -75 -59.7 5
    endloop
  endfacet
  facet normal -1 0 0
    outer loop
      vertex -75 -58.7 -5
      vertex -75 -59.7 5
      vertex -75 -58.7 5
    endloop
  endfacet
  facet normal -1 0 0
    outer loop
      vertex -75 -44.9 -5
      vertex -75 -58.7 -5
      vertex -75 -58.7 5
    endloop
  endfacet
  facet normal -1 0 0
    outer loop
      vertex -75 -44.9 -5
      vertex -75 -58.7 5
      vertex -75 -44.9 5
    endloop
  endfacet
  facet normal -1 0 0
    outer loop
      vertex -75 -43.9 -5
      vertex -75 -44.9 -5
      vertex -75 -44.9 5
    endloop
  endfacet
  facet normal -1 0 0
    outer loop
      vertex -75 -43.9 -5
      vertex -75 -44.9 5
      vertex -75 -43.9 5
    endloop
  endfacet
  facet normal -1 0 0
    outer loop
      vertex -75 -30.1 -5
      vertex -75 -43.9 -5
      vertex -75 -43.9 5
    endloop
  endfacet
  facet normal -1 0 0
    outer loop
      vertex -75 -30.1 -5
      vertex -75 -43.9 5
      vertex -75 -30.1 5
    endloop
  endfacet
  facet normal -1 0 0
    outer loop
      vertex -75 -29.1 -5
      vertex -75 -30.1 -5
      vertex -75 -30.1 5
    endloop
  endfacet
  facet normal -1 0 0
    outer loop
      vertex -75 -29.1 -5
      vertex -75 -30.1 5
      vertex -75 -29.1 5
    endloop
  endfacet
  facet normal -1 0 0
    outer loop
      vertex -75 -15.299999999999997 -5
      vertex -75 -29.1 -5
      vertex -75 -29.1 5
    endloop
  endfacet
  facet normal -1 0 0
    outer loop
      vertex -75 -15.299999999999997 -5
      vertex -75 -29.1 5
      vertex -75 -15.299999999999997 5
    endloop
  endfacet
  facet normal -1 0 0
    outer loop
      vertex -75 -14.299999999999997 -5
      vertex -75 -15.299999999999997 -5
      vertex -75 -15.299999999999997 5
    endloop
  endfacet
  facet normal -1 0 0
    outer loop
      vertex -75 -14.299999999999997 -5
      vertex -75 -15.299999999999997 5
      vertex -75 -14.299999999999997 5
    endloop
  endfacet
  facet normal -1 0 0
    outer loop
      vertex -75 -0.5 -5
      vertex -75 -14.299999999999997 -5
      vertex -75 -14.299999999999997 5
    endloop
  endfacet
  facet normal -1 0 0
    outer loop
      vertex -75 -0.5 -5
      vertex -75 -14.299999999999997 5
      vertex -75 -0.5 5
    endloop
  endfacet
  facet normal -1 0 0
    outer loop
      vertex -75 0.5 -5
      vertex -75 -0.5 -5
      vertex -75 -0.5 5
    endloop
  endfacet
  facet normal -1 0 0
    outer loop
      vertex -75 0.5 -5
      vertex -75 -0.5 5
      vertex -75 0.5 5
    endloop
  endfacet
  facet normal -1 0 0
    outer loop
      vertex -75 14.299999999999997 -5
      vertex -75 0.5 -5
      vertex -75 0.5 5
    endloop
  endfacet
  facet normal -1 0 0
    outer loop
      vertex -75 14.299999999999997 -5
      vertex -75 0.5 5
      vertex -75 14.299999999999997 5
    endloop
  endfacet
  facet normal -1 0 0
    outer loop
      vertex -75 15.299999999999997 -5
      vertex -75 14.299999999999997 -5
      vertex -75 14.299999999999997 5
    endloop
  endfacet
  facet normal -1 0 0
    outer loop
      vertex -75 15.299999999999997 -5
      vertex -75 14.299999999999997 5
      vertex -75 15.299999999999997 5
    endloop
  endfacet
  facet normal -1 0 0
    outer loop
      vertex -75 29.099999999999994 -5
      vertex -75 15.299999999999997 -5
      vertex -75 15.299999999999997 5
    endloop
  endfacet
  facet normal -1 0 0
    outer loop
      vertex -75 29.099999999999994 -5
      vertex -75 15.299999999999997 5
      vertex -75 29.099999999999994 5
    endloop
  endfacet
  facet normal -1 0 0
    outer loop
      vertex -75 30.099999999999994 -5
      vertex -75 29.099999999999994 -5
      vertex -75 29.099999999999994 5
    endloop
  endfacet
  facet normal -1 0 0
    outer loop
      vertex -75 30.099999999999994 -5
      vertex -75 29.099999999999994 5
      vertex -75 30.099999999999994 5
    endloop
  endfacet
  facet normal -1 0 0
    outer loop
      vertex -75 43.900000000000006 -5
      vertex -75 30.099999999999994 -5
      vertex -75 30.099999999999994 5
    endloop
  endfacet
  facet normal -1 0 0
    outer loop
      vertex -75 43.900000000000006 -5
      vertex -75 30.099999999999994 5
      vertex -75 43.900000000000006 5
    endloop
  endfacet
  facet normal -1 0 0
    outer loop
      vertex -75 44.900000000000006 -5
      vertex -75 43.900000000000006 -5
      vertex -75 43.900000000000006 5
    endloop
  endfacet
  facet normal -1 0 0
    outer loop
      vertex -75 44.900000000000006 -5
      vertex -75 43.900000000000006 5
      vertex -75 44.900000000000006 5
    endloop
  endfacet
  facet normal -1 0 0
    outer loop
      vertex -75 58.70000000000002 -5
      vertex -75 44.900000000000006 -5
      vertex -75 44.900000000000006 5
    endloop
  endfacet
  facet normal -1 0 0
    outer loop
      vertex -75 58.70000000000002 -5
      vertex -75 44.900000000000006 5
      vertex -75 58.70000000000002 5
    endloop
  endfacet
  facet normal -1 0 0
    outer loop
      vertex -75 59.70000000000002 -5
      vertex -75 58.70000000000002 -5
      vertex -75 58.70000000000002 5
    endloop
  endfacet
  facet normal -1 0 0
    outer loop
      vertex -75 59.70000000000002 -5
      vertex -75 58.70000000000002 5
      vertex -75 59.70000000000002 5
    endloop
  endfacet
  facet normal -1 0 0
    outer loop
      vertex -75 74 -5
      vertex -75 59.70000000000002 -5
      vertex -75 59.70000000000002 5
    endloop
  endfacet
  facet normal -1 0 0
    outer loop
      vertex -75 74 -5
      vertex -75 59.70000000000002 5
      vertex -75 74 5
    endloop
  endfacet
  facet normal -1 0 0
    outer loop
      vertex -75 75 -5
      vertex -75 74 -5
      vertex -75 74 5
    endloop
  endfacet
  facet normal -1 0 0
    outer loop
      vertex -75 75 -5
      vertex -75 74 5
      vertex -75 75 5
    endloop
  endfacet
  facet normal 0 0 1
    outer loop
      vertex -74 -74 -4
      vertex -61.18 -74 -4
      vertex -61.18 -59.7 -4
    endloop
  endfacet
  facet normal 0 0 1
    outer loop
      vertex -74 -74 -4
      vertex -61.18 -59.7 -4
      vertex -74 -59.7 -4
    endloop
  endfacet
  facet normal 0 0 1
    outer loop
      vertex -74 -58.7 -4
      vertex -61.18 -58.7 -4
      vertex -61.18 -44.9 -4
    endloop
  endfacet
  facet normal 0 0 1
    outer loop
      vertex -74 -58.7 -4
      vertex -61.18 -44.9 -4
      vertex -74 -44.9 -4
    endloop
  endfacet
  facet normal 0 0 1
    outer loop
      vertex -74 -43.9 -4
      vertex -61.18 -43.9 -4
      vertex -61.18 -30.1 -4
    endloop
  endfacet
  facet normal 0 0 1
    outer loop
      vertex -74 -43.9 -4
      vertex -61.18 -30.1 -4
      vertex -74 -30.1 -4
    endloop
  endfacet
  facet normal 0 0 1
    outer loop
      vertex -74 -29.1 -4
      vertex -61.18 -29.1 -4
      vertex -61.18 -15.299999999999997 -4
    endloop
  endfacet
  facet normal 0 0 1
    outer loop
      vertex -74 -29.1 -4
      vertex -61.18 -15.299999999999997 -4
      vertex -74 -15.299999999999997 -4
    endloop
  endfacet
  facet normal 0 0 1
    outer loop
      vertex -74 -14.299999999999997 -4
      vertex -61.18 -14.299999999999997 -4
      vertex -61.18 -0.5 -4
    endloop
  endfacet
  facet normal 0 0 1
    outer loop
      vertex -74 -14.299999999999997 -4
      vertex -61.18 -0.5 -4
      vertex -74 -0.5 -4
    endloop
  endfacet
  facet normal 0 0 1
    outer loop
      vertex -74 0.5 -4
      vertex -61.18 0.5 -4
      vertex -61.18 14.299999999999997 -4
    endloop
  endfacet
  facet normal 0 0 1
    outer loop
      vertex -74 0.5 -4
      vertex -61.18 14.299999999999997 -4
      vertex -74 14.299999999999997 -4
    endloop
  endfacet
  facet normal 0 0 1
    outer loop
      vertex -74 15.299999999999997 -4
      vertex -61.18 15.299999999999997 -4
      vertex -61.18 29.099999999999994 -4
    endloop
  endfacet
  facet normal 0 0 1
    outer loop
      vertex -74 15.299999999999997 -4
      vertex -61.18 29.099999999999994 -4
      vertex -74 29.099999999999994 -4
    endloop
  endfacet
  facet normal 0 0 1
    outer loop
      vertex -74 30.099999999999994 -4
      vertex -61.18 30.099999999999994 -4
      vertex -61.18 43.900000000000006 -4
    endloop
  endfacet
  facet normal 0 0 1
    outer loop
      vertex -74 30.099999999999994 -4
      vertex -61.18 43.900000000000006 -4
      vertex -74 43.900000000000006 -4
    endloop
  endfacet
  facet normal 0 0 1
    outer loop
      vertex -74 44.900000000000006 -4
      vertex -61.18 44.900000000000006 -4
      vertex -61.18 58.70000000000002 -4
    endloop
  endfacet
  facet normal 0 0 1
    outer loop
      vertex -74 44.900000000000006 -4
      vertex -61.18 58.70000000000002 -4
      vertex -74 58.70000000000002 -4
    endloop
  endfacet
  facet normal 0 0 1
    outer loop
      vertex -74 59.70000000000002 -4
      vertex -61.18 59.70000000000002 -4
      vertex -61.18 74 -4
    endloop
  endfacet
  facet normal 0 0 1
    outer loop
      vertex -74 59.70000000000002 -4
      vertex -61.18 74 -4
      vertex -74 74 -4
    endloop
  endfacet
  facet normal 0 0 1
    outer loop
      vertex -60.18 -74 -4
      vertex -44.9 -74 -4
      vertex -44.9 -59.7 -4
    endloop
  endfacet
  facet normal 0 0 1
    outer loop
      vertex -60.18 -74 -4
      vertex -44.9 -59.7 -4
      vertex -60.18 -59.7 -4
    endloop
  endfacet
  facet normal 0 0 1
    outer loop
      vertex -60.18 -58.7 -4
      vertex -44.9 -58.7 -4
      vertex -44.9 -44.9 -4
    endloop
  endfacet
  facet normal 0 0 1
    outer loop
      vertex -60.18 -58.7 -4
      vertex -44.9 -44.9 -4
      vertex -60.18 -44.9 -4
    endloop
  endfacet
  facet normal 0 0 1
    outer loop
      vertex -60.18 -43.9 -4
      vertex -44.9 -43.9 -4
      vertex -44.9 -30.1 -4
    endloop
  endfacet
  facet normal 0 0 1
    outer loop
      vertex -60.18 -43.9 -4
      vertex -44.9 -30.1 -4
      vertex -60.18 -30.1 -4
    endloop
  endfacet
  facet normal 0 0 1
    outer loop
      vertex -60.18 -29.1 -4
      vertex -44.9 -29.1 -4
      vertex -44.9 -15.299999999999997 -4
    endloop
  endfacet
  facet normal 0 0 1
    outer loop
      vertex -60.18 -29.1 -4
      vertex -44.9 -15.299999999999997 -4
      vertex -60.18 -15.299999999999997 -4
    endloop
  endfacet
  facet normal 0 0 1
    outer loop
      vertex -60.18 -14.299999999999997 -4
      vertex -44.9 -14.299999999999997 -4
      vertex -44.9 -0.5 -4
    endloop
  endfacet
  facet normal 0 0 1
    outer loop
      vertex -60.18 -14.299999999999997 -4
      vertex -44.9 -0.5 -4
      vertex -60.18 -0.5 -4
    endloop
  endfacet
  facet normal 0 0 1
    outer loop
      vertex -60.18 0.5 -4
      vertex -44.9 0.5 -4
      vertex -44.9 14.299999999999997 -4
    endloop
  endfacet
  facet normal 0 0 1
    outer loop
      vertex -60.18 0.5 -4
      vertex -44.9 14.299999999999997 -4
      vertex -60.18 14.299999999999997 -4
    endloop
  endfacet
  facet normal 0 0 1
    outer loop
      vertex -60.18 15.299999999999997 -4
      vertex -44.9 15.299999999999997 -4
      vertex -44.9 29.099999999999994 -4
    endloop
  endfacet
  facet normal 0 0 1
    outer loop
      vertex -60.18 15.299999999999997 -4
      vertex -44.9 29.099999999999994 -4
      vertex -60.18 29.099999999999994 -4
    endloop
  endfacet
  facet normal 0 0 1
    outer loop
      vertex -60.18 30.099999999999994 -4
      vertex -44.9 30.099999999999994 -4
      vertex -44.9 43.900000000000006 -4
    endloop
  endfacet
  facet normal 0 0 1
    outer loop
      vertex -60.18 30.099999999999994 -4
      vertex -44.9 43.900000000000006 -4
      vertex -60.18 43.900000000000006 -4
    endloop
  endfacet
  facet normal 0 0 1
    outer loop
      vertex -60.18 44.900000000000006 -4
      vertex -44.9 44.900000000000006 -4
      vertex -44.9 58.70000000000002 -4
    endloop
  endfacet
  facet normal 0 0 1
    outer loop
      vertex -60.18 44.900000000000006 -4
      vertex -44.9 58.70000000000002 -4
      vertex -60.18 58.70000000000002 -4
    endloop
  endfacet
  facet normal 0 0 1
    outer loop
      vertex -60.18 59.70000000000002 -4
      vertex -44.9 59.70000000000002 -4
      vertex -44.9 74 -4
    endloop
  endfacet
  facet normal 0 0 1
    outer loop
      vertex -60.18 59.70000000000002 -4
      vertex -44.9 74 -4
      vertex -60.18 74 -4
    endloop
  endfacet
  facet normal 0 0 1
    outer loop
      vertex -43.9 -74 -4
      vertex -30.1 -74 -4
      vertex -30.1 -59.7 -4
    endloop
  endfacet
  facet normal 0 0 1
    outer loop
      vertex -43.9 -74 -4
      vertex -30.1 -59.7 -4
      vertex -43.9 -59.7 -4
    endloop
  endfacet
  facet normal 0 0 1
    outer loop
      vertex -43.9 -58.7 -4
      vertex -30.1 -58.7 -4
      vertex -30.1 -44.9 -4
    endloop
  endfacet
  facet normal 0 0 1
    outer loop
      vertex -43.9 -58.7 -4
      vertex -30.1 -44.9 -4
      vertex -43.9 -44.9 -4
    endloop
  endfacet
  facet normal 0 0 1
    outer loop
      vertex -43.9 -43.9 -4
      vertex -30.1 -43.9 -4
      vertex -30.1 -30.1 -4
    endloop
  endfacet
  facet normal 0 0 1
    outer loop
      vertex -43.9 -43.9 -4
      vertex -30.1 -30.1 -4
      vertex -43.9 -30.1 -4
    endloop
  endfacet
  facet normal 0 0 1
    outer loop
      vertex -43.9 -29.1 -4
      vertex -30.1 -29.1 -4
      vertex -30.1 -15.299999999999997 -4
    endloop
  endfacet
  facet normal 0 0 1
    outer loop
      vertex -43.9 -29.1 -4
      vertex -30.1 -15.299999999999997 -4
      vertex -43.9 -15.299999999999997 -4
    endloop
  endfacet
  facet normal 0 0 1
    outer loop
      vertex -43.9 -14.299999999999997 -4
      vertex -30.1 -14.299999999999997 -4
      vertex -30.1 -0.5 -4
    endloop
  endfacet
  facet normal 0 0 1
    outer loop
      vertex -43.9 -14.299999999999997 -4
      vertex -30.1 -0.5 -4
      vertex -43.9 -0.5 -4
    endloop
  endfacet
  facet normal 0 0 1
    outer loop
      vertex -43.9 0.5 -4
      vertex -30.1 0.5 -4
      vertex -30.1 14.299999999999997 -4
    endloop
  endfacet
  facet normal 0 0 1
    outer loop
      vertex -43.9 0.5 -4
      vertex -30.1 14.299999999999997 -4
      vertex -43.9 14.299999999999997 -4
    endloop
  endfacet
  facet normal 0 0 1
    outer loop
      vertex -43.9 15.299999999999997 -4
      vertex -30.1 15.299999999999997 -4
      vertex -30.1 29.099999999999994 -4
    endloop
  endfacet
  facet normal 0 0 1
    outer loop
      vertex -43.9 15.299999999999997 -4
      vertex -30.1 29.099999999999994 -4
      vertex -43.9 29.099999999999994 -4
    endloop
  endfacet
  facet normal 0 0 1
    outer loop
      vertex -43.9 30.099999999999994 -4
      vertex -30.1 30.099999999999994 -4
      vertex -30.1 43.900000000000006 -4
    endloop
  endfacet
  facet normal 0 0 1
    outer loop
      vertex -43.9 30.099999999999994 -4
      vertex -30.1 43.900000000000006 -4
      vertex -43.9 43.900000000000006 -4
    endloop
  endfacet
  facet normal 0 0 1
    outer loop
      vertex -43.9 44.900000000000006 -4
      vertex -30.1 44.900000000000006 -4
      vertex -30.1 58.70000000000002 -4
    endloop
  endfacet
  facet normal 0 0 1
    outer loop
      vertex -43.9 44.900000000000006 -4
      vertex -30.1 58.70000000000002 -4
      vertex -43.9 58.70000000000002 -4
    endloop
  endfacet
  facet normal 0 0 1
    outer loop
      vertex -43.9 59.70000000000002 -4
      vertex -30.1 59.70000000000002 -4
      vertex -30.1 74 -4
    endloop
  endfacet
  facet normal 0 0 1
    outer loop
      vertex -43.9 59.70000000000002 -4
      vertex -30.1 74 -4
      vertex -43.9 74 -4
    endloop
  endfacet
  facet normal 0 0 1
    outer loop
      vertex -29.1 -74 -4
      vertex -21.22 -74 -4
      vertex -21.22 -59.7 -4
    endloop
  endfacet
  facet normal 0 0 1
    outer loop
      vertex -29.1 -74 -4
      vertex -21.22 -59.7 -4
      vertex -29.1 -59.7 -4
    endloop
  endfacet
  facet normal 0 0 1
    outer loop
      vertex -29.1 -58.7 -4
      vertex -21.22 -58.7 -4
      vertex -21.22 -44.9 -4
    endloop
  endfacet
  facet normal 0 0 1
    outer loop
      vertex -29.1 -58.7 -4
      vertex -21.22 -44.9 -4
      vertex -29.1 -44.9 -4
    endloop
  endfacet
  facet normal 0 0 1
    outer loop
      vertex -29.1 -43.9 -4
      vertex -21.22 -43.9 -4
      vertex -21.22 -30.1 -4
    endloop
  endfacet
  facet normal 0 0 1
    outer loop
      vertex -29.1 -43.9 -4
      vertex -21.22 -30.1 -4
      vertex -29.1 -30.1 -4
    endloop
  endfacet
  facet normal 0 0 1
    outer loop
      vertex -29.1 -29.1 -4
      vertex -21.22 -29.1 -4
      vertex -21.22 -15.299999999999997 -4
    endloop
  endfacet
  facet normal 0 0 1
    outer loop
      vertex -29.1 -29.1 -4
      vertex -21.22 -15.299999999999997 -4
      vertex -29.1 -15.299999999999997 -4
    endloop
  endfacet
  facet normal 0 0 1
    outer loop
      vertex -29.1 -14.299999999999997 -4
      vertex -21.22 -14.299999999999997 -4
      vertex -21.22 -0.5 -4
    endloop
  endfacet
  facet normal 0 0 1
    outer loop
      vertex -29.1 -14.299999999999997 -4
      vertex -21.22 -0.5 -4
      vertex -29.1 -0.5 -4
    endloop
  endfacet
  facet normal 0 0 1
    outer loop
      vertex -29.1 0.5 -4
      vertex -21.22 0.5 -4
      vertex -21.22 14.299999999999997 -4
    endloop
  endfacet
  facet normal 0 0 1
    outer loop
      vertex -29.1 0.5 -4
      vertex -21.22 14.299999999999997 -4
      vertex -29.1 14.299999999999997 -4
    endloop
  endfacet
  facet normal 0 0 1
    outer loop
      vertex -29.1 15.299999999999997 -4
      vertex -21.22 15.299999999999997 -4
      vertex -21.22 29.099999999999994 -4
    endloop
  endfacet
  facet normal 0 0 1
    outer loop
      vertex -29.1 15.299999999999997 -4
      vertex -21.22 29.099999999999994 -4
      vertex -29.1 29.099999999999994 -4
    endloop
  endfacet
  facet normal 0 0 1
    outer loop
      vertex -29.1 30.099999999999994 -4
      vertex -21.22 30.099999999999994 -4
      vertex -21.22 43.900000000000006 -4
    endloop
  endfacet
  facet normal 0 0 1
    outer loop
      vertex -29.1 30.099999999999994 -4
      vertex -21.22 43.900000000000006 -4
      vertex -29.1 43.900000000000006 -4
    endloop
  endfacet
  facet normal 0 0 1
    outer loop
      vertex -29.1 44.900000000000006 -4
      vertex -21.22 44.900000000000006 -4
      vertex -21.22 58.70000000000002 -4
    endloop
  endfacet
  facet normal 0 0 1
    outer loop
      vertex -29.1 44.900000000000006 -4
      vertex -21.22 58.70000000000002 -4
      vertex -29.1 58.70000000000002 -4
    endloop
  endfacet
  facet normal 0 0 1
    outer loop
      vertex -29.1 59.70000000000002 -4
      vertex -21.22 59.70000000000002 -4
      vertex -21.22 74 -4
    endloop
  endfacet
  facet normal 0 0 1
    outer loop
      vertex -29.1 59.70000000000002 -4
      vertex -21.22 74 -4
      vertex -29.1 74 -4
    endloop
  endfacet
  facet normal 0 0 1
    outer loop
      vertex -20.22 -74 -4
      vertex -10.86 -74 -4
      vertex -10.86 -59.7 -4
    endloop
  endfacet
  facet normal 0 0 1
    outer loop
      vertex -20.22 -74 -4
      vertex -10.86 -59.7 -4
      vertex -20.22 -59.7 -4
    endloop
  endfacet
  facet normal 0 0 1
    outer loop
      vertex -20.22 -58.7 -4
      vertex -10.86 -58.7 -4
      vertex -10.86 -44.9 -4
    endloop
  endfacet
  facet normal 0 0 1
    outer loop
      vertex -20.22 -58.7 -4
      vertex -10.86 -44.9 -4
      vertex -20.22 -44.9 -4
    endloop
  endfacet
  facet normal 0 0 1
    outer loop
      vertex -20.22 -43.9 -4
      vertex -10.86 -43.9 -4
      vertex -10.86 -30.1 -4
    endloop
  endfacet
  facet normal 0 0 1
    outer loop
      vertex -20.22 -43.9 -4
      vertex -10.86 -30.1 -4
      vertex -20.22 -30.1 -4
    endloop
  endfacet
  facet normal 0 0 1
    outer loop
      vertex -20.22 -29.1 -4
      vertex -10.86 -29.1 -4
      vertex -10.86 -15.299999999999997 -4
    endloop
  endfacet
  facet normal 0 0 1
    outer loop
      vertex -20.22 -29.1 -4
      vertex -10.86 -15.299999999999997 -4
      vertex -20.22 -15.299999999999997 -4
    endloop
  endfacet
  facet normal 0 0 1
    outer loop
      vertex -20.22 -14.299999999999997 -4
      vertex -10.86 -14.299999999999997 -4
      vertex -10.86 -0.5 -4
    endloop
  endfacet
  facet normal 0 0 1
    outer loop
      vertex -20.22 -14.299999999999997 -4
      vertex -10.86 -0.5 -4
      vertex -20.22 -0.5 -4
    endloop
  endfacet
  facet normal 0 0 1
    outer loop
      vertex -20.22 0.5 -4
      vertex -10.86 0.5 -4
      vertex -10.86 14.299999999999997 -4
    endloop
  endfacet
  facet normal 0 0 1
    outer loop
      vertex -20.22 0.5 -4
      vertex -10.86 14.299999999999997 -4
      vertex -20.22 14.299999999999997 -4
    endloop
  endfacet
  facet normal 0 0 1
    outer loop
      vertex -20.22 15.299999999999997 -4
      vertex -10.86 15.299999999999997 -4
      vertex -10.86 29.099999999999994 -4
    endloop
  endfacet
  facet normal 0 0 1
    outer loop
      vertex -20.22 15.299999999999997 -4
      vertex -10.86 29.099999999999994 -4
      vertex -20.22 29.099999999999994 -4
    endloop
  endfacet
  facet normal 0 0 1
    outer loop
      vertex -20.22 30.099999999999994 -4
      vertex -10.86 30.099999999999994 -4
      vertex -10.86 43.900000000000006 -4
    endloop
  endfacet
  facet normal 0 0 1
    outer loop
      vertex -20.22 30.099999999999994 -4
      vertex -10.86 43.900000000000006 -4
      vertex -20.22 43.900000000000006 -4
    endloop
  endfacet
  facet normal 0 0 1
    outer loop
      vertex -20.22 44.900000000000006 -4
      vertex -10.86 44.900000000000006 -4
      vertex -10.86 58.70000000000002 -4
    endloop
  endfacet
  facet normal 0 0 1
    outer loop
      vertex -20.22 44.900000000000006 -4
      vertex -10.86 58.70000000000002 -4
      vertex -20.22 58.70000000000002 -4
    endloop
  endfacet
  facet normal 0 0 1
    outer loop
      vertex -20.22 59.70000000000002 -4
      vertex -10.86 59.70000000000002 -4
      vertex -10.86 74 -4
    endloop
  endfacet
  facet normal 0 0 1
    outer loop
      vertex -20.22 59.70000000000002 -4
      vertex -10.86 74 -4
      vertex -20.22 74 -4
    endloop
  endfacet
  facet normal 0 0 1
    outer loop
      vertex -9.86 -74 -4
      vertex 9.86 -74 -4
      vertex 9.86 -59.7 -4
    endloop
  endfacet
  facet normal 0 0 1
    outer loop
      vertex -9.86 -74 -4
      vertex 9.86 -59.7 -4
      vertex -9.86 -59.7 -4
    endloop
  endfacet
  facet normal 0 0 1
    outer loop
      vertex -9.86 -58.7 -4
      vertex 9.86 -58.7 -4
      vertex 9.86 -44.9 -4
    endloop
  endfacet
  facet normal 0 0 1
    outer loop
      vertex -9.86 -58.7 -4
      vertex 9.86 -44.9 -4
      vertex -9.86 -44.9 -4
    endloop
  endfacet
  facet normal 0 0 1
    outer loop
      vertex -9.86 -43.9 -4
      vertex 9.86 -43.9 -4
      vertex 9.86 -30.1 -4
    endloop
  endfacet
  facet normal 0 0 1
    outer loop
      vertex -9.86 -43.9 -4
      vertex 9.86 -30.1 -4
      vertex -9.86 -30.1 -4
    endloop
  endfacet
  facet normal 0 0 1
    outer loop
      vertex -9.86 -29.1 -4
      vertex 9.86 -29.1 -4
      vertex 9.86 -15.299999999999997 -4
    endloop
  endfacet
  facet normal 0 0 1
    outer loop
      vertex -9.86 -29.1 -4
      vertex 9.86 -15.299999999999997 -4
      vertex -9.86 -15.299999999999997 -4
    endloop
  endfacet
  facet normal 0 0 1
    outer loop
      vertex -9.86 -14.299999999999997 -4
      vertex 9.86 -14.299999999999997 -4
      vertex 9.86 -0.5 -4
    endloop
  endfacet
  facet normal 0 0 1
    outer loop
      vertex -9.86 -14.299999999999997 -4
      vertex 9.86 -0.5 -4
      vertex -9.86 -0.5 -4
    endloop
  endfacet
  facet normal 0 0 1
    outer loop
      vertex -9.86 0.5 -4
      vertex 9.86 0.5 -4
      vertex 9.86 14.299999999999997 -4
    endloop
  endfacet
  facet normal 0 0 1
    outer loop
      vertex -9.86 0.5 -4
      vertex 9.86 14.299999999999997 -4
      vertex -9.86 14.299999999999997 -4
    endloop
  endfacet
  facet normal 0 0 1
    outer loop
      vertex -9.86 15.299999999999997 -4
      vertex 9.86 15.299999999999997 -4
      vertex 9.86 29.099999999999994 -4
    endloop
  endfacet
  facet normal 0 0 1
    outer loop
      vertex -9.86 15.299999999999997 -4
      vertex 9.86 29.099999999999994 -4
      vertex -9.86 29.099999999999994 -4
    endloop
  endfacet
  facet normal 0 0 1
    outer loop
      vertex -9.86 30.099999999999994 -4
      vertex 9.86 30.099999999999994 -4
      vertex 9.86 43.900000000000006 -4
    endloop
  endfacet
  facet normal 0 0 1
    outer loop
      vertex -9.86 30.099999999999994 -4
      vertex 9.86 43.900000000000006 -4
      vertex -9.86 43.900000000000006 -4
    endloop
  endfacet
  facet normal 0 0 1
    outer loop
      vertex -9.86 44.900000000000006 -4
      vertex 9.86 44.900000000000006 -4
      vertex 9.86 58.70000000000002 -4
    endloop
  endfacet
  facet normal 0 0 1
    outer loop
      vertex -9.86 44.900000000000006 -4
      vertex 9.86 58.70000000000002 -4
      vertex -9.86 58.70000000000002 -4
    endloop
  endfacet
  facet normal 0 0 1
    outer loop
      vertex -9.86 59.70000000000002 -4
      vertex 9.86 59.70000000000002 -4
      vertex 9.86 74 -4
    endloop
  endfacet
  facet normal 0 0 1
    outer loop
      vertex -9.86 59.70000000000002 -4
      vertex 9.86 74 -4
      vertex -9.86 74 -4
    endloop
  endfacet
  facet normal 0 0 1
    outer loop
      vertex 10.86 -74 -4
      vertex 20.22 -74 -4
      vertex 20.22 -59.7 -4
    endloop
  endfacet
  facet normal 0 0 1
    outer loop
      vertex 10.86 -74 -4
      vertex 20.22 -59.7 -4
      vertex 10.86 -59.7 -4
    endloop
  endfacet
  facet normal 0 0 1
    outer loop
      vertex 10.86 -58.7 -4
      vertex 20.22 -58.7 -4
      vertex 20.22 -44.9 -4
    endloop
  endfacet
  facet normal 0 0 1
    outer loop
      vertex 10.86 -58.7 -4
      vertex 20.22 -44.9 -4
      vertex 10.86 -44.9 -4
    endloop
  endfacet
  facet normal 0 0 1
    outer loop
      vertex 10.86 -43.9 -4
      vertex 20.22 -43.9 -4
      vertex 20.22 -30.1 -4
    endloop
  endfacet
  facet normal 0 0 1
    outer loop
      vertex 10.86 -43.9 -4
      vertex 20.22 -30.1 -4
      vertex 10.86 -30.1 -4
    endloop
  endfacet
  facet normal 0 0 1
    outer loop
      vertex 10.86 -29.1 -4
      vertex 20.22 -29.1 -4
      vertex 20.22 -15.299999999999997 -4
    endloop
  endfacet
  facet normal 0 0 1
    outer loop
      vertex 10.86 -29.1 -4
      vertex 20.22 -15.299999999999997 -4
      vertex 10.86 -15.299999999999997 -4
    endloop
  endfacet
  facet normal 0 0 1
    outer loop
      vertex 10.86 -14.299999999999997 -4
      vertex 20.22 -14.299999999999997 -4
      vertex 20.22 -0.5 -4
    endloop
  endfacet
  facet normal 0 0 1
    outer loop
      vertex 10.86 -14.299999999999997 -4
      vertex 20.22 -0.5 -4
      vertex 10.86 -0.5 -4
    endloop
  endfacet
  facet normal 0 0 1
    outer loop
      vertex 10.86 0.5 -4
      vertex 20.22 0.5 -4
      vertex 20.22 14.299999999999997 -4
    endloop
  endfacet
  facet normal 0 0 1
    outer loop
      vertex 10.86 0.5 -4
      vertex 20.22 14.299999999999997 -4
      vertex 10.86 14.299999999999997 -4
    endloop
  endfacet
  facet normal 0 0 1
    outer loop
      vertex 10.86 15.299999999999997 -4
      vertex 20.22 15.299999999999997 -4
      vertex 20.22 29.099999999999994 -4
    endloop
  endfacet
  facet normal 0 0 1
    outer loop
      vertex 10.86 15.299999999999997 -4
      vertex 20.22 29.099999999999994 -4
      vertex 10.86 29.099999999999994 -4
    endloop
  endfacet
  facet normal 0 0 1
    outer loop
      vertex 10.86 30.099999999999994 -4
      vertex 20.22 30.099999999999994 -4
      vertex 20.22 43.900000000000006 -4
    endloop
  endfacet
  facet normal 0 0 1
    outer loop
      vertex 10.86 30.099999999999994 -4
      vertex 20.22 43.900000000000006 -4
      vertex 10.86 43.900000000000006 -4
    endloop
  endfacet
  facet normal 0 0 1
    outer loop
      vertex 10.86 44.900000000000006 -4
      vertex 20.22 44.900000000000006 -4
      vertex 20.22 58.70000000000002 -4
    endloop
  endfacet
  facet normal 0 0 1
    outer loop
      vertex 10.86 44.900000000000006 -4
      vertex 20.22 58.70000000000002 -4
      vertex 10.86 58.70000000000002 -4
    endloop
  endfacet
  facet normal 0 0 1
    outer loop
      vertex 10.86 59.70000000000002 -4
      vertex 20.22 59.70000000000002 -4
      vertex 20.22 74 -4
    endloop
  endfacet
  facet normal 0 0 1
    outer loop
      vertex 10.86 59.70000000000002 -4
      vertex 20.22 74 -4
      vertex 10.86 74 -4
    endloop
  endfacet
  facet normal 0 0 1
    outer loop
      vertex 21.22 -74 -4
      vertex 30.58 -74 -4
      vertex 30.58 -59.7 -4
    endloop
  endfacet
  facet normal 0 0 1
    outer loop
      vertex 21.22 -74 -4
      vertex 30.58 -59.7 -4
      vertex 21.22 -59.7 -4
    endloop
  endfacet
  facet normal 0 0 1
    outer loop
      vertex 21.22 -58.7 -4
      vertex 30.58 -58.7 -4
      vertex 30.58 -44.9 -4
    endloop
  endfacet
  facet normal 0 0 1
    outer loop
      vertex 21.22 -58.7 -4
      vertex 30.58 -44.9 -4
      vertex 21.22 -44.9 -4
    endloop
  endfacet
  facet normal 0 0 1
    outer loop
      vertex 21.22 -43.9 -4
      vertex 30.58 -43.9 -4
      vertex 30.58 -30.1 -4
    endloop
  endfacet
  facet normal 0 0 1
    outer loop
      vertex 21.22 -43.9 -4
      vertex 30.58 -30.1 -4
      vertex 21.22 -30.1 -4
    endloop
  endfacet
  facet normal 0 0 1
    outer loop
      vertex 21.22 -29.1 -4
      vertex 30.58 -29.1 -4
      vertex 30.58 -15.299999999999997 -4
    endloop
  endfacet
  facet normal 0 0 1
    outer loop
      vertex 21.22 -29.1 -4
      vertex 30.58 -15.299999999999997 -4
      vertex 21.22 -15.299999999999997 -4
    endloop
  endfacet
  facet normal 0 0 1
    outer loop
      vertex 21.22 -14.299999999999997 -4
      vertex 30.58 -14.299999999999997 -4
      vertex 30.58 -0.5 -4
    endloop
  endfacet
  facet normal 0 0 1
    outer loop
      vertex 21.22 -14.299999999999997 -4
      vertex 30.58 -0.5 -4
      vertex 21.22 -0.5 -4
    endloop
  endfacet
  facet normal 0 0 1
    outer loop
      vertex 21.22 0.5 -4
      vertex 30.58 0.5 -4
      vertex 30.58 14.299999999999997 -4
    endloop
  endfacet
  facet normal 0 0 1
    outer loop
      vertex 21.22 0.5 -4
      vertex 30.58 14.299999999999997 -4
      vertex 21.22 14.299999999999997 -4
    endloop
  endfacet
  facet normal 0 0 1
    outer loop
      vertex 21.22 15.299999999999997 -4
      vertex 30.58 15.299999999999997 -4
      vertex 30.58 29.099999999999994 -4
    endloop
  endfacet
  facet normal 0 0 1
    outer loop
      vertex 21.22 15.299999999999997 -4
      vertex 30.58 29.099999999999994 -4
      vertex 21.22 29.099999999999994 -4
    endloop
  endfacet
  facet normal 0 0 1
    outer loop
      vertex 21.22 30.099999999999994 -4
      vertex 30.58 30.099999999999994 -4
      vertex 30.58 43.900000000000006 -4
    endloop
  endfacet
  facet normal 0 0 1
    outer loop
      vertex 21.22 30.099999999999994 -4
      vertex 30.58 43.900000000000006 -4
      vertex 21.22 43.900000000000006 -4
    endloop
  endfacet
  facet normal 0 0 1
    outer loop
      vertex 21.22 44.900000000000006 -4
      vertex 30.58 44.900000000000006 -4
      vertex 30.58 58.70000000000002 -4
    endloop
  endfacet
  facet normal 0 0 1
    outer loop
      vertex 21.22 44.900000000000006 -4
      vertex 30.58 58.70000000000002 -4
      vertex 21.22 58.70000000000002 -4
    endloop
  endfacet
  facet normal 0 0 1
    outer loop
      vertex 21.22 59.70000000000002 -4
      vertex 30.58 59.70000000000002 -4
      vertex 30.58 74 -4
    endloop
  endfacet
  facet normal 0 0 1
    outer loop
      vertex 21.22 59.70000000000002 -4
      vertex 30.58 74 -4
      vertex 21.22 74 -4
    endloop
  endfacet
  facet normal 0 0 1
    outer loop
      vertex 31.58 -74 -4
      vertex 49.81999999999999 -74 -4
      vertex 49.81999999999999 -59.7 -4
    endloop
  endfacet
  facet normal 0 0 1
    outer loop
      vertex 31.58 -74 -4
      vertex 49.81999999999999 -59.7 -4
      vertex 31.58 -59.7 -4
    endloop
  endfacet
  facet normal 0 0 1
    outer loop
      vertex 31.58 -58.7 -4
      vertex 49.81999999999999 -58.7 -4
      vertex 49.81999999999999 -44.9 -4
    endloop
  endfacet
  facet normal 0 0 1
    outer loop
      vertex 31.58 -58.7 -4
      vertex 49.81999999999999 -44.9 -4
      vertex 31.58 -44.9 -4
    endloop
  endfacet
  facet normal 0 0 1
    outer loop
      vertex 31.58 -43.9 -4
      vertex 49.81999999999999 -43.9 -4
      vertex 49.81999999999999 -30.1 -4
    endloop
  endfacet
  facet normal 0 0 1
    outer loop
      vertex 31.58 -43.9 -4
      vertex 49.81999999999999 -30.1 -4
      vertex 31.58 -30.1 -4
    endloop
  endfacet
  facet normal 0 0 1
    outer loop
      vertex 31.58 -29.1 -4
      vertex 49.81999999999999 -29.1 -4
      vertex 49.81999999999999 -15.299999999999997 -4
    endloop
  endfacet
  facet normal 0 0 1
    outer loop
      vertex 31.58 -29.1 -4
      vertex 49.81999999999999 -15.299999999999997 -4
      vertex 31.58 -15.299999999999997 -4
    endloop
  endfacet
  facet normal 0 0 1
    outer loop
      vertex 31.58 -14.299999999999997 -4
      vertex 49.81999999999999 -14.299999999999997 -4
      vertex 49.81999999999999 -0.5 -4
    endloop
  endfacet
  facet normal 0 0 1
    outer loop
      vertex 31.58 -14.299999999999997 -4
      vertex 49.81999999999999 -0.5 -4
      vertex 31.58 -0.5 -4
    endloop
  endfacet
  facet normal 0 0 1
    outer loop
      vertex 31.58 0.5 -4
      vertex 49.81999999999999 0.5 -4
      vertex 49.81999999999999 14.299999999999997 -4
    endloop
  endfacet
  facet normal 0 0 1
    outer loop
      vertex 31.58 0.5 -4
      vertex 49.81999999999999 14.299999999999997 -4
      vertex 31.58 14.299999999999997 -4
    endloop
  endfacet
  facet normal 0 0 1
    outer loop
      vertex 31.58 15.299999999999997 -4
      vertex 49.81999999999999 15.299999999999997 -4
      vertex 49.81999999999999 29.099999999999994 -4
    endloop
  endfacet
  facet normal 0 0 1
    outer loop
      vertex 31.58 15.299999999999997 -4
      vertex 49.81999999999999 29.099999999999994 -4
      vertex 31.58 29.099999999999994 -4
    endloop
  endfacet
  facet normal 0 0 1
    outer loop
      vertex 31.58 30.099999999999994 -4
      vertex 49.81999999999999 30.099999999999994 -4
      vertex 49.81999999999999 43.900000000000006 -4
    endloop
  endfacet
  facet normal 0 0 1
    outer loop
      vertex 31.58 30.099999999999994 -4
      vertex 49.81999999999999 43.900000000000006 -4
      vertex 31.58 43.900000000000006 -4
    endloop
  endfacet
  facet normal 0 0 1
    outer loop
      vertex 31.58 44.900000000000006 -4
      vertex 49.81999999999999 44.900000000000006 -4
      vertex 49.81999999999999 58.70000000000002 -4
    endloop
  endfacet
  facet normal 0 0 1
    outer loop
      vertex 31.58 44.900000000000006 -4
      vertex 49.81999999999999 58.70000000000002 -4
      vertex 31.58 58.70000000000002 -4
    endloop
  endfacet
  facet normal 0 0 1
    outer loop
      vertex 31.58 59.70000000000002 -4
      vertex 49.81999999999999 59.70000000000002 -4
      vertex 49.81999999999999 74 -4
    endloop
  endfacet
  facet normal 0 0 1
    outer loop
      vertex 31.58 59.70000000000002 -4
      vertex 49.81999999999999 74 -4
      vertex 31.58 74 -4
    endloop
  endfacet
  facet normal 0 0 1
    outer loop
      vertex 50.81999999999999 -74 -4
      vertex 60.18000000000001 -74 -4
      vertex 60.18000000000001 -59.7 -4
    endloop
  endfacet
  facet normal 0 0 1
    outer loop
      vertex 50.81999999999999 -74 -4
      vertex 60.18000000000001 -59.7 -4
      vertex 50.81999999999999 -59.7 -4
    endloop
  endfacet
  facet normal 0 0 1
    outer loop
      vertex 50.81999999999999 -58.7 -4
      vertex 60.18000000000001 -58.7 -4
      vertex 60.18000000000001 -44.9 -4
    endloop
  endfacet
  facet normal 0 0 1
    outer loop
      vertex 50.81999999999999 -58.7 -4
      vertex 60.18000000000001 -44.9 -4
      vertex 50.81999999999999 -44.9 -4
    endloop
  endfacet
  facet normal 0 0 1
    outer loop
      vertex 50.81999999999999 -43.9 -4
      vertex 60.18000000000001 -43.9 -4
      vertex 60.18000000000001 -30.1 -4
    endloop
  endfacet
  facet normal 0 0 1
    outer loop
      vertex 50.81999999999999 -43.9 -4
      vertex 60.18000000000001 -30.1 -4
      vertex 50.81999999999999 -30.1 -4
    endloop
  endfacet
  facet normal 0 0 1
    outer loop
      vertex 50.81999999999999 -29.1 -4
      vertex 60.18000000000001 -29.1 -4
      vertex 60.18000000000001 -15.299999999999997 -4
    endloop
  endfacet
  facet normal 0 0 1
    outer loop
      vertex 50.81999999999999 -29.1 -4
      vertex 60.18000000000001 -15.299999999999997 -4
      vertex 50.81999999999999 -15.299999999999997 -4
    endloop
  endfacet
  facet normal 0 0 1
    outer loop
      vertex 50.81999999999999 -14.299999999999997 -4
      vertex 60.18000000000001 -14.299999999999997 -4
      vertex 60.18000000000001 -0.5 -4
    endloop
  endfacet
  facet normal 0 0 1
    outer loop
      vertex 50.81999999999999 -14.299999999999997 -4
      vertex 60.18000000000001 -0.5 -4
      vertex 50.81999999999999 -0.5 -4
    endloop
  endfacet
  facet normal 0 0 1
    outer loop
      vertex 50.81999999999999 0.5 -4
      vertex 60.18000000000001 0.5 -4
      vertex 60.18000000000001 14.299999999999997 -4
    endloop
  endfacet
  facet normal 0 0 1
    outer loop
      vertex 50.81999999999999 0.5 -4
      vertex 60.18000000000001 14.299999999999997 -4
      vertex 50.81999999999999 14.299999999999997 -4
    endloop
  endfacet
  facet normal 0 0 1
    outer loop
      vertex 50.81999999999999 15.299999999999997 -4
      vertex 60.18000000000001 15.299999999999997 -4
      vertex 60.18000000000001 29.099999999999994 -4
    endloop
  endfacet
  facet normal 0 0 1
    outer loop
      vertex 50.81999999999999 15.299999999999997 -4
      vertex 60.18000000000001 29.099999999999994 -4
      vertex 50.81999999999999 29.099999999999994 -4
    endloop
  endfacet
  facet normal 0 0 1
    outer loop
      vertex 50.81999999999999 30.099999999999994 -4
      vertex 60.18000000000001 30.099999999999994 -4
      vertex 60.18000000000001 43.900000000000006 -4
    endloop
  endfacet
  facet normal 0 0 1
    outer loop
      vertex 50.81999999999999 30.099999999999994 -4
      vertex 60.18000000000001 43.900000000000006 -4
      vertex 50.81999999999999 43.900000000000006 -4
    endloop
  endfacet
  facet normal 0 0 1
    outer loop
      vertex 50.81999999999999 44.900000000000006 -4
      vertex 60.18000000000001 44.900000000000006 -4
      vertex 60.18000000000001 58.70000000000002 -4
    endloop
  endfacet
  facet normal 0 0 1
    outer loop
      vertex 50.81999999999999 44.900000000000006 -4
      vertex 60.18000000000001 58.70000000000002 -4
      vertex 50.81999999999999 58.70000000000002 -4
    endloop
  endfacet
  facet normal 0 0 1
    outer loop
      vertex 50.81999999999999 59.70000000000002 -4
      vertex 60.18000000000001 59.70000000000002 -4
      vertex 60.18000000000001 74 -4
    endloop
  endfacet
  facet normal 0 0 1
    outer loop
      vertex 50.81999999999999 59.70000000000002 -4
      vertex 60.18000000000001 74 -4
      vertex 50.81999999999999 74 -4
    endloop
  endfacet
  facet normal 0 0 1
    outer loop
      vertex 61.18000000000001 -74 -4
      vertex 74 -74 -4
      vertex 74 -59.7 -4
    endloop
  endfacet
  facet normal 0 0 1
    outer loop
      vertex 61.18000000000001 -74 -4
      vertex 74 -59.7 -4
      vertex 61.18000000000001 -59.7 -4
    endloop
  endfacet
  facet normal 0 0 1
    outer loop
      vertex 61.18000000000001 -58.7 -4
      vertex 74 -58.7 -4
      vertex 74 -44.9 -4
    endloop
  endfacet
  facet normal 0 0 1
    outer loop
      vertex 61.18000000000001 -58.7 -4
      vertex 74 -44.9 -4
      vertex 61.18000000000001 -44.9 -4
    endloop
  endfacet
  facet normal 0 0 1
    outer loop
      vertex 61.18000000000001 -43.9 -4
      vertex 74 -43.9 -4
      vertex 74 -30.1 -4
    endloop
  endfacet
  facet normal 0 0 1
    outer loop
      vertex 61.18000000000001 -43.9 -4
      vertex 74 -30.1 -4
      vertex 61.18000000000001 -30.1 -4
    endloop
  endfacet
  facet normal 0 0 1
    outer loop
      vertex 61.18000000000001 -29.1 -4
      vertex 74 -29.1 -4
      vertex 74 -15.299999999999997 -4
    endloop
  endfacet
  facet normal 0 0 1
    outer loop
      vertex 61.18000000000001 -29.1 -4
      vertex 74 -15.299999999999997 -4
      vertex 61.18000000000001 -15.299999999999997 -4
    endloop
  endfacet
  facet normal 0 0 1
    outer loop
      vertex 61.18000000000001 -14.299999999999997 -4
      vertex 74 -14.299999999999997 -4
      vertex 74 -0.5 -4
    endloop
  endfacet
  facet normal 0 0 1
    outer loop
      vertex 61.18000000000001 -14.299999999999997 -4
      vertex 74 -0.5 -4
      vertex 61.18000000000001 -0.5 -4
    endloop
  endfacet
  facet normal 0 0 1
    outer loop
      vertex 61.18000000000001 0.5 -4
      vertex 74 0.5 -4
      vertex 74 14.299999999999997 -4
    endloop
  endfacet
  facet normal 0 0 1
    outer loop
      vertex 61.18000000000001 0.5 -4
      vertex 74 14.299999999999997 -4
      vertex 61.18000000000001 14.299999999999997 -4
    endloop
  endfacet
  facet normal 0 0 1
    outer loop
      vertex 61.18000000000001 15.299999999999997 -4
      vertex 74 15.299999999999997 -4
      vertex 74 29.099999999999994 -4
    endloop
  endfacet
  facet normal 0 0 1
    outer loop
      vertex 61.18000000000001 15.299999999999997 -4
      vertex 74 29.099999999999994 -4
      vertex 61.18000000000001 29.099999999999994 -4
    endloop
  endfacet
  facet normal 0 0 1
    outer loop
      vertex 61.18000000000001 30.099999999999994 -4
      vertex 74 30.099999999999994 -4
      vertex 74 43.900000000000006 -4
    endloop
  endfacet
  facet normal 0 0 1
    outer loop
      vertex 61.18000000000001 30.099999999999994 -4
      vertex 74 43.900000000000006 -4
      vertex 61.18000000000001 43.900000000000006 -4
    endloop
  endfacet
  facet normal 0 0 1
    outer loop
      vertex 61.18000000000001 44.900000000000006 -4
      vertex 74 44.900000000000006 -4
      vertex 74 58.70000000000002 -4
    endloop
  endfacet
  facet normal 0 0 1
    outer loop
      vertex 61.18000000000001 44.900000000000006 -4
      vertex 74 58.70000000000002 -4
      vertex 61.18000000000001 58.70000000000002 -4
    endloop
  endfacet
  facet normal 0 0 1
    outer loop
      vertex 61.18000000000001 59.70000000000002 -4
      vertex 74 59.70000000000002 -4
      vertex 74 74 -4
    endloop
  endfacet
  facet normal 0 0 1
    outer loop
      vertex 61.18000000000001 59.70000000000002 -4
      vertex 74 74 -4
      vertex 61.18000000000001 74 -4
    endloop
  endfacet
  facet normal 0 1 0
    outer loop
      vertex -61.18 -74 -4
      vertex -74 -74 -4
      vertex -74 -74 5
    endloop
  endfacet
  facet normal 0 1 0
    outer loop
      vertex -61.18 -74 -4
      vertex -74 -74 5
      vertex -61.18 -74 5
    endloop
  endfacet
  facet normal 0 1 0
    outer loop
      vertex -44.9 -74 -4
      vertex -60.18 -74 -4
      vertex -60.18 -74 5
    endloop
  endfacet
  facet normal 0 1 0
    outer loop
      vertex -44.9 -74 -4
      vertex -60.18 -74 5
      vertex -44.9 -74 5
    endloop
  endfacet
  facet normal 0 1 0
    outer loop
      vertex -30.1 -74 -4
      vertex -43.9 -74 -4
      vertex -43.9 -74 5
    endloop
  endfacet
  facet normal 0 1 0
    outer loop
      vertex -30.1 -74 -4
      vertex -43.9 -74 5
      vertex -30.1 -74 5
    endloop
  endfacet
  facet normal 0 1 0
    outer loop
      vertex -21.22 -74 -4
      vertex -29.1 -74 -4
      vertex -29.1 -74 5
    endloop
  endfacet
  facet normal 0 1 0
    outer loop
      vertex -21.22 -74 -4
      vertex -29.1 -74 5
      vertex -21.22 -74 5
    endloop
  endfacet
  facet normal 0 1 0
    outer loop
      vertex -10.86 -74 -4
      vertex -20.22 -74 -4
      vertex -20.22 -74 5
    endloop
  endfacet
  facet normal 0 1 0
    outer loop
      vertex -10.86 -74 -4
      vertex -20.22 -74 5
      vertex -10.86 -74 5
    endloop
  endfacet
  facet normal 0 1 0
    outer loop
      vertex 9.86 -74 -4
      vertex -9.86 -74 -4
      vertex -9.86 -74 5
    endloop
  endfacet
  facet normal 0 1 0
    outer loop
      vertex 9.86 -74 -4
      vertex -9.86 -74 5
      vertex 9.86 -74 5
    endloop
  endfacet
  facet normal 0 1 0
    outer loop
      vertex 20.22 -74 -4
      vertex 10.86 -74 -4
      vertex 10.86 -74 5
    endloop
  endfacet
  facet normal 0 1 0
    outer loop
      vertex 20.22 -74 -4
      vertex 10.86 -74 5
      vertex 20.22 -74 5
    endloop
  endfacet
  facet normal 0 1 0
    outer loop
      vertex 30.58 -74 -4
      vertex 21.22 -74 -4
      vertex 21.22 -74 5
    endloop
  endfacet
  facet normal 0 1 0
    outer loop
      vertex 30.58 -74 -4
      vertex 21.22 -74 5
      vertex 30.58 -74 5
    endloop
  endfacet
  facet normal 0 1 0
    outer loop
      vertex 49.81999999999999 -74 -4
      vertex 31.58 -74 -4
      vertex 31.58 -74 5
    endloop
  endfacet
  facet normal 0 1 0
    outer loop
      vertex 49.81999999999999 -74 -4
      vertex 31.58 -74 5
      vertex 49.81999999999999 -74 5
    endloop
  endfacet
  facet normal 0 1 0
    outer loop
      vertex 60.18000000000001 -74 -4
      vertex 50.81999999999999 -74 -4
      vertex 50.81999999999999 -74 5
    endloop
  endfacet
  facet normal 0 1 0
    outer loop
      vertex 60.18000000000001 -74 -4
      vertex 50.81999999999999 -74 5
      vertex 60.18000000000001 -74 5
    endloop
  endfacet
  facet normal 0 1 0
    outer loop
      vertex 74 -74 -4
      vertex 61.18000000000001 -74 -4
      vertex 61.18000000000001 -74 5
    endloop
  endfacet
  facet normal 0 1 0
    outer loop
      vertex 74 -74 -4
      vertex 61.18000000000001 -74 5
      vertex 74 -74 5
    endloop
  endfacet
  facet normal 0 -1 0
    outer loop
      vertex -74 74 -4
      vertex -61.18 74 -4
      vertex -61.18 74 5
    endloop
  endfacet
  facet normal 0 -1 0
    outer loop
      vertex -74 74 -4
      vertex -61.18 74 5
      vertex -74 74 5
    endloop
  endfacet
  facet normal 0 -1 0
    outer loop
      vertex -60.18 74 -4
      vertex -44.9 74 -4
      vertex -44.9 74 5
    endloop
  endfacet
  facet normal 0 -1 0
    outer loop
      vertex -60.18 74 -4
      vertex -44.9 74 5
      vertex -60.18 74 5
    endloop
  endfacet
  facet normal 0 -1 0
    outer loop
      vertex -43.9 74 -4
      vertex -30.1 74 -4
      vertex -30.1 74 5
    endloop
  endfacet
  facet normal 0 -1 0
    outer loop
      vertex -43.9 74 -4
      vertex -30.1 74 5
      vertex -43.9 74 5
    endloop
  endfacet
  facet normal 0 -1 0
    outer loop
      vertex -29.1 74 -4
      vertex -21.22 74 -4
      vertex -21.22 74 5
    endloop
  endfacet
  facet normal 0 -1 0
    outer loop
      vertex -29.1 74 -4
      vertex -21.22 74 5
      vertex -29.1 74 5
    endloop
  endfacet
  facet normal 0 -1 0
    outer loop
      vertex -20.22 74 -4
      vertex -10.86 74 -4
      vertex -10.86 74 5
    endloop
  endfacet
  facet normal 0 -1 0
    outer loop
      vertex -20.22 74 -4
      vertex -10.86 74 5
      vertex -20.22 74 5
    endloop
  endfacet
  facet normal 0 -1 0
    outer loop
      vertex -9.86 74 -4
      vertex 9.86 74 -4
      vertex 9.86 74 5
    endloop
  endfacet
  facet normal 0 -1 0
    outer loop
      vertex -9.86 74 -4
      vertex 9.86 74 5
      vertex -9.86 74 5
    endloop
  endfacet
  facet normal 0 -1 0
    outer loop
      vertex 10.86 74 -4
      vertex 20.22 74 -4
      vertex 20.22 74 5
    endloop
  endfacet
  facet normal 0 -1 0
    outer loop
      vertex 10.86 74 -4
      vertex 20.22 74 5
      vertex 10.86 74 5
    endloop
  endfacet
  facet normal 0 -1 0
    outer loop
      vertex 21.22 74 -4
      vertex 30.58 74 -4
      vertex 30.58 74 5
    endloop
  endfacet
  facet normal 0 -1 0
    outer loop
      vertex 21.22 74 -4
      vertex 30.58 74 5
      vertex 21.22 74 5
    endloop
  endfacet
  facet normal 0 -1 0
    outer loop
      vertex 31.58 74 -4
      vertex 49.81999999999999 74 -4
      vertex 49.81999999999999 74 5
    endloop
  endfacet
  facet normal 0 -1 0
    outer loop
      vertex 31.58 74 -4
      vertex 49.81999999999999 74 5
      vertex 31.58 74 5
    endloop
  endfacet
  facet normal 0 -1 0
    outer loop
      vertex 50.81999999999999 74 -4
      vertex 60.18000000000001 74 -4
      vertex 60.18000000000001 74 5
    endloop
  endfacet
  facet normal 0 -1 0
    outer loop
      vertex 50.81999999999999 74 -4
      vertex 60.18000000000001 74 5
      vertex 50.81999999999999 74 5
    endloop
  endfacet
  facet normal 0 -1 0
    outer loop
      vertex 61.18000000000001 74 -4
      vertex 74 74 -4
      vertex 74 74 5
    endloop
  endfacet
  facet normal 0 -1 0
    outer loop
      vertex 61.18000000000001 74 -4
      vertex 74 74 5
      vertex 61.18000000000001 74 5
    endloop
  endfacet
  facet normal 1 0 0
    outer loop
      vertex -74 -74 -4
      vertex -74 -59.7 -4
      vertex -74 -59.7 5
    endloop
  endfacet
  facet normal 1 0 0
    outer loop
      vertex -74 -74 -4
      vertex -74 -59.7 5
      vertex -74 -74 5
    endloop
  endfacet
  facet normal 1 0 0
    outer loop
      vertex -74 -58.7 -4
      vertex -74 -44.9 -4
      vertex -74 -44.9 5
    endloop
  endfacet
  facet normal 1 0 0
    outer loop
      vertex -74 -58.7 -4
      vertex -74 -44.9 5
      vertex -74 -58.7 5
    endloop
  endfacet
  facet normal 1 0 0
    outer loop
      vertex -74 -43.9 -4
      vertex -74 -30.1 -4
      vertex -74 -30.1 5
    endloop
  endfacet
  facet normal 1 0 0
    outer loop
      vertex -74 -43.9 -4
      vertex -74 -30.1 5
      vertex -74 -43.9 5
    endloop
  endfacet
  facet normal 1 0 0
    outer loop
      vertex -74 -29.1 -4
      vertex -74 -15.299999999999997 -4
      vertex -74 -15.299999999999997 5
    endloop
  endfacet
  facet normal 1 0 0
    outer loop
      vertex -74 -29.1 -4
      vertex -74 -15.299999999999997 5
      vertex -74 -29.1 5
    endloop
  endfacet
  facet normal 1 0 0
    outer loop
      vertex -74 -14.299999999999997 -4
      vertex -74 -0.5 -4
      vertex -74 -0.5 5
    endloop
  endfacet
  facet normal 1 0 0
    outer loop
      vertex -74 -14.299999999999997 -4
      vertex -74 -0.5 5
      vertex -74 -14.299999999999997 5
    endloop
  endfacet
  facet normal 1 0 0
    outer loop
      vertex -74 0.5 -4
      vertex -74 14.299999999999997 -4
      vertex -74 14.299999999999997 5
    endloop
  endfacet
  facet normal 1 0 0
    outer loop
      vertex -74 0.5 -4
      vertex -74 14.299999999999997 5
      vertex -74 0.5 5
    endloop
  endfacet
  facet normal 1 0 0
    outer loop
      vertex -74 15.299999999999997 -4
      vertex -74 29.099999999999994 -4
      vertex -74 29.099999999999994 5
    endloop
  endfacet
  facet normal 1 0 0
    outer loop
      vertex -74 15.299999999999997 -4
      vertex -74 29.099999999999994 5
      vertex -74 15.299999999999997 5
    endloop
  endfacet
  facet normal 1 0 0
    outer loop
      vertex -74 30.099999999999994 -4
      vertex -74 43.900000000000006 -4
      vertex -74 43.900000000000006 5
    endloop
  endfacet
  facet normal 1 0 0
    outer loop
      vertex -74 30.099999999999994 -4
      vertex -74 43.900000000000006 5
      vertex -74 30.099999999999994 5
    endloop
  endfacet
  facet normal 1 0 0
    outer loop
      vertex -74 44.900000000000006 -4
      vertex -74 58.70000000000002 -4
      vertex -74 58.70000000000002 5
    endloop
  endfacet
  facet normal 1 0 0
    outer loop
      vertex -74 44.900000000000006 -4
      vertex -74 58.70000000000002 5
      vertex -74 44.900000000000006 5
    endloop
  endfacet
  facet normal 1 0 0
    outer loop
      vertex -74 59.70000000000002 -4
      vertex -74 74 -4
      vertex -74 74 5
    endloop
  endfacet
  facet normal 1 0 0
    outer loop
      vertex -74 59.70000000000002 -4
      vertex -74 74 5
      vertex -74 59.70000000000002 5
    endloop
  endfacet
  facet normal -1 0 0
    outer loop
      vertex 74 -59.7 -4
      vertex 74 -74 -4
      vertex 74 -74 5
    endloop
  endfacet
  facet normal -1 0 0
    outer loop
      vertex 74 -59.7 -4
      vertex 74 -74 5
      vertex 74 -59.7 5
    endloop
  endfacet
  facet normal -1 0 0
    outer loop
      vertex 74 -44.9 -4
      vertex 74 -58.7 -4
      vertex 74 -58.7 5
    endloop
  endfacet
  facet normal -1 0 0
    outer loop
      vertex 74 -44.9 -4
      vertex 74 -58.7 5
      vertex 74 -44.9 5
    endloop
  endfacet
  facet normal -1 0 0
    outer loop
      vertex 74 -30.1 -4
      vertex 74 -43.9 -4
      vertex 74 -43.9 5
    endloop
  endfacet
  facet normal -1 0 0
    outer loop
      vertex 74 -30.1 -4
      vertex 74 -43.9 5
      vertex 74 -30.1 5
    endloop
  endfacet
  facet normal -1 0 0
    outer loop
      vertex 74 -15.299999999999997 -4
      vertex 74 -29.1 -4
      vertex 74 -29.1 5
    endloop
  endfacet
  facet normal -1 0 0
    outer loop
      vertex 74 -15.299999999999997 -4
      vertex 74 -29.1 5
      vertex 74 -15.299999999999997 5
    endloop
  endfacet
  facet normal -1 0 0
    outer loop
      vertex 74 -0.5 -4
      vertex 74 -14.299999999999997 -4
      vertex 74 -14.299999999999997 5
    endloop
  endfacet
  facet normal -1 0 0
    outer loop
      vertex 74 -0.5 -4
      vertex 74 -14.299999999999997 5
      vertex 74 -0.5 5
    endloop
  endfacet
  facet normal -1 0 0
    outer loop
      vertex 74 14.299999999999997 -4
      vertex 74 0.5 -4
      vertex 74 0.5 5
    endloop
  endfacet
  facet normal -1 0 0
    outer loop
      vertex 74 14.299999999999997 -4
      vertex 74 0.5 5
      vertex 74 14.299999999999997 5
    endloop
  endfacet
  facet normal -1 0 0
    outer loop
      vertex 74 29.099999999999994 -4
      vertex 74 15.299999999999997 -4
      vertex 74 15.299999999999997 5
    endloop
  endfacet
  facet normal -1 0 0
    outer loop
      vertex 74 29.099999999999994 -4
      vertex 74 15.299999999999997 5
      vertex 74 29.099999999999994 5
    endloop
  endfacet
  facet normal -1 0 0
    outer loop
      vertex 74 43.900000000000006 -4
      vertex 74 30.099999999999994 -4
      vertex 74 30.099999999999994 5
    endloop
  endfacet
  facet normal -1 0 0
    outer loop
      vertex 74 43.900000000000006 -4
      vertex 74 30.099999999999994 5
      vertex 74 43.900000000000006 5
    endloop
  endfacet
  facet normal -1 0 0
    outer loop
      vertex 74 58.70000000000002 -4
      vertex 74 44.900000000000006 -4
      vertex 74 44.900000000000006 5
    endloop
  endfacet
  facet normal -1 0 0
    outer loop
      vertex 74 58.70000000000002 -4
      vertex 74 44.900000000000006 5
      vertex 74 58.70000000000002 5
    endloop
  endfacet
  facet normal -1 0 0
    outer loop
      vertex 74 74 -4
      vertex 74 59.70000000000002 -4
      vertex 74 59.70000000000002 5
    endloop
  endfacet
  facet normal -1 0 0
    outer loop
      vertex 74 74 -4
      vertex 74 59.70000000000002 5
      vertex 74 74 5
    endloop
  endfacet
  facet normal 0 0 1
    outer loop
      vertex -75 -75 5
      vertex -74 -75 5
      vertex -74 -74 5
    endloop
  endfacet
  facet normal 0 0 1
    outer loop
      vertex -75 -75 5
      vertex -74 -74 5
      vertex -75 -74 5
    endloop
  endfacet
  facet normal 0 0 1
    outer loop
      vertex -75 -74 5
      vertex -74 -74 5
      vertex -74 -59.7 5
    endloop
  endfacet
  facet normal 0 0 1
    outer loop
      vertex -75 -74 5
      vertex -74 -59.7 5
      vertex -75 -59.7 5
    endloop
  endfacet
  facet normal 0 0 1
    outer loop
      vertex -75 -59.7 5
      vertex -74 -59.7 5
      vertex -74 -58.7 5
    endloop
  endfacet
  facet normal 0 0 1
    outer loop
      vertex -75 -59.7 5
      vertex -74 -58.7 5
      vertex -75 -58.7 5
    endloop
  endfacet
  facet normal 0 0 1
    outer loop
      vertex -75 -58.7 5
      vertex -74 -58.7 5
      vertex -74 -44.9 5
    endloop
  endfacet
  facet normal 0 0 1
    outer loop
      vertex -75 -58.7 5
      vertex -74 -44.9 5
      vertex -75 -44.9 5
    endloop
  endfacet
  facet normal 0 0 1
    outer loop
      vertex -75 -44.9 5
      vertex -74 -44.9 5
      vertex -74 -43.9 5
    endloop
  endfacet
  facet normal 0 0 1
    outer loop
      vertex -75 -44.9 5
      vertex -74 -43.9 5
      vertex -75 -43.9 5
    endloop
  endfacet
  facet normal 0 0 1
    outer loop
      vertex -75 -43.9 5
      vertex -74 -43.9 5
      vertex -74 -30.1 5
    endloop
  endfacet
  facet normal 0 0 1
    outer loop
      vertex -75 -43.9 5
      vertex -74 -30.1 5
      vertex -75 -30.1 5
    endloop
  endfacet
  facet normal 0 0 1
    outer loop
      vertex -75 -30.1 5
      vertex -74 -30.1 5
      vertex -74 -29.1 5
    endloop
  endfacet
  facet normal 0 0 1
    outer loop
      vertex -75 -30.1 5
      vertex -74 -29.1 5
      vertex -75 -29.1 5
    endloop
  endfacet
  facet normal 0 0 1
    outer loop
      vertex -75 -29.1 5
      vertex -74 -29.1 5
      vertex -74 -15.299999999999997 5
    endloop
  endfacet
  facet normal 0 0 1
    outer loop
      vertex -75 -29.1 5
      vertex -74 -15.299999999999997 5
      vertex -75 -15.299999999999997 5
    endloop
  endfacet
  facet normal 0 0 1
    outer loop
      vertex -75 -15.299999999999997 5
      vertex -74 -15.299999999999997 5
      vertex -74 -14.299999999999997 5
    endloop
  endfacet
  facet normal 0 0 1
    outer loop
      vertex -75 -15.299999999999997 5
      vertex -74 -14.299999999999997 5
      vertex -75 -14.299999999999997 5
    endloop
  endfacet
  facet normal 0 0 1
    outer loop
      vertex -75 -14.299999999999997 5
      vertex -74 -14.299999999999997 5
      vertex -74 -0.5 5
    endloop
  endfacet
  facet normal 0 0 1
    outer loop
      vertex -75 -14.299999999999997 5
      vertex -74 -0.5 5
      vertex -75 -0.5 5
    endloop
  endfacet
  facet normal 0 0 1
    outer loop
      vertex -75 -0.5 5
      vertex -74 -0.5 5
      vertex -74 0.5 5
    endloop
  endfacet
  facet normal 0 0 1
    outer loop
      vertex -75 -0.5 5
      vertex -74 0.5 5
      vertex -75 0.5 5
    endloop
  endfacet
  facet normal 0 0 1
    outer loop
      vertex -75 0.5 5
      vertex -74 0.5 5
      vertex -74 14.299999999999997 5
    endloop
  endfacet
  facet normal 0 0 1
    outer loop
      vertex -75 0.5 5
      vertex -74 14.299999999999997 5
      vertex -75 14.299999999999997 5
    endloop
  endfacet
  facet normal 0 0 1
    outer loop
      vertex -75 14.299999999999997 5
      vertex -74 14.299999999999997 5
      vertex -74 15.299999999999997 5
    endloop
  endfacet
  facet normal 0 0 1
    outer loop
      vertex -75 14.299999999999997 5
      vertex -74 15.299999999999997 5
      vertex -75 15.299999999999997 5
    endloop
  endfacet
  facet normal 0 0 1
    outer loop
      vertex -75 15.299999999999997 5
      vertex -74 15.299999999999997 5
      vertex -74 29.099999999999994 5
    endloop
  endfacet
  facet normal 0 0 1
    outer loop
      vertex -75 15.299999999999997 5
      vertex -74 29.099999999999994 5
      vertex -75 29.099999999999994 5
    endloop
  endfacet
  facet normal 0 0 1
    outer loop
      vertex -75 29.099999999999994 5
      vertex -74 29.099999999999994 5
      vertex -74 30.099999999999994 5
    endloop
  endfacet
  facet normal 0 0 1
    outer loop
      vertex -75 29.099999999999994 5
      vertex -74 30.099999999999994 5
      vertex -75 30.099999999999994 5
    endloop
  endfacet
  facet normal 0 0 1
    outer loop
      vertex -75 30.099999999999994 5
      vertex -74 30.099999999999994 5
      vertex -74 43.900000000000006 5
    endloop
  endfacet
  facet normal 0 0 1
    outer loop
      vertex -75 30.099999999999994 5
      vertex -74 43.900000000000006 5
      vertex -75 43.900000000000006 5
    endloop
  endfacet
  facet normal 0 0 1
    outer loop
      vertex -75 43.900000000000006 5
      vertex -74 43.900000000000006 5
      vertex -74 44.900000000000006 5
    endloop
  endfacet
  facet normal 0 0 1
    outer loop
      vertex -75 43.900000000000006 5
      vertex -74 44.900000000000006 5
      vertex -75 44.900000000000006 5
    endloop
  endfacet
  facet normal 0 0 1
    outer loop
      vertex -75 44.900000000000006 5
      vertex -74 44.900000000000006 5
      vertex -74 58.70000000000002 5
    endloop
  endfacet
  facet normal 0 0 1
    outer loop
      vertex -75 44.900000000000006 5
      vertex -74 58.70000000000002 5
      vertex -75 58.70000000000002 5
    endloop
  endfacet
  facet normal 0 0 1
    outer loop
      vertex -75 58.70000000000002 5
      vertex -74 58.70000000000002 5
      vertex -74 59.70000000000002 5
    endloop
  endfacet
  facet normal 0 0 1
    outer loop
      vertex -75 58.70000000000002 5
      vertex -74 59.70000000000002 5
      vertex -75 59.70000000000002 5
    endloop
  endfacet
  facet normal 0 0 1
    outer loop
      vertex -75 59.70000000000002 5
      vertex -74 59.70000000000002 5
      vertex -74 74 5
    endloop
  endfacet
  facet normal 0 0 1
    outer loop
      vertex -75 59.70000000000002 5
      vertex -74 74 5
      vertex -75 74 5
    endloop
  endfacet
  facet normal 0 0 1
    outer loop
      vertex -75 74 5
      vertex -74 74 5
      vertex -74 75 5
    endloop
  endfacet
  facet normal 0 0 1
    outer loop
      vertex -75 74 5
      vertex -74 75 5
      vertex -75 75 5
    endloop
  endfacet
  facet normal 0 0 1
    outer loop
      vertex -74 -75 5
      vertex -61.18 -75 5
      vertex -61.18 -74 5
    endloop
  endfacet
  facet normal 0 0 1
    outer loop
      vertex -74 -75 5
      vertex -61.18 -74 5
      vertex -74 -74 5
    endloop
  endfacet
  facet normal 0 0 1
    outer loop
      vertex -74 -59.7 5
      vertex -61.18 -59.7 5
      vertex -61.18 -58.7 5
    endloop
  endfacet
  facet normal 0 0 1
    outer loop
      vertex -74 -59.7 5
      vertex -61.18 -58.7 5
      vertex -74 -58.7 5
    endloop
  endfacet
  facet normal 0 0 1
    outer loop
      vertex -74 -44.9 5
      vertex -61.18 -44.9 5
      vertex -61.18 -43.9 5
    endloop
  endfacet
  facet normal 0 0 1
    outer loop
      vertex -74 -44.9 5
      vertex -61.18 -43.9 5
      vertex -74 -43.9 5
    endloop
  endfacet
  facet normal 0 0 1
    outer loop
      vertex -74 -30.1 5
      vertex -61.18 -30.1 5
      vertex -61.18 -29.1 5
    endloop
  endfacet
  facet normal 0 0 1
    outer loop
      vertex -74 -30.1 5
      vertex -61.18 -29.1 5
      vertex -74 -29.1 5
    endloop
  endfacet
  facet normal 0 0 1
    outer loop
      vertex -74 -15.299999999999997 5
      vertex -61.18 -15.299999999999997 5
      vertex -61.18 -14.299999999999997 5
    endloop
  endfacet
  facet normal 0 0 1
    outer loop
      vertex -74 -15.299999999999997 5
      vertex -61.18 -14.299999999999997 5
      vertex -74 -14.299999999999997 5
    endloop
  endfacet
  facet normal 0 0 1
    outer loop
      vertex -74 -0.5 5
      vertex -61.18 -0.5 5
      vertex -61.18 0.5 5
    endloop
  endfacet
  facet normal 0 0 1
    outer loop
      vertex -74 -0.5 5
      vertex -61.18 0.5 5
      vertex -74 0.5 5
    endloop
  endfacet
  facet normal 0 0 1
    outer loop
      vertex -74 14.299999999999997 5
      vertex -61.18 14.299999999999997 5
      vertex -61.18 15.299999999999997 5
    endloop
  endfacet
  facet normal 0 0 1
    outer loop
      vertex -74 14.299999999999997 5
      vertex -61.18 15.299999999999997 5
      vertex -74 15.299999999999997 5
    endloop
  endfacet
  facet normal 0 0 1
    outer loop
      vertex -74 29.099999999999994 5
      vertex -61.18 29.099999999999994 5
      vertex -61.18 30.099999999999994 5
    endloop
  endfacet
  facet normal 0 0 1
    outer loop
      vertex -74 29.099999999999994 5
      vertex -61.18 30.099999999999994 5
      vertex -74 30.099999999999994 5
    endloop
  endfacet
  facet normal 0 0 1
    outer loop
      vertex -74 43.900000000000006 5
      vertex -61.18 43.900000000000006 5
      vertex -61.18 44.900000000000006 5
    endloop
  endfacet
  facet normal 0 0 1
    outer loop
      vertex -74 43.900000000000006 5
      vertex -61.18 44.900000000000006 5
      vertex -74 44.900000000000006 5
    endloop
  endfacet
  facet normal 0 0 1
    outer loop
      vertex -74 58.70000000000002 5
      vertex -61.18 58.70000000000002 5
      vertex -61.18 59.70000000000002 5
    endloop
  endfacet
  facet normal 0 0 1
    outer loop
      vertex -74 58.70000000000002 5
      vertex -61.18 59.70000000000002 5
      vertex -74 59.70000000000002 5
    endloop
  endfacet
  facet normal 0 0 1
    outer loop
      vertex -74 74 5
      vertex -61.18 74 5
      vertex -61.18 75 5
    endloop
  endfacet
  facet normal 0 0 1
    outer loop
      vertex -74 74 5
      vertex -61.18 75 5
      vertex -74 75 5
    endloop
  endfacet
  facet normal 0 0 1
    outer loop
      vertex -61.18 -75 5
      vertex -60.18 -75 5
      vertex -60.18 -74 5
    endloop
  endfacet
  facet normal 0 0 1
    outer loop
      vertex -61.18 -75 5
      vertex -60.18 -74 5
      vertex -61.18 -74 5
    endloop
  endfacet
  facet normal 0 0 1
    outer loop
      vertex -61.18 -74 5
      vertex -60.18 -74 5
      vertex -60.18 -59.7 5
    endloop
  endfacet
  facet normal 0 0 1
    outer loop
      vertex -61.18 -74 5
      vertex -60.18 -59.7 5
      vertex -61.18 -59.7 5
    endloop
  endfacet
  facet normal 0 0 1
    outer loop
      vertex -61.18 -59.7 5
      vertex -60.18 -59.7 5
      vertex -60.18 -58.7 5
    endloop
  endfacet
  facet normal 0 0 1
    outer loop
      vertex -61.18 -59.7 5
      vertex -60.18 -58.7 5
      vertex -61.18 -58.7 5
    endloop
  endfacet
  facet normal 0 0 1
    outer loop
      vertex -61.18 -58.7 5
      vertex -60.18 -58.7 5
      vertex -60.18 -44.9 5
    endloop
  endfacet
  facet normal 0 0 1
    outer loop
      vertex -61.18 -58.7 5
      vertex -60.18 -44.9 5
      vertex -61.18 -44.9 5
    endloop
  endfacet
  facet normal 0 0 1
    outer loop
      vertex -61.18 -44.9 5
      vertex -60.18 -44.9 5
      vertex -60.18 -43.9 5
    endloop
  endfacet
  facet normal 0 0 1
    outer loop
      vertex -61.18 -44.9 5
      vertex -60.18 -43.9 5
      vertex -61.18 -43.9 5
    endloop
  endfacet
  facet normal 0 0 1
    outer loop
      vertex -61.18 -43.9 5
      vertex -60.18 -43.9 5
      vertex -60.18 -30.1 5
    endloop
  endfacet
  facet normal 0 0 1
    outer loop
      vertex -61.18 -43.9 5
      vertex -60.18 -30.1 5
      vertex -61.18 -30.1 5
    endloop
  endfacet
  facet normal 0 0 1
    outer loop
      vertex -61.18 -30.1 5
      vertex -60.18 -30.1 5
      vertex -60.18 -29.1 5
    endloop
  endfacet
  facet normal 0 0 1
    outer loop
      vertex -61.18 -30.1 5
      vertex -60.18 -29.1 5
      vertex -61.18 -29.1 5
    endloop
  endfacet
  facet normal 0 0 1
    outer loop
      vertex -61.18 -29.1 5
      vertex -60.18 -29.1 5
      vertex -60.18 -15.299999999999997 5
    endloop
  endfacet
  facet normal 0 0 1
    outer loop
      vertex -61.18 -29.1 5
      vertex -60.18 -15.299999999999997 5
      vertex -61.18 -15.299999999999997 5
    endloop
  endfacet
  facet normal 0 0 1
    outer loop
      vertex -61.18 -15.299999999999997 5
      vertex -60.18 -15.299999999999997 5
      vertex -60.18 -14.299999999999997 5
    endloop
  endfacet
  facet normal 0 0 1
    outer loop
      vertex -61.18 -15.299999999999997 5
      vertex -60.18 -14.299999999999997 5
      vertex -61.18 -14.299999999999997 5
    endloop
  endfacet
  facet normal 0 0 1
    outer loop
      vertex -61.18 -14.299999999999997 5
      vertex -60.18 -14.299999999999997 5
      vertex -60.18 -0.5 5
    endloop
  endfacet
  facet normal 0 0 1
    outer loop
      vertex -61.18 -14.299999999999997 5
      vertex -60.18 -0.5 5
      vertex -61.18 -0.5 5
    endloop
  endfacet
  facet normal 0 0 1
    outer loop
      vertex -61.18 -0.5 5
      vertex -60.18 -0.5 5
      vertex -60.18 0.5 5
    endloop
  endfacet
  facet normal 0 0 1
    outer loop
      vertex -61.18 -0.5 5
      vertex -60.18 0.5 5
      vertex -61.18 0.5 5
    endloop
  endfacet
  facet normal 0 0 1
    outer loop
      vertex -61.18 0.5 5
      vertex -60.18 0.5 5
      vertex -60.18 14.299999999999997 5
    endloop
  endfacet
  facet normal 0 0 1
    outer loop
      vertex -61.18 0.5 5
      vertex -60.18 14.299999999999997 5
      vertex -61.18 14.299999999999997 5
    endloop
  endfacet
  facet normal 0 0 1
    outer loop
      vertex -61.18 14.299999999999997 5
      vertex -60.18 14.299999999999997 5
      vertex -60.18 15.299999999999997 5
    endloop
  endfacet
  facet normal 0 0 1
    outer loop
      vertex -61.18 14.299999999999997 5
      vertex -60.18 15.299999999999997 5
      vertex -61.18 15.299999999999997 5
    endloop
  endfacet
  facet normal 0 0 1
    outer loop
      vertex -61.18 15.299999999999997 5
      vertex -60.18 15.299999999999997 5
      vertex -60.18 29.099999999999994 5
    endloop
  endfacet
  facet normal 0 0 1
    outer loop
      vertex -61.18 15.299999999999997 5
      vertex -60.18 29.099999999999994 5
      vertex -61.18 29.099999999999994 5
    endloop
  endfacet
  facet normal 0 0 1
    outer loop
      vertex -61.18 29.099999999999994 5
      vertex -60.18 29.099999999999994 5
      vertex -60.18 30.099999999999994 5
    endloop
  endfacet
  facet normal 0 0 1
    outer loop
      vertex -61.18 29.099999999999994 5
      vertex -60.18 30.099999999999994 5
      vertex -61.18 30.099999999999994 5
    endloop
  endfacet
  facet normal 0 0 1
    outer loop
      vertex -61.18 30.099999999999994 5
      vertex -60.18 30.099999999999994 5
      vertex -60.18 43.900000000000006 5
    endloop
  endfacet
  facet normal 0 0 1
    outer loop
      vertex -61.18 30.099999999999994 5
      vertex -60.18 43.900000000000006 5
      vertex -61.18 43.900000000000006 5
    endloop
  endfacet
  facet normal 0 0 1
    outer loop
      vertex -61.18 43.900000000000006 5
      vertex -60.18 43.900000000000006 5
      vertex -60.18 44.900000000000006 5
    endloop
  endfacet
  facet normal 0 0 1
    outer loop
      vertex -61.18 43.900000000000006 5
      vertex -60.18 44.900000000000006 5
      vertex -61.18 44.900000000000006 5
    endloop
  endfacet
  facet normal 0 0 1
    outer loop
      vertex -61.18 44.900000000000006 5
      vertex -60.18 44.900000000000006 5
      vertex -60.18 58.70000000000002 5
    endloop
  endfacet
  facet normal 0 0 1
    outer loop
      vertex -61.18 44.900000000000006 5
      vertex -60.18 58.70000000000002 5
      vertex -61.18 58.70000000000002 5
    endloop
  endfacet
  facet normal 0 0 1
    outer loop
      vertex -61.18 58.70000000000002 5
      vertex -60.18 58.70000000000002 5
      vertex -60.18 59.70000000000002 5
    endloop
  endfacet
  facet normal 0 0 1
    outer loop
      vertex -61.18 58.70000000000002 5
      vertex -60.18 59.70000000000002 5
      vertex -61.18 59.70000000000002 5
    endloop
  endfacet
  facet normal 0 0 1
    outer loop
      vertex -61.18 59.70000000000002 5
      vertex -60.18 59.70000000000002 5
      vertex -60.18 74 5
    endloop
  endfacet
  facet normal 0 0 1
    outer loop
      vertex -61.18 59.70000000000002 5
      vertex -60.18 74 5
      vertex -61.18 74 5
    endloop
  endfacet
  facet normal 0 0 1
    outer loop
      vertex -61.18 74 5
      vertex -60.18 74 5
      vertex -60.18 75 5
    endloop
  endfacet
  facet normal 0 0 1
    outer loop
      vertex -61.18 74 5
      vertex -60.18 75 5
      vertex -61.18 75 5
    endloop
  endfacet
  facet normal 0 0 1
    outer loop
      vertex -60.18 -75 5
      vertex -44.9 -75 5
      vertex -44.9 -74 5
    endloop
  endfacet
  facet normal 0 0 1
    outer loop
      vertex -60.18 -75 5
      vertex -44.9 -74 5
      vertex -60.18 -74 5
    endloop
  endfacet
  facet normal 0 0 1
    outer loop
      vertex -60.18 -59.7 5
      vertex -44.9 -59.7 5
      vertex -44.9 -58.7 5
    endloop
  endfacet
  facet normal 0 0 1
    outer loop
      vertex -60.18 -59.7 5
      vertex -44.9 -58.7 5
      vertex -60.18 -58.7 5
    endloop
  endfacet
  facet normal 0 0 1
    outer loop
      vertex -60.18 -44.9 5
      vertex -44.9 -44.9 5
      vertex -44.9 -43.9 5
    endloop
  endfacet
  facet normal 0 0 1
    outer loop
      vertex -60.18 -44.9 5
      vertex -44.9 -43.9 5
      vertex -60.18 -43.9 5
    endloop
  endfacet
  facet normal 0 0 1
    outer loop
      vertex -60.18 -30.1 5
      vertex -44.9 -30.1 5
      vertex -44.9 -29.1 5
    endloop
  endfacet
  facet normal 0 0 1
    outer loop
      vertex -60.18 -30.1 5
      vertex -44.9 -29.1 5
      vertex -60.18 -29.1 5
    endloop
  endfacet
  facet normal 0 0 1
    outer loop
      vertex -60.18 -15.299999999999997 5
      vertex -44.9 -15.299999999999997 5
      vertex -44.9 -14.299999999999997 5
    endloop
  endfacet
  facet normal 0 0 1
    outer loop
      vertex -60.18 -15.299999999999997 5
      vertex -44.9 -14.299999999999997 5
      vertex -60.18 -14.299999999999997 5
    endloop
  endfacet
  facet normal 0 0 1
    outer loop
      vertex -60.18 -0.5 5
      vertex -44.9 -0.5 5
      vertex -44.9 0.5 5
    endloop
  endfacet
  facet normal 0 0 1
    outer loop
      vertex -60.18 -0.5 5
      vertex -44.9 0.5 5
      vertex -60.18 0.5 5
    endloop
  endfacet
  facet normal 0 0 1
    outer loop
      vertex -60.18 14.299999999999997 5
      vertex -44.9 14.299999999999997 5
      vertex -44.9 15.299999999999997 5
    endloop
  endfacet
  facet normal 0 0 1
    outer loop
      vertex -60.18 14.299999999999997 5
      vertex -44.9 15.299999999999997 5
      vertex -60.18 15.299999999999997 5
    endloop
  endfacet
  facet normal 0 0 1
    outer loop
      vertex -60.18 29.099999999999994 5
      vertex -44.9 29.099999999999994 5
      vertex -44.9 30.099999999999994 5
    endloop
  endfacet
  facet normal 0 0 1
    outer loop
      vertex -60.18 29.099999999999994 5
      vertex -44.9 30.099999999999994 5
      vertex -60.18 30.099999999999994 5
    endloop
  endfacet
  facet normal 0 0 1
    outer loop
      vertex -60.18 43.900000000000006 5
      vertex -44.9 43.900000000000006 5
      vertex -44.9 44.900000000000006 5
    endloop
  endfacet
  facet normal 0 0 1
    outer loop
      vertex -60.18 43.900000000000006 5
      vertex -44.9 44.900000000000006 5
      vertex -60.18 44.900000000000006 5
    endloop
  endfacet
  facet normal 0 0 1
    outer loop
      vertex -60.18 58.70000000000002 5
      vertex -44.9 58.70000000000002 5
      vertex -44.9 59.70000000000002 5
    endloop
  endfacet
  facet normal 0 0 1
    outer loop
      vertex -60.18 58.70000000000002 5
      vertex -44.9 59.70000000000002 5
      vertex -60.18 59.70000000000002 5
    endloop
  endfacet
  facet normal 0 0 1
    outer loop
      vertex -60.18 74 5
      vertex -44.9 74 5
      vertex -44.9 75 5
    endloop
  endfacet
  facet normal 0 0 1
    outer loop
      vertex -60.18 74 5
      vertex -44.9 75 5
      vertex -60.18 75 5
    endloop
  endfacet
  facet normal 0 0 1
    outer loop
      vertex -44.9 -75 5
      vertex -43.9 -75 5
      vertex -43.9 -74 5
    endloop
  endfacet
  facet normal 0 0 1
    outer loop
      vertex -44.9 -75 5
      vertex -43.9 -74 5
      vertex -44.9 -74 5
    endloop
  endfacet
  facet normal 0 0 1
    outer loop
      vertex -44.9 -74 5
      vertex -43.9 -74 5
      vertex -43.9 -59.7 5
    endloop
  endfacet
  facet normal 0 0 1
    outer loop
      vertex -44.9 -74 5
      vertex -43.9 -59.7 5
      vertex -44.9 -59.7 5
    endloop
  endfacet
  facet normal 0 0 1
    outer loop
      vertex -44.9 -59.7 5
      vertex -43.9 -59.7 5
      vertex -43.9 -58.7 5
    endloop
  endfacet
  facet normal 0 0 1
    outer loop
      vertex -44.9 -59.7 5
      vertex -43.9 -58.7 5
      vertex -44.9 -58.7 5
    endloop
  endfacet
  facet normal 0 0 1
    outer loop
      vertex -44.9 -58.7 5
      vertex -43.9 -58.7 5
      vertex -43.9 -44.9 5
    endloop
  endfacet
  facet normal 0 0 1
    outer loop
      vertex -44.9 -58.7 5
      vertex -43.9 -44.9 5
      vertex -44.9 -44.9 5
    endloop
  endfacet
  facet normal 0 0 1
    outer loop
      vertex -44.9 -44.9 5
      vertex -43.9 -44.9 5
      vertex -43.9 -43.9 5
    endloop
  endfacet
  facet normal 0 0 1
    outer loop
      vertex -44.9 -44.9 5
      vertex -43.9 -43.9 5
      vertex -44.9 -43.9 5
    endloop
  endfacet
  facet normal 0 0 1
    outer loop
      vertex -44.9 -43.9 5
      vertex -43.9 -43.9 5
      vertex -43.9 -30.1 5
    endloop
  endfacet
  facet normal 0 0 1
    outer loop
      vertex -44.9 -43.9 5
      vertex -43.9 -30.1 5
      vertex -44.9 -30.1 5
    endloop
  endfacet
  facet normal 0 0 1
    outer loop
      vertex -44.9 -30.1 5
      vertex -43.9 -30.1 5
      vertex -43.9 -29.1 5
    endloop
  endfacet
  facet normal 0 0 1
    outer loop
      vertex -44.9 -30.1 5
      vertex -43.9 -29.1 5
      vertex -44.9 -29.1 5
    endloop
  endfacet
  facet normal 0 0 1
    outer loop
      vertex -44.9 -29.1 5
      vertex -43.9 -29.1 5
      vertex -43.9 -15.299999999999997 5
    endloop
  endfacet
  facet normal 0 0 1
    outer loop
      vertex -44.9 -29.1 5
      vertex -43.9 -15.299999999999997 5
      vertex -44.9 -15.299999999999997 5
    endloop
  endfacet
  facet normal 0 0 1
    outer loop
      vertex -44.9 -15.299999999999997 5
      vertex -43.9 -15.299999999999997 5
      vertex -43.9 -14.299999999999997 5
    endloop
  endfacet
  facet normal 0 0 1
    outer loop
      vertex -44.9 -15.299999999999997 5
      vertex -43.9 -14.299999999999997 5
      vertex -44.9 -14.299999999999997 5
    endloop
  endfacet
  facet normal 0 0 1
    outer loop
      vertex -44.9 -14.299999999999997 5
      vertex -43.9 -14.299999999999997 5
      vertex -43.9 -0.5 5
    endloop
  endfacet
  facet normal 0 0 1
    outer loop
      vertex -44.9 -14.299999999999997 5
      vertex -43.9 -0.5 5
      vertex -44.9 -0.5 5
    endloop
  endfacet
  facet normal 0 0 1
    outer loop
      vertex -44.9 -0.5 5
      vertex -43.9 -0.5 5
      vertex -43.9 0.5 5
    endloop
  endfacet
  facet normal 0 0 1
    outer loop
      vertex -44.9 -0.5 5
      vertex -43.9 0.5 5
      vertex -44.9 0.5 5
    endloop
  endfacet
  facet normal 0 0 1
    outer loop
      vertex -44.9 0.5 5
      vertex -43.9 0.5 5
      vertex -43.9 14.299999999999997 5
    endloop
  endfacet
  facet normal 0 0 1
    outer loop
      vertex -44.9 0.5 5
      vertex -43.9 14.299999999999997 5
      vertex -44.9 14.299999999999997 5
    endloop
  endfacet
  facet normal 0 0 1
    outer loop
      vertex -44.9 14.299999999999997 5
      vertex -43.9 14.299999999999997 5
      vertex -43.9 15.299999999999997 5
    endloop
  endfacet
  facet normal 0 0 1
    outer loop
      vertex -44.9 14.299999999999997 5
      vertex -43.9 15.299999999999997 5
      vertex -44.9 15.299999999999997 5
    endloop
  endfacet
  facet normal 0 0 1
    outer loop
      vertex -44.9 15.299999999999997 5
      vertex -43.9 15.299999999999997 5
      vertex -43.9 29.099999999999994 5
    endloop
  endfacet
  facet normal 0 0 1
    outer loop
      vertex -44.9 15.299999999999997 5
      vertex -43.9 29.099999999999994 5
      vertex -44.9 29.099999999999994 5
    endloop
  endfacet
  facet normal 0 0 1
    outer loop
      vertex -44.9 29.099999999999994 5
      vertex -43.9 29.099999999999994 5
      vertex -43.9 30.099999999999994 5
    endloop
  endfacet
  facet normal 0 0 1
    outer loop
      vertex -44.9 29.099999999999994 5
      vertex -43.9 30.099999999999994 5
      vertex -44.9 30.099999999999994 5
    endloop
  endfacet
  facet normal 0 0 1
    outer loop
      vertex -44.9 30.099999999999994 5
      vertex -43.9 30.099999999999994 5
      vertex -43.9 43.900000000000006 5
    endloop
  endfacet
  facet normal 0 0 1
    outer loop
      vertex -44.9 30.099999999999994 5
      vertex -43.9 43.900000000000006 5
      vertex -44.9 43.900000000000006 5
    endloop
  endfacet
  facet normal 0 0 1
    outer loop
      vertex -44.9 43.900000000000006 5
      vertex -43.9 43.900000000000006 5
      vertex -43.9 44.900000000000006 5
    endloop
  endfacet
  facet normal 0 0 1
    outer loop
      vertex -44.9 43.900000000000006 5
      vertex -43.9 44.900000000000006 5
      vertex -44.9 44.900000000000006 5
    endloop
  endfacet
  facet normal 0 0 1
    outer loop
      vertex -44.9 44.900000000000006 5
      vertex -43.9 44.900000000000006 5
      vertex -43.9 58.70000000000002 5
    endloop
  endfacet
  facet normal 0 0 1
    outer loop
      vertex -44.9 44.900000000000006 5
      vertex -43.9 58.70000000000002 5
      vertex -44.9 58.70000000000002 5
    endloop
  endfacet
  facet normal 0 0 1
    outer loop
      vertex -44.9 58.70000000000002 5
      vertex -43.9 58.70000000000002 5
      vertex -43.9 59.70000000000002 5
    endloop
  endfacet
  facet normal 0 0 1
    outer loop
      vertex -44.9 58.70000000000002 5
      vertex -43.9 59.70000000000002 5
      vertex -44.9 59.70000000000002 5
    endloop
  endfacet
  facet normal 0 0 1
    outer loop
      vertex -44.9 59.70000000000002 5
      vertex -43.9 59.70000000000002 5
      vertex -43.9 74 5
    endloop
  endfacet
  facet normal 0 0 1
    outer loop
      vertex -44.9 59.70000000000002 5
      vertex -43.9 74 5
      vertex -44.9 74 5
    endloop
  endfacet
  facet normal 0 0 1
    outer loop
      vertex -44.9 74 5
      vertex -43.9 74 5
      vertex -43.9 75 5
    endloop
  endfacet
  facet normal 0 0 1
    outer loop
      vertex -44.9 74 5
      vertex -43.9 75 5
      vertex -44.9 75 5
    endloop
  endfacet
  facet normal 0 0 1
    outer loop
      vertex -43.9 -75 5
      vertex -30.1 -75 5
      vertex -30.1 -74 5
    endloop
  endfacet
  facet normal 0 0 1
    outer loop
      vertex -43.9 -75 5
      vertex -30.1 -74 5
      vertex -43.9 -74 5
    endloop
  endfacet
  facet normal 0 0 1
    outer loop
      vertex -43.9 -59.7 5
      vertex -30.1 -59.7 5
      vertex -30.1 -58.7 5
    endloop
  endfacet
  facet normal 0 0 1
    outer loop
      vertex -43.9 -59.7 5
      vertex -30.1 -58.7 5
      vertex -43.9 -58.7 5
    endloop
  endfacet
  facet normal 0 0 1
    outer loop
      vertex -43.9 -44.9 5
      vertex -30.1 -44.9 5
      vertex -30.1 -43.9 5
    endloop
  endfacet
  facet normal 0 0 1
    outer loop
      vertex -43.9 -44.9 5
      vertex -30.1 -43.9 5
      vertex -43.9 -43.9 5
    endloop
  endfacet
  facet normal 0 0 1
    outer loop
      vertex -43.9 -30.1 5
      vertex -30.1 -30.1 5
      vertex -30.1 -29.1 5
    endloop
  endfacet
  facet normal 0 0 1
    outer loop
      vertex -43.9 -30.1 5
      vertex -30.1 -29.1 5
      vertex -43.9 -29.1 5
    endloop
  endfacet
  facet normal 0 0 1
    outer loop
      vertex -43.9 -15.299999999999997 5
      vertex -30.1 -15.299999999999997 5
      vertex -30.1 -14.299999999999997 5
    endloop
  endfacet
  facet normal 0 0 1
    outer loop
      vertex -43.9 -15.299999999999997 5
      vertex -30.1 -14.299999999999997 5
      vertex -43.9 -14.299999999999997 5
    endloop
  endfacet
  facet normal 0 0 1
    outer loop
      vertex -43.9 -0.5 5
      vertex -30.1 -0.5 5
      vertex -30.1 0.5 5
    endloop
  endfacet
  facet normal 0 0 1
    outer loop
      vertex -43.9 -0.5 5
      vertex -30.1 0.5 5
      vertex -43.9 0.5 5
    endloop
  endfacet
  facet normal 0 0 1
    outer loop
      vertex -43.9 14.299999999999997 5
      vertex -30.1 14.299999999999997 5
      vertex -30.1 15.299999999999997 5
    endloop
  endfacet
  facet normal 0 0 1
    outer loop
      vertex -43.9 14.299999999999997 5
      vertex -30.1 15.299999999999997 5
      vertex -43.9 15.299999999999997 5
    endloop
  endfacet
  facet normal 0 0 1
    outer loop
      vertex -43.9 29.099999999999994 5
      vertex -30.1 29.099999999999994 5
      vertex -30.1 30.099999999999994 5
    endloop
  endfacet
  facet normal 0 0 1
    outer loop
      vertex -43.9 29.099999999999994 5
      vertex -30.1 30.099999999999994 5
      vertex -43.9 30.099999999999994 5
    endloop
  endfacet
  facet normal 0 0 1
    outer loop
      vertex -43.9 43.900000000000006 5
      vertex -30.1 43.900000000000006 5
      vertex -30.1 44.900000000000006 5
    endloop
  endfacet
  facet normal 0 0 1
    outer loop
      vertex -43.9 43.900000000000006 5
      vertex -30.1 44.900000000000006 5
      vertex -43.9 44.900000000000006 5
    endloop
  endfacet
  facet normal 0 0 1
    outer loop
      vertex -43.9 58.70000000000002 5
      vertex -30.1 58.70000000000002 5
      vertex -30.1 59.70000000000002 5
    endloop
  endfacet
  facet normal 0 0 1
    outer loop
      vertex -43.9 58.70000000000002 5
      vertex -30.1 59.70000000000002 5
      vertex -43.9 59.70000000000002 5
    endloop
  endfacet
  facet normal 0 0 1
    outer loop
      vertex -43.9 74 5
      vertex -30.1 74 5
      vertex -30.1 75 5
    endloop
  endfacet
  facet normal 0 0 1
    outer loop
      vertex -43.9 74 5
      vertex -30.1 75 5
      vertex -43.9 75 5
    endloop
  endfacet
  facet normal 0 0 1
    outer loop
      vertex -30.1 -75 5
      vertex -29.1 -75 5
      vertex -29.1 -74 5
    endloop
  endfacet
  facet normal 0 0 1
    outer loop
      vertex -30.1 -75 5
      vertex -29.1 -74 5
      vertex -30.1 -74 5
    endloop
  endfacet
  facet normal 0 0 1
    outer loop
      vertex -30.1 -74 5
      vertex -29.1 -74 5
      vertex -29.1 -59.7 5
    endloop
  endfacet
  facet normal 0 0 1
    outer loop
      vertex -30.1 -74 5
      vertex -29.1 -59.7 5
      vertex -30.1 -59.7 5
    endloop
  endfacet
  facet normal 0 0 1
    outer loop
      vertex -30.1 -59.7 5
      vertex -29.1 -59.7 5
      vertex -29.1 -58.7 5
    endloop
  endfacet
  facet normal 0 0 1
    outer loop
      vertex -30.1 -59.7 5
      vertex -29.1 -58.7 5
      vertex -30.1 -58.7 5
    endloop
  endfacet
  facet normal 0 0 1
    outer loop
      vertex -30.1 -58.7 5
      vertex -29.1 -58.7 5
      vertex -29.1 -44.9 5
    endloop
  endfacet
  facet normal 0 0 1
    outer loop
      vertex -30.1 -58.7 5
      vertex -29.1 -44.9 5
      vertex -30.1 -44.9 5
    endloop
  endfacet
  facet normal 0 0 1
    outer loop
      vertex -30.1 -44.9 5
      vertex -29.1 -44.9 5
      vertex -29.1 -43.9 5
    endloop
  endfacet
  facet normal 0 0 1
    outer loop
      vertex -30.1 -44.9 5
      vertex -29.1 -43.9 5
      vertex -30.1 -43.9 5
    endloop
  endfacet
  facet normal 0 0 1
    outer loop
      vertex -30.1 -43.9 5
      vertex -29.1 -43.9 5
      vertex -29.1 -30.1 5
    endloop
  endfacet
  facet normal 0 0 1
    outer loop
      vertex -30.1 -43.9 5
      vertex -29.1 -30.1 5
      vertex -30.1 -30.1 5
    endloop
  endfacet
  facet normal 0 0 1
    outer loop
      vertex -30.1 -30.1 5
      vertex -29.1 -30.1 5
      vertex -29.1 -29.1 5
    endloop
  endfacet
  facet normal 0 0 1
    outer loop
      vertex -30.1 -30.1 5
      vertex -29.1 -29.1 5
      vertex -30.1 -29.1 5
    endloop
  endfacet
  facet normal 0 0 1
    outer loop
      vertex -30.1 -29.1 5
      vertex -29.1 -29.1 5
      vertex -29.1 -15.299999999999997 5
    endloop
  endfacet
  facet normal 0 0 1
    outer loop
      vertex -30.1 -29.1 5
      vertex -29.1 -15.299999999999997 5
      vertex -30.1 -15.299999999999997 5
    endloop
  endfacet
  facet normal 0 0 1
    outer loop
      vertex -30.1 -15.299999999999997 5
      vertex -29.1 -15.299999999999997 5
      vertex -29.1 -14.299999999999997 5
    endloop
  endfacet
  facet normal 0 0 1
    outer loop
      vertex -30.1 -15.299999999999997 5
      vertex -29.1 -14.299999999999997 5
      vertex -30.1 -14.299999999999997 5
    endloop
  endfacet
  facet normal 0 0 1
    outer loop
      vertex -30.1 -14.299999999999997 5
      vertex -29.1 -14.299999999999997 5
      vertex -29.1 -0.5 5
    endloop
  endfacet
  facet normal 0 0 1
    outer loop
      vertex -30.1 -14.299999999999997 5
      vertex -29.1 -0.5 5
      vertex -30.1 -0.5 5
    endloop
  endfacet
  facet normal 0 0 1
    outer loop
      vertex -30.1 -0.5 5
      vertex -29.1 -0.5 5
      vertex -29.1 0.5 5
    endloop
  endfacet
  facet normal 0 0 1
    outer loop
      vertex -30.1 -0.5 5
      vertex -29.1 0.5 5
      vertex -30.1 0.5 5
    endloop
  endfacet
  facet normal 0 0 1
    outer loop
      vertex -30.1 0.5 5
      vertex -29.1 0.5 5
      vertex -29.1 14.299999999999997 5
    endloop
  endfacet
  facet normal 0 0 1
    outer loop
      vertex -30.1 0.5 5
      vertex -29.1 14.299999999999997 5
      vertex -30.1 14.299999999999997 5
    endloop
  endfacet
  facet normal 0 0 1
    outer loop
      vertex -30.1 14.299999999999997 5
      vertex -29.1 14.299999999999997 5
      vertex -29.1 15.299999999999997 5
    endloop
  endfacet
  facet normal 0 0 1
    outer loop
      vertex -30.1 14.299999999999997 5
      vertex -29.1 15.299999999999997 5
      vertex -30.1 15.299999999999997 5
    endloop
  endfacet
  facet normal 0 0 1
    outer loop
      vertex -30.1 15.299999999999997 5
      vertex -29.1 15.299999999999997 5
      vertex -29.1 29.099999999999994 5
    endloop
  endfacet
  facet normal 0 0 1
    outer loop
      vertex -30.1 15.299999999999997 5
      vertex -29.1 29.099999999999994 5
      vertex -30.1 29.099999999999994 5
    endloop
  endfacet
  facet normal 0 0 1
    outer loop
      vertex -30.1 29.099999999999994 5
      vertex -29.1 29.099999999999994 5
      vertex -29.1 30.099999999999994 5
    endloop
  endfacet
  facet normal 0 0 1
    outer loop
      vertex -30.1 29.099999999999994 5
      vertex -29.1 30.099999999999994 5
      vertex -30.1 30.099999999999994 5
    endloop
  endfacet
  facet normal 0 0 1
    outer loop
      vertex -30.1 30.099999999999994 5
      vertex -29.1 30.099999999999994 5
      vertex -29.1 43.900000000000006 5
    endloop
  endfacet
  facet normal 0 0 1
    outer loop
      vertex -30.1 30.099999999999994 5
      vertex -29.1 43.900000000000006 5
      vertex -30.1 43.900000000000006 5
    endloop
  endfacet
  facet normal 0 0 1
    outer loop
      vertex -30.1 43.900000000000006 5
      vertex -29.1 43.900000000000006 5
      vertex -29.1 44.900000000000006 5
    endloop
  endfacet
  facet normal 0 0 1
    outer loop
      vertex -30.1 43.900000000000006 5
      vertex -29.1 44.900000000000006 5
      vertex -30.1 44.900000000000006 5
    endloop
  endfacet
  facet normal 0 0 1
    outer loop
      vertex -30.1 44.900000000000006 5
      vertex -29.1 44.900000000000006 5
      vertex -29.1 58.70000000000002 5
    endloop
  endfacet
  facet normal 0 0 1
    outer loop
      vertex -30.1 44.900000000000006 5
      vertex -29.1 58.70000000000002 5
      vertex -30.1 58.70000000000002 5
    endloop
  endfacet
  facet normal 0 0 1
    outer loop
      vertex -30.1 58.70000000000002 5
      vertex -29.1 58.70000000000002 5
      vertex -29.1 59.70000000000002 5
    endloop
  endfacet
  facet normal 0 0 1
    outer loop
      vertex -30.1 58.70000000000002 5
      vertex -29.1 59.70000000000002 5
      vertex -30.1 59.70000000000002 5
    endloop
  endfacet
  facet normal 0 0 1
    outer loop
      vertex -30.1 59.70000000000002 5
      vertex -29.1 59.70000000000002 5
      vertex -29.1 74 5
    endloop
  endfacet
  facet normal 0 0 1
    outer loop
      vertex -30.1 59.70000000000002 5
      vertex -29.1 74 5
      vertex -30.1 74 5
    endloop
  endfacet
  facet normal 0 0 1
    outer loop
      vertex -30.1 74 5
      vertex -29.1 74 5
      vertex -29.1 75 5
    endloop
  endfacet
  facet normal 0 0 1
    outer loop
      vertex -30.1 74 5
      vertex -29.1 75 5
      vertex -30.1 75 5
    endloop
  endfacet
  facet normal 0 0 1
    outer loop
      vertex -29.1 -75 5
      vertex -21.22 -75 5
      vertex -21.22 -74 5
    endloop
  endfacet
  facet normal 0 0 1
    outer loop
      vertex -29.1 -75 5
      vertex -21.22 -74 5
      vertex -29.1 -74 5
    endloop
  endfacet
  facet normal 0 0 1
    outer loop
      vertex -29.1 -59.7 5
      vertex -21.22 -59.7 5
      vertex -21.22 -58.7 5
    endloop
  endfacet
  facet normal 0 0 1
    outer loop
      vertex -29.1 -59.7 5
      vertex -21.22 -58.7 5
      vertex -29.1 -58.7 5
    endloop
  endfacet
  facet normal 0 0 1
    outer loop
      vertex -29.1 -44.9 5
      vertex -21.22 -44.9 5
      vertex -21.22 -43.9 5
    endloop
  endfacet
  facet normal 0 0 1
    outer loop
      vertex -29.1 -44.9 5
      vertex -21.22 -43.9 5
      vertex -29.1 -43.9 5
    endloop
  endfacet
  facet normal 0 0 1
    outer loop
      vertex -29.1 -30.1 5
      vertex -21.22 -30.1 5
      vertex -21.22 -29.1 5
    endloop
  endfacet
  facet normal 0 0 1
    outer loop
      vertex -29.1 -30.1 5
      vertex -21.22 -29.1 5
      vertex -29.1 -29.1 5
    endloop
  endfacet
  facet normal 0 0 1
    outer loop
      vertex -29.1 -15.299999999999997 5
      vertex -21.22 -15.299999999999997 5
      vertex -21.22 -14.299999999999997 5
    endloop
  endfacet
  facet normal 0 0 1
    outer loop
      vertex -29.1 -15.299999999999997 5
      vertex -21.22 -14.299999999999997 5
      vertex -29.1 -14.299999999999997 5
    endloop
  endfacet
  facet normal 0 0 1
    outer loop
      vertex -29.1 -0.5 5
      vertex -21.22 -0.5 5
      vertex -21.22 0.5 5
    endloop
  endfacet
  facet normal 0 0 1
    outer loop
      vertex -29.1 -0.5 5
      vertex -21.22 0.5 5
      vertex -29.1 0.5 5
    endloop
  endfacet
  facet normal 0 0 1
    outer loop
      vertex -29.1 14.299999999999997 5
      vertex -21.22 14.299999999999997 5
      vertex -21.22 15.299999999999997 5
    endloop
  endfacet
  facet normal 0 0 1
    outer loop
      vertex -29.1 14.299999999999997 5
      vertex -21.22 15.299999999999997 5
      vertex -29.1 15.299999999999997 5
    endloop
  endfacet
  facet normal 0 0 1
    outer loop
      vertex -29.1 29.099999999999994 5
      vertex -21.22 29.099999999999994 5
      vertex -21.22 30.099999999999994 5
    endloop
  endfacet
  facet normal 0 0 1
    outer loop
      vertex -29.1 29.099999999999994 5
      vertex -21.22 30.099999999999994 5
      vertex -29.1 30.099999999999994 5
    endloop
  endfacet
  facet normal 0 0 1
    outer loop
      vertex -29.1 43.900000000000006 5
      vertex -21.22 43.900000000000006 5
      vertex -21.22 44.900000000000006 5
    endloop
  endfacet
  facet normal 0 0 1
    outer loop
      vertex -29.1 43.900000000000006 5
      vertex -21.22 44.900000000000006 5
      vertex -29.1 44.900000000000006 5
    endloop
  endfacet
  facet normal 0 0 1
    outer loop
      vertex -29.1 58.70000000000002 5
      vertex -21.22 58.70000000000002 5
      vertex -21.22 59.70000000000002 5
    endloop
  endfacet
  facet normal 0 0 1
    outer loop
      vertex -29.1 58.70000000000002 5
      vertex -21.22 59.70000000000002 5
      vertex -29.1 59.70000000000002 5
    endloop
  endfacet
  facet normal 0 0 1
    outer loop
      vertex -29.1 74 5
      vertex -21.22 74 5
      vertex -21.22 75 5
    endloop
  endfacet
  facet normal 0 0 1
    outer loop
      vertex -29.1 74 5
      vertex -21.22 75 5
      vertex -29.1 75 5
    endloop
  endfacet
  facet normal 0 0 1
    outer loop
      vertex -21.22 -75 5
      vertex -20.22 -75 5
      vertex -20.22 -74 5
    endloop
  endfacet
  facet normal 0 0 1
    outer loop
      vertex -21.22 -75 5
      vertex -20.22 -74 5
      vertex -21.22 -74 5
    endloop
  endfacet
  facet normal 0 0 1
    outer loop
      vertex -21.22 -74 5
      vertex -20.22 -74 5
      vertex -20.22 -59.7 5
    endloop
  endfacet
  facet normal 0 0 1
    outer loop
      vertex -21.22 -74 5
      vertex -20.22 -59.7 5
      vertex -21.22 -59.7 5
    endloop
  endfacet
  facet normal 0 0 1
    outer loop
      vertex -21.22 -59.7 5
      vertex -20.22 -59.7 5
      vertex -20.22 -58.7 5
    endloop
  endfacet
  facet normal 0 0 1
    outer loop
      vertex -21.22 -59.7 5
      vertex -20.22 -58.7 5
      vertex -21.22 -58.7 5
    endloop
  endfacet
  facet normal 0 0 1
    outer loop
      vertex -21.22 -58.7 5
      vertex -20.22 -58.7 5
      vertex -20.22 -44.9 5
    endloop
  endfacet
  facet normal 0 0 1
    outer loop
      vertex -21.22 -58.7 5
      vertex -20.22 -44.9 5
      vertex -21.22 -44.9 5
    endloop
  endfacet
  facet normal 0 0 1
    outer loop
      vertex -21.22 -44.9 5
      vertex -20.22 -44.9 5
      vertex -20.22 -43.9 5
    endloop
  endfacet
  facet normal 0 0 1
    outer loop
      vertex -21.22 -44.9 5
      vertex -20.22 -43.9 5
      vertex -21.22 -43.9 5
    endloop
  endfacet
  facet normal 0 0 1
    outer loop
      vertex -21.22 -43.9 5
      vertex -20.22 -43.9 5
      vertex -20.22 -30.1 5
    endloop
  endfacet
  facet normal 0 0 1
    outer loop
      vertex -21.22 -43.9 5
      vertex -20.22 -30.1 5
      vertex -21.22 -30.1 5
    endloop
  endfacet
  facet normal 0 0 1
    outer loop
      vertex -21.22 -30.1 5
      vertex -20.22 -30.1 5
      vertex -20.22 -29.1 5
    endloop
  endfacet
  facet normal 0 0 1
    outer loop
      vertex -21.22 -30.1 5
      vertex -20.22 -29.1 5
      vertex -21.22 -29.1 5
    endloop
  endfacet
  facet normal 0 0 1
    outer loop
      vertex -21.22 -29.1 5
      vertex -20.22 -29.1 5
      vertex -20.22 -15.299999999999997 5
    endloop
  endfacet
  facet normal 0 0 1
    outer loop
      vertex -21.22 -29.1 5
      vertex -20.22 -15.299999999999997 5
      vertex -21.22 -15.299999999999997 5
    endloop
  endfacet
  facet normal 0 0 1
    outer loop
      vertex -21.22 -15.299999999999997 5
      vertex -20.22 -15.299999999999997 5
      vertex -20.22 -14.299999999999997 5
    endloop
  endfacet
  facet normal 0 0 1
    outer loop
      vertex -21.22 -15.299999999999997 5
      vertex -20.22 -14.299999999999997 5
      vertex -21.22 -14.299999999999997 5
    endloop
  endfacet
  facet normal 0 0 1
    outer loop
      vertex -21.22 -14.299999999999997 5
      vertex -20.22 -14.299999999999997 5
      vertex -20.22 -0.5 5
    endloop
  endfacet
  facet normal 0 0 1
    outer loop
      vertex -21.22 -14.299999999999997 5
      vertex -20.22 -0.5 5
      vertex -21.22 -0.5 5
    endloop
  endfacet
  facet normal 0 0 1
    outer loop
      vertex -21.22 -0.5 5
      vertex -20.22 -0.5 5
      vertex -20.22 0.5 5
    endloop
  endfacet
  facet normal 0 0 1
    outer loop
      vertex -21.22 -0.5 5
      vertex -20.22 0.5 5
      vertex -21.22 0.5 5
    endloop
  endfacet
  facet normal 0 0 1
    outer loop
      vertex -21.22 0.5 5
      vertex -20.22 0.5 5
      vertex -20.22 14.299999999999997 5
    endloop
  endfacet
  facet normal 0 0 1
    outer loop
      vertex -21.22 0.5 5
      vertex -20.22 14.299999999999997 5
      vertex -21.22 14.299999999999997 5
    endloop
  endfacet
  facet normal 0 0 1
    outer loop
      vertex -21.22 14.299999999999997 5
      vertex -20.22 14.299999999999997 5
      vertex -20.22 15.299999999999997 5
    endloop
  endfacet
  facet normal 0 0 1
    outer loop
      vertex -21.22 14.299999999999997 5
      vertex -20.22 15.299999999999997 5
      vertex -21.22 15.299999999999997 5
    endloop
  endfacet
  facet normal 0 0 1
    outer loop
      vertex -21.22 15.299999999999997 5
      vertex -20.22 15.299999999999997 5
      vertex -20.22 29.099999999999994 5
    endloop
  endfacet
  facet normal 0 0 1
    outer loop
      vertex -21.22 15.299999999999997 5
      vertex -20.22 29.099999999999994 5
      vertex -21.22 29.099999999999994 5
    endloop
  endfacet
  facet normal 0 0 1
    outer loop
      vertex -21.22 29.099999999999994 5
      vertex -20.22 29.099999999999994 5
      vertex -20.22 30.099999999999994 5
    endloop
  endfacet
  facet normal 0 0 1
    outer loop
      vertex -21.22 29.099999999999994 5
      vertex -20.22 30.099999999999994 5
      vertex -21.22 30.099999999999994 5
    endloop
  endfacet
  facet normal 0 0 1
    outer loop
      vertex -21.22 30.099999999999994 5
      vertex -20.22 30.099999999999994 5
      vertex -20.22 43.900000000000006 5
    endloop
  endfacet
  facet normal 0 0 1
    outer loop
      vertex -21.22 30.099999999999994 5
      vertex -20.22 43.900000000000006 5
      vertex -21.22 43.900000000000006 5
    endloop
  endfacet
  facet normal 0 0 1
    outer loop
      vertex -21.22 43.900000000000006 5
      vertex -20.22 43.900000000000006 5
      vertex -20.22 44.900000000000006 5
    endloop
  endfacet
  facet normal 0 0 1
    outer loop
      vertex -21.22 43.900000000000006 5
      vertex -20.22 44.900000000000006 5
      vertex -21.22 44.900000000000006 5
    endloop
  endfacet
  facet normal 0 0 1
    outer loop
      vertex -21.22 44.900000000000006 5
      vertex -20.22 44.900000000000006 5
      vertex -20.22 58.70000000000002 5
    endloop
  endfacet
  facet normal 0 0 1
    outer loop
      vertex -21.22 44.900000000000006 5
      vertex -20.22 58.70000000000002 5
      vertex -21.22 58.70000000000002 5
    endloop
  endfacet
  facet normal 0 0 1
    outer loop
      vertex -21.22 58.70000000000002 5
      vertex -20.22 58.70000000000002 5
      vertex -20.22 59.70000000000002 5
    endloop
  endfacet
  facet normal 0 0 1
    outer loop
      vertex -21.22 58.70000000000002 5
      vertex -20.22 59.70000000000002 5
      vertex -21.22 59.70000000000002 5
    endloop
  endfacet
  facet normal 0 0 1
    outer loop
      vertex -21.22 59.70000000000002 5
      vertex -20.22 59.70000000000002 5
      vertex -20.22 74 5
    endloop
  endfacet
  facet normal 0 0 1
    outer loop
      vertex -21.22 59.70000000000002 5
      vertex -20.22 74 5
      vertex -21.22 74 5
    endloop
  endfacet
  facet normal 0 0 1
    outer loop
      vertex -21.22 74 5
      vertex -20.22 74 5
      vertex -20.22 75 5
    endloop
  endfacet
  facet normal 0 0 1
    outer loop
      vertex -21.22 74 5
      vertex -20.22 75 5
      vertex -21.22 75 5
    endloop
  endfacet
  facet normal 0 0 1
    outer loop
      vertex -20.22 -75 5
      vertex -10.86 -75 5
      vertex -10.86 -74 5
    endloop
  endfacet
  facet normal 0 0 1
    outer loop
      vertex -20.22 -75 5
      vertex -10.86 -74 5
      vertex -20.22 -74 5
    endloop
  endfacet
  facet normal 0 0 1
    outer loop
      vertex -20.22 -59.7 5
      vertex -10.86 -59.7 5
      vertex -10.86 -58.7 5
    endloop
  endfacet
  facet normal 0 0 1
    outer loop
      vertex -20.22 -59.7 5
      vertex -10.86 -58.7 5
      vertex -20.22 -58.7 5
    endloop
  endfacet
  facet normal 0 0 1
    outer loop
      vertex -20.22 -44.9 5
      vertex -10.86 -44.9 5
      vertex -10.86 -43.9 5
    endloop
  endfacet
  facet normal 0 0 1
    outer loop
      vertex -20.22 -44.9 5
      vertex -10.86 -43.9 5
      vertex -20.22 -43.9 5
    endloop
  endfacet
  facet normal 0 0 1
    outer loop
      vertex -20.22 -30.1 5
      vertex -10.86 -30.1 5
      vertex -10.86 -29.1 5
    endloop
  endfacet
  facet normal 0 0 1
    outer loop
      vertex -20.22 -30.1 5
      vertex -10.86 -29.1 5
      vertex -20.22 -29.1 5
    endloop
  endfacet
  facet normal 0 0 1
    outer loop
      vertex -20.22 -15.299999999999997 5
      vertex -10.86 -15.299999999999997 5
      vertex -10.86 -14.299999999999997 5
    endloop
  endfacet
  facet normal 0 0 1
    outer loop
      vertex -20.22 -15.299999999999997 5
      vertex -10.86 -14.299999999999997 5
      vertex -20.22 -14.299999999999997 5
    endloop
  endfacet
  facet normal 0 0 1
    outer loop
      vertex -20.22 -0.5 5
      vertex -10.86 -0.5 5
      vertex -10.86 0.5 5
    endloop
  endfacet
  facet normal 0 0 1
    outer loop
      vertex -20.22 -0.5 5
      vertex -10.86 0.5 5
      vertex -20.22 0.5 5
    endloop
  endfacet
  facet normal 0 0 1
    outer loop
      vertex -20.22 14.299999999999997 5
      vertex -10.86 14.299999999999997 5
      vertex -10.86 15.299999999999997 5
    endloop
  endfacet
  facet normal 0 0 1
    outer loop
      vertex -20.22 14.299999999999997 5
      vertex -10.86 15.299999999999997 5
      vertex -20.22 15.299999999999997 5
    endloop
  endfacet
  facet normal 0 0 1
    outer loop
      vertex -20.22 29.099999999999994 5
      vertex -10.86 29.099999999999994 5
      vertex -10.86 30.099999999999994 5
    endloop
  endfacet
  facet normal 0 0 1
    outer loop
      vertex -20.22 29.099999999999994 5
      vertex -10.86 30.099999999999994 5
      vertex -20.22 30.099999999999994 5
    endloop
  endfacet
  facet normal 0 0 1
    outer loop
      vertex -20.22 43.900000000000006 5
      vertex -10.86 43.900000000000006 5
      vertex -10.86 44.900000000000006 5
    endloop
  endfacet
  facet normal 0 0 1
    outer loop
      vertex -20.22 43.900000000000006 5
      vertex -10.86 44.900000000000006 5
      vertex -20.22 44.900000000000006 5
    endloop
  endfacet
  facet normal 0 0 1
    outer loop
      vertex -20.22 58.70000000000002 5
      vertex -10.86 58.70000000000002 5
      vertex -10.86 59.70000000000002 5
    endloop
  endfacet
  facet normal 0 0 1
    outer loop
      vertex -20.22 58.70000000000002 5
      vertex -10.86 59.70000000000002 5
      vertex -20.22 59.70000000000002 5
    endloop
  endfacet
  facet normal 0 0 1
    outer loop
      vertex -20.22 74 5
      vertex -10.86 74 5
      vertex -10.86 75 5
    endloop
  endfacet
  facet normal 0 0 1
    outer loop
      vertex -20.22 74 5
      vertex -10.86 75 5
      vertex -20.22 75 5
    endloop
  endfacet
  facet normal 0 0 1
    outer loop
      vertex -10.86 -75 5
      vertex -9.86 -75 5
      vertex -9.86 -74 5
    endloop
  endfacet
  facet normal 0 0 1
    outer loop
      vertex -10.86 -75 5
      vertex -9.86 -74 5
      vertex -10.86 -74 5
    endloop
  endfacet
  facet normal 0 0 1
    outer loop
      vertex -10.86 -74 5
      vertex -9.86 -74 5
      vertex -9.86 -59.7 5
    endloop
  endfacet
  facet normal 0 0 1
    outer loop
      vertex -10.86 -74 5
      vertex -9.86 -59.7 5
      vertex -10.86 -59.7 5
    endloop
  endfacet
  facet normal 0 0 1
    outer loop
      vertex -10.86 -59.7 5
      vertex -9.86 -59.7 5
      vertex -9.86 -58.7 5
    endloop
  endfacet
  facet normal 0 0 1
    outer loop
      vertex -10.86 -59.7 5
      vertex -9.86 -58.7 5
      vertex -10.86 -58.7 5
    endloop
  endfacet
  facet normal 0 0 1
    outer loop
      vertex -10.86 -58.7 5
      vertex -9.86 -58.7 5
      vertex -9.86 -44.9 5
    endloop
  endfacet
  facet normal 0 0 1
    outer loop
      vertex -10.86 -58.7 5
      vertex -9.86 -44.9 5
      vertex -10.86 -44.9 5
    endloop
  endfacet
  facet normal 0 0 1
    outer loop
      vertex -10.86 -44.9 5
      vertex -9.86 -44.9 5
      vertex -9.86 -43.9 5
    endloop
  endfacet
  facet normal 0 0 1
    outer loop
      vertex -10.86 -44.9 5
      vertex -9.86 -43.9 5
      vertex -10.86 -43.9 5
    endloop
  endfacet
  facet normal 0 0 1
    outer loop
      vertex -10.86 -43.9 5
      vertex -9.86 -43.9 5
      vertex -9.86 -30.1 5
    endloop
  endfacet
  facet normal 0 0 1
    outer loop
      vertex -10.86 -43.9 5
      vertex -9.86 -30.1 5
      vertex -10.86 -30.1 5
    endloop
  endfacet
  facet normal 0 0 1
    outer loop
      vertex -10.86 -30.1 5
      vertex -9.86 -30.1 5
      vertex -9.86 -29.1 5
    endloop
  endfacet
  facet normal 0 0 1
    outer loop
      vertex -10.86 -30.1 5
      vertex -9.86 -29.1 5
      vertex -10.86 -29.1 5
    endloop
  endfacet
  facet normal 0 0 1
    outer loop
      vertex -10.86 -29.1 5
      vertex -9.86 -29.1 5
      vertex -9.86 -15.299999999999997 5
    endloop
  endfacet
  facet normal 0 0 1
    outer loop
      vertex -10.86 -29.1 5
      vertex -9.86 -15.299999999999997 5
      vertex -10.86 -15.299999999999997 5
    endloop
  endfacet
  facet normal 0 0 1
    outer loop
      vertex -10.86 -15.299999999999997 5
      vertex -9.86 -15.299999999999997 5
      vertex -9.86 -14.299999999999997 5
    endloop
  endfacet
  facet normal 0 0 1
    outer loop
      vertex -10.86 -15.299999999999997 5
      vertex -9.86 -14.299999999999997 5
      vertex -10.86 -14.299999999999997 5
    endloop
  endfacet
  facet normal 0 0 1
    outer loop
      vertex -10.86 -14.299999999999997 5
      vertex -9.86 -14.299999999999997 5
      vertex -9.86 -0.5 5
    endloop
  endfacet
  facet normal 0 0 1
    outer loop
      vertex -10.86 -14.299999999999997 5
      vertex -9.86 -0.5 5
      vertex -10.86 -0.5 5
    endloop
  endfacet
  facet normal 0 0 1
    outer loop
      vertex -10.86 -0.5 5
      vertex -9.86 -0.5 5
      vertex -9.86 0.5 5
    endloop
  endfacet
  facet normal 0 0 1
    outer loop
      vertex -10.86 -0.5 5
      vertex -9.86 0.5 5
      vertex -10.86 0.5 5
    endloop
  endfacet
  facet normal 0 0 1
    outer loop
      vertex -10.86 0.5 5
      vertex -9.86 0.5 5
      vertex -9.86 14.299999999999997 5
    endloop
  endfacet
  facet normal 0 0 1
    outer loop
      vertex -10.86 0.5 5
      vertex -9.86 14.299999999999997 5
      vertex -10.86 14.299999999999997 5
    endloop
  endfacet
  facet normal 0 0 1
    outer loop
      vertex -10.86 14.299999999999997 5
      vertex -9.86 14.299999999999997 5
      vertex -9.86 15.299999999999997 5
    endloop
  endfacet
  facet normal 0 0 1
    outer loop
      vertex -10.86 14.299999999999997 5
      vertex -9.86 15.299999999999997 5
      vertex -10.86 15.299999999999997 5
    endloop
  endfacet
  facet normal 0 0 1
    outer loop
      vertex -10.86 15.299999999999997 5
      vertex -9.86 15.299999999999997 5
      vertex -9.86 29.099999999999994 5
    endloop
  endfacet
  facet normal 0 0 1
    outer loop
      vertex -10.86 15.299999999999997 5
      vertex -9.86 29.099999999999994 5
      vertex -10.86 29.099999999999994 5
    endloop
  endfacet
  facet normal 0 0 1
    outer loop
      vertex -10.86 29.099999999999994 5
      vertex -9.86 29.099999999999994 5
      vertex -9.86 30.099999999999994 5
    endloop
  endfacet
  facet normal 0 0 1
    outer loop
      vertex -10.86 29.099999999999994 5
      vertex -9.86 30.099999999999994 5
      vertex -10.86 30.099999999999994 5
    endloop
  endfacet
  facet normal 0 0 1
    outer loop
      vertex -10.86 30.099999999999994 5
      vertex -9.86 30.099999999999994 5
      vertex -9.86 43.900000000000006 5
    endloop
  endfacet
  facet normal 0 0 1
    outer loop
      vertex -10.86 30.099999999999994 5
      vertex -9.86 43.900000000000006 5
      vertex -10.86 43.900000000000006 5
    endloop
  endfacet
  facet normal 0 0 1
    outer loop
      vertex -10.86 43.900000000000006 5
      vertex -9.86 43.900000000000006 5
      vertex -9.86 44.900000000000006 5
    endloop
  endfacet
  facet normal 0 0 1
    outer loop
      vertex -10.86 43.900000000000006 5
      vertex -9.86 44.900000000000006 5
      vertex -10.86 44.900000000000006 5
    endloop
  endfacet
  facet normal 0 0 1
    outer loop
      vertex -10.86 44.900000000000006 5
      vertex -9.86 44.900000000000006 5
      vertex -9.86 58.70000000000002 5
    endloop
  endfacet
  facet normal 0 0 1
    outer loop
      vertex -10.86 44.900000000000006 5
      vertex -9.86 58.70000000000002 5
      vertex -10.86 58.70000000000002 5
    endloop
  endfacet
  facet normal 0 0 1
    outer loop
      vertex -10.86 58.70000000000002 5
      vertex -9.86 58.70000000000002 5
      vertex -9.86 59.70000000000002 5
    endloop
  endfacet
  facet normal 0 0 1
    outer loop
      vertex -10.86 58.70000000000002 5
      vertex -9.86 59.70000000000002 5
      vertex -10.86 59.70000000000002 5
    endloop
  endfacet
  facet normal 0 0 1
    outer loop
      vertex -10.86 59.70000000000002 5
      vertex -9.86 59.70000000000002 5
      vertex -9.86 74 5
    endloop
  endfacet
  facet normal 0 0 1
    outer loop
      vertex -10.86 59.70000000000002 5
      vertex -9.86 74 5
      vertex -10.86 74 5
    endloop
  endfacet
  facet normal 0 0 1
    outer loop
      vertex -10.86 74 5
      vertex -9.86 74 5
      vertex -9.86 75 5
    endloop
  endfacet
  facet normal 0 0 1
    outer loop
      vertex -10.86 74 5
      vertex -9.86 75 5
      vertex -10.86 75 5
    endloop
  endfacet
  facet normal 0 0 1
    outer loop
      vertex -9.86 -75 5
      vertex 9.86 -75 5
      vertex 9.86 -74 5
    endloop
  endfacet
  facet normal 0 0 1
    outer loop
      vertex -9.86 -75 5
      vertex 9.86 -74 5
      vertex -9.86 -74 5
    endloop
  endfacet
  facet normal 0 0 1
    outer loop
      vertex -9.86 -59.7 5
      vertex 9.86 -59.7 5
      vertex 9.86 -58.7 5
    endloop
  endfacet
  facet normal 0 0 1
    outer loop
      vertex -9.86 -59.7 5
      vertex 9.86 -58.7 5
      vertex -9.86 -58.7 5
    endloop
  endfacet
  facet normal 0 0 1
    outer loop
      vertex -9.86 -44.9 5
      vertex 9.86 -44.9 5
      vertex 9.86 -43.9 5
    endloop
  endfacet
  facet normal 0 0 1
    outer loop
      vertex -9.86 -44.9 5
      vertex 9.86 -43.9 5
      vertex -9.86 -43.9 5
    endloop
  endfacet
  facet normal 0 0 1
    outer loop
      vertex -9.86 -30.1 5
      vertex 9.86 -30.1 5
      vertex 9.86 -29.1 5
    endloop
  endfacet
  facet normal 0 0 1
    outer loop
      vertex -9.86 -30.1 5
      vertex 9.86 -29.1 5
      vertex -9.86 -29.1 5
    endloop
  endfacet
  facet normal 0 0 1
    outer loop
      vertex -9.86 -15.299999999999997 5
      vertex 9.86 -15.299999999999997 5
      vertex 9.86 -14.299999999999997 5
    endloop
  endfacet
  facet normal 0 0 1
    outer loop
      vertex -9.86 -15.299999999999997 5
      vertex 9.86 -14.299999999999997 5
      vertex -9.86 -14.299999999999997 5
    endloop
  endfacet
  facet normal 0 0 1
    outer loop
      vertex -9.86 -0.5 5
      vertex 9.86 -0.5 5
      vertex 9.86 0.5 5
    endloop
  endfacet
  facet normal 0 0 1
    outer loop
      vertex -9.86 -0.5 5
      vertex 9.86 0.5 5
      vertex -9.86 0.5 5
    endloop
  endfacet
  facet normal 0 0 1
    outer loop
      vertex -9.86 14.299999999999997 5
      vertex 9.86 14.299999999999997 5
      vertex 9.86 15.299999999999997 5
    endloop
  endfacet
  facet normal 0 0 1
    outer loop
      vertex -9.86 14.299999999999997 5
      vertex 9.86 15.299999999999997 5
      vertex -9.86 15.299999999999997 5
    endloop
  endfacet
  facet normal 0 0 1
    outer loop
      vertex -9.86 29.099999999999994 5
      vertex 9.86 29.099999999999994 5
      vertex 9.86 30.099999999999994 5
    endloop
  endfacet
  facet normal 0 0 1
    outer loop
      vertex -9.86 29.099999999999994 5
      vertex 9.86 30.099999999999994 5
      vertex -9.86 30.099999999999994 5
    endloop
  endfacet
  facet normal 0 0 1
    outer loop
      vertex -9.86 43.900000000000006 5
      vertex 9.86 43.900000000000006 5
      vertex 9.86 44.900000000000006 5
    endloop
  endfacet
  facet normal 0 0 1
    outer loop
      vertex -9.86 43.900000000000006 5
      vertex 9.86 44.900000000000006 5
      vertex -9.86 44.900000000000006 5
    endloop
  endfacet
  facet normal 0 0 1
    outer loop
      vertex -9.86 58.70000000000002 5
      vertex 9.86 58.70000000000002 5
      vertex 9.86 59.70000000000002 5
    endloop
  endfacet
  facet normal 0 0 1
    outer loop
      vertex -9.86 58.70000000000002 5
      vertex 9.86 59.70000000000002 5
      vertex -9.86 59.70000000000002 5
    endloop
  endfacet
  facet normal 0 0 1
    outer loop
      vertex -9.86 74 5
      vertex 9.86 74 5
      vertex 9.86 75 5
    endloop
  endfacet
  facet normal 0 0 1
    outer loop
      vertex -9.86 74 5
      vertex 9.86 75 5
      vertex -9.86 75 5
    endloop
  endfacet
  facet normal 0 0 1
    outer loop
      vertex 9.86 -75 5
      vertex 10.86 -75 5
      vertex 10.86 -74 5
    endloop
  endfacet
  facet normal 0 0 1
    outer loop
      vertex 9.86 -75 5
      vertex 10.86 -74 5
      vertex 9.86 -74 5
    endloop
  endfacet
  facet normal 0 0 1
    outer loop
      vertex 9.86 -74 5
      vertex 10.86 -74 5
      vertex 10.86 -59.7 5
    endloop
  endfacet
  facet normal 0 0 1
    outer loop
      vertex 9.86 -74 5
      vertex 10.86 -59.7 5
      vertex 9.86 -59.7 5
    endloop
  endfacet
  facet normal 0 0 1
    outer loop
      vertex 9.86 -59.7 5
      vertex 10.86 -59.7 5
      vertex 10.86 -58.7 5
    endloop
  endfacet
  facet normal 0 0 1
    outer loop
      vertex 9.86 -59.7 5
      vertex 10.86 -58.7 5
      vertex 9.86 -58.7 5
    endloop
  endfacet
  facet normal 0 0 1
    outer loop
      vertex 9.86 -58.7 5
      vertex 10.86 -58.7 5
      vertex 10.86 -44.9 5
    endloop
  endfacet
  facet normal 0 0 1
    outer loop
      vertex 9.86 -58.7 5
      vertex 10.86 -44.9 5
      vertex 9.86 -44.9 5
    endloop
  endfacet
  facet normal 0 0 1
    outer loop
      vertex 9.86 -44.9 5
      vertex 10.86 -44.9 5
      vertex 10.86 -43.9 5
    endloop
  endfacet
  facet normal 0 0 1
    outer loop
      vertex 9.86 -44.9 5
      vertex 10.86 -43.9 5
      vertex 9.86 -43.9 5
    endloop
  endfacet
  facet normal 0 0 1
    outer loop
      vertex 9.86 -43.9 5
      vertex 10.86 -43.9 5
      vertex 10.86 -30.1 5
    endloop
  endfacet
  facet normal 0 0 1
    outer loop
      vertex 9.86 -43.9 5
      vertex 10.86 -30.1 5
      vertex 9.86 -30.1 5
    endloop
  endfacet
  facet normal 0 0 1
    outer loop
      vertex 9.86 -30.1 5
      vertex 10.86 -30.1 5
      vertex 10.86 -29.1 5
    endloop
  endfacet
  facet normal 0 0 1
    outer loop
      vertex 9.86 -30.1 5
      vertex 10.86 -29.1 5
      vertex 9.86 -29.1 5
    endloop
  endfacet
  facet normal 0 0 1
    outer loop
      vertex 9.86 -29.1 5
      vertex 10.86 -29.1 5
      vertex 10.86 -15.299999999999997 5
    endloop
  endfacet
  facet normal 0 0 1
    outer loop
      vertex 9.86 -29.1 5
      vertex 10.86 -15.299999999999997 5
      vertex 9.86 -15.299999999999997 5
    endloop
  endfacet
  facet normal 0 0 1
    outer loop
      vertex 9.86 -15.299999999999997 5
      vertex 10.86 -15.299999999999997 5
      vertex 10.86 -14.299999999999997 5
    endloop
  endfacet
  facet normal 0 0 1
    outer loop
      vertex 9.86 -15.299999999999997 5
      vertex 10.86 -14.299999999999997 5
      vertex 9.86 -14.299999999999997 5
    endloop
  endfacet
  facet normal 0 0 1
    outer loop
      vertex 9.86 -14.299999999999997 5
      vertex 10.86 -14.299999999999997 5
      vertex 10.86 -0.5 5
    endloop
  endfacet
  facet normal 0 0 1
    outer loop
      vertex 9.86 -14.299999999999997 5
      vertex 10.86 -0.5 5
      vertex 9.86 -0.5 5
    endloop
  endfacet
  facet normal 0 0 1
    outer loop
      vertex 9.86 -0.5 5
      vertex 10.86 -0.5 5
      vertex 10.86 0.5 5
    endloop
  endfacet
  facet normal 0 0 1
    outer loop
      vertex 9.86 -0.5 5
      vertex 10.86 0.5 5
      vertex 9.86 0.5 5
    endloop
  endfacet
  facet normal 0 0 1
    outer loop
      vertex 9.86 0.5 5
      vertex 10.86 0.5 5
      vertex 10.86 14.299999999999997 5
    endloop
  endfacet
  facet normal 0 0 1
    outer loop
      vertex 9.86 0.5 5
      vertex 10.86 14.299999999999997 5
      vertex 9.86 14.299999999999997 5
    endloop
  endfacet
  facet normal 0 0 1
    outer loop
      vertex 9.86 14.299999999999997 5
      vertex 10.86 14.299999999999997 5
      vertex 10.86 15.299999999999997 5
    endloop
  endfacet
  facet normal 0 0 1
    outer loop
      vertex 9.86 14.299999999999997 5
      vertex 10.86 15.299999999999997 5
      vertex 9.86 15.299999999999997 5
    endloop
  endfacet
  facet normal 0 0 1
    outer loop
      vertex 9.86 15.299999999999997 5
      vertex 10.86 15.299999999999997 5
      vertex 10.86 29.099999999999994 5
    endloop
  endfacet
  facet normal 0 0 1
    outer loop
      vertex 9.86 15.299999999999997 5
      vertex 10.86 29.099999999999994 5
      vertex 9.86 29.099999999999994 5
    endloop
  endfacet
  facet normal 0 0 1
    outer loop
      vertex 9.86 29.099999999999994 5
      vertex 10.86 29.099999999999994 5
      vertex 10.86 30.099999999999994 5
    endloop
  endfacet
  facet normal 0 0 1
    outer loop
      vertex 9.86 29.099999999999994 5
      vertex 10.86 30.099999999999994 5
      vertex 9.86 30.099999999999994 5
    endloop
  endfacet
  facet normal 0 0 1
    outer loop
      vertex 9.86 30.099999999999994 5
      vertex 10.86 30.099999999999994 5
      vertex 10.86 43.900000000000006 5
    endloop
  endfacet
  facet normal 0 0 1
    outer loop
      vertex 9.86 30.099999999999994 5
      vertex 10.86 43.900000000000006 5
      vertex 9.86 43.900000000000006 5
    endloop
  endfacet
  facet normal 0 0 1
    outer loop
      vertex 9.86 43.900000000000006 5
      vertex 10.86 43.900000000000006 5
      vertex 10.86 44.900000000000006 5
    endloop
  endfacet
  facet normal 0 0 1
    outer loop
      vertex 9.86 43.900000000000006 5
      vertex 10.86 44.900000000000006 5
      vertex 9.86 44.900000000000006 5
    endloop
  endfacet
  facet normal 0 0 1
    outer loop
      vertex 9.86 44.900000000000006 5
      vertex 10.86 44.900000000000006 5
      vertex 10.86 58.70000000000002 5
    endloop
  endfacet
  facet normal 0 0 1
    outer loop
      vertex 9.86 44.900000000000006 5
      vertex 10.86 58.70000000000002 5
      vertex 9.86 58.70000000000002 5
    endloop
  endfacet
  facet normal 0 0 1
    outer loop
      vertex 9.86 58.70000000000002 5
      vertex 10.86 58.70000000000002 5
      vertex 10.86 59.70000000000002 5
    endloop
  endfacet
  facet normal 0 0 1
    outer loop
      vertex 9.86 58.70000000000002 5
      vertex 10.86 59.70000000000002 5
      vertex 9.86 59.70000000000002 5
    endloop
  endfacet
  facet normal 0 0 1
    outer loop
      vertex 9.86 59.70000000000002 5
      vertex 10.86 59.70000000000002 5
      vertex 10.86 74 5
    endloop
  endfacet
  facet normal 0 0 1
    outer loop
      vertex 9.86 59.70000000000002 5
      vertex 10.86 74 5
      vertex 9.86 74 5
    endloop
  endfacet
  facet normal 0 0 1
    outer loop
      vertex 9.86 74 5
      vertex 10.86 74 5
      vertex 10.86 75 5
    endloop
  endfacet
  facet normal 0 0 1
    outer loop
      vertex 9.86 74 5
      vertex 10.86 75 5
      vertex 9.86 75 5
    endloop
  endfacet
  facet normal 0 0 1
    outer loop
      vertex 10.86 -75 5
      vertex 20.22 -75 5
      vertex 20.22 -74 5
    endloop
  endfacet
  facet normal 0 0 1
    outer loop
      vertex 10.86 -75 5
      vertex 20.22 -74 5
      vertex 10.86 -74 5
    endloop
  endfacet
  facet normal 0 0 1
    outer loop
      vertex 10.86 -59.7 5
      vertex 20.22 -59.7 5
      vertex 20.22 -58.7 5
    endloop
  endfacet
  facet normal 0 0 1
    outer loop
      vertex 10.86 -59.7 5
      vertex 20.22 -58.7 5
      vertex 10.86 -58.7 5
    endloop
  endfacet
  facet normal 0 0 1
    outer loop
      vertex 10.86 -44.9 5
      vertex 20.22 -44.9 5
      vertex 20.22 -43.9 5
    endloop
  endfacet
  facet normal 0 0 1
    outer loop
      vertex 10.86 -44.9 5
      vertex 20.22 -43.9 5
      vertex 10.86 -43.9 5
    endloop
  endfacet
  facet normal 0 0 1
    outer loop
      vertex 10.86 -30.1 5
      vertex 20.22 -30.1 5
      vertex 20.22 -29.1 5
    endloop
  endfacet
  facet normal 0 0 1
    outer loop
      vertex 10.86 -30.1 5
      vertex 20.22 -29.1 5
      vertex 10.86 -29.1 5
    endloop
  endfacet
  facet normal 0 0 1
    outer loop
      vertex 10.86 -15.299999999999997 5
      vertex 20.22 -15.299999999999997 5
      vertex 20.22 -14.299999999999997 5
    endloop
  endfacet
  facet normal 0 0 1
    outer loop
      vertex 10.86 -15.299999999999997 5
      vertex 20.22 -14.299999999999997 5
      vertex 10.86 -14.299999999999997 5
    endloop
  endfacet
  facet normal 0 0 1
    outer loop
      vertex 10.86 -0.5 5
      vertex 20.22 -0.5 5
      vertex 20.22 0.5 5
    endloop
  endfacet
  facet normal 0 0 1
    outer loop
      vertex 10.86 -0.5 5
      vertex 20.22 0.5 5
      vertex 10.86 0.5 5
    endloop
  endfacet
  facet normal 0 0 1
    outer loop
      vertex 10.86 14.299999999999997 5
      vertex 20.22 14.299999999999997 5
      vertex 20.22 15.299999999999997 5
    endloop
  endfacet
  facet normal 0 0 1
    outer loop
      vertex 10.86 14.299999999999997 5
      vertex 20.22 15.299999999999997 5
      vertex 10.86 15.299999999999997 5
    endloop
  endfacet
  facet normal 0 0 1
    outer loop
      vertex 10.86 29.099999999999994 5
      vertex 20.22 29.099999999999994 5
      vertex 20.22 30.099999999999994 5
    endloop
  endfacet
  facet normal 0 0 1
    outer loop
      vertex 10.86 29.099999999999994 5
      vertex 20.22 30.099999999999994 5
      vertex 10.86 30.099999999999994 5
    endloop
  endfacet
  facet normal 0 0 1
    outer loop
      vertex 10.86 43.900000000000006 5
      vertex 20.22 43.900000000000006 5
      vertex 20.22 44.900000000000006 5
    endloop
  endfacet
  facet normal 0 0 1
    outer loop
      vertex 10.86 43.900000000000006 5
      vertex 20.22 44.900000000000006 5
      vertex 10.86 44.900000000000006 5
    endloop
  endfacet
  facet normal 0 0 1
    outer loop
      vertex 10.86 58.70000000000002 5
      vertex 20.22 58.70000000000002 5
      vertex 20.22 59.70000000000002 5
    endloop
  endfacet
  facet normal 0 0 1
    outer loop
      vertex 10.86 58.70000000000002 5
      vertex 20.22 59.70000000000002 5
      vertex 10.86 59.70000000000002 5
    endloop
  endfacet
  facet normal 0 0 1
    outer loop
      vertex 10.86 74 5
      vertex 20.22 74 5
      vertex 20.22 75 5
    endloop
  endfacet
  facet normal 0 0 1
    outer loop
      vertex 10.86 74 5
      vertex 20.22 75 5
      vertex 10.86 75 5
    endloop
  endfacet
  facet normal 0 0 1
    outer loop
      vertex 20.22 -75 5
      vertex 21.22 -75 5
      vertex 21.22 -74 5
    endloop
  endfacet
  facet normal 0 0 1
    outer loop
      vertex 20.22 -75 5
      vertex 21.22 -74 5
      vertex 20.22 -74 5
    endloop
  endfacet
  facet normal 0 0 1
    outer loop
      vertex 20.22 -74 5
      vertex 21.22 -74 5
      vertex 21.22 -59.7 5
    endloop
  endfacet
  facet normal 0 0 1
    outer loop
      vertex 20.22 -74 5
      vertex 21.22 -59.7 5
      vertex 20.22 -59.7 5
    endloop
  endfacet
  facet normal 0 0 1
    outer loop
      vertex 20.22 -59.7 5
      vertex 21.22 -59.7 5
      vertex 21.22 -58.7 5
    endloop
  endfacet
  facet normal 0 0 1
    outer loop
      vertex 20.22 -59.7 5
      vertex 21.22 -58.7 5
      vertex 20.22 -58.7 5
    endloop
  endfacet
  facet normal 0 0 1
    outer loop
      vertex 20.22 -58.7 5
      vertex 21.22 -58.7 5
      vertex 21.22 -44.9 5
    endloop
  endfacet
  facet normal 0 0 1
    outer loop
      vertex 20.22 -58.7 5
      vertex 21.22 -44.9 5
      vertex 20.22 -44.9 5
    endloop
  endfacet
  facet normal 0 0 1
    outer loop
      vertex 20.22 -44.9 5
      vertex 21.22 -44.9 5
      vertex 21.22 -43.9 5
    endloop
  endfacet
  facet normal 0 0 1
    outer loop
      vertex 20.22 -44.9 5
      vertex 21.22 -43.9 5
      vertex 20.22 -43.9 5
    endloop
  endfacet
  facet normal 0 0 1
    outer loop
      vertex 20.22 -43.9 5
      vertex 21.22 -43.9 5
      vertex 21.22 -30.1 5
    endloop
  endfacet
  facet normal 0 0 1
    outer loop
      vertex 20.22 -43.9 5
      vertex 21.22 -30.1 5
      vertex 20.22 -30.1 5
    endloop
  endfacet
  facet normal 0 0 1
    outer loop
      vertex 20.22 -30.1 5
      vertex 21.22 -30.1 5
      vertex 21.22 -29.1 5
    endloop
  endfacet
  facet normal 0 0 1
    outer loop
      vertex 20.22 -30.1 5
      vertex 21.22 -29.1 5
      vertex 20.22 -29.1 5
    endloop
  endfacet
  facet normal 0 0 1
    outer loop
      vertex 20.22 -29.1 5
      vertex 21.22 -29.1 5
      vertex 21.22 -15.299999999999997 5
    endloop
  endfacet
  facet normal 0 0 1
    outer loop
      vertex 20.22 -29.1 5
      vertex 21.22 -15.299999999999997 5
      vertex 20.22 -15.299999999999997 5
    endloop
  endfacet
  facet normal 0 0 1
    outer loop
      vertex 20.22 -15.299999999999997 5
      vertex 21.22 -15.299999999999997 5
      vertex 21.22 -14.299999999999997 5
    endloop
  endfacet
  facet normal 0 0 1
    outer loop
      vertex 20.22 -15.299999999999997 5
      vertex 21.22 -14.299999999999997 5
      vertex 20.22 -14.299999999999997 5
    endloop
  endfacet
  facet normal 0 0 1
    outer loop
      vertex 20.22 -14.299999999999997 5
      vertex 21.22 -14.299999999999997 5
      vertex 21.22 -0.5 5
    endloop
  endfacet
  facet normal 0 0 1
    outer loop
      vertex 20.22 -14.299999999999997 5
      vertex 21.22 -0.5 5
      vertex 20.22 -0.5 5
    endloop
  endfacet
  facet normal 0 0 1
    outer loop
      vertex 20.22 -0.5 5
      vertex 21.22 -0.5 5
      vertex 21.22 0.5 5
    endloop
  endfacet
  facet normal 0 0 1
    outer loop
      vertex 20.22 -0.5 5
      vertex 21.22 0.5 5
      vertex 20.22 0.5 5
    endloop
  endfacet
  facet normal 0 0 1
    outer loop
      vertex 20.22 0.5 5
      vertex 21.22 0.5 5
      vertex 21.22 14.299999999999997 5
    endloop
  endfacet
  facet normal 0 0 1
    outer loop
      vertex 20.22 0.5 5
      vertex 21.22 14.299999999999997 5
      vertex 20.22 14.299999999999997 5
    endloop
  endfacet
  facet normal 0 0 1
    outer loop
      vertex 20.22 14.299999999999997 5
      vertex 21.22 14.299999999999997 5
      vertex 21.22 15.299999999999997 5
    endloop
  endfacet
  facet normal 0 0 1
    outer loop
      vertex 20.22 14.299999999999997 5
      vertex 21.22 15.299999999999997 5
      vertex 20.22 15.299999999999997 5
    endloop
  endfacet
  facet normal 0 0 1
    outer loop
      vertex 20.22 15.299999999999997 5
      vertex 21.22 15.299999999999997 5
      vertex 21.22 29.099999999999994 5
    endloop
  endfacet
  facet normal 0 0 1
    outer loop
      vertex 20.22 15.299999999999997 5
      vertex 21.22 29.099999999999994 5
      vertex 20.22 29.099999999999994 5
    endloop
  endfacet
  facet normal 0 0 1
    outer loop
      vertex 20.22 29.099999999999994 5
      vertex 21.22 29.099999999999994 5
      vertex 21.22 30.099999999999994 5
    endloop
  endfacet
  facet normal 0 0 1
    outer loop
      vertex 20.22 29.099999999999994 5
      vertex 21.22 30.099999999999994 5
      vertex 20.22 30.099999999999994 5
    endloop
  endfacet
  facet normal 0 0 1
    outer loop
      vertex 20.22 30.099999999999994 5
      vertex 21.22 30.099999999999994 5
      vertex 21.22 43.900000000000006 5
    endloop
  endfacet
  facet normal 0 0 1
    outer loop
      vertex 20.22 30.099999999999994 5
      vertex 21.22 43.900000000000006 5
      vertex 20.22 43.900000000000006 5
    endloop
  endfacet
  facet normal 0 0 1
    outer loop
      vertex 20.22 43.900000000000006 5
      vertex 21.22 43.900000000000006 5
      vertex 21.22 44.900000000000006 5
    endloop
  endfacet
  facet normal 0 0 1
    outer loop
      vertex 20.22 43.900000000000006 5
      vertex 21.22 44.900000000000006 5
      vertex 20.22 44.900000000000006 5
    endloop
  endfacet
  facet normal 0 0 1
    outer loop
      vertex 20.22 44.900000000000006 5
      vertex 21.22 44.900000000000006 5
      vertex 21.22 58.70000000000002 5
    endloop
  endfacet
  facet normal 0 0 1
    outer loop
      vertex 20.22 44.900000000000006 5
      vertex 21.22 58.70000000000002 5
      vertex 20.22 58.70000000000002 5
    endloop
  endfacet
  facet normal 0 0 1
    outer loop
      vertex 20.22 58.70000000000002 5
      vertex 21.22 58.70000000000002 5
      vertex 21.22 59.70000000000002 5
    endloop
  endfacet
  facet normal 0 0 1
    outer loop
      vertex 20.22 58.70000000000002 5
      vertex 21.22 59.70000000000002 5
      vertex 20.22 59.70000000000002 5
    endloop
  endfacet
  facet normal 0 0 1
    outer loop
      vertex 20.22 59.70000000000002 5
      vertex 21.22 59.70000000000002 5
      vertex 21.22 74 5
    endloop
  endfacet
  facet normal 0 0 1
    outer loop
      vertex 20.22 59.70000000000002 5
      vertex 21.22 74 5
      vertex 20.22 74 5
    endloop
  endfacet
  facet normal 0 0 1
    outer loop
      vertex 20.22 74 5
      vertex 21.22 74 5
      vertex 21.22 75 5
    endloop
  endfacet
  facet normal 0 0 1
    outer loop
      vertex 20.22 74 5
      vertex 21.22 75 5
      vertex 20.22 75 5
    endloop
  endfacet
  facet normal 0 0 1
    outer loop
      vertex 21.22 -75 5
      vertex 30.58 -75 5
      vertex 30.58 -74 5
    endloop
  endfacet
  facet normal 0 0 1
    outer loop
      vertex 21.22 -75 5
      vertex 30.58 -74 5
      vertex 21.22 -74 5
    endloop
  endfacet
  facet normal 0 0 1
    outer loop
      vertex 21.22 -59.7 5
      vertex 30.58 -59.7 5
      vertex 30.58 -58.7 5
    endloop
  endfacet
  facet normal 0 0 1
    outer loop
      vertex 21.22 -59.7 5
      vertex 30.58 -58.7 5
      vertex 21.22 -58.7 5
    endloop
  endfacet
  facet normal 0 0 1
    outer loop
      vertex 21.22 -44.9 5
      vertex 30.58 -44.9 5
      vertex 30.58 -43.9 5
    endloop
  endfacet
  facet normal 0 0 1
    outer loop
      vertex 21.22 -44.9 5
      vertex 30.58 -43.9 5
      vertex 21.22 -43.9 5
    endloop
  endfacet
  facet normal 0 0 1
    outer loop
      vertex 21.22 -30.1 5
      vertex 30.58 -30.1 5
      vertex 30.58 -29.1 5
    endloop
  endfacet
  facet normal 0 0 1
    outer loop
      vertex 21.22 -30.1 5
      vertex 30.58 -29.1 5
      vertex 21.22 -29.1 5
    endloop
  endfacet
  facet normal 0 0 1
    outer loop
      vertex 21.22 -15.299999999999997 5
      vertex 30.58 -15.299999999999997 5
      vertex 30.58 -14.299999999999997 5
    endloop
  endfacet
  facet normal 0 0 1
    outer loop
      vertex 21.22 -15.299999999999997 5
      vertex 30.58 -14.299999999999997 5
      vertex 21.22 -14.299999999999997 5
    endloop
  endfacet
  facet normal 0 0 1
    outer loop
      vertex 21.22 -0.5 5
      vertex 30.58 -0.5 5
      vertex 30.58 0.5 5
    endloop
  endfacet
  facet normal 0 0 1
    outer loop
      vertex 21.22 -0.5 5
      vertex 30.58 0.5 5
      vertex 21.22 0.5 5
    endloop
  endfacet
  facet normal 0 0 1
    outer loop
      vertex 21.22 14.299999999999997 5
      vertex 30.58 14.299999999999997 5
      vertex 30.58 15.299999999999997 5
    endloop
  endfacet
  facet normal 0 0 1
    outer loop
      vertex 21.22 14.299999999999997 5
      vertex 30.58 15.299999999999997 5
      vertex 21.22 15.299999999999997 5
    endloop
  endfacet
  facet normal 0 0 1
    outer loop
      vertex 21.22 29.099999999999994 5
      vertex 30.58 29.099999999999994 5
      vertex 30.58 30.099999999999994 5
    endloop
  endfacet
  facet normal 0 0 1
    outer loop
      vertex 21.22 29.099999999999994 5
      vertex 30.58 30.099999999999994 5
      vertex 21.22 30.099999999999994 5
    endloop
  endfacet
  facet normal 0 0 1
    outer loop
      vertex 21.22 43.900000000000006 5
      vertex 30.58 43.900000000000006 5
      vertex 30.58 44.900000000000006 5
    endloop
  endfacet
  facet normal 0 0 1
    outer loop
      vertex 21.22 43.900000000000006 5
      vertex 30.58 44.900000000000006 5
      vertex 21.22 44.900000000000006 5
    endloop
  endfacet
  facet normal 0 0 1
    outer loop
      vertex 21.22 58.70000000000002 5
      vertex 30.58 58.70000000000002 5
      vertex 30.58 59.70000000000002 5
    endloop
  endfacet
  facet normal 0 0 1
    outer loop
      vertex 21.22 58.70000000000002 5
      vertex 30.58 59.70000000000002 5
      vertex 21.22 59.70000000000002 5
    endloop
  endfacet
  facet normal 0 0 1
    outer loop
      vertex 21.22 74 5
      vertex 30.58 74 5
      vertex 30.58 75 5
    endloop
  endfacet
  facet normal 0 0 1
    outer loop
      vertex 21.22 74 5
      vertex 30.58 75 5
      vertex 21.22 75 5
    endloop
  endfacet
  facet normal 0 0 1
    outer loop
      vertex 30.58 -75 5
      vertex 31.58 -75 5
      vertex 31.58 -74 5
    endloop
  endfacet
  facet normal 0 0 1
    outer loop
      vertex 30.58 -75 5
      vertex 31.58 -74 5
      vertex 30.58 -74 5
    endloop
  endfacet
  facet normal 0 0 1
    outer loop
      vertex 30.58 -74 5
      vertex 31.58 -74 5
      vertex 31.58 -59.7 5
    endloop
  endfacet
  facet normal 0 0 1
    outer loop
      vertex 30.58 -74 5
      vertex 31.58 -59.7 5
      vertex 30.58 -59.7 5
    endloop
  endfacet
  facet normal 0 0 1
    outer loop
      vertex 30.58 -59.7 5
      vertex 31.58 -59.7 5
      vertex 31.58 -58.7 5
    endloop
  endfacet
  facet normal 0 0 1
    outer loop
      vertex 30.58 -59.7 5
      vertex 31.58 -58.7 5
      vertex 30.58 -58.7 5
    endloop
  endfacet
  facet normal 0 0 1
    outer loop
      vertex 30.58 -58.7 5
      vertex 31.58 -58.7 5
      vertex 31.58 -44.9 5
    endloop
  endfacet
  facet normal 0 0 1
    outer loop
      vertex 30.58 -58.7 5
      vertex 31.58 -44.9 5
      vertex 30.58 -44.9 5
    endloop
  endfacet
  facet normal 0 0 1
    outer loop
      vertex 30.58 -44.9 5
      vertex 31.58 -44.9 5
      vertex 31.58 -43.9 5
    endloop
  endfacet
  facet normal 0 0 1
    outer loop
      vertex 30.58 -44.9 5
      vertex 31.58 -43.9 5
      vertex 30.58 -43.9 5
    endloop
  endfacet
  facet normal 0 0 1
    outer loop
      vertex 30.58 -43.9 5
      vertex 31.58 -43.9 5
      vertex 31.58 -30.1 5
    endloop
  endfacet
  facet normal 0 0 1
    outer loop
      vertex 30.58 -43.9 5
      vertex 31.58 -30.1 5
      vertex 30.58 -30.1 5
    endloop
  endfacet
  facet normal 0 0 1
    outer loop
      vertex 30.58 -30.1 5
      vertex 31.58 -30.1 5
      vertex 31.58 -29.1 5
    endloop
  endfacet
  facet normal 0 0 1
    outer loop
      vertex 30.58 -30.1 5
      vertex 31.58 -29.1 5
      vertex 30.58 -29.1 5
    endloop
  endfacet
  facet normal 0 0 1
    outer loop
      vertex 30.58 -29.1 5
      vertex 31.58 -29.1 5
      vertex 31.58 -15.299999999999997 5
    endloop
  endfacet
  facet normal 0 0 1
    outer loop
      vertex 30.58 -29.1 5
      vertex 31.58 -15.299999999999997 5
      vertex 30.58 -15.299999999999997 5
    endloop
  endfacet
  facet normal 0 0 1
    outer loop
      vertex 30.58 -15.299999999999997 5
      vertex 31.58 -15.299999999999997 5
      vertex 31.58 -14.299999999999997 5
    endloop
  endfacet
  facet normal 0 0 1
    outer loop
      vertex 30.58 -15.299999999999997 5
      vertex 31.58 -14.299999999999997 5
      vertex 30.58 -14.299999999999997 5
    endloop
  endfacet
  facet normal 0 0 1
    outer loop
      vertex 30.58 -14.299999999999997 5
      vertex 31.58 -14.299999999999997 5
      vertex 31.58 -0.5 5
    endloop
  endfacet
  facet normal 0 0 1
    outer loop
      vertex 30.58 -14.299999999999997 5
      vertex 31.58 -0.5 5
      vertex 30.58 -0.5 5
    endloop
  endfacet
  facet normal 0 0 1
    outer loop
      vertex 30.58 -0.5 5
      vertex 31.58 -0.5 5
      vertex 31.58 0.5 5
    endloop
  endfacet
  facet normal 0 0 1
    outer loop
      vertex 30.58 -0.5 5
      vertex 31.58 0.5 5
      vertex 30.58 0.5 5
    endloop
  endfacet
  facet normal 0 0 1
    outer loop
      vertex 30.58 0.5 5
      vertex 31.58 0.5 5
      vertex 31.58 14.299999999999997 5
    endloop
  endfacet
  facet normal 0 0 1
    outer loop
      vertex 30.58 0.5 5
      vertex 31.58 14.299999999999997 5
      vertex 30.58 14.299999999999997 5
    endloop
  endfacet
  facet normal 0 0 1
    outer loop
      vertex 30.58 14.299999999999997 5
      vertex 31.58 14.299999999999997 5
      vertex 31.58 15.299999999999997 5
    endloop
  endfacet
  facet normal 0 0 1
    outer loop
      vertex 30.58 14.299999999999997 5
      vertex 31.58 15.299999999999997 5
      vertex 30.58 15.299999999999997 5
    endloop
  endfacet
  facet normal 0 0 1
    outer loop
      vertex 30.58 15.299999999999997 5
      vertex 31.58 15.299999999999997 5
      vertex 31.58 29.099999999999994 5
    endloop
  endfacet
  facet normal 0 0 1
    outer loop
      vertex 30.58 15.299999999999997 5
      vertex 31.58 29.099999999999994 5
      vertex 30.58 29.099999999999994 5
    endloop
  endfacet
  facet normal 0 0 1
    outer loop
      vertex 30.58 29.099999999999994 5
      vertex 31.58 29.099999999999994 5
      vertex 31.58 30.099999999999994 5
    endloop
  endfacet
  facet normal 0 0 1
    outer loop
      vertex 30.58 29.099999999999994 5
      vertex 31.58 30.099999999999994 5
      vertex 30.58 30.099999999999994 5
    endloop
  endfacet
  facet normal 0 0 1
    outer loop
      vertex 30.58 30.099999999999994 5
      vertex 31.58 30.099999999999994 5
      vertex 31.58 43.900000000000006 5
    endloop
  endfacet
  facet normal 0 0 1
    outer loop
      vertex 30.58 30.099999999999994 5
      vertex 31.58 43.900000000000006 5
      vertex 30.58 43.900000000000006 5
    endloop
  endfacet
  facet normal 0 0 1
    outer loop
      vertex 30.58 43.900000000000006 5
      vertex 31.58 43.900000000000006 5
      vertex 31.58 44.900000000000006 5
    endloop
  endfacet
  facet normal 0 0 1
    outer loop
      vertex 30.58 43.900000000000006 5
      vertex 31.58 44.900000000000006 5
      vertex 30.58 44.900000000000006 5
    endloop
  endfacet
  facet normal 0 0 1
    outer loop
      vertex 30.58 44.900000000000006 5
      vertex 31.58 44.900000000000006 5
      vertex 31.58 58.70000000000002 5
    endloop
  endfacet
  facet normal 0 0 1
    outer loop
      vertex 30.58 44.900000000000006 5
      vertex 31.58 58.70000000000002 5
      vertex 30.58 58.70000000000002 5
    endloop
  endfacet
  facet normal 0 0 1
    outer loop
      vertex 30.58 58.70000000000002 5
      vertex 31.58 58.70000000000002 5
      vertex 31.58 59.70000000000002 5
    endloop
  endfacet
  facet normal 0 0 1
    outer loop
      vertex 30.58 58.70000000000002 5
      vertex 31.58 59.70000000000002 5
      vertex 30.58 59.70000000000002 5
    endloop
  endfacet
  facet normal 0 0 1
    outer loop
      vertex 30.58 59.70000000000002 5
      vertex 31.58 59.70000000000002 5
      vertex 31.58 74 5
    endloop
  endfacet
  facet normal 0 0 1
    outer loop
      vertex 30.58 59.70000000000002 5
      vertex 31.58 74 5
      vertex 30.58 74 5
    endloop
  endfacet
  facet normal 0 0 1
    outer loop
      vertex 30.58 74 5
      vertex 31.58 74 5
      vertex 31.58 75 5
    endloop
  endfacet
  facet normal 0 0 1
    outer loop
      vertex 30.58 74 5
      vertex 31.58 75 5
      vertex 30.58 75 5
    endloop
  endfacet
  facet normal 0 0 1
    outer loop
      vertex 31.58 -75 5
      vertex 49.81999999999999 -75 5
      vertex 49.81999999999999 -74 5
    endloop
  endfacet
  facet normal 0 0 1
    outer loop
      vertex 31.58 -75 5
      vertex 49.81999999999999 -74 5
      vertex 31.58 -74 5
    endloop
  endfacet
  facet normal 0 0 1
    outer loop
      vertex 31.58 -59.7 5
      vertex 49.81999999999999 -59.7 5
      vertex 49.81999999999999 -58.7 5
    endloop
  endfacet
  facet normal 0 0 1
    outer loop
      vertex 31.58 -59.7 5
      vertex 49.81999999999999 -58.7 5
      vertex 31.58 -58.7 5
    endloop
  endfacet
  facet normal 0 0 1
    outer loop
      vertex 31.58 -44.9 5
      vertex 49.81999999999999 -44.9 5
      vertex 49.81999999999999 -43.9 5
    endloop
  endfacet
  facet normal 0 0 1
    outer loop
      vertex 31.58 -44.9 5
      vertex 49.81999999999999 -43.9 5
      vertex 31.58 -43.9 5
    endloop
  endfacet
  facet normal 0 0 1
    outer loop
      vertex 31.58 -30.1 5
      vertex 49.81999999999999 -30.1 5
      vertex 49.81999999999999 -29.1 5
    endloop
  endfacet
  facet normal 0 0 1
    outer loop
      vertex 31.58 -30.1 5
      vertex 49.81999999999999 -29.1 5
      vertex 31.58 -29.1 5
    endloop
  endfacet
  facet normal 0 0 1
    outer loop
      vertex 31.58 -15.299999999999997 5
      vertex 49.81999999999999 -15.299999999999997 5
      vertex 49.81999999999999 -14.299999999999997 5
    endloop
  endfacet
  facet normal 0 0 1
    outer loop
      vertex 31.58 -15.299999999999997 5
      vertex 49.81999999999999 -14.299999999999997 5
      vertex 31.58 -14.299999999999997 5
    endloop
  endfacet
  facet normal 0 0 1
    outer loop
      vertex 31.58 -0.5 5
      vertex 49.81999999999999 -0.5 5
      vertex 49.81999999999999 0.5 5
    endloop
  endfacet
  facet normal 0 0 1
    outer loop
      vertex 31.58 -0.5 5
      vertex 49.81999999999999 0.5 5
      vertex 31.58 0.5 5
    endloop
  endfacet
  facet normal 0 0 1
    outer loop
      vertex 31.58 14.299999999999997 5
      vertex 49.81999999999999 14.299999999999997 5
      vertex 49.81999999999999 15.299999999999997 5
    endloop
  endfacet
  facet normal 0 0 1
    outer loop
      vertex 31.58 14.299999999999997 5
      vertex 49.81999999999999 15.299999999999997 5
      vertex 31.58 15.299999999999997 5
    endloop
  endfacet
  facet normal 0 0 1
    outer loop
      vertex 31.58 29.099999999999994 5
      vertex 49.81999999999999 29.099999999999994 5
      vertex 49.81999999999999 30.099999999999994 5
    endloop
  endfacet
  facet normal 0 0 1
    outer loop
      vertex 31.58 29.099999999999994 5
      vertex 49.81999999999999 30.099999999999994 5
      vertex 31.58 30.099999999999994 5
    endloop
  endfacet
  facet normal 0 0 1
    outer loop
      vertex 31.58 43.900000000000006 5
      vertex 49.81999999999999 43.900000000000006 5
      vertex 49.81999999999999 44.900000000000006 5
    endloop
  endfacet
  facet normal 0 0 1
    outer loop
      vertex 31.58 43.900000000000006 5
      vertex 49.81999999999999 44.900000000000006 5
      vertex 31.58 44.900000000000006 5
    endloop
  endfacet
  facet normal 0 0 1
    outer loop
      vertex 31.58 58.70000000000002 5
      vertex 49.81999999999999 58.70000000000002 5
      vertex 49.81999999999999 59.70000000000002 5
    endloop
  endfacet
  facet normal 0 0 1
    outer loop
      vertex 31.58 58.70000000000002 5
      vertex 49.81999999999999 59.70000000000002 5
      vertex 31.58 59.70000000000002 5
    endloop
  endfacet
  facet normal 0 0 1
    outer loop
      vertex 31.58 74 5
      vertex 49.81999999999999 74 5
      vertex 49.81999999999999 75 5
    endloop
  endfacet
  facet normal 0 0 1
    outer loop
      vertex 31.58 74 5
      vertex 49.81999999999999 75 5
      vertex 31.58 75 5
    endloop
  endfacet
  facet normal 0 0 1
    outer loop
      vertex 49.81999999999999 -75 5
      vertex 50.81999999999999 -75 5
      vertex 50.81999999999999 -74 5
    endloop
  endfacet
  facet normal 0 0 1
    outer loop
      vertex 49.81999999999999 -75 5
      vertex 50.81999999999999 -74 5
      vertex 49.81999999999999 -74 5
    endloop
  endfacet
  facet normal 0 0 1
    outer loop
      vertex 49.81999999999999 -74 5
      vertex 50.81999999999999 -74 5
      vertex 50.81999999999999 -59.7 5
    endloop
  endfacet
  facet normal 0 0 1
    outer loop
      vertex 49.81999999999999 -74 5
      vertex 50.81999999999999 -59.7 5
      vertex 49.81999999999999 -59.7 5
    endloop
  endfacet
  facet normal 0 0 1
    outer loop
      vertex 49.81999999999999 -59.7 5
      vertex 50.81999999999999 -59.7 5
      vertex 50.81999999999999 -58.7 5
    endloop
  endfacet
  facet normal 0 0 1
    outer loop
      vertex 49.81999999999999 -59.7 5
      vertex 50.81999999999999 -58.7 5
      vertex 49.81999999999999 -58.7 5
    endloop
  endfacet
  facet normal 0 0 1
    outer loop
      vertex 49.81999999999999 -58.7 5
      vertex 50.81999999999999 -58.7 5
      vertex 50.81999999999999 -44.9 5
    endloop
  endfacet
  facet normal 0 0 1
    outer loop
      vertex 49.81999999999999 -58.7 5
      vertex 50.81999999999999 -44.9 5
      vertex 49.81999999999999 -44.9 5
    endloop
  endfacet
  facet normal 0 0 1
    outer loop
      vertex 49.81999999999999 -44.9 5
      vertex 50.81999999999999 -44.9 5
      vertex 50.81999999999999 -43.9 5
    endloop
  endfacet
  facet normal 0 0 1
    outer loop
      vertex 49.81999999999999 -44.9 5
      vertex 50.81999999999999 -43.9 5
      vertex 49.81999999999999 -43.9 5
    endloop
  endfacet
  facet normal 0 0 1
    outer loop
      vertex 49.81999999999999 -43.9 5
      vertex 50.81999999999999 -43.9 5
      vertex 50.81999999999999 -30.1 5
    endloop
  endfacet
  facet normal 0 0 1
    outer loop
      vertex 49.81999999999999 -43.9 5
      vertex 50.81999999999999 -30.1 5
      vertex 49.81999999999999 -30.1 5
    endloop
  endfacet
  facet normal 0 0 1
    outer loop
      vertex 49.81999999999999 -30.1 5
      vertex 50.81999999999999 -30.1 5
      vertex 50.81999999999999 -29.1 5
    endloop
  endfacet
  facet normal 0 0 1
    outer loop
      vertex 49.81999999999999 -30.1 5
      vertex 50.81999999999999 -29.1 5
      vertex 49.81999999999999 -29.1 5
    endloop
  endfacet
  facet normal 0 0 1
    outer loop
      vertex 49.81999999999999 -29.1 5
      vertex 50.81999999999999 -29.1 5
      vertex 50.81999999999999 -15.299999999999997 5
    endloop
  endfacet
  facet normal 0 0 1
    outer loop
      vertex 49.81999999999999 -29.1 5
      vertex 50.81999999999999 -15.299999999999997 5
      vertex 49.81999999999999 -15.299999999999997 5
    endloop
  endfacet
  facet normal 0 0 1
    outer loop
      vertex 49.81999999999999 -15.299999999999997 5
      vertex 50.81999999999999 -15.299999999999997 5
      vertex 50.81999999999999 -14.299999999999997 5
    endloop
  endfacet
  facet normal 0 0 1
    outer loop
      vertex 49.81999999999999 -15.299999999999997 5
      vertex 50.81999999999999 -14.299999999999997 5
      vertex 49.81999999999999 -14.299999999999997 5
    endloop
  endfacet
  facet normal 0 0 1
    outer loop
      vertex 49.81999999999999 -14.299999999999997 5
      vertex 50.81999999999999 -14.299999999999997 5
      vertex 50.81999999999999 -0.5 5
    endloop
  endfacet
  facet normal 0 0 1
    outer loop
      vertex 49.81999999999999 -14.299999999999997 5
      vertex 50.81999999999999 -0.5 5
      vertex 49.81999999999999 -0.5 5
    endloop
  endfacet
  facet normal 0 0 1
    outer loop
      vertex 49.81999999999999 -0.5 5
      vertex 50.81999999999999 -0.5 5
      vertex 50.81999999999999 0.5 5
    endloop
  endfacet
  facet normal 0 0 1
    outer loop
      vertex 49.81999999999999 -0.5 5
      vertex 50.81999999999999 0.5 5
      vertex 49.81999999999999 0.5 5
    endloop
  endfacet
  facet normal 0 0 1
    outer loop
      vertex 49.81999999999999 0.5 5
      vertex 50.81999999999999 0.5 5
      vertex 50.81999999999999 14.299999999999997 5
    endloop
  endfacet
  facet normal 0 0 1
    outer loop
      vertex 49.81999999999999 0.5 5
      vertex 50.81999999999999 14.299999999999997 5
      vertex 49.81999999999999 14.299999999999997 5
    endloop
  endfacet
  facet normal 0 0 1
    outer loop
      vertex 49.81999999999999 14.299999999999997 5
      vertex 50.81999999999999 14.299999999999997 5
      vertex 50.81999999999999 15.299999999999997 5
    endloop
  endfacet
  facet normal 0 0 1
    outer loop
      vertex 49.81999999999999 14.299999999999997 5
      vertex 50.81999999999999 15.299999999999997 5
      vertex 49.81999999999999 15.299999999999997 5
    endloop
  endfacet
  facet normal 0 0 1
    outer loop
      vertex 49.81999999999999 15.299999999999997 5
      vertex 50.81999999999999 15.299999999999997 5
      vertex 50.81999999999999 29.099999999999994 5
    endloop
  endfacet
  facet normal 0 0 1
    outer loop
      vertex 49.81999999999999 15.299999999999997 5
      vertex 50.81999999999999 29.099999999999994 5
      vertex 49.81999999999999 29.099999999999994 5
    endloop
  endfacet
  facet normal 0 0 1
    outer loop
      vertex 49.81999999999999 29.099999999999994 5
      vertex 50.81999999999999 29.099999999999994 5
      vertex 50.81999999999999 30.099999999999994 5
    endloop
  endfacet
  facet normal 0 0 1
    outer loop
      vertex 49.81999999999999 29.099999999999994 5
      vertex 50.81999999999999 30.099999999999994 5
      vertex 49.81999999999999 30.099999999999994 5
    endloop
  endfacet
  facet normal 0 0 1
    outer loop
      vertex 49.81999999999999 30.099999999999994 5
      vertex 50.81999999999999 30.099999999999994 5
      vertex 50.81999999999999 43.900000000000006 5
    endloop
  endfacet
  facet normal 0 0 1
    outer loop
      vertex 49.81999999999999 30.099999999999994 5
      vertex 50.81999999999999 43.900000000000006 5
      vertex 49.81999999999999 43.900000000000006 5
    endloop
  endfacet
  facet normal 0 0 1
    outer loop
      vertex 49.81999999999999 43.900000000000006 5
      vertex 50.81999999999999 43.900000000000006 5
      vertex 50.81999999999999 44.900000000000006 5
    endloop
  endfacet
  facet normal 0 0 1
    outer loop
      vertex 49.81999999999999 43.900000000000006 5
      vertex 50.81999999999999 44.900000000000006 5
      vertex 49.81999999999999 44.900000000000006 5
    endloop
  endfacet
  facet normal 0 0 1
    outer loop
      vertex 49.81999999999999 44.900000000000006 5
      vertex 50.81999999999999 44.900000000000006 5
      vertex 50.81999999999999 58.70000000000002 5
    endloop
  endfacet
  facet normal 0 0 1
    outer loop
      vertex 49.81999999999999 44.900000000000006 5
      vertex 50.81999999999999 58.70000000000002 5
      vertex 49.81999999999999 58.70000000000002 5
    endloop
  endfacet
  facet normal 0 0 1
    outer loop
      vertex 49.81999999999999 58.70000000000002 5
      vertex 50.81999999999999 58.70000000000002 5
      vertex 50.81999999999999 59.70000000000002 5
    endloop
  endfacet
  facet normal 0 0 1
    outer loop
      vertex 49.81999999999999 58.70000000000002 5
      vertex 50.81999999999999 59.70000000000002 5
      vertex 49.81999999999999 59.70000000000002 5
    endloop
  endfacet
  facet normal 0 0 1
    outer loop
      vertex 49.81999999999999 59.70000000000002 5
      vertex 50.81999999999999 59.70000000000002 5
      vertex 50.81999999999999 74 5
    endloop
  endfacet
  facet normal 0 0 1
    outer loop
      vertex 49.81999999999999 59.70000000000002 5
      vertex 50.81999999999999 74 5
      vertex 49.81999999999999 74 5
    endloop
  endfacet
  facet normal 0 0 1
    outer loop
      vertex 49.81999999999999 74 5
      vertex 50.81999999999999 74 5
      vertex 50.81999999999999 75 5
    endloop
  endfacet
  facet normal 0 0 1
    outer loop
      vertex 49.81999999999999 74 5
      vertex 50.81999999999999 75 5
      vertex 49.81999999999999 75 5
    endloop
  endfacet
  facet normal 0 0 1
    outer loop
      vertex 50.81999999999999 -75 5
      vertex 60.18000000000001 -75 5
      vertex 60.18000000000001 -74 5
    endloop
  endfacet
  facet normal 0 0 1
    outer loop
      vertex 50.81999999999999 -75 5
      vertex 60.18000000000001 -74 5
      vertex 50.81999999999999 -74 5
    endloop
  endfacet
  facet normal 0 0 1
    outer loop
      vertex 50.81999999999999 -59.7 5
      vertex 60.18000000000001 -59.7 5
      vertex 60.18000000000001 -58.7 5
    endloop
  endfacet
  facet normal 0 0 1
    outer loop
      vertex 50.81999999999999 -59.7 5
      vertex 60.18000000000001 -58.7 5
      vertex 50.81999999999999 -58.7 5
    endloop
  endfacet
  facet normal 0 0 1
    outer loop
      vertex 50.81999999999999 -44.9 5
      vertex 60.18000000000001 -44.9 5
      vertex 60.18000000000001 -43.9 5
    endloop
  endfacet
  facet normal 0 0 1
    outer loop
      vertex 50.81999999999999 -44.9 5
      vertex 60.18000000000001 -43.9 5
      vertex 50.81999999999999 -43.9 5
    endloop
  endfacet
  facet normal 0 0 1
    outer loop
      vertex 50.81999999999999 -30.1 5
      vertex 60.18000000000001 -30.1 5
      vertex 60.18000000000001 -29.1 5
    endloop
  endfacet
  facet normal 0 0 1
    outer loop
      vertex 50.81999999999999 -30.1 5
      vertex 60.18000000000001 -29.1 5
      vertex 50.81999999999999 -29.1 5
    endloop
  endfacet
  facet normal 0 0 1
    outer loop
      vertex 50.81999999999999 -15.299999999999997 5
      vertex 60.18000000000001 -15.299999999999997 5
      vertex 60.18000000000001 -14.299999999999997 5
    endloop
  endfacet
  facet normal 0 0 1
    outer loop
      vertex 50.81999999999999 -15.299999999999997 5
      vertex 60.18000000000001 -14.299999999999997 5
      vertex 50.81999999999999 -14.299999999999997 5
    endloop
  endfacet
  facet normal 0 0 1
    outer loop
      vertex 50.81999999999999 -0.5 5
      vertex 60.18000000000001 -0.5 5
      vertex 60.18000000000001 0.5 5
    endloop
  endfacet
  facet normal 0 0 1
    outer loop
      vertex 50.81999999999999 -0.5 5
      vertex 60.18000000000001 0.5 5
      vertex 50.81999999999999 0.5 5
    endloop
  endfacet
  facet normal 0 0 1
    outer loop
      vertex 50.81999999999999 14.299999999999997 5
      vertex 60.18000000000001 14.299999999999997 5
      vertex 60.18000000000001 15.299999999999997 5
    endloop
  endfacet
  facet normal 0 0 1
    outer loop
      vertex 50.81999999999999 14.299999999999997 5
      vertex 60.18000000000001 15.299999999999997 5
      vertex 50.81999999999999 15.299999999999997 5
    endloop
  endfacet
  facet normal 0 0 1
    outer loop
      vertex 50.81999999999999 29.099999999999994 5
      vertex 60.18000000000001 29.099999999999994 5
      vertex 60.18000000000001 30.099999999999994 5
    endloop
  endfacet
  facet normal 0 0 1
    outer loop
      vertex 50.81999999999999 29.099999999999994 5
      vertex 60.18000000000001 30.099999999999994 5
      vertex 50.81999999999999 30.099999999999994 5
    endloop
  endfacet
  facet normal 0 0 1
    outer loop
      vertex 50.81999999999999 43.900000000000006 5
      vertex 60.18000000000001 43.900000000000006 5
      vertex 60.18000000000001 44.900000000000006 5
    endloop
  endfacet
  facet normal 0 0 1
    outer loop
      vertex 50.81999999999999 43.900000000000006 5
      vertex 60.18000000000001 44.900000000000006 5
      vertex 50.81999999999999 44.900000000000006 5
    endloop
  endfacet
  facet normal 0 0 1
    outer loop
      vertex 50.81999999999999 58.70000000000002 5
      vertex 60.18000000000001 58.70000000000002 5
      vertex 60.18000000000001 59.70000000000002 5
    endloop
  endfacet
  facet normal 0 0 1
    outer loop
      vertex 50.81999999999999 58.70000000000002 5
      vertex 60.18000000000001 59.70000000000002 5
      vertex 50.81999999999999 59.70000000000002 5
    endloop
  endfacet
  facet normal 0 0 1
    outer loop
      vertex 50.81999999999999 74 5
      vertex 60.18000000000001 74 5
      vertex 60.18000000000001 75 5
    endloop
  endfacet
  facet normal 0 0 1
    outer loop
      vertex 50.81999999999999 74 5
      vertex 60.18000000000001 75 5
      vertex 50.81999999999999 75 5
    endloop
  endfacet
  facet normal 0 0 1
    outer loop
      vertex 60.18000000000001 -75 5
      vertex 61.18000000000001 -75 5
      vertex 61.18000000000001 -74 5
    endloop
  endfacet
  facet normal 0 0 1
    outer loop
      vertex 60.18000000000001 -75 5
      vertex 61.18000000000001 -74 5
      vertex 60.18000000000001 -74 5
    endloop
  endfacet
  facet normal 0 0 1
    outer loop
      vertex 60.18000000000001 -74 5
      vertex 61.18000000000001 -74 5
      vertex 61.18000000000001 -59.7 5
    endloop
  endfacet
  facet normal 0 0 1
    outer loop
      vertex 60.18000000000001 -74 5
      vertex 61.18000000000001 -59.7 5
      vertex 60.18000000000001 -59.7 5
    endloop
  endfacet
  facet normal 0 0 1
    outer loop
      vertex 60.18000000000001 -59.7 5
      vertex 61.18000000000001 -59.7 5
      vertex 61.18000000000001 -58.7 5
    endloop
  endfacet
  facet normal 0 0 1
    outer loop
      vertex 60.18000000000001 -59.7 5
      vertex 61.18000000000001 -58.7 5
      vertex 60.18000000000001 -58.7 5
    endloop
  endfacet
  facet normal 0 0 1
    outer loop
      vertex 60.18000000000001 -58.7 5
      vertex 61.18000000000001 -58.7 5
      vertex 61.18000000000001 -44.9 5
    endloop
  endfacet
  facet normal 0 0 1
    outer loop
      vertex 60.18000000000001 -58.7 5
      vertex 61.18000000000001 -44.9 5
      vertex 60.18000000000001 -44.9 5
    endloop
  endfacet
  facet normal 0 0 1
    outer loop
      vertex 60.18000000000001 -44.9 5
      vertex 61.18000000000001 -44.9 5
      vertex 61.18000000000001 -43.9 5
    endloop
  endfacet
  facet normal 0 0 1
    outer loop
      vertex 60.18000000000001 -44.9 5
      vertex 61.18000000000001 -43.9 5
      vertex 60.18000000000001 -43.9 5
    endloop
  endfacet
  facet normal 0 0 1
    outer loop
      vertex 60.18000000000001 -43.9 5
      vertex 61.18000000000001 -43.9 5
      vertex 61.18000000000001 -30.1 5
    endloop
  endfacet
  facet normal 0 0 1
    outer loop
      vertex 60.18000000000001 -43.9 5
      vertex 61.18000000000001 -30.1 5
      vertex 60.18000000000001 -30.1 5
    endloop
  endfacet
  facet normal 0 0 1
    outer loop
      vertex 60.18000000000001 -30.1 5
      vertex 61.18000000000001 -30.1 5
      vertex 61.18000000000001 -29.1 5
    endloop
  endfacet
  facet normal 0 0 1
    outer loop
      vertex 60.18000000000001 -30.1 5
      vertex 61.18000000000001 -29.1 5
      vertex 60.18000000000001 -29.1 5
    endloop
  endfacet
  facet normal 0 0 1
    outer loop
      vertex 60.18000000000001 -29.1 5
      vertex 61.18000000000001 -29.1 5
      vertex 61.18000000000001 -15.299999999999997 5
    endloop
  endfacet
  facet normal 0 0 1
    outer loop
      vertex 60.18000000000001 -29.1 5
      vertex 61.18000000000001 -15.299999999999997 5
      vertex 60.18000000000001 -15.299999999999997 5
    endloop
  endfacet
  facet normal 0 0 1
    outer loop
      vertex 60.18000000000001 -15.299999999999997 5
      vertex 61.18000000000001 -15.299999999999997 5
      vertex 61.18000000000001 -14.299999999999997 5
    endloop
  endfacet
  facet normal 0 0 1
    outer loop
      vertex 60.18000000000001 -15.299999999999997 5
      vertex 61.18000000000001 -14.299999999999997 5
      vertex 60.18000000000001 -14.299999999999997 5
    endloop
  endfacet
  facet normal 0 0 1
    outer loop
      vertex 60.18000000000001 -14.299999999999997 5
      vertex 61.18000000000001 -14.299999999999997 5
      vertex 61.18000000000001 -0.5 5
    endloop
  endfacet
  facet normal 0 0 1
    outer loop
      vertex 60.18000000000001 -14.299999999999997 5
      vertex 61.18000000000001 -0.5 5
      vertex 60.18000000000001 -0.5 5
    endloop
  endfacet
  facet normal 0 0 1
    outer loop
      vertex 60.18000000000001 -0.5 5
      vertex 61.18000000000001 -0.5 5
      vertex 61.18000000000001 0.5 5
    endloop
  endfacet
  facet normal 0 0 1
    outer loop
      vertex 60.18000000000001 -0.5 5
      vertex 61.18000000000001 0.5 5
      vertex 60.18000000000001 0.5 5
    endloop
  endfacet
  facet normal 0 0 1
    outer loop
      vertex 60.18000000000001 0.5 5
      vertex 61.18000000000001 0.5 5
      vertex 61.18000000000001 14.299999999999997 5
    endloop
  endfacet
  facet normal 0 0 1
    outer loop
      vertex 60.18000000000001 0.5 5
      vertex 61.18000000000001 14.299999999999997 5
      vertex 60.18000000000001 14.299999999999997 5
    endloop
  endfacet
  facet normal 0 0 1
    outer loop
      vertex 60.18000000000001 14.299999999999997 5
      vertex 61.18000000000001 14.299999999999997 5
      vertex 61.18000000000001 15.299999999999997 5
    endloop
  endfacet
  facet normal 0 0 1
    outer loop
      vertex 60.18000000000001 14.299999999999997 5
      vertex 61.18000000000001 15.299999999999997 5
      vertex 60.18000000000001 15.299999999999997 5
    endloop
  endfacet
  facet normal 0 0 1
    outer loop
      vertex 60.18000000000001 15.299999999999997 5
      vertex 61.18000000000001 15.299999999999997 5
      vertex 61.18000000000001 29.099999999999994 5
    endloop
  endfacet
  facet normal 0 0 1
    outer loop
      vertex 60.18000000000001 15.299999999999997 5
      vertex 61.18000000000001 29.099999999999994 5
      vertex 60.18000000000001 29.099999999999994 5
    endloop
  endfacet
  facet normal 0 0 1
    outer loop
      vertex 60.18000000000001 29.099999999999994 5
      vertex 61.18000000000001 29.099999999999994 5
      vertex 61.18000000000001 30.099999999999994 5
    endloop
  endfacet
  facet normal 0 0 1
    outer loop
      vertex 60.18000000000001 29.099999999999994 5
      vertex 61.18000000000001 30.099999999999994 5
      vertex 60.18000000000001 30.099999999999994 5
    endloop
  endfacet
  facet normal 0 0 1
    outer loop
      vertex 60.18000000000001 30.099999999999994 5
      vertex 61.18000000000001 30.099999999999994 5
      vertex 61.18000000000001 43.900000000000006 5
    endloop
  endfacet
  facet normal 0 0 1
    outer loop
      vertex 60.18000000000001 30.099999999999994 5
      vertex 61.18000000000001 43.900000000000006 5
      vertex 60.18000000000001 43.900000000000006 5
    endloop
  endfacet
  facet normal 0 0 1
    outer loop
      vertex 60.18000000000001 43.900000000000006 5
      vertex 61.18000000000001 43.900000000000006 5
      vertex 61.18000000000001 44.900000000000006 5
    endloop
  endfacet
  facet normal 0 0 1
    outer loop
      vertex 60.18000000000001 43.900000000000006 5
      vertex 61.18000000000001 44.900000000000006 5
      vertex 60.18000000000001 44.900000000000006 5
    endloop
  endfacet
  facet normal 0 0 1
    outer loop
      vertex 60.18000000000001 44.900000000000006 5
      vertex 61.18000000000001 44.900000000000006 5
      vertex 61.18000000000001 58.70000000000002 5
    endloop
  endfacet
  facet normal 0 0 1
    outer loop
      vertex 60.18000000000001 44.900000000000006 5
      vertex 61.18000000000001 58.70000000000002 5
      vertex 60.18000000000001 58.70000000000002 5
    endloop
  endfacet
  facet normal 0 0 1
    outer loop
      vertex 60.18000000000001 58.70000000000002 5
      vertex 61.18000000000001 58.70000000000002 5
      vertex 61.18000000000001 59.70000000000002 5
    endloop
  endfacet
  facet normal 0 0 1
    outer loop
      vertex 60.18000000000001 58.70000000000002 5
      vertex 61.18000000000001 59.70000000000002 5
      vertex 60.18000000000001 59.70000000000002 5
    endloop
  endfacet
  facet normal 0 0 1
    outer loop
      vertex 60.18000000000001 59.70000000000002 5
      vertex 61.18000000000001 59.70000000000002 5
      vertex 61.18000000000001 74 5
    endloop
  endfacet
  facet normal 0 0 1
    outer loop
      vertex 60.18000000000001 59.70000000000002 5
      vertex 61.18000000000001 74 5
      vertex 60.18000000000001 74 5
    endloop
  endfacet
  facet normal 0 0 1
    outer loop
      vertex 60.18000000000001 74 5
      vertex 61.18000000000001 74 5
      vertex 61.18000000000001 75 5
    endloop
  endfacet
  facet normal 0 0 1
    outer loop
      vertex 60.18000000000001 74 5
      vertex 61.18000000000001 75 5
      vertex 60.18000000000001 75 5
    endloop
  endfacet
  facet normal 0 0 1
    outer loop
      vertex 61.18000000000001 -75 5
      vertex 74 -75 5
      vertex 74 -74 5
    endloop
  endfacet
  facet normal 0 0 1
    outer loop
      vertex 61.18000000000001 -75 5
      vertex 74 -74 5
      vertex 61.18000000000001 -74 5
    endloop
  endfacet
  facet normal 0 0 1
    outer loop
      vertex 61.18000000000001 -59.7 5
      vertex 74 -59.7 5
      vertex 74 -58.7 5
    endloop
  endfacet
  facet normal 0 0 1
    outer loop
      vertex 61.18000000000001 -59.7 5
      vertex 74 -58.7 5
      vertex 61.18000000000001 -58.7 5
    endloop
  endfacet
  facet normal 0 0 1
    outer loop
      vertex 61.18000000000001 -44.9 5
      vertex 74 -44.9 5
      vertex 74 -43.9 5
    endloop
  endfacet
  facet normal 0 0 1
    outer loop
      vertex 61.18000000000001 -44.9 5
      vertex 74 -43.9 5
      vertex 61.18000000000001 -43.9 5
    endloop
  endfacet
  facet normal 0 0 1
    outer loop
      vertex 61.18000000000001 -30.1 5
      vertex 74 -30.1 5
      vertex 74 -29.1 5
    endloop
  endfacet
  facet normal 0 0 1
    outer loop
      vertex 61.18000000000001 -30.1 5
      vertex 74 -29.1 5
      vertex 61.18000000000001 -29.1 5
    endloop
  endfacet
  facet normal 0 0 1
    outer loop
      vertex 61.18000000000001 -15.299999999999997 5
      vertex 74 -15.299999999999997 5
      vertex 74 -14.299999999999997 5
    endloop
  endfacet
  facet normal 0 0 1
    outer loop
      vertex 61.18000000000001 -15.299999999999997 5
      vertex 74 -14.299999999999997 5
      vertex 61.18000000000001 -14.299999999999997 5
    endloop
  endfacet
  facet normal 0 0 1
    outer loop
      vertex 61.18000000000001 -0.5 5
      vertex 74 -0.5 5
      vertex 74 0.5 5
    endloop
  endfacet
  facet normal 0 0 1
    outer loop
      vertex 61.18000000000001 -0.5 5
      vertex 74 0.5 5
      vertex 61.18000000000001 0.5 5
    endloop
  endfacet
  facet normal 0 0 1
    outer loop
      vertex 61.18000000000001 14.299999999999997 5
      vertex 74 14.299999999999997 5
      vertex 74 15.299999999999997 5
    endloop
  endfacet
  facet normal 0 0 1
    outer loop
      vertex 61.18000000000001 14.299999999999997 5
      vertex 74 15.299999999999997 5
      vertex 61.18000000000001 15.299999999999997 5
    endloop
  endfacet
  facet normal 0 0 1
    outer loop
      vertex 61.18000000000001 29.099999999999994 5
      vertex 74 29.099999999999994 5
      vertex 74 30.099999999999994 5
    endloop
  endfacet
  facet normal 0 0 1
    outer loop
      vertex 61.18000000000001 29.099999999999994 5
      vertex 74 30.099999999999994 5
      vertex 61.18000000000001 30.099999999999994 5
    endloop
  endfacet
  facet normal 0 0 1
    outer loop
      vertex 61.18000000000001 43.900000000000006 5
      vertex 74 43.900000000000006 5
      vertex 74 44.900000000000006 5
    endloop
  endfacet
  facet normal 0 0 1
    outer loop
      vertex 61.18000000000001 43.900000000000006 5
      vertex 74 44.900000000000006 5
      vertex 61.18000000000001 44.900000000000006 5
    endloop
  endfacet
  facet normal 0 0 1
    outer loop
      vertex 61.18000000000001 58.70000000000002 5
      vertex 74 58.70000000000002 5
      vertex 74 59.70000000000002 5
    endloop
  endfacet
  facet normal 0 0 1
    outer loop
      vertex 61.18000000000001 58.70000000000002 5
      vertex 74 59.70000000000002 5
      vertex 61.18000000000001 59.70000000000002 5
    endloop
  endfacet
  facet normal 0 0 1
    outer loop
      vertex 61.18000000000001 74 5
      vertex 74 74 5
      vertex 74 75 5
    endloop
  endfacet
  facet normal 0 0 1
    outer loop
      vertex 61.18000000000001 74 5
      vertex 74 75 5
      vertex 61.18000000000001 75 5
    endloop
  endfacet
  facet normal 0 0 1
    outer loop
      vertex 74 -75 5
      vertex 75 -75 5
      vertex 75 -74 5
    endloop
  endfacet
  facet normal 0 0 1
    outer loop
      vertex 74 -75 5
      vertex 75 -74 5
      vertex 74 -74 5
    endloop
  endfacet
  facet normal 0 0 1
    outer loop
      vertex 74 -74 5
      vertex 75 -74 5
      vertex 75 -59.7 5
    endloop
  endfacet
  facet normal 0 0 1
    outer loop
      vertex 74 -74 5
      vertex 75 -59.7 5
      vertex 74 -59.7 5
    endloop
  endfacet
  facet normal 0 0 1
    outer loop
      vertex 74 -59.7 5
      vertex 75 -59.7 5
      vertex 75 -58.7 5
    endloop
  endfacet
  facet normal 0 0 1
    outer loop
      vertex 74 -59.7 5
      vertex 75 -58.7 5
      vertex 74 -58.7 5
    endloop
  endfacet
  facet normal 0 0 1
    outer loop
      vertex 74 -58.7 5
      vertex 75 -58.7 5
      vertex 75 -44.9 5
    endloop
  endfacet
  facet normal 0 0 1
    outer loop
      vertex 74 -58.7 5
      vertex 75 -44.9 5
      vertex 74 -44.9 5
    endloop
  endfacet
  facet normal 0 0 1
    outer loop
      vertex 74 -44.9 5
      vertex 75 -44.9 5
      vertex 75 -43.9 5
    endloop
  endfacet
  facet normal 0 0 1
    outer loop
      vertex 74 -44.9 5
      vertex 75 -43.9 5
      vertex 74 -43.9 5
    endloop
  endfacet
  facet normal 0 0 1
    outer loop
      vertex 74 -43.9 5
      vertex 75 -43.9 5
      vertex 75 -30.1 5
    endloop
  endfacet
  facet normal 0 0 1
    outer loop
      vertex 74 -43.9 5
      vertex 75 -30.1 5
      vertex 74 -30.1 5
    endloop
  endfacet
  facet normal 0 0 1
    outer loop
      vertex 74 -30.1 5
      vertex 75 -30.1 5
      vertex 75 -29.1 5
    endloop
  endfacet
  facet normal 0 0 1
    outer loop
      vertex 74 -30.1 5
      vertex 75 -29.1 5
      vertex 74 -29.1 5
    endloop
  endfacet
  facet normal 0 0 1
    outer loop
      vertex 74 -29.1 5
      vertex 75 -29.1 5
      vertex 75 -15.299999999999997 5
    endloop
  endfacet
  facet normal 0 0 1
    outer loop
      vertex 74 -29.1 5
      vertex 75 -15.299999999999997 5
      vertex 74 -15.299999999999997 5
    endloop
  endfacet
  facet normal 0 0 1
    outer loop
      vertex 74 -15.299999999999997 5
      vertex 75 -15.299999999999997 5
      vertex 75 -14.299999999999997 5
    endloop
  endfacet
  facet normal 0 0 1
    outer loop
      vertex 74 -15.299999999999997 5
      vertex 75 -14.299999999999997 5
      vertex 74 -14.299999999999997 5
    endloop
  endfacet
  facet normal 0 0 1
    outer loop
      vertex 74 -14.299999999999997 5
      vertex 75 -14.299999999999997 5
      vertex 75 -0.5 5
    endloop
  endfacet
  facet normal 0 0 1
    outer loop
      vertex 74 -14.299999999999997 5
      vertex 75 -0.5 5
      vertex 74 -0.5 5
    endloop
  endfacet
  facet normal 0 0 1
    outer loop
      vertex 74 -0.5 5
      vertex 75 -0.5 5
      vertex 75 0.5 5
    endloop
  endfacet
  facet normal 0 0 1
    outer loop
      vertex 74 -0.5 5
      vertex 75 0.5 5
      vertex 74 0.5 5
    endloop
  endfacet
  facet normal 0 0 1
    outer loop
      vertex 74 0.5 5
      vertex 75 0.5 5
      vertex 75 14.299999999999997 5
    endloop
  endfacet
  facet normal 0 0 1
    outer loop
      vertex 74 0.5 5
      vertex 75 14.299999999999997 5
      vertex 74 14.299999999999997 5
    endloop
  endfacet
  facet normal 0 0 1
    outer loop
      vertex 74 14.299999999999997 5
      vertex 75 14.299999999999997 5
      vertex 75 15.299999999999997 5
    endloop
  endfacet
  facet normal 0 0 1
    outer loop
      vertex 74 14.299999999999997 5
      vertex 75 15.299999999999997 5
      vertex 74 15.299999999999997 5
    endloop
  endfacet
  facet normal 0 0 1
    outer loop
      vertex 74 15.299999999999997 5
      vertex 75 15.299999999999997 5
      vertex 75 29.099999999999994 5
    endloop
  endfacet
  facet normal 0 0 1
    outer loop
      vertex 74 15.299999999999997 5
      vertex 75 29.099999999999994 5
      vertex 74 29.099999999999994 5
    endloop
  endfacet
  facet normal 0 0 1
    outer loop
      vertex 74 29.099999999999994 5
      vertex 75 29.099999999999994 5
      vertex 75 30.099999999999994 5
    endloop
  endfacet
  facet normal 0 0 1
    outer loop
      vertex 74 29.099999999999994 5
      vertex 75 30.099999999999994 5
      vertex 74 30.099999999999994 5
    endloop
  endfacet
  facet normal 0 0 1
    outer loop
      vertex 74 30.099999999999994 5
      vertex 75 30.099999999999994 5
      vertex 75 43.900000000000006 5
    endloop
  endfacet
  facet normal 0 0 1
    outer loop
      vertex 74 30.099999999999994 5
      vertex 75 43.900000000000006 5
      vertex 74 43.900000000000006 5
    endloop
  endfacet
  facet normal 0 0 1
    outer loop
      vertex 74 43.900000000000006 5
      vertex 75 43.900000000000006 5
      vertex 75 44.900000000000006 5
    endloop
  endfacet
  facet normal 0 0 1
    outer loop
      vertex 74 43.900000000000006 5
      vertex 75 44.900000000000006 5
      vertex 74 44.900000000000006 5
    endloop
  endfacet
  facet normal 0 0 1
    outer loop
      vertex 74 44.900000000000006 5
      vertex 75 44.900000000000006 5
      vertex 75 58.70000000000002 5
    endloop
  endfacet
  facet normal 0 0 1
    outer loop
      vertex 74 44.900000000000006 5
      vertex 75 58.70000000000002 5
      vertex 74 58.70000000000002 5
    endloop
  endfacet
  facet normal 0 0 1
    outer loop
      vertex 74 58.70000000000002 5
      vertex 75 58.70000000000002 5
      vertex 75 59.70000000000002 5
    endloop
  endfacet
  facet normal 0 0 1
    outer loop
      vertex 74 58.70000000000002 5
      vertex 75 59.70000000000002 5
      vertex 74 59.70000000000002 5
    endloop
  endfacet
  facet normal 0 0 1
    outer loop
      vertex 74 59.70000000000002 5
      vertex 75 59.70000000000002 5
      vertex 75 74 5
    endloop
  endfacet
  facet normal 0 0 1
    outer loop
      vertex 74 59.70000000000002 5
      vertex 75 74 5
      vertex 74 74 5
    endloop
  endfacet
  facet normal 0 0 1
    outer loop
      vertex 74 74 5
      vertex 75 74 5
      vertex 75 75 5
    endloop
  endfacet
  facet normal 0 0 1
    outer loop
      vertex 74 74 5
      vertex 75 75 5
      vertex 74 75 5
    endloop
  endfacet
  facet normal -1 0 0
    outer loop
      vertex -61.18 -59.7 -4
      vertex -61.18 -74 -4
      vertex -61.18 -74 5
    endloop
  endfacet
  facet normal -1 0 0
    outer loop
      vertex -61.18 -59.7 -4
      vertex -61.18 -74 5
      vertex -61.18 -59.7 5
    endloop
  endfacet
  facet normal -1 0 0
    outer loop
      vertex -61.18 -44.9 -4
      vertex -61.18 -58.7 -4
      vertex -61.18 -58.7 5
    endloop
  endfacet
  facet normal -1 0 0
    outer loop
      vertex -61.18 -44.9 -4
      vertex -61.18 -58.7 5
      vertex -61.18 -44.9 5
    endloop
  endfacet
  facet normal -1 0 0
    outer loop
      vertex -61.18 -30.1 -4
      vertex -61.18 -43.9 -4
      vertex -61.18 -43.9 5
    endloop
  endfacet
  facet normal -1 0 0
    outer loop
      vertex -61.18 -30.1 -4
      vertex -61.18 -43.9 5
      vertex -61.18 -30.1 5
    endloop
  endfacet
  facet normal -1 0 0
    outer loop
      vertex -61.18 -15.299999999999997 -4
      vertex -61.18 -29.1 -4
      vertex -61.18 -29.1 5
    endloop
  endfacet
  facet normal -1 0 0
    outer loop
      vertex -61.18 -15.299999999999997 -4
      vertex -61.18 -29.1 5
      vertex -61.18 -15.299999999999997 5
    endloop
  endfacet
  facet normal -1 0 0
    outer loop
      vertex -61.18 -0.5 -4
      vertex -61.18 -14.299999999999997 -4
      vertex -61.18 -14.299999999999997 5
    endloop
  endfacet
  facet normal -1 0 0
    outer loop
      vertex -61.18 -0.5 -4
      vertex -61.18 -14.299999999999997 5
      vertex -61.18 -0.5 5
    endloop
  endfacet
  facet normal -1 0 0
    outer loop
      vertex -61.18 14.299999999999997 -4
      vertex -61.18 0.5 -4
      vertex -61.18 0.5 5
    endloop
  endfacet
  facet normal -1 0 0
    outer loop
      vertex -61.18 14.299999999999997 -4
      vertex -61.18 0.5 5
      vertex -61.18 14.299999999999997 5
    endloop
  endfacet
  facet normal -1 0 0
    outer loop
      vertex -61.18 29.099999999999994 -4
      vertex -61.18 15.299999999999997 -4
      vertex -61.18 15.299999999999997 5
    endloop
  endfacet
  facet normal -1 0 0
    outer loop
      vertex -61.18 29.099999999999994 -4
      vertex -61.18 15.299999999999997 5
      vertex -61.18 29.099999999999994 5
    endloop
  endfacet
  facet normal -1 0 0
    outer loop
      vertex -61.18 43.900000000000006 -4
      vertex -61.18 30.099999999999994 -4
      vertex -61.18 30.099999999999994 5
    endloop
  endfacet
  facet normal -1 0 0
    outer loop
      vertex -61.18 43.900000000000006 -4
      vertex -61.18 30.099999999999994 5
      vertex -61.18 43.900000000000006 5
    endloop
  endfacet
  facet normal -1 0 0
    outer loop
      vertex -61.18 58.70000000000002 -4
      vertex -61.18 44.900000000000006 -4
      vertex -61.18 44.900000000000006 5
    endloop
  endfacet
  facet normal -1 0 0
    outer loop
      vertex -61.18 58.70000000000002 -4
      vertex -61.18 44.900000000000006 5
      vertex -61.18 58.70000000000002 5
    endloop
  endfacet
  facet normal -1 0 0
    outer loop
      vertex -61.18 74 -4
      vertex -61.18 59.70000000000002 -4
      vertex -61.18 59.70000000000002 5
    endloop
  endfacet
  facet normal -1 0 0
    outer loop
      vertex -61.18 74 -4
      vertex -61.18 59.70000000000002 5
      vertex -61.18 74 5
    endloop
  endfacet
  facet normal 1 0 0
    outer loop
      vertex -60.18 -74 -4
      vertex -60.18 -59.7 -4
      vertex -60.18 -59.7 5
    endloop
  endfacet
  facet normal 1 0 0
    outer loop
      vertex -60.18 -74 -4
      vertex -60.18 -59.7 5
      vertex -60.18 -74 5
    endloop
  endfacet
  facet normal 1 0 0
    outer loop
      vertex -60.18 -58.7 -4
      vertex -60.18 -44.9 -4
      vertex -60.18 -44.9 5
    endloop
  endfacet
  facet normal 1 0 0
    outer loop
      vertex -60.18 -58.7 -4
      vertex -60.18 -44.9 5
      vertex -60.18 -58.7 5
    endloop
  endfacet
  facet normal 1 0 0
    outer loop
      vertex -60.18 -43.9 -4
      vertex -60.18 -30.1 -4
      vertex -60.18 -30.1 5
    endloop
  endfacet
  facet normal 1 0 0
    outer loop
      vertex -60.18 -43.9 -4
      vertex -60.18 -30.1 5
      vertex -60.18 -43.9 5
    endloop
  endfacet
  facet normal 1 0 0
    outer loop
      vertex -60.18 -29.1 -4
      vertex -60.18 -15.299999999999997 -4
      vertex -60.18 -15.299999999999997 5
    endloop
  endfacet
  facet normal 1 0 0
    outer loop
      vertex -60.18 -29.1 -4
      vertex -60.18 -15.299999999999997 5
      vertex -60.18 -29.1 5
    endloop
  endfacet
  facet normal 1 0 0
    outer loop
      vertex -60.18 -14.299999999999997 -4
      vertex -60.18 -0.5 -4
      vertex -60.18 -0.5 5
    endloop
  endfacet
  facet normal 1 0 0
    outer loop
      vertex -60.18 -14.299999999999997 -4
      vertex -60.18 -0.5 5
      vertex -60.18 -14.299999999999997 5
    endloop
  endfacet
  facet normal 1 0 0
    outer loop
      vertex -60.18 0.5 -4
      vertex -60.18 14.299999999999997 -4
      vertex -60.18 14.299999999999997 5
    endloop
  endfacet
  facet normal 1 0 0
    outer loop
      vertex -60.18 0.5 -4
      vertex -60.18 14.299999999999997 5
      vertex -60.18 0.5 5
    endloop
  endfacet
  facet normal 1 0 0
    outer loop
      vertex -60.18 15.299999999999997 -4
      vertex -60.18 29.099999999999994 -4
      vertex -60.18 29.099999999999994 5
    endloop
  endfacet
  facet normal 1 0 0
    outer loop
      vertex -60.18 15.299999999999997 -4
      vertex -60.18 29.099999999999994 5
      vertex -60.18 15.299999999999997 5
    endloop
  endfacet
  facet normal 1 0 0
    outer loop
      vertex -60.18 30.099999999999994 -4
      vertex -60.18 43.900000000000006 -4
      vertex -60.18 43.900000000000006 5
    endloop
  endfacet
  facet normal 1 0 0
    outer loop
      vertex -60.18 30.099999999999994 -4
      vertex -60.18 43.900000000000006 5
      vertex -60.18 30.099999999999994 5
    endloop
  endfacet
  facet normal 1 0 0
    outer loop
      vertex -60.18 44.900000000000006 -4
      vertex -60.18 58.70000000000002 -4
      vertex -60.18 58.70000000000002 5
    endloop
  endfacet
  facet normal 1 0 0
    outer loop
      vertex -60.18 44.900000000000006 -4
      vertex -60.18 58.70000000000002 5
      vertex -60.18 44.900000000000006 5
    endloop
  endfacet
  facet normal 1 0 0
    outer loop
      vertex -60.18 59.70000000000002 -4
      vertex -60.18 74 -4
      vertex -60.18 74 5
    endloop
  endfacet
  facet normal 1 0 0
    outer loop
      vertex -60.18 59.70000000000002 -4
      vertex -60.18 74 5
      vertex -60.18 59.70000000000002 5
    endloop
  endfacet
  facet normal -1 0 0
    outer loop
      vertex -44.9 -59.7 -4
      vertex -44.9 -74 -4
      vertex -44.9 -74 5
    endloop
  endfacet
  facet normal -1 0 0
    outer loop
      vertex -44.9 -59.7 -4
      vertex -44.9 -74 5
      vertex -44.9 -59.7 5
    endloop
  endfacet
  facet normal -1 0 0
    outer loop
      vertex -44.9 -44.9 -4
      vertex -44.9 -58.7 -4
      vertex -44.9 -58.7 5
    endloop
  endfacet
  facet normal -1 0 0
    outer loop
      vertex -44.9 -44.9 -4
      vertex -44.9 -58.7 5
      vertex -44.9 -44.9 5
    endloop
  endfacet
  facet normal -1 0 0
    outer loop
      vertex -44.9 -30.1 -4
      vertex -44.9 -43.9 -4
      vertex -44.9 -43.9 5
    endloop
  endfacet
  facet normal -1 0 0
    outer loop
      vertex -44.9 -30.1 -4
      vertex -44.9 -43.9 5
      vertex -44.9 -30.1 5
    endloop
  endfacet
  facet normal -1 0 0
    outer loop
      vertex -44.9 -15.299999999999997 -4
      vertex -44.9 -29.1 -4
      vertex -44.9 -29.1 5
    endloop
  endfacet
  facet normal -1 0 0
    outer loop
      vertex -44.9 -15.299999999999997 -4
      vertex -44.9 -29.1 5
      vertex -44.9 -15.299999999999997 5
    endloop
  endfacet
  facet normal -1 0 0
    outer loop
      vertex -44.9 -0.5 -4
      vertex -44.9 -14.299999999999997 -4
      vertex -44.9 -14.299999999999997 5
    endloop
  endfacet
  facet normal -1 0 0
    outer loop
      vertex -44.9 -0.5 -4
      vertex -44.9 -14.299999999999997 5
      vertex -44.9 -0.5 5
    endloop
  endfacet
  facet normal -1 0 0
    outer loop
      vertex -44.9 14.299999999999997 -4
      vertex -44.9 0.5 -4
      vertex -44.9 0.5 5
    endloop
  endfacet
  facet normal -1 0 0
    outer loop
      vertex -44.9 14.299999999999997 -4
      vertex -44.9 0.5 5
      vertex -44.9 14.299999999999997 5
    endloop
  endfacet
  facet normal -1 0 0
    outer loop
      vertex -44.9 29.099999999999994 -4
      vertex -44.9 15.299999999999997 -4
      vertex -44.9 15.299999999999997 5
    endloop
  endfacet
  facet normal -1 0 0
    outer loop
      vertex -44.9 29.099999999999994 -4
      vertex -44.9 15.299999999999997 5
      vertex -44.9 29.099999999999994 5
    endloop
  endfacet
  facet normal -1 0 0
    outer loop
      vertex -44.9 43.900000000000006 -4
      vertex -44.9 30.099999999999994 -4
      vertex -44.9 30.099999999999994 5
    endloop
  endfacet
  facet normal -1 0 0
    outer loop
      vertex -44.9 43.900000000000006 -4
      vertex -44.9 30.099999999999994 5
      vertex -44.9 43.900000000000006 5
    endloop
  endfacet
  facet normal -1 0 0
    outer loop
      vertex -44.9 58.70000000000002 -4
      vertex -44.9 44.900000000000006 -4
      vertex -44.9 44.900000000000006 5
    endloop
  endfacet
  facet normal -1 0 0
    outer loop
      vertex -44.9 58.70000000000002 -4
      vertex -44.9 44.900000000000006 5
      vertex -44.9 58.70000000000002 5
    endloop
  endfacet
  facet normal -1 0 0
    outer loop
      vertex -44.9 74 -4
      vertex -44.9 59.70000000000002 -4
      vertex -44.9 59.70000000000002 5
    endloop
  endfacet
  facet normal -1 0 0
    outer loop
      vertex -44.9 74 -4
      vertex -44.9 59.70000000000002 5
      vertex -44.9 74 5
    endloop
  endfacet
  facet normal 1 0 0
    outer loop
      vertex -43.9 -74 -4
      vertex -43.9 -59.7 -4
      vertex -43.9 -59.7 5
    endloop
  endfacet
  facet normal 1 0 0
    outer loop
      vertex -43.9 -74 -4
      vertex -43.9 -59.7 5
      vertex -43.9 -74 5
    endloop
  endfacet
  facet normal 1 0 0
    outer loop
      vertex -43.9 -58.7 -4
      vertex -43.9 -44.9 -4
      vertex -43.9 -44.9 5
    endloop
  endfacet
  facet normal 1 0 0
    outer loop
      vertex -43.9 -58.7 -4
      vertex -43.9 -44.9 5
      vertex -43.9 -58.7 5
    endloop
  endfacet
  facet normal 1 0 0
    outer loop
      vertex -43.9 -43.9 -4
      vertex -43.9 -30.1 -4
      vertex -43.9 -30.1 5
    endloop
  endfacet
  facet normal 1 0 0
    outer loop
      vertex -43.9 -43.9 -4
      vertex -43.9 -30.1 5
      vertex -43.9 -43.9 5
    endloop
  endfacet
  facet normal 1 0 0
    outer loop
      vertex -43.9 -29.1 -4
      vertex -43.9 -15.299999999999997 -4
      vertex -43.9 -15.299999999999997 5
    endloop
  endfacet
  facet normal 1 0 0
    outer loop
      vertex -43.9 -29.1 -4
      vertex -43.9 -15.299999999999997 5
      vertex -43.9 -29.1 5
    endloop
  endfacet
  facet normal 1 0 0
    outer loop
      vertex -43.9 -14.299999999999997 -4
      vertex -43.9 -0.5 -4
      vertex -43.9 -0.5 5
    endloop
  endfacet
  facet normal 1 0 0
    outer loop
      vertex -43.9 -14.299999999999997 -4
      vertex -43.9 -0.5 5
      vertex -43.9 -14.299999999999997 5
    endloop
  endfacet
  facet normal 1 0 0
    outer loop
      vertex -43.9 0.5 -4
      vertex -43.9 14.299999999999997 -4
      vertex -43.9 14.299999999999997 5
    endloop
  endfacet
  facet normal 1 0 0
    outer loop
      vertex -43.9 0.5 -4
      vertex -43.9 14.299999999999997 5
      vertex -43.9 0.5 5
    endloop
  endfacet
  facet normal 1 0 0
    outer loop
      vertex -43.9 15.299999999999997 -4
      vertex -43.9 29.099999999999994 -4
      vertex -43.9 29.099999999999994 5
    endloop
  endfacet
  facet normal 1 0 0
    outer loop
      vertex -43.9 15.299999999999997 -4
      vertex -43.9 29.099999999999994 5
      vertex -43.9 15.299999999999997 5
    endloop
  endfacet
  facet normal 1 0 0
    outer loop
      vertex -43.9 30.099999999999994 -4
      vertex -43.9 43.900000000000006 -4
      vertex -43.9 43.900000000000006 5
    endloop
  endfacet
  facet normal 1 0 0
    outer loop
      vertex -43.9 30.099999999999994 -4
      vertex -43.9 43.900000000000006 5
      vertex -43.9 30.099999999999994 5
    endloop
  endfacet
  facet normal 1 0 0
    outer loop
      vertex -43.9 44.900000000000006 -4
      vertex -43.9 58.70000000000002 -4
      vertex -43.9 58.70000000000002 5
    endloop
  endfacet
  facet normal 1 0 0
    outer loop
      vertex -43.9 44.900000000000006 -4
      vertex -43.9 58.70000000000002 5
      vertex -43.9 44.900000000000006 5
    endloop
  endfacet
  facet normal 1 0 0
    outer loop
      vertex -43.9 59.70000000000002 -4
      vertex -43.9 74 -4
      vertex -43.9 74 5
    endloop
  endfacet
  facet normal 1 0 0
    outer loop
      vertex -43.9 59.70000000000002 -4
      vertex -43.9 74 5
      vertex -43.9 59.70000000000002 5
    endloop
  endfacet
  facet normal -1 0 0
    outer loop
      vertex -30.1 -59.7 -4
      vertex -30.1 -74 -4
      vertex -30.1 -74 5
    endloop
  endfacet
  facet normal -1 0 0
    outer loop
      vertex -30.1 -59.7 -4
      vertex -30.1 -74 5
      vertex -30.1 -59.7 5
    endloop
  endfacet
  facet normal -1 0 0
    outer loop
      vertex -30.1 -44.9 -4
      vertex -30.1 -58.7 -4
      vertex -30.1 -58.7 5
    endloop
  endfacet
  facet normal -1 0 0
    outer loop
      vertex -30.1 -44.9 -4
      vertex -30.1 -58.7 5
      vertex -30.1 -44.9 5
    endloop
  endfacet
  facet normal -1 0 0
    outer loop
      vertex -30.1 -30.1 -4
      vertex -30.1 -43.9 -4
      vertex -30.1 -43.9 5
    endloop
  endfacet
  facet normal -1 0 0
    outer loop
      vertex -30.1 -30.1 -4
      vertex -30.1 -43.9 5
      vertex -30.1 -30.1 5
    endloop
  endfacet
  facet normal -1 0 0
    outer loop
      vertex -30.1 -15.299999999999997 -4
      vertex -30.1 -29.1 -4
      vertex -30.1 -29.1 5
    endloop
  endfacet
  facet normal -1 0 0
    outer loop
      vertex -30.1 -15.299999999999997 -4
      vertex -30.1 -29.1 5
      vertex -30.1 -15.299999999999997 5
    endloop
  endfacet
  facet normal -1 0 0
    outer loop
      vertex -30.1 -0.5 -4
      vertex -30.1 -14.299999999999997 -4
      vertex -30.1 -14.299999999999997 5
    endloop
  endfacet
  facet normal -1 0 0
    outer loop
      vertex -30.1 -0.5 -4
      vertex -30.1 -14.299999999999997 5
      vertex -30.1 -0.5 5
    endloop
  endfacet
  facet normal -1 0 0
    outer loop
      vertex -30.1 14.299999999999997 -4
      vertex -30.1 0.5 -4
      vertex -30.1 0.5 5
    endloop
  endfacet
  facet normal -1 0 0
    outer loop
      vertex -30.1 14.299999999999997 -4
      vertex -30.1 0.5 5
      vertex -30.1 14.299999999999997 5
    endloop
  endfacet
  facet normal -1 0 0
    outer loop
      vertex -30.1 29.099999999999994 -4
      vertex -30.1 15.299999999999997 -4
      vertex -30.1 15.299999999999997 5
    endloop
  endfacet
  facet normal -1 0 0
    outer loop
      vertex -30.1 29.099999999999994 -4
      vertex -30.1 15.299999999999997 5
      vertex -30.1 29.099999999999994 5
    endloop
  endfacet
  facet normal -1 0 0
    outer loop
      vertex -30.1 43.900000000000006 -4
      vertex -30.1 30.099999999999994 -4
      vertex -30.1 30.099999999999994 5
    endloop
  endfacet
  facet normal -1 0 0
    outer loop
      vertex -30.1 43.900000000000006 -4
      vertex -30.1 30.099999999999994 5
      vertex -30.1 43.900000000000006 5
    endloop
  endfacet
  facet normal -1 0 0
    outer loop
      vertex -30.1 58.70000000000002 -4
      vertex -30.1 44.900000000000006 -4
      vertex -30.1 44.900000000000006 5
    endloop
  endfacet
  facet normal -1 0 0
    outer loop
      vertex -30.1 58.70000000000002 -4
      vertex -30.1 44.900000000000006 5
      vertex -30.1 58.70000000000002 5
    endloop
  endfacet
  facet normal -1 0 0
    outer loop
      vertex -30.1 74 -4
      vertex -30.1 59.70000000000002 -4
      vertex -30.1 59.70000000000002 5
    endloop
  endfacet
  facet normal -1 0 0
    outer loop
      vertex -30.1 74 -4
      vertex -30.1 59.70000000000002 5
      vertex -30.1 74 5
    endloop
  endfacet
  facet normal 1 0 0
    outer loop
      vertex -29.1 -74 -4
      vertex -29.1 -59.7 -4
      vertex -29.1 -59.7 5
    endloop
  endfacet
  facet normal 1 0 0
    outer loop
      vertex -29.1 -74 -4
      vertex -29.1 -59.7 5
      vertex -29.1 -74 5
    endloop
  endfacet
  facet normal 1 0 0
    outer loop
      vertex -29.1 -58.7 -4
      vertex -29.1 -44.9 -4
      vertex -29.1 -44.9 5
    endloop
  endfacet
  facet normal 1 0 0
    outer loop
      vertex -29.1 -58.7 -4
      vertex -29.1 -44.9 5
      vertex -29.1 -58.7 5
    endloop
  endfacet
  facet normal 1 0 0
    outer loop
      vertex -29.1 -43.9 -4
      vertex -29.1 -30.1 -4
      vertex -29.1 -30.1 5
    endloop
  endfacet
  facet normal 1 0 0
    outer loop
      vertex -29.1 -43.9 -4
      vertex -29.1 -30.1 5
      vertex -29.1 -43.9 5
    endloop
  endfacet
  facet normal 1 0 0
    outer loop
      vertex -29.1 -29.1 -4
      vertex -29.1 -15.299999999999997 -4
      vertex -29.1 -15.299999999999997 5
    endloop
  endfacet
  facet normal 1 0 0
    outer loop
      vertex -29.1 -29.1 -4
      vertex -29.1 -15.299999999999997 5
      vertex -29.1 -29.1 5
    endloop
  endfacet
  facet normal 1 0 0
    outer loop
      vertex -29.1 -14.299999999999997 -4
      vertex -29.1 -0.5 -4
      vertex -29.1 -0.5 5
    endloop
  endfacet
  facet normal 1 0 0
    outer loop
      vertex -29.1 -14.299999999999997 -4
      vertex -29.1 -0.5 5
      vertex -29.1 -14.299999999999997 5
    endloop
  endfacet
  facet normal 1 0 0
    outer loop
      vertex -29.1 0.5 -4
      vertex -29.1 14.299999999999997 -4
      vertex -29.1 14.299999999999997 5
    endloop
  endfacet
  facet normal 1 0 0
    outer loop
      vertex -29.1 0.5 -4
      vertex -29.1 14.299999999999997 5
      vertex -29.1 0.5 5
    endloop
  endfacet
  facet normal 1 0 0
    outer loop
      vertex -29.1 15.299999999999997 -4
      vertex -29.1 29.099999999999994 -4
      vertex -29.1 29.099999999999994 5
    endloop
  endfacet
  facet normal 1 0 0
    outer loop
      vertex -29.1 15.299999999999997 -4
      vertex -29.1 29.099999999999994 5
      vertex -29.1 15.299999999999997 5
    endloop
  endfacet
  facet normal 1 0 0
    outer loop
      vertex -29.1 30.099999999999994 -4
      vertex -29.1 43.900000000000006 -4
      vertex -29.1 43.900000000000006 5
    endloop
  endfacet
  facet normal 1 0 0
    outer loop
      vertex -29.1 30.099999999999994 -4
      vertex -29.1 43.900000000000006 5
      vertex -29.1 30.099999999999994 5
    endloop
  endfacet
  facet normal 1 0 0
    outer loop
      vertex -29.1 44.900000000000006 -4
      vertex -29.1 58.70000000000002 -4
      vertex -29.1 58.70000000000002 5
    endloop
  endfacet
  facet normal 1 0 0
    outer loop
      vertex -29.1 44.900000000000006 -4
      vertex -29.1 58.70000000000002 5
      vertex -29.1 44.900000000000006 5
    endloop
  endfacet
  facet normal 1 0 0
    outer loop
      vertex -29.1 59.70000000000002 -4
      vertex -29.1 74 -4
      vertex -29.1 74 5
    endloop
  endfacet
  facet normal 1 0 0
    outer loop
      vertex -29.1 59.70000000000002 -4
      vertex -29.1 74 5
      vertex -29.1 59.70000000000002 5
    endloop
  endfacet
  facet normal -1 0 0
    outer loop
      vertex -21.22 -59.7 -4
      vertex -21.22 -74 -4
      vertex -21.22 -74 5
    endloop
  endfacet
  facet normal -1 0 0
    outer loop
      vertex -21.22 -59.7 -4
      vertex -21.22 -74 5
      vertex -21.22 -59.7 5
    endloop
  endfacet
  facet normal -1 0 0
    outer loop
      vertex -21.22 -44.9 -4
      vertex -21.22 -58.7 -4
      vertex -21.22 -58.7 5
    endloop
  endfacet
  facet normal -1 0 0
    outer loop
      vertex -21.22 -44.9 -4
      vertex -21.22 -58.7 5
      vertex -21.22 -44.9 5
    endloop
  endfacet
  facet normal -1 0 0
    outer loop
      vertex -21.22 -30.1 -4
      vertex -21.22 -43.9 -4
      vertex -21.22 -43.9 5
    endloop
  endfacet
  facet normal -1 0 0
    outer loop
      vertex -21.22 -30.1 -4
      vertex -21.22 -43.9 5
      vertex -21.22 -30.1 5
    endloop
  endfacet
  facet normal -1 0 0
    outer loop
      vertex -21.22 -15.299999999999997 -4
      vertex -21.22 -29.1 -4
      vertex -21.22 -29.1 5
    endloop
  endfacet
  facet normal -1 0 0
    outer loop
      vertex -21.22 -15.299999999999997 -4
      vertex -21.22 -29.1 5
      vertex -21.22 -15.299999999999997 5
    endloop
  endfacet
  facet normal -1 0 0
    outer loop
      vertex -21.22 -0.5 -4
      vertex -21.22 -14.299999999999997 -4
      vertex -21.22 -14.299999999999997 5
    endloop
  endfacet
  facet normal -1 0 0
    outer loop
      vertex -21.22 -0.5 -4
      vertex -21.22 -14.299999999999997 5
      vertex -21.22 -0.5 5
    endloop
  endfacet
  facet normal -1 0 0
    outer loop
      vertex -21.22 14.299999999999997 -4
      vertex -21.22 0.5 -4
      vertex -21.22 0.5 5
    endloop
  endfacet
  facet normal -1 0 0
    outer loop
      vertex -21.22 14.299999999999997 -4
      vertex -21.22 0.5 5
      vertex -21.22 14.299999999999997 5
    endloop
  endfacet
  facet normal -1 0 0
    outer loop
      vertex -21.22 29.099999999999994 -4
      vertex -21.22 15.299999999999997 -4
      vertex -21.22 15.299999999999997 5
    endloop
  endfacet
  facet normal -1 0 0
    outer loop
      vertex -21.22 29.099999999999994 -4
      vertex -21.22 15.299999999999997 5
      vertex -21.22 29.099999999999994 5
    endloop
  endfacet
  facet normal -1 0 0
    outer loop
      vertex -21.22 43.900000000000006 -4
      vertex -21.22 30.099999999999994 -4
      vertex -21.22 30.099999999999994 5
    endloop
  endfacet
  facet normal -1 0 0
    outer loop
      vertex -21.22 43.900000000000006 -4
      vertex -21.22 30.099999999999994 5
      vertex -21.22 43.900000000000006 5
    endloop
  endfacet
  facet normal -1 0 0
    outer loop
      vertex -21.22 58.70000000000002 -4
      vertex -21.22 44.900000000000006 -4
      vertex -21.22 44.900000000000006 5
    endloop
  endfacet
  facet normal -1 0 0
    outer loop
      vertex -21.22 58.70000000000002 -4
      vertex -21.22 44.900000000000006 5
      vertex -21.22 58.70000000000002 5
    endloop
  endfacet
  facet normal -1 0 0
    outer loop
      vertex -21.22 74 -4
      vertex -21.22 59.70000000000002 -4
      vertex -21.22 59.70000000000002 5
    endloop
  endfacet
  facet normal -1 0 0
    outer loop
      vertex -21.22 74 -4
      vertex -21.22 59.70000000000002 5
      vertex -21.22 74 5
    endloop
  endfacet
  facet normal 1 0 0
    outer loop
      vertex -20.22 -74 -4
      vertex -20.22 -59.7 -4
      vertex -20.22 -59.7 5
    endloop
  endfacet
  facet normal 1 0 0
    outer loop
      vertex -20.22 -74 -4
      vertex -20.22 -59.7 5
      vertex -20.22 -74 5
    endloop
  endfacet
  facet normal 1 0 0
    outer loop
      vertex -20.22 -58.7 -4
      vertex -20.22 -44.9 -4
      vertex -20.22 -44.9 5
    endloop
  endfacet
  facet normal 1 0 0
    outer loop
      vertex -20.22 -58.7 -4
      vertex -20.22 -44.9 5
      vertex -20.22 -58.7 5
    endloop
  endfacet
  facet normal 1 0 0
    outer loop
      vertex -20.22 -43.9 -4
      vertex -20.22 -30.1 -4
      vertex -20.22 -30.1 5
    endloop
  endfacet
  facet normal 1 0 0
    outer loop
      vertex -20.22 -43.9 -4
      vertex -20.22 -30.1 5
      vertex -20.22 -43.9 5
    endloop
  endfacet
  facet normal 1 0 0
    outer loop
      vertex -20.22 -29.1 -4
      vertex -20.22 -15.299999999999997 -4
      vertex -20.22 -15.299999999999997 5
    endloop
  endfacet
  facet normal 1 0 0
    outer loop
      vertex -20.22 -29.1 -4
      vertex -20.22 -15.299999999999997 5
      vertex -20.22 -29.1 5
    endloop
  endfacet
  facet normal 1 0 0
    outer loop
      vertex -20.22 -14.299999999999997 -4
      vertex -20.22 -0.5 -4
      vertex -20.22 -0.5 5
    endloop
  endfacet
  facet normal 1 0 0
    outer loop
      vertex -20.22 -14.299999999999997 -4
      vertex -20.22 -0.5 5
      vertex -20.22 -14.299999999999997 5
    endloop
  endfacet
  facet normal 1 0 0
    outer loop
      vertex -20.22 0.5 -4
      vertex -20.22 14.299999999999997 -4
      vertex -20.22 14.299999999999997 5
    endloop
  endfacet
  facet normal 1 0 0
    outer loop
      vertex -20.22 0.5 -4
      vertex -20.22 14.299999999999997 5
      vertex -20.22 0.5 5
    endloop
  endfacet
  facet normal 1 0 0
    outer loop
      vertex -20.22 15.299999999999997 -4
      vertex -20.22 29.099999999999994 -4
      vertex -20.22 29.099999999999994 5
    endloop
  endfacet
  facet normal 1 0 0
    outer loop
      vertex -20.22 15.299999999999997 -4
      vertex -20.22 29.099999999999994 5
      vertex -20.22 15.299999999999997 5
    endloop
  endfacet
  facet normal 1 0 0
    outer loop
      vertex -20.22 30.099999999999994 -4
      vertex -20.22 43.900000000000006 -4
      vertex -20.22 43.900000000000006 5
    endloop
  endfacet
  facet normal 1 0 0
    outer loop
      vertex -20.22 30.099999999999994 -4
      vertex -20.22 43.900000000000006 5
      vertex -20.22 30.099999999999994 5
    endloop
  endfacet
  facet normal 1 0 0
    outer loop
      vertex -20.22 44.900000000000006 -4
      vertex -20.22 58.70000000000002 -4
      vertex -20.22 58.70000000000002 5
    endloop
  endfacet
  facet normal 1 0 0
    outer loop
      vertex -20.22 44.900000000000006 -4
      vertex -20.22 58.70000000000002 5
      vertex -20.22 44.900000000000006 5
    endloop
  endfacet
  facet normal 1 0 0
    outer loop
      vertex -20.22 59.70000000000002 -4
      vertex -20.22 74 -4
      vertex -20.22 74 5
    endloop
  endfacet
  facet normal 1 0 0
    outer loop
      vertex -20.22 59.70000000000002 -4
      vertex -20.22 74 5
      vertex -20.22 59.70000000000002 5
    endloop
  endfacet
  facet normal -1 0 0
    outer loop
      vertex -10.86 -59.7 -4
      vertex -10.86 -74 -4
      vertex -10.86 -74 5
    endloop
  endfacet
  facet normal -1 0 0
    outer loop
      vertex -10.86 -59.7 -4
      vertex -10.86 -74 5
      vertex -10.86 -59.7 5
    endloop
  endfacet
  facet normal -1 0 0
    outer loop
      vertex -10.86 -44.9 -4
      vertex -10.86 -58.7 -4
      vertex -10.86 -58.7 5
    endloop
  endfacet
  facet normal -1 0 0
    outer loop
      vertex -10.86 -44.9 -4
      vertex -10.86 -58.7 5
      vertex -10.86 -44.9 5
    endloop
  endfacet
  facet normal -1 0 0
    outer loop
      vertex -10.86 -30.1 -4
      vertex -10.86 -43.9 -4
      vertex -10.86 -43.9 5
    endloop
  endfacet
  facet normal -1 0 0
    outer loop
      vertex -10.86 -30.1 -4
      vertex -10.86 -43.9 5
      vertex -10.86 -30.1 5
    endloop
  endfacet
  facet normal -1 0 0
    outer loop
      vertex -10.86 -15.299999999999997 -4
      vertex -10.86 -29.1 -4
      vertex -10.86 -29.1 5
    endloop
  endfacet
  facet normal -1 0 0
    outer loop
      vertex -10.86 -15.299999999999997 -4
      vertex -10.86 -29.1 5
      vertex -10.86 -15.299999999999997 5
    endloop
  endfacet
  facet normal -1 0 0
    outer loop
      vertex -10.86 -0.5 -4
      vertex -10.86 -14.299999999999997 -4
      vertex -10.86 -14.299999999999997 5
    endloop
  endfacet
  facet normal -1 0 0
    outer loop
      vertex -10.86 -0.5 -4
      vertex -10.86 -14.299999999999997 5
      vertex -10.86 -0.5 5
    endloop
  endfacet
  facet normal -1 0 0
    outer loop
      vertex -10.86 14.299999999999997 -4
      vertex -10.86 0.5 -4
      vertex -10.86 0.5 5
    endloop
  endfacet
  facet normal -1 0 0
    outer loop
      vertex -10.86 14.299999999999997 -4
      vertex -10.86 0.5 5
      vertex -10.86 14.299999999999997 5
    endloop
  endfacet
  facet normal -1 0 0
    outer loop
      vertex -10.86 29.099999999999994 -4
      vertex -10.86 15.299999999999997 -4
      vertex -10.86 15.299999999999997 5
    endloop
  endfacet
  facet normal -1 0 0
    outer loop
      vertex -10.86 29.099999999999994 -4
      vertex -10.86 15.299999999999997 5
      vertex -10.86 29.099999999999994 5
    endloop
  endfacet
  facet normal -1 0 0
    outer loop
      vertex -10.86 43.900000000000006 -4
      vertex -10.86 30.099999999999994 -4
      vertex -10.86 30.099999999999994 5
    endloop
  endfacet
  facet normal -1 0 0
    outer loop
      vertex -10.86 43.900000000000006 -4
      vertex -10.86 30.099999999999994 5
      vertex -10.86 43.900000000000006 5
    endloop
  endfacet
  facet normal -1 0 0
    outer loop
      vertex -10.86 58.70000000000002 -4
      vertex -10.86 44.900000000000006 -4
      vertex -10.86 44.900000000000006 5
    endloop
  endfacet
  facet normal -1 0 0
    outer loop
      vertex -10.86 58.70000000000002 -4
      vertex -10.86 44.900000000000006 5
      vertex -10.86 58.70000000000002 5
    endloop
  endfacet
  facet normal -1 0 0
    outer loop
      vertex -10.86 74 -4
      vertex -10.86 59.70000000000002 -4
      vertex -10.86 59.70000000000002 5
    endloop
  endfacet
  facet normal -1 0 0
    outer loop
      vertex -10.86 74 -4
      vertex -10.86 59.70000000000002 5
      vertex -10.86 74 5
    endloop
  endfacet
  facet normal 1 0 0
    outer loop
      vertex -9.86 -74 -4
      vertex -9.86 -59.7 -4
      vertex -9.86 -59.7 5
    endloop
  endfacet
  facet normal 1 0 0
    outer loop
      vertex -9.86 -74 -4
      vertex -9.86 -59.7 5
      vertex -9.86 -74 5
    endloop
  endfacet
  facet normal 1 0 0
    outer loop
      vertex -9.86 -58.7 -4
      vertex -9.86 -44.9 -4
      vertex -9.86 -44.9 5
    endloop
  endfacet
  facet normal 1 0 0
    outer loop
      vertex -9.86 -58.7 -4
      vertex -9.86 -44.9 5
      vertex -9.86 -58.7 5
    endloop
  endfacet
  facet normal 1 0 0
    outer loop
      vertex -9.86 -43.9 -4
      vertex -9.86 -30.1 -4
      vertex -9.86 -30.1 5
    endloop
  endfacet
  facet normal 1 0 0
    outer loop
      vertex -9.86 -43.9 -4
      vertex -9.86 -30.1 5
      vertex -9.86 -43.9 5
    endloop
  endfacet
  facet normal 1 0 0
    outer loop
      vertex -9.86 -29.1 -4
      vertex -9.86 -15.299999999999997 -4
      vertex -9.86 -15.299999999999997 5
    endloop
  endfacet
  facet normal 1 0 0
    outer loop
      vertex -9.86 -29.1 -4
      vertex -9.86 -15.299999999999997 5
      vertex -9.86 -29.1 5
    endloop
  endfacet
  facet normal 1 0 0
    outer loop
      vertex -9.86 -14.299999999999997 -4
      vertex -9.86 -0.5 -4
      vertex -9.86 -0.5 5
    endloop
  endfacet
  facet normal 1 0 0
    outer loop
      vertex -9.86 -14.299999999999997 -4
      vertex -9.86 -0.5 5
      vertex -9.86 -14.299999999999997 5
    endloop
  endfacet
  facet normal 1 0 0
    outer loop
      vertex -9.86 0.5 -4
      vertex -9.86 14.299999999999997 -4
      vertex -9.86 14.299999999999997 5
    endloop
  endfacet
  facet normal 1 0 0
    outer loop
      vertex -9.86 0.5 -4
      vertex -9.86 14.299999999999997 5
      vertex -9.86 0.5 5
    endloop
  endfacet
  facet normal 1 0 0
    outer loop
      vertex -9.86 15.299999999999997 -4
      vertex -9.86 29.099999999999994 -4
      vertex -9.86 29.099999999999994 5
    endloop
  endfacet
  facet normal 1 0 0
    outer loop
      vertex -9.86 15.299999999999997 -4
      vertex -9.86 29.099999999999994 5
      vertex -9.86 15.299999999999997 5
    endloop
  endfacet
  facet normal 1 0 0
    outer loop
      vertex -9.86 30.099999999999994 -4
      vertex -9.86 43.900000000000006 -4
      vertex -9.86 43.900000000000006 5
    endloop
  endfacet
  facet normal 1 0 0
    outer loop
      vertex -9.86 30.099999999999994 -4
      vertex -9.86 43.900000000000006 5
      vertex -9.86 30.099999999999994 5
    endloop
  endfacet
  facet normal 1 0 0
    outer loop
      vertex -9.86 44.900000000000006 -4
      vertex -9.86 58.70000000000002 -4
      vertex -9.86 58.70000000000002 5
    endloop
  endfacet
  facet normal 1 0 0
    outer loop
      vertex -9.86 44.900000000000006 -4
      vertex -9.86 58.70000000000002 5
      vertex -9.86 44.900000000000006 5
    endloop
  endfacet
  facet normal 1 0 0
    outer loop
      vertex -9.86 59.70000000000002 -4
      vertex -9.86 74 -4
      vertex -9.86 74 5
    endloop
  endfacet
  facet normal 1 0 0
    outer loop
      vertex -9.86 59.70000000000002 -4
      vertex -9.86 74 5
      vertex -9.86 59.70000000000002 5
    endloop
  endfacet
  facet normal -1 0 0
    outer loop
      vertex 9.86 -59.7 -4
      vertex 9.86 -74 -4
      vertex 9.86 -74 5
    endloop
  endfacet
  facet normal -1 0 0
    outer loop
      vertex 9.86 -59.7 -4
      vertex 9.86 -74 5
      vertex 9.86 -59.7 5
    endloop
  endfacet
  facet normal -1 0 0
    outer loop
      vertex 9.86 -44.9 -4
      vertex 9.86 -58.7 -4
      vertex 9.86 -58.7 5
    endloop
  endfacet
  facet normal -1 0 0
    outer loop
      vertex 9.86 -44.9 -4
      vertex 9.86 -58.7 5
      vertex 9.86 -44.9 5
    endloop
  endfacet
  facet normal -1 0 0
    outer loop
      vertex 9.86 -30.1 -4
      vertex 9.86 -43.9 -4
      vertex 9.86 -43.9 5
    endloop
  endfacet
  facet normal -1 0 0
    outer loop
      vertex 9.86 -30.1 -4
      vertex 9.86 -43.9 5
      vertex 9.86 -30.1 5
    endloop
  endfacet
  facet normal -1 0 0
    outer loop
      vertex 9.86 -15.299999999999997 -4
      vertex 9.86 -29.1 -4
      vertex 9.86 -29.1 5
    endloop
  endfacet
  facet normal -1 0 0
    outer loop
      vertex 9.86 -15.299999999999997 -4
      vertex 9.86 -29.1 5
      vertex 9.86 -15.299999999999997 5
    endloop
  endfacet
  facet normal -1 0 0
    outer loop
      vertex 9.86 -0.5 -4
      vertex 9.86 -14.299999999999997 -4
      vertex 9.86 -14.299999999999997 5
    endloop
  endfacet
  facet normal -1 0 0
    outer loop
      vertex 9.86 -0.5 -4
      vertex 9.86 -14.299999999999997 5
      vertex 9.86 -0.5 5
    endloop
  endfacet
  facet normal -1 0 0
    outer loop
      vertex 9.86 14.299999999999997 -4
      vertex 9.86 0.5 -4
      vertex 9.86 0.5 5
    endloop
  endfacet
  facet normal -1 0 0
    outer loop
      vertex 9.86 14.299999999999997 -4
      vertex 9.86 0.5 5
      vertex 9.86 14.299999999999997 5
    endloop
  endfacet
  facet normal -1 0 0
    outer loop
      vertex 9.86 29.099999999999994 -4
      vertex 9.86 15.299999999999997 -4
      vertex 9.86 15.299999999999997 5
    endloop
  endfacet
  facet normal -1 0 0
    outer loop
      vertex 9.86 29.099999999999994 -4
      vertex 9.86 15.299999999999997 5
      vertex 9.86 29.099999999999994 5
    endloop
  endfacet
  facet normal -1 0 0
    outer loop
      vertex 9.86 43.900000000000006 -4
      vertex 9.86 30.099999999999994 -4
      vertex 9.86 30.099999999999994 5
    endloop
  endfacet
  facet normal -1 0 0
    outer loop
      vertex 9.86 43.900000000000006 -4
      vertex 9.86 30.099999999999994 5
      vertex 9.86 43.900000000000006 5
    endloop
  endfacet
  facet normal -1 0 0
    outer loop
      vertex 9.86 58.70000000000002 -4
      vertex 9.86 44.900000000000006 -4
      vertex 9.86 44.900000000000006 5
    endloop
  endfacet
  facet normal -1 0 0
    outer loop
      vertex 9.86 58.70000000000002 -4
      vertex 9.86 44.900000000000006 5
      vertex 9.86 58.70000000000002 5
    endloop
  endfacet
  facet normal -1 0 0
    outer loop
      vertex 9.86 74 -4
      vertex 9.86 59.70000000000002 -4
      vertex 9.86 59.70000000000002 5
    endloop
  endfacet
  facet normal -1 0 0
    outer loop
      vertex 9.86 74 -4
      vertex 9.86 59.70000000000002 5
      vertex 9.86 74 5
    endloop
  endfacet
  facet normal 1 0 0
    outer loop
      vertex 10.86 -74 -4
      vertex 10.86 -59.7 -4
      vertex 10.86 -59.7 5
    endloop
  endfacet
  facet normal 1 0 0
    outer loop
      vertex 10.86 -74 -4
      vertex 10.86 -59.7 5
      vertex 10.86 -74 5
    endloop
  endfacet
  facet normal 1 0 0
    outer loop
      vertex 10.86 -58.7 -4
      vertex 10.86 -44.9 -4
      vertex 10.86 -44.9 5
    endloop
  endfacet
  facet normal 1 0 0
    outer loop
      vertex 10.86 -58.7 -4
      vertex 10.86 -44.9 5
      vertex 10.86 -58.7 5
    endloop
  endfacet
  facet normal 1 0 0
    outer loop
      vertex 10.86 -43.9 -4
      vertex 10.86 -30.1 -4
      vertex 10.86 -30.1 5
    endloop
  endfacet
  facet normal 1 0 0
    outer loop
      vertex 10.86 -43.9 -4
      vertex 10.86 -30.1 5
      vertex 10.86 -43.9 5
    endloop
  endfacet
  facet normal 1 0 0
    outer loop
      vertex 10.86 -29.1 -4
      vertex 10.86 -15.299999999999997 -4
      vertex 10.86 -15.299999999999997 5
    endloop
  endfacet
  facet normal 1 0 0
    outer loop
      vertex 10.86 -29.1 -4
      vertex 10.86 -15.299999999999997 5
      vertex 10.86 -29.1 5
    endloop
  endfacet
  facet normal 1 0 0
    outer loop
      vertex 10.86 -14.299999999999997 -4
      vertex 10.86 -0.5 -4
      vertex 10.86 -0.5 5
    endloop
  endfacet
  facet normal 1 0 0
    outer loop
      vertex 10.86 -14.299999999999997 -4
      vertex 10.86 -0.5 5
      vertex 10.86 -14.299999999999997 5
    endloop
  endfacet
  facet normal 1 0 0
    outer loop
      vertex 10.86 0.5 -4
      vertex 10.86 14.299999999999997 -4
      vertex 10.86 14.299999999999997 5
    endloop
  endfacet
  facet normal 1 0 0
    outer loop
      vertex 10.86 0.5 -4
      vertex 10.86 14.299999999999997 5
      vertex 10.86 0.5 5
    endloop
  endfacet
  facet normal 1 0 0
    outer loop
      vertex 10.86 15.299999999999997 -4
      vertex 10.86 29.099999999999994 -4
      vertex 10.86 29.099999999999994 5
    endloop
  endfacet
  facet normal 1 0 0
    outer loop
      vertex 10.86 15.299999999999997 -4
      vertex 10.86 29.099999999999994 5
      vertex 10.86 15.299999999999997 5
    endloop
  endfacet
  facet normal 1 0 0
    outer loop
      vertex 10.86 30.099999999999994 -4
      vertex 10.86 43.900000000000006 -4
      vertex 10.86 43.900000000000006 5
    endloop
  endfacet
  facet normal 1 0 0
    outer loop
      vertex 10.86 30.099999999999994 -4
      vertex 10.86 43.900000000000006 5
      vertex 10.86 30.099999999999994 5
    endloop
  endfacet
  facet normal 1 0 0
    outer loop
      vertex 10.86 44.900000000000006 -4
      vertex 10.86 58.70000000000002 -4
      vertex 10.86 58.70000000000002 5
    endloop
  endfacet
  facet normal 1 0 0
    outer loop
      vertex 10.86 44.900000000000006 -4
      vertex 10.86 58.70000000000002 5
      vertex 10.86 44.900000000000006 5
    endloop
  endfacet
  facet normal 1 0 0
    outer loop
      vertex 10.86 59.70000000000002 -4
      vertex 10.86 74 -4
      vertex 10.86 74 5
    endloop
  endfacet
  facet normal 1 0 0
    outer loop
      vertex 10.86 59.70000000000002 -4
      vertex 10.86 74 5
      vertex 10.86 59.70000000000002 5
    endloop
  endfacet
  facet normal -1 0 0
    outer loop
      vertex 20.22 -59.7 -4
      vertex 20.22 -74 -4
      vertex 20.22 -74 5
    endloop
  endfacet
  facet normal -1 0 0
    outer loop
      vertex 20.22 -59.7 -4
      vertex 20.22 -74 5
      vertex 20.22 -59.7 5
    endloop
  endfacet
  facet normal -1 0 0
    outer loop
      vertex 20.22 -44.9 -4
      vertex 20.22 -58.7 -4
      vertex 20.22 -58.7 5
    endloop
  endfacet
  facet normal -1 0 0
    outer loop
      vertex 20.22 -44.9 -4
      vertex 20.22 -58.7 5
      vertex 20.22 -44.9 5
    endloop
  endfacet
  facet normal -1 0 0
    outer loop
      vertex 20.22 -30.1 -4
      vertex 20.22 -43.9 -4
      vertex 20.22 -43.9 5
    endloop
  endfacet
  facet normal -1 0 0
    outer loop
      vertex 20.22 -30.1 -4
      vertex 20.22 -43.9 5
      vertex 20.22 -30.1 5
    endloop
  endfacet
  facet normal -1 0 0
    outer loop
      vertex 20.22 -15.299999999999997 -4
      vertex 20.22 -29.1 -4
      vertex 20.22 -29.1 5
    endloop
  endfacet
  facet normal -1 0 0
    outer loop
      vertex 20.22 -15.299999999999997 -4
      vertex 20.22 -29.1 5
      vertex 20.22 -15.299999999999997 5
    endloop
  endfacet
  facet normal -1 0 0
    outer loop
      vertex 20.22 -0.5 -4
      vertex 20.22 -14.299999999999997 -4
      vertex 20.22 -14.299999999999997 5
    endloop
  endfacet
  facet normal -1 0 0
    outer loop
      vertex 20.22 -0.5 -4
      vertex 20.22 -14.299999999999997 5
      vertex 20.22 -0.5 5
    endloop
  endfacet
  facet normal -1 0 0
    outer loop
      vertex 20.22 14.299999999999997 -4
      vertex 20.22 0.5 -4
      vertex 20.22 0.5 5
    endloop
  endfacet
  facet normal -1 0 0
    outer loop
      vertex 20.22 14.299999999999997 -4
      vertex 20.22 0.5 5
      vertex 20.22 14.299999999999997 5
    endloop
  endfacet
  facet normal -1 0 0
    outer loop
      vertex 20.22 29.099999999999994 -4
      vertex 20.22 15.299999999999997 -4
      vertex 20.22 15.299999999999997 5
    endloop
  endfacet
  facet normal -1 0 0
    outer loop
      vertex 20.22 29.099999999999994 -4
      vertex 20.22 15.299999999999997 5
      vertex 20.22 29.099999999999994 5
    endloop
  endfacet
  facet normal -1 0 0
    outer loop
      vertex 20.22 43.900000000000006 -4
      vertex 20.22 30.099999999999994 -4
      vertex 20.22 30.099999999999994 5
    endloop
  endfacet
  facet normal -1 0 0
    outer loop
      vertex 20.22 43.900000000000006 -4
      vertex 20.22 30.099999999999994 5
      vertex 20.22 43.900000000000006 5
    endloop
  endfacet
  facet normal -1 0 0
    outer loop
      vertex 20.22 58.70000000000002 -4
      vertex 20.22 44.900000000000006 -4
      vertex 20.22 44.900000000000006 5
    endloop
  endfacet
  facet normal -1 0 0
    outer loop
      vertex 20.22 58.70000000000002 -4
      vertex 20.22 44.900000000000006 5
      vertex 20.22 58.70000000000002 5
    endloop
  endfacet
  facet normal -1 0 0
    outer loop
      vertex 20.22 74 -4
      vertex 20.22 59.70000000000002 -4
      vertex 20.22 59.70000000000002 5
    endloop
  endfacet
  facet normal -1 0 0
    outer loop
      vertex 20.22 74 -4
      vertex 20.22 59.70000000000002 5
      vertex 20.22 74 5
    endloop
  endfacet
  facet normal 1 0 0
    outer loop
      vertex 21.22 -74 -4
      vertex 21.22 -59.7 -4
      vertex 21.22 -59.7 5
    endloop
  endfacet
  facet normal 1 0 0
    outer loop
      vertex 21.22 -74 -4
      vertex 21.22 -59.7 5
      vertex 21.22 -74 5
    endloop
  endfacet
  facet normal 1 0 0
    outer loop
      vertex 21.22 -58.7 -4
      vertex 21.22 -44.9 -4
      vertex 21.22 -44.9 5
    endloop
  endfacet
  facet normal 1 0 0
    outer loop
      vertex 21.22 -58.7 -4
      vertex 21.22 -44.9 5
      vertex 21.22 -58.7 5
    endloop
  endfacet
  facet normal 1 0 0
    outer loop
      vertex 21.22 -43.9 -4
      vertex 21.22 -30.1 -4
      vertex 21.22 -30.1 5
    endloop
  endfacet
  facet normal 1 0 0
    outer loop
      vertex 21.22 -43.9 -4
      vertex 21.22 -30.1 5
      vertex 21.22 -43.9 5
    endloop
  endfacet
  facet normal 1 0 0
    outer loop
      vertex 21.22 -29.1 -4
      vertex 21.22 -15.299999999999997 -4
      vertex 21.22 -15.299999999999997 5
    endloop
  endfacet
  facet normal 1 0 0
    outer loop
      vertex 21.22 -29.1 -4
      vertex 21.22 -15.299999999999997 5
      vertex 21.22 -29.1 5
    endloop
  endfacet
  facet normal 1 0 0
    outer loop
      vertex 21.22 -14.299999999999997 -4
      vertex 21.22 -0.5 -4
      vertex 21.22 -0.5 5
    endloop
  endfacet
  facet normal 1 0 0
    outer loop
      vertex 21.22 -14.299999999999997 -4
      vertex 21.22 -0.5 5
      vertex 21.22 -14.299999999999997 5
    endloop
  endfacet
  facet normal 1 0 0
    outer loop
      vertex 21.22 0.5 -4
      vertex 21.22 14.299999999999997 -4
      vertex 21.22 14.299999999999997 5
    endloop
  endfacet
  facet normal 1 0 0
    outer loop
      vertex 21.22 0.5 -4
      vertex 21.22 14.299999999999997 5
      vertex 21.22 0.5 5
    endloop
  endfacet
  facet normal 1 0 0
    outer loop
      vertex 21.22 15.299999999999997 -4
      vertex 21.22 29.099999999999994 -4
      vertex 21.22 29.099999999999994 5
    endloop
  endfacet
  facet normal 1 0 0
    outer loop
      vertex 21.22 15.299999999999997 -4
      vertex 21.22 29.099999999999994 5
      vertex 21.22 15.299999999999997 5
    endloop
  endfacet
  facet normal 1 0 0
    outer loop
      vertex 21.22 30.099999999999994 -4
      vertex 21.22 43.900000000000006 -4
      vertex 21.22 43.900000000000006 5
    endloop
  endfacet
  facet normal 1 0 0
    outer loop
      vertex 21.22 30.099999999999994 -4
      vertex 21.22 43.900000000000006 5
      vertex 21.22 30.099999999999994 5
    endloop
  endfacet
  facet normal 1 0 0
    outer loop
      vertex 21.22 44.900000000000006 -4
      vertex 21.22 58.70000000000002 -4
      vertex 21.22 58.70000000000002 5
    endloop
  endfacet
  facet normal 1 0 0
    outer loop
      vertex 21.22 44.900000000000006 -4
      vertex 21.22 58.70000000000002 5
      vertex 21.22 44.900000000000006 5
    endloop
  endfacet
  facet normal 1 0 0
    outer loop
      vertex 21.22 59.70000000000002 -4
      vertex 21.22 74 -4
      vertex 21.22 74 5
    endloop
  endfacet
  facet normal 1 0 0
    outer loop
      vertex 21.22 59.70000000000002 -4
      vertex 21.22 74 5
      vertex 21.22 59.70000000000002 5
    endloop
  endfacet
  facet normal -1 0 0
    outer loop
      vertex 30.58 -59.7 -4
      vertex 30.58 -74 -4
      vertex 30.58 -74 5
    endloop
  endfacet
  facet normal -1 0 0
    outer loop
      vertex 30.58 -59.7 -4
      vertex 30.58 -74 5
      vertex 30.58 -59.7 5
    endloop
  endfacet
  facet normal -1 0 0
    outer loop
      vertex 30.58 -44.9 -4
      vertex 30.58 -58.7 -4
      vertex 30.58 -58.7 5
    endloop
  endfacet
  facet normal -1 0 0
    outer loop
      vertex 30.58 -44.9 -4
      vertex 30.58 -58.7 5
      vertex 30.58 -44.9 5
    endloop
  endfacet
  facet normal -1 0 0
    outer loop
      vertex 30.58 -30.1 -4
      vertex 30.58 -43.9 -4
      vertex 30.58 -43.9 5
    endloop
  endfacet
  facet normal -1 0 0
    outer loop
      vertex 30.58 -30.1 -4
      vertex 30.58 -43.9 5
      vertex 30.58 -30.1 5
    endloop
  endfacet
  facet normal -1 0 0
    outer loop
      vertex 30.58 -15.299999999999997 -4
      vertex 30.58 -29.1 -4
      vertex 30.58 -29.1 5
    endloop
  endfacet
  facet normal -1 0 0
    outer loop
      vertex 30.58 -15.299999999999997 -4
      vertex 30.58 -29.1 5
      vertex 30.58 -15.299999999999997 5
    endloop
  endfacet
  facet normal -1 0 0
    outer loop
      vertex 30.58 -0.5 -4
      vertex 30.58 -14.299999999999997 -4
      vertex 30.58 -14.299999999999997 5
    endloop
  endfacet
  facet normal -1 0 0
    outer loop
      vertex 30.58 -0.5 -4
      vertex 30.58 -14.299999999999997 5
      vertex 30.58 -0.5 5
    endloop
  endfacet
  facet normal -1 0 0
    outer loop
      vertex 30.58 14.299999999999997 -4
      vertex 30.58 0.5 -4
      vertex 30.58 0.5 5
    endloop
  endfacet
  facet normal -1 0 0
    outer loop
      vertex 30.58 14.299999999999997 -4
      vertex 30.58 0.5 5
      vertex 30.58 14.299999999999997 5
    endloop
  endfacet
  facet normal -1 0 0
    outer loop
      vertex 30.58 29.099999999999994 -4
      vertex 30.58 15.299999999999997 -4
      vertex 30.58 15.299999999999997 5
    endloop
  endfacet
  facet normal -1 0 0
    outer loop
      vertex 30.58 29.099999999999994 -4
      vertex 30.58 15.299999999999997 5
      vertex 30.58 29.099999999999994 5
    endloop
  endfacet
  facet normal -1 0 0
    outer loop
      vertex 30.58 43.900000000000006 -4
      vertex 30.58 30.099999999999994 -4
      vertex 30.58 30.099999999999994 5
    endloop
  endfacet
  facet normal -1 0 0
    outer loop
      vertex 30.58 43.900000000000006 -4
      vertex 30.58 30.099999999999994 5
      vertex 30.58 43.900000000000006 5
    endloop
  endfacet
  facet normal -1 0 0
    outer loop
      vertex 30.58 58.70000000000002 -4
      vertex 30.58 44.900000000000006 -4
      vertex 30.58 44.900000000000006 5
    endloop
  endfacet
  facet normal -1 0 0
    outer loop
      vertex 30.58 58.70000000000002 -4
      vertex 30.58 44.900000000000006 5
      vertex 30.58 58.70000000000002 5
    endloop
  endfacet
  facet normal -1 0 0
    outer loop
      vertex 30.58 74 -4
      vertex 30.58 59.70000000000002 -4
      vertex 30.58 59.70000000000002 5
    endloop
  endfacet
  facet normal -1 0 0
    outer loop
      vertex 30.58 74 -4
      vertex 30.58 59.70000000000002 5
      vertex 30.58 74 5
    endloop
  endfacet
  facet normal 1 0 0
    outer loop
      vertex 31.58 -74 -4
      vertex 31.58 -59.7 -4
      vertex 31.58 -59.7 5
    endloop
  endfacet
  facet normal 1 0 0
    outer loop
      vertex 31.58 -74 -4
      vertex 31.58 -59.7 5
      vertex 31.58 -74 5
    endloop
  endfacet
  facet normal 1 0 0
    outer loop
      vertex 31.58 -58.7 -4
      vertex 31.58 -44.9 -4
      vertex 31.58 -44.9 5
    endloop
  endfacet
  facet normal 1 0 0
    outer loop
      vertex 31.58 -58.7 -4
      vertex 31.58 -44.9 5
      vertex 31.58 -58.7 5
    endloop
  endfacet
  facet normal 1 0 0
    outer loop
      vertex 31.58 -43.9 -4
      vertex 31.58 -30.1 -4
      vertex 31.58 -30.1 5
    endloop
  endfacet
  facet normal 1 0 0
    outer loop
      vertex 31.58 -43.9 -4
      vertex 31.58 -30.1 5
      vertex 31.58 -43.9 5
    endloop
  endfacet
  facet normal 1 0 0
    outer loop
      vertex 31.58 -29.1 -4
      vertex 31.58 -15.299999999999997 -4
      vertex 31.58 -15.299999999999997 5
    endloop
  endfacet
  facet normal 1 0 0
    outer loop
      vertex 31.58 -29.1 -4
      vertex 31.58 -15.299999999999997 5
      vertex 31.58 -29.1 5
    endloop
  endfacet
  facet normal 1 0 0
    outer loop
      vertex 31.58 -14.299999999999997 -4
      vertex 31.58 -0.5 -4
      vertex 31.58 -0.5 5
    endloop
  endfacet
  facet normal 1 0 0
    outer loop
      vertex 31.58 -14.299999999999997 -4
      vertex 31.58 -0.5 5
      vertex 31.58 -14.299999999999997 5
    endloop
  endfacet
  facet normal 1 0 0
    outer loop
      vertex 31.58 0.5 -4
      vertex 31.58 14.299999999999997 -4
      vertex 31.58 14.299999999999997 5
    endloop
  endfacet
  facet normal 1 0 0
    outer loop
      vertex 31.58 0.5 -4
      vertex 31.58 14.299999999999997 5
      vertex 31.58 0.5 5
    endloop
  endfacet
  facet normal 1 0 0
    outer loop
      vertex 31.58 15.299999999999997 -4
      vertex 31.58 29.099999999999994 -4
      vertex 31.58 29.099999999999994 5
    endloop
  endfacet
  facet normal 1 0 0
    outer loop
      vertex 31.58 15.299999999999997 -4
      vertex 31.58 29.099999999999994 5
      vertex 31.58 15.299999999999997 5
    endloop
  endfacet
  facet normal 1 0 0
    outer loop
      vertex 31.58 30.099999999999994 -4
      vertex 31.58 43.900000000000006 -4
      vertex 31.58 43.900000000000006 5
    endloop
  endfacet
  facet normal 1 0 0
    outer loop
      vertex 31.58 30.099999999999994 -4
      vertex 31.58 43.900000000000006 5
      vertex 31.58 30.099999999999994 5
    endloop
  endfacet
  facet normal 1 0 0
    outer loop
      vertex 31.58 44.900000000000006 -4
      vertex 31.58 58.70000000000002 -4
      vertex 31.58 58.70000000000002 5
    endloop
  endfacet
  facet normal 1 0 0
    outer loop
      vertex 31.58 44.900000000000006 -4
      vertex 31.58 58.70000000000002 5
      vertex 31.58 44.900000000000006 5
    endloop
  endfacet
  facet normal 1 0 0
    outer loop
      vertex 31.58 59.70000000000002 -4
      vertex 31.58 74 -4
      vertex 31.58 74 5
    endloop
  endfacet
  facet normal 1 0 0
    outer loop
      vertex 31.58 59.70000000000002 -4
      vertex 31.58 74 5
      vertex 31.58 59.70000000000002 5
    endloop
  endfacet
  facet normal -1 0 0
    outer loop
      vertex 49.81999999999999 -59.7 -4
      vertex 49.81999999999999 -74 -4
      vertex 49.81999999999999 -74 5
    endloop
  endfacet
  facet normal -1 0 0
    outer loop
      vertex 49.81999999999999 -59.7 -4
      vertex 49.81999999999999 -74 5
      vertex 49.81999999999999 -59.7 5
    endloop
  endfacet
  facet normal -1 0 0
    outer loop
      vertex 49.81999999999999 -44.9 -4
      vertex 49.81999999999999 -58.7 -4
      vertex 49.81999999999999 -58.7 5
    endloop
  endfacet
  facet normal -1 0 0
    outer loop
      vertex 49.81999999999999 -44.9 -4
      vertex 49.81999999999999 -58.7 5
      vertex 49.81999999999999 -44.9 5
    endloop
  endfacet
  facet normal -1 0 0
    outer loop
      vertex 49.81999999999999 -30.1 -4
      vertex 49.81999999999999 -43.9 -4
      vertex 49.81999999999999 -43.9 5
    endloop
  endfacet
  facet normal -1 0 0
    outer loop
      vertex 49.81999999999999 -30.1 -4
      vertex 49.81999999999999 -43.9 5
      vertex 49.81999999999999 -30.1 5
    endloop
  endfacet
  facet normal -1 0 0
    outer loop
      vertex 49.81999999999999 -15.299999999999997 -4
      vertex 49.81999999999999 -29.1 -4
      vertex 49.81999999999999 -29.1 5
    endloop
  endfacet
  facet normal -1 0 0
    outer loop
      vertex 49.81999999999999 -15.299999999999997 -4
      vertex 49.81999999999999 -29.1 5
      vertex 49.81999999999999 -15.299999999999997 5
    endloop
  endfacet
  facet normal -1 0 0
    outer loop
      vertex 49.81999999999999 -0.5 -4
      vertex 49.81999999999999 -14.299999999999997 -4
      vertex 49.81999999999999 -14.299999999999997 5
    endloop
  endfacet
  facet normal -1 0 0
    outer loop
      vertex 49.81999999999999 -0.5 -4
      vertex 49.81999999999999 -14.299999999999997 5
      vertex 49.81999999999999 -0.5 5
    endloop
  endfacet
  facet normal -1 0 0
    outer loop
      vertex 49.81999999999999 14.299999999999997 -4
      vertex 49.81999999999999 0.5 -4
      vertex 49.81999999999999 0.5 5
    endloop
  endfacet
  facet normal -1 0 0
    outer loop
      vertex 49.81999999999999 14.299999999999997 -4
      vertex 49.81999999999999 0.5 5
      vertex 49.81999999999999 14.299999999999997 5
    endloop
  endfacet
  facet normal -1 0 0
    outer loop
      vertex 49.81999999999999 29.099999999999994 -4
      vertex 49.81999999999999 15.299999999999997 -4
      vertex 49.81999999999999 15.299999999999997 5
    endloop
  endfacet
  facet normal -1 0 0
    outer loop
      vertex 49.81999999999999 29.099999999999994 -4
      vertex 49.81999999999999 15.299999999999997 5
      vertex 49.81999999999999 29.099999999999994 5
    endloop
  endfacet
  facet normal -1 0 0
    outer loop
      vertex 49.81999999999999 43.900000000000006 -4
      vertex 49.81999999999999 30.099999999999994 -4
      vertex 49.81999999999999 30.099999999999994 5
    endloop
  endfacet
  facet normal -1 0 0
    outer loop
      vertex 49.81999999999999 43.900000000000006 -4
      vertex 49.81999999999999 30.099999999999994 5
      vertex 49.81999999999999 43.900000000000006 5
    endloop
  endfacet
  facet normal -1 0 0
    outer loop
      vertex 49.81999999999999 58.70000000000002 -4
      vertex 49.81999999999999 44.900000000000006 -4
      vertex 49.81999999999999 44.900000000000006 5
    endloop
  endfacet
  facet normal -1 0 0
    outer loop
      vertex 49.81999999999999 58.70000000000002 -4
      vertex 49.81999999999999 44.900000000000006 5
      vertex 49.81999999999999 58.70000000000002 5
    endloop
  endfacet
  facet normal -1 0 0
    outer loop
      vertex 49.81999999999999 74 -4
      vertex 49.81999999999999 59.70000000000002 -4
      vertex 49.81999999999999 59.70000000000002 5
    endloop
  endfacet
  facet normal -1 0 0
    outer loop
      vertex 49.81999999999999 74 -4
      vertex 49.81999999999999 59.70000000000002 5
      vertex 49.81999999999999 74 5
    endloop
  endfacet
  facet normal 1 0 0
    outer loop
      vertex 50.81999999999999 -74 -4
      vertex 50.81999999999999 -59.7 -4
      vertex 50.81999999999999 -59.7 5
    endloop
  endfacet
  facet normal 1 0 0
    outer loop
      vertex 50.81999999999999 -74 -4
      vertex 50.81999999999999 -59.7 5
      vertex 50.81999999999999 -74 5
    endloop
  endfacet
  facet normal 1 0 0
    outer loop
      vertex 50.81999999999999 -58.7 -4
      vertex 50.81999999999999 -44.9 -4
      vertex 50.81999999999999 -44.9 5
    endloop
  endfacet
  facet normal 1 0 0
    outer loop
      vertex 50.81999999999999 -58.7 -4
      vertex 50.81999999999999 -44.9 5
      vertex 50.81999999999999 -58.7 5
    endloop
  endfacet
  facet normal 1 0 0
    outer loop
      vertex 50.81999999999999 -43.9 -4
      vertex 50.81999999999999 -30.1 -4
      vertex 50.81999999999999 -30.1 5
    endloop
  endfacet
  facet normal 1 0 0
    outer loop
      vertex 50.81999999999999 -43.9 -4
      vertex 50.81999999999999 -30.1 5
      vertex 50.81999999999999 -43.9 5
    endloop
  endfacet
  facet normal 1 0 0
    outer loop
      vertex 50.81999999999999 -29.1 -4
      vertex 50.81999999999999 -15.299999999999997 -4
      vertex 50.81999999999999 -15.299999999999997 5
    endloop
  endfacet
  facet normal 1 0 0
    outer loop
      vertex 50.81999999999999 -29.1 -4
      vertex 50.81999999999999 -15.299999999999997 5
      vertex 50.81999999999999 -29.1 5
    endloop
  endfacet
  facet normal 1 0 0
    outer loop
      vertex 50.81999999999999 -14.299999999999997 -4
      vertex 50.81999999999999 -0.5 -4
      vertex 50.81999999999999 -0.5 5
    endloop
  endfacet
  facet normal 1 0 0
    outer loop
      vertex 50.81999999999999 -14.299999999999997 -4
      vertex 50.81999999999999 -0.5 5
      vertex 50.81999999999999 -14.299999999999997 5
    endloop
  endfacet
  facet normal 1 0 0
    outer loop
      vertex 50.81999999999999 0.5 -4
      vertex 50.81999999999999 14.299999999999997 -4
      vertex 50.81999999999999 14.299999999999997 5
    endloop
  endfacet
  facet normal 1 0 0
    outer loop
      vertex 50.81999999999999 0.5 -4
      vertex 50.81999999999999 14.299999999999997 5
      vertex 50.81999999999999 0.5 5
    endloop
  endfacet
  facet normal 1 0 0
    outer loop
      vertex 50.81999999999999 15.299999999999997 -4
      vertex 50.81999999999999 29.099999999999994 -4
      vertex 50.81999999999999 29.099999999999994 5
    endloop
  endfacet
  facet normal 1 0 0
    outer loop
      vertex 50.81999999999999 15.299999999999997 -4
      vertex 50.81999999999999 29.099999999999994 5
      vertex 50.81999999999999 15.299999999999997 5
    endloop
  endfacet
  facet normal 1 0 0
    outer loop
      vertex 50.81999999999999 30.099999999999994 -4
      vertex 50.81999999999999 43.900000000000006 -4
      vertex 50.81999999999999 43.900000000000006 5
    endloop
  endfacet
  facet normal 1 0 0
    outer loop
      vertex 50.81999999999999 30.099999999999994 -4
      vertex 50.81999999999999 43.900000000000006 5
      vertex 50.81999999999999 30.099999999999994 5
    endloop
  endfacet
  facet normal 1 0 0
    outer loop
      vertex 50.81999999999999 44.900000000000006 -4
      vertex 50.81999999999999 58.70000000000002 -4
      vertex 50.81999999999999 58.70000000000002 5
    endloop
  endfacet
  facet normal 1 0 0
    outer loop
      vertex 50.81999999999999 44.900000000000006 -4
      vertex 50.81999999999999 58.70000000000002 5
      vertex 50.81999999999999 44.900000000000006 5
    endloop
  endfacet
  facet normal 1 0 0
    outer loop
      vertex 50.81999999999999 59.70000000000002 -4
      vertex 50.81999999999999 74 -4
      vertex 50.81999999999999 74 5
    endloop
  endfacet
  facet normal 1 0 0
    outer loop
      vertex 50.81999999999999 59.70000000000002 -4
      vertex 50.81999999999999 74 5
      vertex 50.81999999999999 59.70000000000002 5
    endloop
  endfacet
  facet normal -1 0 0
    outer loop
      vertex 60.18000000000001 -59.7 -4
      vertex 60.18000000000001 -74 -4
      vertex 60.18000000000001 -74 5
    endloop
  endfacet
  facet normal -1 0 0
    outer loop
      vertex 60.18000000000001 -59.7 -4
      vertex 60.18000000000001 -74 5
      vertex 60.18000000000001 -59.7 5
    endloop
  endfacet
  facet normal -1 0 0
    outer loop
      vertex 60.18000000000001 -44.9 -4
      vertex 60.18000000000001 -58.7 -4
      vertex 60.18000000000001 -58.7 5
    endloop
  endfacet
  facet normal -1 0 0
    outer loop
      vertex 60.18000000000001 -44.9 -4
      vertex 60.18000000000001 -58.7 5
      vertex 60.18000000000001 -44.9 5
    endloop
  endfacet
  facet normal -1 0 0
    outer loop
      vertex 60.18000000000001 -30.1 -4
      vertex 60.18000000000001 -43.9 -4
      vertex 60.18000000000001 -43.9 5
    endloop
  endfacet
  facet normal -1 0 0
    outer loop
      vertex 60.18000000000001 -30.1 -4
      vertex 60.18000000000001 -43.9 5
      vertex 60.18000000000001 -30.1 5
    endloop
  endfacet
  facet normal -1 0 0
    outer loop
      vertex 60.18000000000001 -15.299999999999997 -4
      vertex 60.18000000000001 -29.1 -4
      vertex 60.18000000000001 -29.1 5
    endloop
  endfacet
  facet normal -1 0 0
    outer loop
      vertex 60.18000000000001 -15.299999999999997 -4
      vertex 60.18000000000001 -29.1 5
      vertex 60.18000000000001 -15.299999999999997 5
    endloop
  endfacet
  facet normal -1 0 0
    outer loop
      vertex 60.18000000000001 -0.5 -4
      vertex 60.18000000000001 -14.299999999999997 -4
      vertex 60.18000000000001 -14.299999999999997 5
    endloop
  endfacet
  facet normal -1 0 0
    outer loop
      vertex 60.18000000000001 -0.5 -4
      vertex 60.18000000000001 -14.299999999999997 5
      vertex 60.18000000000001 -0.5 5
    endloop
  endfacet
  facet normal -1 0 0
    outer loop
      vertex 60.18000000000001 14.299999999999997 -4
      vertex 60.18000000000001 0.5 -4
      vertex 60.18000000000001 0.5 5
    endloop
  endfacet
  facet normal -1 0 0
    outer loop
      vertex 60.18000000000001 14.299999999999997 -4
      vertex 60.18000000000001 0.5 5
      vertex 60.18000000000001 14.299999999999997 5
    endloop
  endfacet
  facet normal -1 0 0
    outer loop
      vertex 60.18000000000001 29.099999999999994 -4
      vertex 60.18000000000001 15.299999999999997 -4
      vertex 60.18000000000001 15.299999999999997 5
    endloop
  endfacet
  facet normal -1 0 0
    outer loop
      vertex 60.18000000000001 29.099999999999994 -4
      vertex 60.18000000000001 15.299999999999997 5
      vertex 60.18000000000001 29.099999999999994 5
    endloop
  endfacet
  facet normal -1 0 0
    outer loop
      vertex 60.18000000000001 43.900000000000006 -4
      vertex 60.18000000000001 30.099999999999994 -4
      vertex 60.18000000000001 30.099999999999994 5
    endloop
  endfacet
  facet normal -1 0 0
    outer loop
      vertex 60.18000000000001 43.900000000000006 -4
      vertex 60.18000000000001 30.099999999999994 5
      vertex 60.18000000000001 43.900000000000006 5
    endloop
  endfacet
  facet normal -1 0 0
    outer loop
      vertex 60.18000000000001 58.70000000000002 -4
      vertex 60.18000000000001 44.900000000000006 -4
      vertex 60.18000000000001 44.900000000000006 5
    endloop
  endfacet
  facet normal -1 0 0
    outer loop
      vertex 60.18000000000001 58.70000000000002 -4
      vertex 60.18000000000001 44.900000000000006 5
      vertex 60.18000000000001 58.70000000000002 5
    endloop
  endfacet
  facet normal -1 0 0
    outer loop
      vertex 60.18000000000001 74 -4
      vertex 60.18000000000001 59.70000000000002 -4
      vertex 60.18000000000001 59.70000000000002 5
    endloop
  endfacet
  facet normal -1 0 0
    outer loop
      vertex 60.18000000000001 74 -4
      vertex 60.18000000000001 59.70000000000002 5
      vertex 60.18000000000001 74 5
    endloop
  endfacet
  facet normal 1 0 0
    outer loop
      vertex 61.18000000000001 -74 -4
      vertex 61.18000000000001 -59.7 -4
      vertex 61.18000000000001 -59.7 5
    endloop
  endfacet
  facet normal 1 0 0
    outer loop
      vertex 61.18000000000001 -74 -4
      vertex 61.18000000000001 -59.7 5
      vertex 61.18000000000001 -74 5
    endloop
  endfacet
  facet normal 1 0 0
    outer loop
      vertex 61.18000000000001 -58.7 -4
      vertex 61.18000000000001 -44.9 -4
      vertex 61.18000000000001 -44.9 5
    endloop
  endfacet
  facet normal 1 0 0
    outer loop
      vertex 61.18000000000001 -58.7 -4
      vertex 61.18000000000001 -44.9 5
      vertex 61.18000000000001 -58.7 5
    endloop
  endfacet
  facet normal 1 0 0
    outer loop
      vertex 61.18000000000001 -43.9 -4
      vertex 61.18000000000001 -30.1 -4
      vertex 61.18000000000001 -30.1 5
    endloop
  endfacet
  facet normal 1 0 0
    outer loop
      vertex 61.18000000000001 -43.9 -4
      vertex 61.18000000000001 -30.1 5
      vertex 61.18000000000001 -43.9 5
    endloop
  endfacet
  facet normal 1 0 0
    outer loop
      vertex 61.18000000000001 -29.1 -4
      vertex 61.18000000000001 -15.299999999999997 -4
      vertex 61.18000000000001 -15.299999999999997 5
    endloop
  endfacet
  facet normal 1 0 0
    outer loop
      vertex 61.18000000000001 -29.1 -4
      vertex 61.18000000000001 -15.299999999999997 5
      vertex 61.18000000000001 -29.1 5
    endloop
  endfacet
  facet normal 1 0 0
    outer loop
      vertex 61.18000000000001 -14.299999999999997 -4
      vertex 61.18000000000001 -0.5 -4
      vertex 61.18000000000001 -0.5 5
    endloop
  endfacet
  facet normal 1 0 0
    outer loop
      vertex 61.18000000000001 -14.299999999999997 -4
      vertex 61.18000000000001 -0.5 5
      vertex 61.18000000000001 -14.299999999999997 5
    endloop
  endfacet
  facet normal 1 0 0
    outer loop
      vertex 61.18000000000001 0.5 -4
      vertex 61.18000000000001 14.299999999999997 -4
      vertex 61.18000000000001 14.299999999999997 5
    endloop
  endfacet
  facet normal 1 0 0
    outer loop
      vertex 61.18000000000001 0.5 -4
      vertex 61.18000000000001 14.299999999999997 5
      vertex 61.18000000000001 0.5 5
    endloop
  endfacet
  facet normal 1 0 0
    outer loop
      vertex 61.18000000000001 15.299999999999997 -4
      vertex 61.18000000000001 29.099999999999994 -4
      vertex 61.18000000000001 29.099999999999994 5
    endloop
  endfacet
  facet normal 1 0 0
    outer loop
      vertex 61.18000000000001 15.299999999999997 -4
      vertex 61.18000000000001 29.099999999999994 5
      vertex 61.18000000000001 15.299999999999997 5
    endloop
  endfacet
  facet normal 1 0 0
    outer loop
      vertex 61.18000000000001 30.099999999999994 -4
      vertex 61.18000000000001 43.900000000000006 -4
      vertex 61.18000000000001 43.900000000000006 5
    endloop
  endfacet
  facet normal 1 0 0
    outer loop
      vertex 61.18000000000001 30.099999999999994 -4
      vertex 61.18000000000001 43.900000000000006 5
      vertex 61.18000000000001 30.099999999999994 5
    endloop
  endfacet
  facet normal 1 0 0
    outer loop
      vertex 61.18000000000001 44.900000000000006 -4
      vertex 61.18000000000001 58.70000000000002 -4
      vertex 61.18000000000001 58.70000000000002 5
    endloop
  endfacet
  facet normal 1 0 0
    outer loop
      vertex 61.18000000000001 44.900000000000006 -4
      vertex 61.18000000000001 58.70000000000002 5
      vertex 61.18000000000001 44.900000000000006 5
    endloop
  endfacet
  facet normal 1 0 0
    outer loop
      vertex 61.18000000000001 59.70000000000002 -4
      vertex 61.18000000000001 74 -4
      vertex 61.18000000000001 74 5
    endloop
  endfacet
  facet normal 1 0 0
    outer loop
      vertex 61.18000000000001 59.70000000000002 -4
      vertex 61.18000000000001 74 5
      vertex 61.18000000000001 59.70000000000002 5
    endloop
  endfacet
  facet normal 0 -1 0
    outer loop
      vertex -74 -59.7 -4
      vertex -61.18 -59.7 -4
      vertex -61.18 -59.7 5
    endloop
  endfacet
  facet normal 0 -1 0
    outer loop
      vertex -74 -59.7 -4
      vertex -61.18 -59.7 5
      vertex -74 -59.7 5
    endloop
  endfacet
  facet normal 0 -1 0
    outer loop
      vertex -60.18 -59.7 -4
      vertex -44.9 -59.7 -4
      vertex -44.9 -59.7 5
    endloop
  endfacet
  facet normal 0 -1 0
    outer loop
      vertex -60.18 -59.7 -4
      vertex -44.9 -59.7 5
      vertex -60.18 -59.7 5
    endloop
  endfacet
  facet normal 0 -1 0
    outer loop
      vertex -43.9 -59.7 -4
      vertex -30.1 -59.7 -4
      vertex -30.1 -59.7 5
    endloop
  endfacet
  facet normal 0 -1 0
    outer loop
      vertex -43.9 -59.7 -4
      vertex -30.1 -59.7 5
      vertex -43.9 -59.7 5
    endloop
  endfacet
  facet normal 0 -1 0
    outer loop
      vertex -29.1 -59.7 -4
      vertex -21.22 -59.7 -4
      vertex -21.22 -59.7 5
    endloop
  endfacet
  facet normal 0 -1 0
    outer loop
      vertex -29.1 -59.7 -4
      vertex -21.22 -59.7 5
      vertex -29.1 -59.7 5
    endloop
  endfacet
  facet normal 0 -1 0
    outer loop
      vertex -20.22 -59.7 -4
      vertex -10.86 -59.7 -4
      vertex -10.86 -59.7 5
    endloop
  endfacet
  facet normal 0 -1 0
    outer loop
      vertex -20.22 -59.7 -4
      vertex -10.86 -59.7 5
      vertex -20.22 -59.7 5
    endloop
  endfacet
  facet normal 0 -1 0
    outer loop
      vertex -9.86 -59.7 -4
      vertex 9.86 -59.7 -4
      vertex 9.86 -59.7 5
    endloop
  endfacet
  facet normal 0 -1 0
    outer loop
      vertex -9.86 -59.7 -4
      vertex 9.86 -59.7 5
      vertex -9.86 -59.7 5
    endloop
  endfacet
  facet normal 0 -1 0
    outer loop
      vertex 10.86 -59.7 -4
      vertex 20.22 -59.7 -4
      vertex 20.22 -59.7 5
    endloop
  endfacet
  facet normal 0 -1 0
    outer loop
      vertex 10.86 -59.7 -4
      vertex 20.22 -59.7 5
      vertex 10.86 -59.7 5
    endloop
  endfacet
  facet normal 0 -1 0
    outer loop
      vertex 21.22 -59.7 -4
      vertex 30.58 -59.7 -4
      vertex 30.58 -59.7 5
    endloop
  endfacet
  facet normal 0 -1 0
    outer loop
      vertex 21.22 -59.7 -4
      vertex 30.58 -59.7 5
      vertex 21.22 -59.7 5
    endloop
  endfacet
  facet normal 0 -1 0
    outer loop
      vertex 31.58 -59.7 -4
      vertex 49.81999999999999 -59.7 -4
      vertex 49.81999999999999 -59.7 5
    endloop
  endfacet
  facet normal 0 -1 0
    outer loop
      vertex 31.58 -59.7 -4
      vertex 49.81999999999999 -59.7 5
      vertex 31.58 -59.7 5
    endloop
  endfacet
  facet normal 0 -1 0
    outer loop
      vertex 50.81999999999999 -59.7 -4
      vertex 60.18000000000001 -59.7 -4
      vertex 60.18000000000001 -59.7 5
    endloop
  endfacet
  facet normal 0 -1 0
    outer loop
      vertex 50.81999999999999 -59.7 -4
      vertex 60.18000000000001 -59.7 5
      vertex 50.81999999999999 -59.7 5
    endloop
  endfacet
  facet normal 0 -1 0
    outer loop
      vertex 61.18000000000001 -59.7 -4
      vertex 74 -59.7 -4
      vertex 74 -59.7 5
    endloop
  endfacet
  facet normal 0 -1 0
    outer loop
      vertex 61.18000000000001 -59.7 -4
      vertex 74 -59.7 5
      vertex 61.18000000000001 -59.7 5
    endloop
  endfacet
  facet normal 0 1 0
    outer loop
      vertex -61.18 -58.7 -4
      vertex -74 -58.7 -4
      vertex -74 -58.7 5
    endloop
  endfacet
  facet normal 0 1 0
    outer loop
      vertex -61.18 -58.7 -4
      vertex -74 -58.7 5
      vertex -61.18 -58.7 5
    endloop
  endfacet
  facet normal 0 1 0
    outer loop
      vertex -44.9 -58.7 -4
      vertex -60.18 -58.7 -4
      vertex -60.18 -58.7 5
    endloop
  endfacet
  facet normal 0 1 0
    outer loop
      vertex -44.9 -58.7 -4
      vertex -60.18 -58.7 5
      vertex -44.9 -58.7 5
    endloop
  endfacet
  facet normal 0 1 0
    outer loop
      vertex -30.1 -58.7 -4
      vertex -43.9 -58.7 -4
      vertex -43.9 -58.7 5
    endloop
  endfacet
  facet normal 0 1 0
    outer loop
      vertex -30.1 -58.7 -4
      vertex -43.9 -58.7 5
      vertex -30.1 -58.7 5
    endloop
  endfacet
  facet normal 0 1 0
    outer loop
      vertex -21.22 -58.7 -4
      vertex -29.1 -58.7 -4
      vertex -29.1 -58.7 5
    endloop
  endfacet
  facet normal 0 1 0
    outer loop
      vertex -21.22 -58.7 -4
      vertex -29.1 -58.7 5
      vertex -21.22 -58.7 5
    endloop
  endfacet
  facet normal 0 1 0
    outer loop
      vertex -10.86 -58.7 -4
      vertex -20.22 -58.7 -4
      vertex -20.22 -58.7 5
    endloop
  endfacet
  facet normal 0 1 0
    outer loop
      vertex -10.86 -58.7 -4
      vertex -20.22 -58.7 5
      vertex -10.86 -58.7 5
    endloop
  endfacet
  facet normal 0 1 0
    outer loop
      vertex 9.86 -58.7 -4
      vertex -9.86 -58.7 -4
      vertex -9.86 -58.7 5
    endloop
  endfacet
  facet normal 0 1 0
    outer loop
      vertex 9.86 -58.7 -4
      vertex -9.86 -58.7 5
      vertex 9.86 -58.7 5
    endloop
  endfacet
  facet normal 0 1 0
    outer loop
      vertex 20.22 -58.7 -4
      vertex 10.86 -58.7 -4
      vertex 10.86 -58.7 5
    endloop
  endfacet
  facet normal 0 1 0
    outer loop
      vertex 20.22 -58.7 -4
      vertex 10.86 -58.7 5
      vertex 20.22 -58.7 5
    endloop
  endfacet
  facet normal 0 1 0
    outer loop
      vertex 30.58 -58.7 -4
      vertex 21.22 -58.7 -4
      vertex 21.22 -58.7 5
    endloop
  endfacet
  facet normal 0 1 0
    outer loop
      vertex 30.58 -58.7 -4
      vertex 21.22 -58.7 5
      vertex 30.58 -58.7 5
    endloop
  endfacet
  facet normal 0 1 0
    outer loop
      vertex 49.81999999999999 -58.7 -4
      vertex 31.58 -58.7 -4
      vertex 31.58 -58.7 5
    endloop
  endfacet
  facet normal 0 1 0
    outer loop
      vertex 49.81999999999999 -58.7 -4
      vertex 31.58 -58.7 5
      vertex 49.81999999999999 -58.7 5
    endloop
  endfacet
  facet normal 0 1 0
    outer loop
      vertex 60.18000000000001 -58.7 -4
      vertex 50.81999999999999 -58.7 -4
      vertex 50.81999999999999 -58.7 5
    endloop
  endfacet
  facet normal 0 1 0
    outer loop
      vertex 60.18000000000001 -58.7 -4
      vertex 50.81999999999999 -58.7 5
      vertex 60.18000000000001 -58.7 5
    endloop
  endfacet
  facet normal 0 1 0
    outer loop
      vertex 74 -58.7 -4
      vertex 61.18000000000001 -58.7 -4
      vertex 61.18000000000001 -58.7 5
    endloop
  endfacet
  facet normal 0 1 0
    outer loop
      vertex 74 -58.7 -4
      vertex 61.18000000000001 -58.7 5
      vertex 74 -58.7 5
    endloop
  endfacet
  facet normal 0 -1 0
    outer loop
      vertex -74 -44.9 -4
      vertex -61.18 -44.9 -4
      vertex -61.18 -44.9 5
    endloop
  endfacet
  facet normal 0 -1 0
    outer loop
      vertex -74 -44.9 -4
      vertex -61.18 -44.9 5
      vertex -74 -44.9 5
    endloop
  endfacet
  facet normal 0 -1 0
    outer loop
      vertex -60.18 -44.9 -4
      vertex -44.9 -44.9 -4
      vertex -44.9 -44.9 5
    endloop
  endfacet
  facet normal 0 -1 0
    outer loop
      vertex -60.18 -44.9 -4
      vertex -44.9 -44.9 5
      vertex -60.18 -44.9 5
    endloop
  endfacet
  facet normal 0 -1 0
    outer loop
      vertex -43.9 -44.9 -4
      vertex -30.1 -44.9 -4
      vertex -30.1 -44.9 5
    endloop
  endfacet
  facet normal 0 -1 0
    outer loop
      vertex -43.9 -44.9 -4
      vertex -30.1 -44.9 5
      vertex -43.9 -44.9 5
    endloop
  endfacet
  facet normal 0 -1 0
    outer loop
      vertex -29.1 -44.9 -4
      vertex -21.22 -44.9 -4
      vertex -21.22 -44.9 5
    endloop
  endfacet
  facet normal 0 -1 0
    outer loop
      vertex -29.1 -44.9 -4
      vertex -21.22 -44.9 5
      vertex -29.1 -44.9 5
    endloop
  endfacet
  facet normal 0 -1 0
    outer loop
      vertex -20.22 -44.9 -4
      vertex -10.86 -44.9 -4
      vertex -10.86 -44.9 5
    endloop
  endfacet
  facet normal 0 -1 0
    outer loop
      vertex -20.22 -44.9 -4
      vertex -10.86 -44.9 5
      vertex -20.22 -44.9 5
    endloop
  endfacet
  facet normal 0 -1 0
    outer loop
      vertex -9.86 -44.9 -4
      vertex 9.86 -44.9 -4
      vertex 9.86 -44.9 5
    endloop
  endfacet
  facet normal 0 -1 0
    outer loop
      vertex -9.86 -44.9 -4
      vertex 9.86 -44.9 5
      vertex -9.86 -44.9 5
    endloop
  endfacet
  facet normal 0 -1 0
    outer loop
      vertex 10.86 -44.9 -4
      vertex 20.22 -44.9 -4
      vertex 20.22 -44.9 5
    endloop
  endfacet
  facet normal 0 -1 0
    outer loop
      vertex 10.86 -44.9 -4
      vertex 20.22 -44.9 5
      vertex 10.86 -44.9 5
    endloop
  endfacet
  facet normal 0 -1 0
    outer loop
      vertex 21.22 -44.9 -4
      vertex 30.58 -44.9 -4
      vertex 30.58 -44.9 5
    endloop
  endfacet
  facet normal 0 -1 0
    outer loop
      vertex 21.22 -44.9 -4
      vertex 30.58 -44.9 5
      vertex 21.22 -44.9 5
    endloop
  endfacet
  facet normal 0 -1 0
    outer loop
      vertex 31.58 -44.9 -4
      vertex 49.81999999999999 -44.9 -4
      vertex 49.81999999999999 -44.9 5
    endloop
  endfacet
  facet normal 0 -1 0
    outer loop
      vertex 31.58 -44.9 -4
      vertex 49.81999999999999 -44.9 5
      vertex 31.58 -44.9 5
    endloop
  endfacet
  facet normal 0 -1 0
    outer loop
      vertex 50.81999999999999 -44.9 -4
      vertex 60.18000000000001 -44.9 -4
      vertex 60.18000000000001 -44.9 5
    endloop
  endfacet
  facet normal 0 -1 0
    outer loop
      vertex 50.81999999999999 -44.9 -4
      vertex 60.18000000000001 -44.9 5
      vertex 50.81999999999999 -44.9 5
    endloop
  endfacet
  facet normal 0 -1 0
    outer loop
      vertex 61.18000000000001 -44.9 -4
      vertex 74 -44.9 -4
      vertex 74 -44.9 5
    endloop
  endfacet
  facet normal 0 -1 0
    outer loop
      vertex 61.18000000000001 -44.9 -4
      vertex 74 -44.9 5
      vertex 61.18000000000001 -44.9 5
    endloop
  endfacet
  facet normal 0 1 0
    outer loop
      vertex -61.18 -43.9 -4
      vertex -74 -43.9 -4
      vertex -74 -43.9 5
    endloop
  endfacet
  facet normal 0 1 0
    outer loop
      vertex -61.18 -43.9 -4
      vertex -74 -43.9 5
      vertex -61.18 -43.9 5
    endloop
  endfacet
  facet normal 0 1 0
    outer loop
      vertex -44.9 -43.9 -4
      vertex -60.18 -43.9 -4
      vertex -60.18 -43.9 5
    endloop
  endfacet
  facet normal 0 1 0
    outer loop
      vertex -44.9 -43.9 -4
      vertex -60.18 -43.9 5
      vertex -44.9 -43.9 5
    endloop
  endfacet
  facet normal 0 1 0
    outer loop
      vertex -30.1 -43.9 -4
      vertex -43.9 -43.9 -4
      vertex -43.9 -43.9 5
    endloop
  endfacet
  facet normal 0 1 0
    outer loop
      vertex -30.1 -43.9 -4
      vertex -43.9 -43.9 5
      vertex -30.1 -43.9 5
    endloop
  endfacet
  facet normal 0 1 0
    outer loop
      vertex -21.22 -43.9 -4
      vertex -29.1 -43.9 -4
      vertex -29.1 -43.9 5
    endloop
  endfacet
  facet normal 0 1 0
    outer loop
      vertex -21.22 -43.9 -4
      vertex -29.1 -43.9 5
      vertex -21.22 -43.9 5
    endloop
  endfacet
  facet normal 0 1 0
    outer loop
      vertex -10.86 -43.9 -4
      vertex -20.22 -43.9 -4
      vertex -20.22 -43.9 5
    endloop
  endfacet
  facet normal 0 1 0
    outer loop
      vertex -10.86 -43.9 -4
      vertex -20.22 -43.9 5
      vertex -10.86 -43.9 5
    endloop
  endfacet
  facet normal 0 1 0
    outer loop
      vertex 9.86 -43.9 -4
      vertex -9.86 -43.9 -4
      vertex -9.86 -43.9 5
    endloop
  endfacet
  facet normal 0 1 0
    outer loop
      vertex 9.86 -43.9 -4
      vertex -9.86 -43.9 5
      vertex 9.86 -43.9 5
    endloop
  endfacet
  facet normal 0 1 0
    outer loop
      vertex 20.22 -43.9 -4
      vertex 10.86 -43.9 -4
      vertex 10.86 -43.9 5
    endloop
  endfacet
  facet normal 0 1 0
    outer loop
      vertex 20.22 -43.9 -4
      vertex 10.86 -43.9 5
      vertex 20.22 -43.9 5
    endloop
  endfacet
  facet normal 0 1 0
    outer loop
      vertex 30.58 -43.9 -4
      vertex 21.22 -43.9 -4
      vertex 21.22 -43.9 5
    endloop
  endfacet
  facet normal 0 1 0
    outer loop
      vertex 30.58 -43.9 -4
      vertex 21.22 -43.9 5
      vertex 30.58 -43.9 5
    endloop
  endfacet
  facet normal 0 1 0
    outer loop
      vertex 49.81999999999999 -43.9 -4
      vertex 31.58 -43.9 -4
      vertex 31.58 -43.9 5
    endloop
  endfacet
  facet normal 0 1 0
    outer loop
      vertex 49.81999999999999 -43.9 -4
      vertex 31.58 -43.9 5
      vertex 49.81999999999999 -43.9 5
    endloop
  endfacet
  facet normal 0 1 0
    outer loop
      vertex 60.18000000000001 -43.9 -4
      vertex 50.81999999999999 -43.9 -4
      vertex 50.81999999999999 -43.9 5
    endloop
  endfacet
  facet normal 0 1 0
    outer loop
      vertex 60.18000000000001 -43.9 -4
      vertex 50.81999999999999 -43.9 5
      vertex 60.18000000000001 -43.9 5
    endloop
  endfacet
  facet normal 0 1 0
    outer loop
      vertex 74 -43.9 -4
      vertex 61.18000000000001 -43.9 -4
      vertex 61.18000000000001 -43.9 5
    endloop
  endfacet
  facet normal 0 1 0
    outer loop
      vertex 74 -43.9 -4
      vertex 61.18000000000001 -43.9 5
      vertex 74 -43.9 5
    endloop
  endfacet
  facet normal 0 -1 0
    outer loop
      vertex -74 -30.1 -4
      vertex -61.18 -30.1 -4
      vertex -61.18 -30.1 5
    endloop
  endfacet
  facet normal 0 -1 0
    outer loop
      vertex -74 -30.1 -4
      vertex -61.18 -30.1 5
      vertex -74 -30.1 5
    endloop
  endfacet
  facet normal 0 -1 0
    outer loop
      vertex -60.18 -30.1 -4
      vertex -44.9 -30.1 -4
      vertex -44.9 -30.1 5
    endloop
  endfacet
  facet normal 0 -1 0
    outer loop
      vertex -60.18 -30.1 -4
      vertex -44.9 -30.1 5
      vertex -60.18 -30.1 5
    endloop
  endfacet
  facet normal 0 -1 0
    outer loop
      vertex -43.9 -30.1 -4
      vertex -30.1 -30.1 -4
      vertex -30.1 -30.1 5
    endloop
  endfacet
  facet normal 0 -1 0
    outer loop
      vertex -43.9 -30.1 -4
      vertex -30.1 -30.1 5
      vertex -43.9 -30.1 5
    endloop
  endfacet
  facet normal 0 -1 0
    outer loop
      vertex -29.1 -30.1 -4
      vertex -21.22 -30.1 -4
      vertex -21.22 -30.1 5
    endloop
  endfacet
  facet normal 0 -1 0
    outer loop
      vertex -29.1 -30.1 -4
      vertex -21.22 -30.1 5
      vertex -29.1 -30.1 5
    endloop
  endfacet
  facet normal 0 -1 0
    outer loop
      vertex -20.22 -30.1 -4
      vertex -10.86 -30.1 -4
      vertex -10.86 -30.1 5
    endloop
  endfacet
  facet normal 0 -1 0
    outer loop
      vertex -20.22 -30.1 -4
      vertex -10.86 -30.1 5
      vertex -20.22 -30.1 5
    endloop
  endfacet
  facet normal 0 -1 0
    outer loop
      vertex -9.86 -30.1 -4
      vertex 9.86 -30.1 -4
      vertex 9.86 -30.1 5
    endloop
  endfacet
  facet normal 0 -1 0
    outer loop
      vertex -9.86 -30.1 -4
      vertex 9.86 -30.1 5
      vertex -9.86 -30.1 5
    endloop
  endfacet
  facet normal 0 -1 0
    outer loop
      vertex 10.86 -30.1 -4
      vertex 20.22 -30.1 -4
      vertex 20.22 -30.1 5
    endloop
  endfacet
  facet normal 0 -1 0
    outer loop
      vertex 10.86 -30.1 -4
      vertex 20.22 -30.1 5
      vertex 10.86 -30.1 5
    endloop
  endfacet
  facet normal 0 -1 0
    outer loop
      vertex 21.22 -30.1 -4
      vertex 30.58 -30.1 -4
      vertex 30.58 -30.1 5
    endloop
  endfacet
  facet normal 0 -1 0
    outer loop
      vertex 21.22 -30.1 -4
      vertex 30.58 -30.1 5
      vertex 21.22 -30.1 5
    endloop
  endfacet
  facet normal 0 -1 0
    outer loop
      vertex 31.58 -30.1 -4
      vertex 49.81999999999999 -30.1 -4
      vertex 49.81999999999999 -30.1 5
    endloop
  endfacet
  facet normal 0 -1 0
    outer loop
      vertex 31.58 -30.1 -4
      vertex 49.81999999999999 -30.1 5
      vertex 31.58 -30.1 5
    endloop
  endfacet
  facet normal 0 -1 0
    outer loop
      vertex 50.81999999999999 -30.1 -4
      vertex 60.18000000000001 -30.1 -4
      vertex 60.18000000000001 -30.1 5
    endloop
  endfacet
  facet normal 0 -1 0
    outer loop
      vertex 50.81999999999999 -30.1 -4
      vertex 60.18000000000001 -30.1 5
      vertex 50.81999999999999 -30.1 5
    endloop
  endfacet
  facet normal 0 -1 0
    outer loop
      vertex 61.18000000000001 -30.1 -4
      vertex 74 -30.1 -4
      vertex 74 -30.1 5
    endloop
  endfacet
  facet normal 0 -1 0
    outer loop
      vertex 61.18000000000001 -30.1 -4
      vertex 74 -30.1 5
      vertex 61.18000000000001 -30.1 5
    endloop
  endfacet
  facet normal 0 1 0
    outer loop
      vertex -61.18 -29.1 -4
      vertex -74 -29.1 -4
      vertex -74 -29.1 5
    endloop
  endfacet
  facet normal 0 1 0
    outer loop
      vertex -61.18 -29.1 -4
      vertex -74 -29.1 5
      vertex -61.18 -29.1 5
    endloop
  endfacet
  facet normal 0 1 0
    outer loop
      vertex -44.9 -29.1 -4
      vertex -60.18 -29.1 -4
      vertex -60.18 -29.1 5
    endloop
  endfacet
  facet normal 0 1 0
    outer loop
      vertex -44.9 -29.1 -4
      vertex -60.18 -29.1 5
      vertex -44.9 -29.1 5
    endloop
  endfacet
  facet normal 0 1 0
    outer loop
      vertex -30.1 -29.1 -4
      vertex -43.9 -29.1 -4
      vertex -43.9 -29.1 5
    endloop
  endfacet
  facet normal 0 1 0
    outer loop
      vertex -30.1 -29.1 -4
      vertex -43.9 -29.1 5
      vertex -30.1 -29.1 5
    endloop
  endfacet
  facet normal 0 1 0
    outer loop
      vertex -21.22 -29.1 -4
      vertex -29.1 -29.1 -4
      vertex -29.1 -29.1 5
    endloop
  endfacet
  facet normal 0 1 0
    outer loop
      vertex -21.22 -29.1 -4
      vertex -29.1 -29.1 5
      vertex -21.22 -29.1 5
    endloop
  endfacet
  facet normal 0 1 0
    outer loop
      vertex -10.86 -29.1 -4
      vertex -20.22 -29.1 -4
      vertex -20.22 -29.1 5
    endloop
  endfacet
  facet normal 0 1 0
    outer loop
      vertex -10.86 -29.1 -4
      vertex -20.22 -29.1 5
      vertex -10.86 -29.1 5
    endloop
  endfacet
  facet normal 0 1 0
    outer loop
      vertex 9.86 -29.1 -4
      vertex -9.86 -29.1 -4
      vertex -9.86 -29.1 5
    endloop
  endfacet
  facet normal 0 1 0
    outer loop
      vertex 9.86 -29.1 -4
      vertex -9.86 -29.1 5
      vertex 9.86 -29.1 5
    endloop
  endfacet
  facet normal 0 1 0
    outer loop
      vertex 20.22 -29.1 -4
      vertex 10.86 -29.1 -4
      vertex 10.86 -29.1 5
    endloop
  endfacet
  facet normal 0 1 0
    outer loop
      vertex 20.22 -29.1 -4
      vertex 10.86 -29.1 5
      vertex 20.22 -29.1 5
    endloop
  endfacet
  facet normal 0 1 0
    outer loop
      vertex 30.58 -29.1 -4
      vertex 21.22 -29.1 -4
      vertex 21.22 -29.1 5
    endloop
  endfacet
  facet normal 0 1 0
    outer loop
      vertex 30.58 -29.1 -4
      vertex 21.22 -29.1 5
      vertex 30.58 -29.1 5
    endloop
  endfacet
  facet normal 0 1 0
    outer loop
      vertex 49.81999999999999 -29.1 -4
      vertex 31.58 -29.1 -4
      vertex 31.58 -29.1 5
    endloop
  endfacet
  facet normal 0 1 0
    outer loop
      vertex 49.81999999999999 -29.1 -4
      vertex 31.58 -29.1 5
      vertex 49.81999999999999 -29.1 5
    endloop
  endfacet
  facet normal 0 1 0
    outer loop
      vertex 60.18000000000001 -29.1 -4
      vertex 50.81999999999999 -29.1 -4
      vertex 50.81999999999999 -29.1 5
    endloop
  endfacet
  facet normal 0 1 0
    outer loop
      vertex 60.18000000000001 -29.1 -4
      vertex 50.81999999999999 -29.1 5
      vertex 60.18000000000001 -29.1 5
    endloop
  endfacet
  facet normal 0 1 0
    outer loop
      vertex 74 -29.1 -4
      vertex 61.18000000000001 -29.1 -4
      vertex 61.18000000000001 -29.1 5
    endloop
  endfacet
  facet normal 0 1 0
    outer loop
      vertex 74 -29.1 -4
      vertex 61.18000000000001 -29.1 5
      vertex 74 -29.1 5
    endloop
  endfacet
  facet normal 0 -1 0
    outer loop
      vertex -74 -15.299999999999997 -4
      vertex -61.18 -15.299999999999997 -4
      vertex -61.18 -15.299999999999997 5
    endloop
  endfacet
  facet normal 0 -1 0
    outer loop
      vertex -74 -15.299999999999997 -4
      vertex -61.18 -15.299999999999997 5
      vertex -74 -15.299999999999997 5
    endloop
  endfacet
  facet normal 0 -1 0
    outer loop
      vertex -60.18 -15.299999999999997 -4
      vertex -44.9 -15.299999999999997 -4
      vertex -44.9 -15.299999999999997 5
    endloop
  endfacet
  facet normal 0 -1 0
    outer loop
      vertex -60.18 -15.299999999999997 -4
      vertex -44.9 -15.299999999999997 5
      vertex -60.18 -15.299999999999997 5
    endloop
  endfacet
  facet normal 0 -1 0
    outer loop
      vertex -43.9 -15.299999999999997 -4
      vertex -30.1 -15.299999999999997 -4
      vertex -30.1 -15.299999999999997 5
    endloop
  endfacet
  facet normal 0 -1 0
    outer loop
      vertex -43.9 -15.299999999999997 -4
      vertex -30.1 -15.299999999999997 5
      vertex -43.9 -15.299999999999997 5
    endloop
  endfacet
  facet normal 0 -1 0
    outer loop
      vertex -29.1 -15.299999999999997 -4
      vertex -21.22 -15.299999999999997 -4
      vertex -21.22 -15.299999999999997 5
    endloop
  endfacet
  facet normal 0 -1 0
    outer loop
      vertex -29.1 -15.299999999999997 -4
      vertex -21.22 -15.299999999999997 5
      vertex -29.1 -15.299999999999997 5
    endloop
  endfacet
  facet normal 0 -1 0
    outer loop
      vertex -20.22 -15.299999999999997 -4
      vertex -10.86 -15.299999999999997 -4
      vertex -10.86 -15.299999999999997 5
    endloop
  endfacet
  facet normal 0 -1 0
    outer loop
      vertex -20.22 -15.299999999999997 -4
      vertex -10.86 -15.299999999999997 5
      vertex -20.22 -15.299999999999997 5
    endloop
  endfacet
  facet normal 0 -1 0
    outer loop
      vertex -9.86 -15.299999999999997 -4
      vertex 9.86 -15.299999999999997 -4
      vertex 9.86 -15.299999999999997 5
    endloop
  endfacet
  facet normal 0 -1 0
    outer loop
      vertex -9.86 -15.299999999999997 -4
      vertex 9.86 -15.299999999999997 5
      vertex -9.86 -15.299999999999997 5
    endloop
  endfacet
  facet normal 0 -1 0
    outer loop
      vertex 10.86 -15.299999999999997 -4
      vertex 20.22 -15.299999999999997 -4
      vertex 20.22 -15.299999999999997 5
    endloop
  endfacet
  facet normal 0 -1 0
    outer loop
      vertex 10.86 -15.299999999999997 -4
      vertex 20.22 -15.299999999999997 5
      vertex 10.86 -15.299999999999997 5
    endloop
  endfacet
  facet normal 0 -1 0
    outer loop
      vertex 21.22 -15.299999999999997 -4
      vertex 30.58 -15.299999999999997 -4
      vertex 30.58 -15.299999999999997 5
    endloop
  endfacet
  facet normal 0 -1 0
    outer loop
      vertex 21.22 -15.299999999999997 -4
      vertex 30.58 -15.299999999999997 5
      vertex 21.22 -15.299999999999997 5
    endloop
  endfacet
  facet normal 0 -1 0
    outer loop
      vertex 31.58 -15.299999999999997 -4
      vertex 49.81999999999999 -15.299999999999997 -4
      vertex 49.81999999999999 -15.299999999999997 5
    endloop
  endfacet
  facet normal 0 -1 0
    outer loop
      vertex 31.58 -15.299999999999997 -4
      vertex 49.81999999999999 -15.299999999999997 5
      vertex 31.58 -15.299999999999997 5
    endloop
  endfacet
  facet normal 0 -1 0
    outer loop
      vertex 50.81999999999999 -15.299999999999997 -4
      vertex 60.18000000000001 -15.299999999999997 -4
      vertex 60.18000000000001 -15.299999999999997 5
    endloop
  endfacet
  facet normal 0 -1 0
    outer loop
      vertex 50.81999999999999 -15.299999999999997 -4
      vertex 60.18000000000001 -15.299999999999997 5
      vertex 50.81999999999999 -15.299999999999997 5
    endloop
  endfacet
  facet normal 0 -1 0
    outer loop
      vertex 61.18000000000001 -15.299999999999997 -4
      vertex 74 -15.299999999999997 -4
      vertex 74 -15.299999999999997 5
    endloop
  endfacet
  facet normal 0 -1 0
    outer loop
      vertex 61.18000000000001 -15.299999999999997 -4
      vertex 74 -15.299999999999997 5
      vertex 61.18000000000001 -15.299999999999997 5
    endloop
  endfacet
  facet normal 0 1 0
    outer loop
      vertex -61.18 -14.299999999999997 -4
      vertex -74 -14.299999999999997 -4
      vertex -74 -14.299999999999997 5
    endloop
  endfacet
  facet normal 0 1 0
    outer loop
      vertex -61.18 -14.299999999999997 -4
      vertex -74 -14.299999999999997 5
      vertex -61.18 -14.299999999999997 5
    endloop
  endfacet
  facet normal 0 1 0
    outer loop
      vertex -44.9 -14.299999999999997 -4
      vertex -60.18 -14.299999999999997 -4
      vertex -60.18 -14.299999999999997 5
    endloop
  endfacet
  facet normal 0 1 0
    outer loop
      vertex -44.9 -14.299999999999997 -4
      vertex -60.18 -14.299999999999997 5
      vertex -44.9 -14.299999999999997 5
    endloop
  endfacet
  facet normal 0 1 0
    outer loop
      vertex -30.1 -14.299999999999997 -4
      vertex -43.9 -14.299999999999997 -4
      vertex -43.9 -14.299999999999997 5
    endloop
  endfacet
  facet normal 0 1 0
    outer loop
      vertex -30.1 -14.299999999999997 -4
      vertex -43.9 -14.299999999999997 5
      vertex -30.1 -14.299999999999997 5
    endloop
  endfacet
  facet normal 0 1 0
    outer loop
      vertex -21.22 -14.299999999999997 -4
      vertex -29.1 -14.299999999999997 -4
      vertex -29.1 -14.299999999999997 5
    endloop
  endfacet
  facet normal 0 1 0
    outer loop
      vertex -21.22 -14.299999999999997 -4
      vertex -29.1 -14.299999999999997 5
      vertex -21.22 -14.299999999999997 5
    endloop
  endfacet
  facet normal 0 1 0
    outer loop
      vertex -10.86 -14.299999999999997 -4
      vertex -20.22 -14.299999999999997 -4
      vertex -20.22 -14.299999999999997 5
    endloop
  endfacet
  facet normal 0 1 0
    outer loop
      vertex -10.86 -14.299999999999997 -4
      vertex -20.22 -14.299999999999997 5
      vertex -10.86 -14.299999999999997 5
    endloop
  endfacet
  facet normal 0 1 0
    outer loop
      vertex 9.86 -14.299999999999997 -4
      vertex -9.86 -14.299999999999997 -4
      vertex -9.86 -14.299999999999997 5
    endloop
  endfacet
  facet normal 0 1 0
    outer loop
      vertex 9.86 -14.299999999999997 -4
      vertex -9.86 -14.299999999999997 5
      vertex 9.86 -14.299999999999997 5
    endloop
  endfacet
  facet normal 0 1 0
    outer loop
      vertex 20.22 -14.299999999999997 -4
      vertex 10.86 -14.299999999999997 -4
      vertex 10.86 -14.299999999999997 5
    endloop
  endfacet
  facet normal 0 1 0
    outer loop
      vertex 20.22 -14.299999999999997 -4
      vertex 10.86 -14.299999999999997 5
      vertex 20.22 -14.299999999999997 5
    endloop
  endfacet
  facet normal 0 1 0
    outer loop
      vertex 30.58 -14.299999999999997 -4
      vertex 21.22 -14.299999999999997 -4
      vertex 21.22 -14.299999999999997 5
    endloop
  endfacet
  facet normal 0 1 0
    outer loop
      vertex 30.58 -14.299999999999997 -4
      vertex 21.22 -14.299999999999997 5
      vertex 30.58 -14.299999999999997 5
    endloop
  endfacet
  facet normal 0 1 0
    outer loop
      vertex 49.81999999999999 -14.299999999999997 -4
      vertex 31.58 -14.299999999999997 -4
      vertex 31.58 -14.299999999999997 5
    endloop
  endfacet
  facet normal 0 1 0
    outer loop
      vertex 49.81999999999999 -14.299999999999997 -4
      vertex 31.58 -14.299999999999997 5
      vertex 49.81999999999999 -14.299999999999997 5
    endloop
  endfacet
  facet normal 0 1 0
    outer loop
      vertex 60.18000000000001 -14.299999999999997 -4
      vertex 50.81999999999999 -14.299999999999997 -4
      vertex 50.81999999999999 -14.299999999999997 5
    endloop
  endfacet
  facet normal 0 1 0
    outer loop
      vertex 60.18000000000001 -14.299999999999997 -4
      vertex 50.81999999999999 -14.299999999999997 5
      vertex 60.18000000000001 -14.299999999999997 5
    endloop
  endfacet
  facet normal 0 1 0
    outer loop
      vertex 74 -14.299999999999997 -4
      vertex 61.18000000000001 -14.299999999999997 -4
      vertex 61.18000000000001 -14.299999999999997 5
    endloop
  endfacet
  facet normal 0 1 0
    outer loop
      vertex 74 -14.299999999999997 -4
      vertex 61.18000000000001 -14.299999999999997 5
      vertex 74 -14.299999999999997 5
    endloop
  endfacet
  facet normal 0 -1 0
    outer loop
      vertex -74 -0.5 -4
      vertex -61.18 -0.5 -4
      vertex -61.18 -0.5 5
    endloop
  endfacet
  facet normal 0 -1 0
    outer loop
      vertex -74 -0.5 -4
      vertex -61.18 -0.5 5
      vertex -74 -0.5 5
    endloop
  endfacet
  facet normal 0 -1 0
    outer loop
      vertex -60.18 -0.5 -4
      vertex -44.9 -0.5 -4
      vertex -44.9 -0.5 5
    endloop
  endfacet
  facet normal 0 -1 0
    outer loop
      vertex -60.18 -0.5 -4
      vertex -44.9 -0.5 5
      vertex -60.18 -0.5 5
    endloop
  endfacet
  facet normal 0 -1 0
    outer loop
      vertex -43.9 -0.5 -4
      vertex -30.1 -0.5 -4
      vertex -30.1 -0.5 5
    endloop
  endfacet
  facet normal 0 -1 0
    outer loop
      vertex -43.9 -0.5 -4
      vertex -30.1 -0.5 5
      vertex -43.9 -0.5 5
    endloop
  endfacet
  facet normal 0 -1 0
    outer loop
      vertex -29.1 -0.5 -4
      vertex -21.22 -0.5 -4
      vertex -21.22 -0.5 5
    endloop
  endfacet
  facet normal 0 -1 0
    outer loop
      vertex -29.1 -0.5 -4
      vertex -21.22 -0.5 5
      vertex -29.1 -0.5 5
    endloop
  endfacet
  facet normal 0 -1 0
    outer loop
      vertex -20.22 -0.5 -4
      vertex -10.86 -0.5 -4
      vertex -10.86 -0.5 5
    endloop
  endfacet
  facet normal 0 -1 0
    outer loop
      vertex -20.22 -0.5 -4
      vertex -10.86 -0.5 5
      vertex -20.22 -0.5 5
    endloop
  endfacet
  facet normal 0 -1 0
    outer loop
      vertex -9.86 -0.5 -4
      vertex 9.86 -0.5 -4
      vertex 9.86 -0.5 5
    endloop
  endfacet
  facet normal 0 -1 0
    outer loop
      vertex -9.86 -0.5 -4
      vertex 9.86 -0.5 5
      vertex -9.86 -0.5 5
    endloop
  endfacet
  facet normal 0 -1 0
    outer loop
      vertex 10.86 -0.5 -4
      vertex 20.22 -0.5 -4
      vertex 20.22 -0.5 5
    endloop
  endfacet
  facet normal 0 -1 0
    outer loop
      vertex 10.86 -0.5 -4
      vertex 20.22 -0.5 5
      vertex 10.86 -0.5 5
    endloop
  endfacet
  facet normal 0 -1 0
    outer loop
      vertex 21.22 -0.5 -4
      vertex 30.58 -0.5 -4
      vertex 30.58 -0.5 5
    endloop
  endfacet
  facet normal 0 -1 0
    outer loop
      vertex 21.22 -0.5 -4
      vertex 30.58 -0.5 5
      vertex 21.22 -0.5 5
    endloop
  endfacet
  facet normal 0 -1 0
    outer loop
      vertex 31.58 -0.5 -4
      vertex 49.81999999999999 -0.5 -4
      vertex 49.81999999999999 -0.5 5
    endloop
  endfacet
  facet normal 0 -1 0
    outer loop
      vertex 31.58 -0.5 -4
      vertex 49.81999999999999 -0.5 5
      vertex 31.58 -0.5 5
    endloop
  endfacet
  facet normal 0 -1 0
    outer loop
      vertex 50.81999999999999 -0.5 -4
      vertex 60.18000000000001 -0.5 -4
      vertex 60.18000000000001 -0.5 5
    endloop
  endfacet
  facet normal 0 -1 0
    outer loop
      vertex 50.81999999999999 -0.5 -4
      vertex 60.18000000000001 -0.5 5
      vertex 50.81999999999999 -0.5 5
    endloop
  endfacet
  facet normal 0 -1 0
    outer loop
      vertex 61.18000000000001 -0.5 -4
      vertex 74 -0.5 -4
      vertex 74 -0.5 5
    endloop
  endfacet
  facet normal 0 -1 0
    outer loop
      vertex 61.18000000000001 -0.5 -4
      vertex 74 -0.5 5
      vertex 61.18000000000001 -0.5 5
    endloop
  endfacet
  facet normal 0 1 0
    outer loop
      vertex -61.18 0.5 -4
      vertex -74 0.5 -4
      vertex -74 0.5 5
    endloop
  endfacet
  facet normal 0 1 0
    outer loop
      vertex -61.18 0.5 -4
      vertex -74 0.5 5
      vertex -61.18 0.5 5
    endloop
  endfacet
  facet normal 0 1 0
    outer loop
      vertex -44.9 0.5 -4
      vertex -60.18 0.5 -4
      vertex -60.18 0.5 5
    endloop
  endfacet
  facet normal 0 1 0
    outer loop
      vertex -44.9 0.5 -4
      vertex -60.18 0.5 5
      vertex -44.9 0.5 5
    endloop
  endfacet
  facet normal 0 1 0
    outer loop
      vertex -30.1 0.5 -4
      vertex -43.9 0.5 -4
      vertex -43.9 0.5 5
    endloop
  endfacet
  facet normal 0 1 0
    outer loop
      vertex -30.1 0.5 -4
      vertex -43.9 0.5 5
      vertex -30.1 0.5 5
    endloop
  endfacet
  facet normal 0 1 0
    outer loop
      vertex -21.22 0.5 -4
      vertex -29.1 0.5 -4
      vertex -29.1 0.5 5
    endloop
  endfacet
  facet normal 0 1 0
    outer loop
      vertex -21.22 0.5 -4
      vertex -29.1 0.5 5
      vertex -21.22 0.5 5
    endloop
  endfacet
  facet normal 0 1 0
    outer loop
      vertex -10.86 0.5 -4
      vertex -20.22 0.5 -4
      vertex -20.22 0.5 5
    endloop
  endfacet
  facet normal 0 1 0
    outer loop
      vertex -10.86 0.5 -4
      vertex -20.22 0.5 5
      vertex -10.86 0.5 5
    endloop
  endfacet
  facet normal 0 1 0
    outer loop
      vertex 9.86 0.5 -4
      vertex -9.86 0.5 -4
      vertex -9.86 0.5 5
    endloop
  endfacet
  facet normal 0 1 0
    outer loop
      vertex 9.86 0.5 -4
      vertex -9.86 0.5 5
      vertex 9.86 0.5 5
    endloop
  endfacet
  facet normal 0 1 0
    outer loop
      vertex 20.22 0.5 -4
      vertex 10.86 0.5 -4
      vertex 10.86 0.5 5
    endloop
  endfacet
  facet normal 0 1 0
    outer loop
      vertex 20.22 0.5 -4
      vertex 10.86 0.5 5
      vertex 20.22 0.5 5
    endloop
  endfacet
  facet normal 0 1 0
    outer loop
      vertex 30.58 0.5 -4
      vertex 21.22 0.5 -4
      vertex 21.22 0.5 5
    endloop
  endfacet
  facet normal 0 1 0
    outer loop
      vertex 30.58 0.5 -4
      vertex 21.22 0.5 5
      vertex 30.58 0.5 5
    endloop
  endfacet
  facet normal 0 1 0
    outer loop
      vertex 49.81999999999999 0.5 -4
      vertex 31.58 0.5 -4
      vertex 31.58 0.5 5
    endloop
  endfacet
  facet normal 0 1 0
    outer loop
      vertex 49.81999999999999 0.5 -4
      vertex 31.58 0.5 5
      vertex 49.81999999999999 0.5 5
    endloop
  endfacet
  facet normal 0 1 0
    outer loop
      vertex 60.18000000000001 0.5 -4
      vertex 50.81999999999999 0.5 -4
      vertex 50.81999999999999 0.5 5
    endloop
  endfacet
  facet normal 0 1 0
    outer loop
      vertex 60.18000000000001 0.5 -4
      vertex 50.81999999999999 0.5 5
      vertex 60.18000000000001 0.5 5
    endloop
  endfacet
  facet normal 0 1 0
    outer loop
      vertex 74 0.5 -4
      vertex 61.18000000000001 0.5 -4
      vertex 61.18000000000001 0.5 5
    endloop
  endfacet
  facet normal 0 1 0
    outer loop
      vertex 74 0.5 -4
      vertex 61.18000000000001 0.5 5
      vertex 74 0.5 5
    endloop
  endfacet
  facet normal 0 -1 0
    outer loop
      vertex -74 14.299999999999997 -4
      vertex -61.18 14.299999999999997 -4
      vertex -61.18 14.299999999999997 5
    endloop
  endfacet
  facet normal 0 -1 0
    outer loop
      vertex -74 14.299999999999997 -4
      vertex -61.18 14.299999999999997 5
      vertex -74 14.299999999999997 5
    endloop
  endfacet
  facet normal 0 -1 0
    outer loop
      vertex -60.18 14.299999999999997 -4
      vertex -44.9 14.299999999999997 -4
      vertex -44.9 14.299999999999997 5
    endloop
  endfacet
  facet normal 0 -1 0
    outer loop
      vertex -60.18 14.299999999999997 -4
      vertex -44.9 14.299999999999997 5
      vertex -60.18 14.299999999999997 5
    endloop
  endfacet
  facet normal 0 -1 0
    outer loop
      vertex -43.9 14.299999999999997 -4
      vertex -30.1 14.299999999999997 -4
      vertex -30.1 14.299999999999997 5
    endloop
  endfacet
  facet normal 0 -1 0
    outer loop
      vertex -43.9 14.299999999999997 -4
      vertex -30.1 14.299999999999997 5
      vertex -43.9 14.299999999999997 5
    endloop
  endfacet
  facet normal 0 -1 0
    outer loop
      vertex -29.1 14.299999999999997 -4
      vertex -21.22 14.299999999999997 -4
      vertex -21.22 14.299999999999997 5
    endloop
  endfacet
  facet normal 0 -1 0
    outer loop
      vertex -29.1 14.299999999999997 -4
      vertex -21.22 14.299999999999997 5
      vertex -29.1 14.299999999999997 5
    endloop
  endfacet
  facet normal 0 -1 0
    outer loop
      vertex -20.22 14.299999999999997 -4
      vertex -10.86 14.299999999999997 -4
      vertex -10.86 14.299999999999997 5
    endloop
  endfacet
  facet normal 0 -1 0
    outer loop
      vertex -20.22 14.299999999999997 -4
      vertex -10.86 14.299999999999997 5
      vertex -20.22 14.299999999999997 5
    endloop
  endfacet
  facet normal 0 -1 0
    outer loop
      vertex -9.86 14.299999999999997 -4
      vertex 9.86 14.299999999999997 -4
      vertex 9.86 14.299999999999997 5
    endloop
  endfacet
  facet normal 0 -1 0
    outer loop
      vertex -9.86 14.299999999999997 -4
      vertex 9.86 14.299999999999997 5
      vertex -9.86 14.299999999999997 5
    endloop
  endfacet
  facet normal 0 -1 0
    outer loop
      vertex 10.86 14.299999999999997 -4
      vertex 20.22 14.299999999999997 -4
      vertex 20.22 14.299999999999997 5
    endloop
  endfacet
  facet normal 0 -1 0
    outer loop
      vertex 10.86 14.299999999999997 -4
      vertex 20.22 14.299999999999997 5
      vertex 10.86 14.299999999999997 5
    endloop
  endfacet
  facet normal 0 -1 0
    outer loop
      vertex 21.22 14.299999999999997 -4
      vertex 30.58 14.299999999999997 -4
      vertex 30.58 14.299999999999997 5
    endloop
  endfacet
  facet normal 0 -1 0
    outer loop
      vertex 21.22 14.299999999999997 -4
      vertex 30.58 14.299999999999997 5
      vertex 21.22 14.299999999999997 5
    endloop
  endfacet
  facet normal 0 -1 0
    outer loop
      vertex 31.58 14.299999999999997 -4
      vertex 49.81999999999999 14.299999999999997 -4
      vertex 49.81999999999999 14.299999999999997 5
    endloop
  endfacet
  facet normal 0 -1 0
    outer loop
      vertex 31.58 14.299999999999997 -4
      vertex 49.81999999999999 14.299999999999997 5
      vertex 31.58 14.299999999999997 5
    endloop
  endfacet
  facet normal 0 -1 0
    outer loop
      vertex 50.81999999999999 14.299999999999997 -4
      vertex 60.18000000000001 14.299999999999997 -4
      vertex 60.18000000000001 14.299999999999997 5
    endloop
  endfacet
  facet normal 0 -1 0
    outer loop
      vertex 50.81999999999999 14.299999999999997 -4
      vertex 60.18000000000001 14.299999999999997 5
      vertex 50.81999999999999 14.299999999999997 5
    endloop
  endfacet
  facet normal 0 -1 0
    outer loop
      vertex 61.18000000000001 14.299999999999997 -4
      vertex 74 14.299999999999997 -4
      vertex 74 14.299999999999997 5
    endloop
  endfacet
  facet normal 0 -1 0
    outer loop
      vertex 61.18000000000001 14.299999999999997 -4
      vertex 74 14.299999999999997 5
      vertex 61.18000000000001 14.299999999999997 5
    endloop
  endfacet
  facet normal 0 1 0
    outer loop
      vertex -61.18 15.299999999999997 -4
      vertex -74 15.299999999999997 -4
      vertex -74 15.299999999999997 5
    endloop
  endfacet
  facet normal 0 1 0
    outer loop
      vertex -61.18 15.299999999999997 -4
      vertex -74 15.299999999999997 5
      vertex -61.18 15.299999999999997 5
    endloop
  endfacet
  facet normal 0 1 0
    outer loop
      vertex -44.9 15.299999999999997 -4
      vertex -60.18 15.299999999999997 -4
      vertex -60.18 15.299999999999997 5
    endloop
  endfacet
  facet normal 0 1 0
    outer loop
      vertex -44.9 15.299999999999997 -4
      vertex -60.18 15.299999999999997 5
      vertex -44.9 15.299999999999997 5
    endloop
  endfacet
  facet normal 0 1 0
    outer loop
      vertex -30.1 15.299999999999997 -4
      vertex -43.9 15.299999999999997 -4
      vertex -43.9 15.299999999999997 5
    endloop
  endfacet
  facet normal 0 1 0
    outer loop
      vertex -30.1 15.299999999999997 -4
      vertex -43.9 15.299999999999997 5
      vertex -30.1 15.299999999999997 5
    endloop
  endfacet
  facet normal 0 1 0
    outer loop
      vertex -21.22 15.299999999999997 -4
      vertex -29.1 15.299999999999997 -4
      vertex -29.1 15.299999999999997 5
    endloop
  endfacet
  facet normal 0 1 0
    outer loop
      vertex -21.22 15.299999999999997 -4
      vertex -29.1 15.299999999999997 5
      vertex -21.22 15.299999999999997 5
    endloop
  endfacet
  facet normal 0 1 0
    outer loop
      vertex -10.86 15.299999999999997 -4
      vertex -20.22 15.299999999999997 -4
      vertex -20.22 15.299999999999997 5
    endloop
  endfacet
  facet normal 0 1 0
    outer loop
      vertex -10.86 15.299999999999997 -4
      vertex -20.22 15.299999999999997 5
      vertex -10.86 15.299999999999997 5
    endloop
  endfacet
  facet normal 0 1 0
    outer loop
      vertex 9.86 15.299999999999997 -4
      vertex -9.86 15.299999999999997 -4
      vertex -9.86 15.299999999999997 5
    endloop
  endfacet
  facet normal 0 1 0
    outer loop
      vertex 9.86 15.299999999999997 -4
      vertex -9.86 15.299999999999997 5
      vertex 9.86 15.299999999999997 5
    endloop
  endfacet
  facet normal 0 1 0
    outer loop
      vertex 20.22 15.299999999999997 -4
      vertex 10.86 15.299999999999997 -4
      vertex 10.86 15.299999999999997 5
    endloop
  endfacet
  facet normal 0 1 0
    outer loop
      vertex 20.22 15.299999999999997 -4
      vertex 10.86 15.299999999999997 5
      vertex 20.22 15.299999999999997 5
    endloop
  endfacet
  facet normal 0 1 0
    outer loop
      vertex 30.58 15.299999999999997 -4
      vertex 21.22 15.299999999999997 -4
      vertex 21.22 15.299999999999997 5
    endloop
  endfacet
  facet normal 0 1 0
    outer loop
      vertex 30.58 15.299999999999997 -4
      vertex 21.22 15.299999999999997 5
      vertex 30.58 15.299999999999997 5
    endloop
  endfacet
  facet normal 0 1 0
    outer loop
      vertex 49.81999999999999 15.299999999999997 -4
      vertex 31.58 15.299999999999997 -4
      vertex 31.58 15.299999999999997 5
    endloop
  endfacet
  facet normal 0 1 0
    outer loop
      vertex 49.81999999999999 15.299999999999997 -4
      vertex 31.58 15.299999999999997 5
      vertex 49.81999999999999 15.299999999999997 5
    endloop
  endfacet
  facet normal 0 1 0
    outer loop
      vertex 60.18000000000001 15.299999999999997 -4
      vertex 50.81999999999999 15.299999999999997 -4
      vertex 50.81999999999999 15.299999999999997 5
    endloop
  endfacet
  facet normal 0 1 0
    outer loop
      vertex 60.18000000000001 15.299999999999997 -4
      vertex 50.81999999999999 15.299999999999997 5
      vertex 60.18000000000001 15.299999999999997 5
    endloop
  endfacet
  facet normal 0 1 0
    outer loop
      vertex 74 15.299999999999997 -4
      vertex 61.18000000000001 15.299999999999997 -4
      vertex 61.18000000000001 15.299999999999997 5
    endloop
  endfacet
  facet normal 0 1 0
    outer loop
      vertex 74 15.299999999999997 -4
      vertex 61.18000000000001 15.299999999999997 5
      vertex 74 15.299999999999997 5
    endloop
  endfacet
  facet normal 0 -1 0
    outer loop
      vertex -74 29.099999999999994 -4
      vertex -61.18 29.099999999999994 -4
      vertex -61.18 29.099999999999994 5
    endloop
  endfacet
  facet normal 0 -1 0
    outer loop
      vertex -74 29.099999999999994 -4
      vertex -61.18 29.099999999999994 5
      vertex -74 29.099999999999994 5
    endloop
  endfacet
  facet normal 0 -1 0
    outer loop
      vertex -60.18 29.099999999999994 -4
      vertex -44.9 29.099999999999994 -4
      vertex -44.9 29.099999999999994 5
    endloop
  endfacet
  facet normal 0 -1 0
    outer loop
      vertex -60.18 29.099999999999994 -4
      vertex -44.9 29.099999999999994 5
      vertex -60.18 29.099999999999994 5
    endloop
  endfacet
  facet normal 0 -1 0
    outer loop
      vertex -43.9 29.099999999999994 -4
      vertex -30.1 29.099999999999994 -4
      vertex -30.1 29.099999999999994 5
    endloop
  endfacet
  facet normal 0 -1 0
    outer loop
      vertex -43.9 29.099999999999994 -4
      vertex -30.1 29.099999999999994 5
      vertex -43.9 29.099999999999994 5
    endloop
  endfacet
  facet normal 0 -1 0
    outer loop
      vertex -29.1 29.099999999999994 -4
      vertex -21.22 29.099999999999994 -4
      vertex -21.22 29.099999999999994 5
    endloop
  endfacet
  facet normal 0 -1 0
    outer loop
      vertex -29.1 29.099999999999994 -4
      vertex -21.22 29.099999999999994 5
      vertex -29.1 29.099999999999994 5
    endloop
  endfacet
  facet normal 0 -1 0
    outer loop
      vertex -20.22 29.099999999999994 -4
      vertex -10.86 29.099999999999994 -4
      vertex -10.86 29.099999999999994 5
    endloop
  endfacet
  facet normal 0 -1 0
    outer loop
      vertex -20.22 29.099999999999994 -4
      vertex -10.86 29.099999999999994 5
      vertex -20.22 29.099999999999994 5
    endloop
  endfacet
  facet normal 0 -1 0
    outer loop
      vertex -9.86 29.099999999999994 -4
      vertex 9.86 29.099999999999994 -4
      vertex 9.86 29.099999999999994 5
    endloop
  endfacet
  facet normal 0 -1 0
    outer loop
      vertex -9.86 29.099999999999994 -4
      vertex 9.86 29.099999999999994 5
      vertex -9.86 29.099999999999994 5
    endloop
  endfacet
  facet normal 0 -1 0
    outer loop
      vertex 10.86 29.099999999999994 -4
      vertex 20.22 29.099999999999994 -4
      vertex 20.22 29.099999999999994 5
    endloop
  endfacet
  facet normal 0 -1 0
    outer loop
      vertex 10.86 29.099999999999994 -4
      vertex 20.22 29.099999999999994 5
      vertex 10.86 29.099999999999994 5
    endloop
  endfacet
  facet normal 0 -1 0
    outer loop
      vertex 21.22 29.099999999999994 -4
      vertex 30.58 29.099999999999994 -4
      vertex 30.58 29.099999999999994 5
    endloop
  endfacet
  facet normal 0 -1 0
    outer loop
      vertex 21.22 29.099999999999994 -4
      vertex 30.58 29.099999999999994 5
      vertex 21.22 29.099999999999994 5
    endloop
  endfacet
  facet normal 0 -1 0
    outer loop
      vertex 31.58 29.099999999999994 -4
      vertex 49.81999999999999 29.099999999999994 -4
      vertex 49.81999999999999 29.099999999999994 5
    endloop
  endfacet
  facet normal 0 -1 0
    outer loop
      vertex 31.58 29.099999999999994 -4
      vertex 49.81999999999999 29.099999999999994 5
      vertex 31.58 29.099999999999994 5
    endloop
  endfacet
  facet normal 0 -1 0
    outer loop
      vertex 50.81999999999999 29.099999999999994 -4
      vertex 60.18000000000001 29.099999999999994 -4
      vertex 60.18000000000001 29.099999999999994 5
    endloop
  endfacet
  facet normal 0 -1 0
    outer loop
      vertex 50.81999999999999 29.099999999999994 -4
      vertex 60.18000000000001 29.099999999999994 5
      vertex 50.81999999999999 29.099999999999994 5
    endloop
  endfacet
  facet normal 0 -1 0
    outer loop
      vertex 61.18000000000001 29.099999999999994 -4
      vertex 74 29.099999999999994 -4
      vertex 74 29.099999999999994 5
    endloop
  endfacet
  facet normal 0 -1 0
    outer loop
      vertex 61.18000000000001 29.099999999999994 -4
      vertex 74 29.099999999999994 5
      vertex 61.18000000000001 29.099999999999994 5
    endloop
  endfacet
  facet normal 0 1 0
    outer loop
      vertex -61.18 30.099999999999994 -4
      vertex -74 30.099999999999994 -4
      vertex -74 30.099999999999994 5
    endloop
  endfacet
  facet normal 0 1 0
    outer loop
      vertex -61.18 30.099999999999994 -4
      vertex -74 30.099999999999994 5
      vertex -61.18 30.099999999999994 5
    endloop
  endfacet
  facet normal 0 1 0
    outer loop
      vertex -44.9 30.099999999999994 -4
      vertex -60.18 30.099999999999994 -4
      vertex -60.18 30.099999999999994 5
    endloop
  endfacet
  facet normal 0 1 0
    outer loop
      vertex -44.9 30.099999999999994 -4
      vertex -60.18 30.099999999999994 5
      vertex -44.9 30.099999999999994 5
    endloop
  endfacet
  facet normal 0 1 0
    outer loop
      vertex -30.1 30.099999999999994 -4
      vertex -43.9 30.099999999999994 -4
      vertex -43.9 30.099999999999994 5
    endloop
  endfacet
  facet normal 0 1 0
    outer loop
      vertex -30.1 30.099999999999994 -4
      vertex -43.9 30.099999999999994 5
      vertex -30.1 30.099999999999994 5
    endloop
  endfacet
  facet normal 0 1 0
    outer loop
      vertex -21.22 30.099999999999994 -4
      vertex -29.1 30.099999999999994 -4
      vertex -29.1 30.099999999999994 5
    endloop
  endfacet
  facet normal 0 1 0
    outer loop
      vertex -21.22 30.099999999999994 -4
      vertex -29.1 30.099999999999994 5
      vertex -21.22 30.099999999999994 5
    endloop
  endfacet
  facet normal 0 1 0
    outer loop
      vertex -10.86 30.099999999999994 -4
      vertex -20.22 30.099999999999994 -4
      vertex -20.22 30.099999999999994 5
    endloop
  endfacet
  facet normal 0 1 0
    outer loop
      vertex -10.86 30.099999999999994 -4
      vertex -20.22 30.099999999999994 5
      vertex -10.86 30.099999999999994 5
    endloop
  endfacet
  facet normal 0 1 0
    outer loop
      vertex 9.86 30.099999999999994 -4
      vertex -9.86 30.099999999999994 -4
      vertex -9.86 30.099999999999994 5
    endloop
  endfacet
  facet normal 0 1 0
    outer loop
      vertex 9.86 30.099999999999994 -4
      vertex -9.86 30.099999999999994 5
      vertex 9.86 30.099999999999994 5
    endloop
  endfacet
  facet normal 0 1 0
    outer loop
      vertex 20.22 30.099999999999994 -4
      vertex 10.86 30.099999999999994 -4
      vertex 10.86 30.099999999999994 5
    endloop
  endfacet
  facet normal 0 1 0
    outer loop
      vertex 20.22 30.099999999999994 -4
      vertex 10.86 30.099999999999994 5
      vertex 20.22 30.099999999999994 5
    endloop
  endfacet
  facet normal 0 1 0
    outer loop
      vertex 30.58 30.099999999999994 -4
      vertex 21.22 30.099999999999994 -4
      vertex 21.22 30.099999999999994 5
    endloop
  endfacet
  facet normal 0 1 0
    outer loop
      vertex 30.58 30.099999999999994 -4
      vertex 21.22 30.099999999999994 5
      vertex 30.58 30.099999999999994 5
    endloop
  endfacet
  facet normal 0 1 0
    outer loop
      vertex 49.81999999999999 30.099999999999994 -4
      vertex 31.58 30.099999999999994 -4
      vertex 31.58 30.099999999999994 5
    endloop
  endfacet
  facet normal 0 1 0
    outer loop
      vertex 49.81999999999999 30.099999999999994 -4
      vertex 31.58 30.099999999999994 5
      vertex 49.81999999999999 30.099999999999994 5
    endloop
  endfacet
  facet normal 0 1 0
    outer loop
      vertex 60.18000000000001 30.099999999999994 -4
      vertex 50.81999999999999 30.099999999999994 -4
      vertex 50.81999999999999 30.099999999999994 5
    endloop
  endfacet
  facet normal 0 1 0
    outer loop
      vertex 60.18000000000001 30.099999999999994 -4
      vertex 50.81999999999999 30.099999999999994 5
      vertex 60.18000000000001 30.099999999999994 5
    endloop
  endfacet
  facet normal 0 1 0
    outer loop
      vertex 74 30.099999999999994 -4
      vertex 61.18000000000001 30.099999999999994 -4
      vertex 61.18000000000001 30.099999999999994 5
    endloop
  endfacet
  facet normal 0 1 0
    outer loop
      vertex 74 30.099999999999994 -4
      vertex 61.18000000000001 30.099999999999994 5
      vertex 74 30.099999999999994 5
    endloop
  endfacet
  facet normal 0 -1 0
    outer loop
      vertex -74 43.900000000000006 -4
      vertex -61.18 43.900000000000006 -4
      vertex -61.18 43.900000000000006 5
    endloop
  endfacet
  facet normal 0 -1 0
    outer loop
      vertex -74 43.900000000000006 -4
      vertex -61.18 43.900000000000006 5
      vertex -74 43.900000000000006 5
    endloop
  endfacet
  facet normal 0 -1 0
    outer loop
      vertex -60.18 43.900000000000006 -4
      vertex -44.9 43.900000000000006 -4
      vertex -44.9 43.900000000000006 5
    endloop
  endfacet
  facet normal 0 -1 0
    outer loop
      vertex -60.18 43.900000000000006 -4
      vertex -44.9 43.900000000000006 5
      vertex -60.18 43.900000000000006 5
    endloop
  endfacet
  facet normal 0 -1 0
    outer loop
      vertex -43.9 43.900000000000006 -4
      vertex -30.1 43.900000000000006 -4
      vertex -30.1 43.900000000000006 5
    endloop
  endfacet
  facet normal 0 -1 0
    outer loop
      vertex -43.9 43.900000000000006 -4
      vertex -30.1 43.900000000000006 5
      vertex -43.9 43.900000000000006 5
    endloop
  endfacet
  facet normal 0 -1 0
    outer loop
      vertex -29.1 43.900000000000006 -4
      vertex -21.22 43.900000000000006 -4
      vertex -21.22 43.900000000000006 5
    endloop
  endfacet
  facet normal 0 -1 0
    outer loop
      vertex -29.1 43.900000000000006 -4
      vertex -21.22 43.900000000000006 5
      vertex -29.1 43.900000000000006 5
    endloop
  endfacet
  facet normal 0 -1 0
    outer loop
      vertex -20.22 43.900000000000006 -4
      vertex -10.86 43.900000000000006 -4
      vertex -10.86 43.900000000000006 5
    endloop
  endfacet
  facet normal 0 -1 0
    outer loop
      vertex -20.22 43.900000000000006 -4
      vertex -10.86 43.900000000000006 5
      vertex -20.22 43.900000000000006 5
    endloop
  endfacet
  facet normal 0 -1 0
    outer loop
      vertex -9.86 43.900000000000006 -4
      vertex 9.86 43.900000000000006 -4
      vertex 9.86 43.900000000000006 5
    endloop
  endfacet
  facet normal 0 -1 0
    outer loop
      vertex -9.86 43.900000000000006 -4
      vertex 9.86 43.900000000000006 5
      vertex -9.86 43.900000000000006 5
    endloop
  endfacet
  facet normal 0 -1 0
    outer loop
      vertex 10.86 43.900000000000006 -4
      vertex 20.22 43.900000000000006 -4
      vertex 20.22 43.900000000000006 5
    endloop
  endfacet
  facet normal 0 -1 0
    outer loop
      vertex 10.86 43.900000000000006 -4
      vertex 20.22 43.900000000000006 5
      vertex 10.86 43.900000000000006 5
    endloop
  endfacet
  facet normal 0 -1 0
    outer loop
      vertex 21.22 43.900000000000006 -4
      vertex 30.58 43.900000000000006 -4
      vertex 30.58 43.900000000000006 5
    endloop
  endfacet
  facet normal 0 -1 0
    outer loop
      vertex 21.22 43.900000000000006 -4
      vertex 30.58 43.900000000000006 5
      vertex 21.22 43.900000000000006 5
    endloop
  endfacet
  facet normal 0 -1 0
    outer loop
      vertex 31.58 43.900000000000006 -4
      vertex 49.81999999999999 43.900000000000006 -4
      vertex 49.81999999999999 43.900000000000006 5
    endloop
  endfacet
  facet normal 0 -1 0
    outer loop
      vertex 31.58 43.900000000000006 -4
      vertex 49.81999999999999 43.900000000000006 5
      vertex 31.58 43.900000000000006 5
    endloop
  endfacet
  facet normal 0 -1 0
    outer loop
      vertex 50.81999999999999 43.900000000000006 -4
      vertex 60.18000000000001 43.900000000000006 -4
      vertex 60.18000000000001 43.900000000000006 5
    endloop
  endfacet
  facet normal 0 -1 0
    outer loop
      vertex 50.81999999999999 43.900000000000006 -4
      vertex 60.18000000000001 43.900000000000006 5
      vertex 50.81999999999999 43.900000000000006 5
    endloop
  endfacet
  facet normal 0 -1 0
    outer loop
      vertex 61.18000000000001 43.900000000000006 -4
      vertex 74 43.900000000000006 -4
      vertex 74 43.900000000000006 5
    endloop
  endfacet
  facet normal 0 -1 0
    outer loop
      vertex 61.18000000000001 43.900000000000006 -4
      vertex 74 43.900000000000006 5
      vertex 61.18000000000001 43.900000000000006 5
    endloop
  endfacet
  facet normal 0 1 0
    outer loop
      vertex -61.18 44.900000000000006 -4
      vertex -74 44.900000000000006 -4
      vertex -74 44.900000000000006 5
    endloop
  endfacet
  facet normal 0 1 0
    outer loop
      vertex -61.18 44.900000000000006 -4
      vertex -74 44.900000000000006 5
      vertex -61.18 44.900000000000006 5
    endloop
  endfacet
  facet normal 0 1 0
    outer loop
      vertex -44.9 44.900000000000006 -4
      vertex -60.18 44.900000000000006 -4
      vertex -60.18 44.900000000000006 5
    endloop
  endfacet
  facet normal 0 1 0
    outer loop
      vertex -44.9 44.900000000000006 -4
      vertex -60.18 44.900000000000006 5
      vertex -44.9 44.900000000000006 5
    endloop
  endfacet
  facet normal 0 1 0
    outer loop
      vertex -30.1 44.900000000000006 -4
      vertex -43.9 44.900000000000006 -4
      vertex -43.9 44.900000000000006 5
    endloop
  endfacet
  facet normal 0 1 0
    outer loop
      vertex -30.1 44.900000000000006 -4
      vertex -43.9 44.900000000000006 5
      vertex -30.1 44.900000000000006 5
    endloop
  endfacet
  facet normal 0 1 0
    outer loop
      vertex -21.22 44.900000000000006 -4
      vertex -29.1 44.900000000000006 -4
      vertex -29.1 44.900000000000006 5
    endloop
  endfacet
  facet normal 0 1 0
    outer loop
      vertex -21.22 44.900000000000006 -4
      vertex -29.1 44.900000000000006 5
      vertex -21.22 44.900000000000006 5
    endloop
  endfacet
  facet normal 0 1 0
    outer loop
      vertex -10.86 44.900000000000006 -4
      vertex -20.22 44.900000000000006 -4
      vertex -20.22 44.900000000000006 5
    endloop
  endfacet
  facet normal 0 1 0
    outer loop
      vertex -10.86 44.900000000000006 -4
      vertex -20.22 44.900000000000006 5
      vertex -10.86 44.900000000000006 5
    endloop
  endfacet
  facet normal 0 1 0
    outer loop
      vertex 9.86 44.900000000000006 -4
      vertex -9.86 44.900000000000006 -4
      vertex -9.86 44.900000000000006 5
    endloop
  endfacet
  facet normal 0 1 0
    outer loop
      vertex 9.86 44.900000000000006 -4
      vertex -9.86 44.900000000000006 5
      vertex 9.86 44.900000000000006 5
    endloop
  endfacet
  facet normal 0 1 0
    outer loop
      vertex 20.22 44.900000000000006 -4
      vertex 10.86 44.900000000000006 -4
      vertex 10.86 44.900000000000006 5
    endloop
  endfacet
  facet normal 0 1 0
    outer loop
      vertex 20.22 44.900000000000006 -4
      vertex 10.86 44.900000000000006 5
      vertex 20.22 44.900000000000006 5
    endloop
  endfacet
  facet normal 0 1 0
    outer loop
      vertex 30.58 44.900000000000006 -4
      vertex 21.22 44.900000000000006 -4
      vertex 21.22 44.900000000000006 5
    endloop
  endfacet
  facet normal 0 1 0
    outer loop
      vertex 30.58 44.900000000000006 -4
      vertex 21.22 44.900000000000006 5
      vertex 30.58 44.900000000000006 5
    endloop
  endfacet
  facet normal 0 1 0
    outer loop
      vertex 49.81999999999999 44.900000000000006 -4
      vertex 31.58 44.900000000000006 -4
      vertex 31.58 44.900000000000006 5
    endloop
  endfacet
  facet normal 0 1 0
    outer loop
      vertex 49.81999999999999 44.900000000000006 -4
      vertex 31.58 44.900000000000006 5
      vertex 49.81999999999999 44.900000000000006 5
    endloop
  endfacet
  facet normal 0 1 0
    outer loop
      vertex 60.18000000000001 44.900000000000006 -4
      vertex 50.81999999999999 44.900000000000006 -4
      vertex 50.81999999999999 44.900000000000006 5
    endloop
  endfacet
  facet normal 0 1 0
    outer loop
      vertex 60.18000000000001 44.900000000000006 -4
      vertex 50.81999999999999 44.900000000000006 5
      vertex 60.18000000000001 44.900000000000006 5
    endloop
  endfacet
  facet normal 0 1 0
    outer loop
      vertex 74 44.900000000000006 -4
      vertex 61.18000000000001 44.900000000000006 -4
      vertex 61.18000000000001 44.900000000000006 5
    endloop
  endfacet
  facet normal 0 1 0
    outer loop
      vertex 74 44.900000000000006 -4
      vertex 61.18000000000001 44.900000000000006 5
      vertex 74 44.900000000000006 5
    endloop
  endfacet
  facet normal 0 -1 0
    outer loop
      vertex -74 58.70000000000002 -4
      vertex -61.18 58.70000000000002 -4
      vertex -61.18 58.70000000000002 5
    endloop
  endfacet
  facet normal 0 -1 0
    outer loop
      vertex -74 58.70000000000002 -4
      vertex -61.18 58.70000000000002 5
      vertex -74 58.70000000000002 5
    endloop
  endfacet
  facet normal 0 -1 0
    outer loop
      vertex -60.18 58.70000000000002 -4
      vertex -44.9 58.70000000000002 -4
      vertex -44.9 58.70000000000002 5
    endloop
  endfacet
  facet normal 0 -1 0
    outer loop
      vertex -60.18 58.70000000000002 -4
      vertex -44.9 58.70000000000002 5
      vertex -60.18 58.70000000000002 5
    endloop
  endfacet
  facet normal 0 -1 0
    outer loop
      vertex -43.9 58.70000000000002 -4
      vertex -30.1 58.70000000000002 -4
      vertex -30.1 58.70000000000002 5
    endloop
  endfacet
  facet normal 0 -1 0
    outer loop
      vertex -43.9 58.70000000000002 -4
      vertex -30.1 58.70000000000002 5
      vertex -43.9 58.70000000000002 5
    endloop
  endfacet
  facet normal 0 -1 0
    outer loop
      vertex -29.1 58.70000000000002 -4
      vertex -21.22 58.70000000000002 -4
      vertex -21.22 58.70000000000002 5
    endloop
  endfacet
  facet normal 0 -1 0
    outer loop
      vertex -29.1 58.70000000000002 -4
      vertex -21.22 58.70000000000002 5
      vertex -29.1 58.70000000000002 5
    endloop
  endfacet
  facet normal 0 -1 0
    outer loop
      vertex -20.22 58.70000000000002 -4
      vertex -10.86 58.70000000000002 -4
      vertex -10.86 58.70000000000002 5
    endloop
  endfacet
  facet normal 0 -1 0
    outer loop
      vertex -20.22 58.70000000000002 -4
      vertex -10.86 58.70000000000002 5
      vertex -20.22 58.70000000000002 5
    endloop
  endfacet
  facet normal 0 -1 0
    outer loop
      vertex -9.86 58.70000000000002 -4
      vertex 9.86 58.70000000000002 -4
      vertex 9.86 58.70000000000002 5
    endloop
  endfacet
  facet normal 0 -1 0
    outer loop
      vertex -9.86 58.70000000000002 -4
      vertex 9.86 58.70000000000002 5
      vertex -9.86 58.70000000000002 5
    endloop
  endfacet
  facet normal 0 -1 0
    outer loop
      vertex 10.86 58.70000000000002 -4
      vertex 20.22 58.70000000000002 -4
      vertex 20.22 58.70000000000002 5
    endloop
  endfacet
  facet normal 0 -1 0
    outer loop
      vertex 10.86 58.70000000000002 -4
      vertex 20.22 58.70000000000002 5
      vertex 10.86 58.70000000000002 5
    endloop
  endfacet
  facet normal 0 -1 0
    outer loop
      vertex 21.22 58.70000000000002 -4
      vertex 30.58 58.70000000000002 -4
      vertex 30.58 58.70000000000002 5
    endloop
  endfacet
  facet normal 0 -1 0
    outer loop
      vertex 21.22 58.70000000000002 -4
      vertex 30.58 58.70000000000002 5
      vertex 21.22 58.70000000000002 5
    endloop
  endfacet
  facet normal 0 -1 0
    outer loop
      vertex 31.58 58.70000000000002 -4
      vertex 49.81999999999999 58.70000000000002 -4
      vertex 49.81999999999999 58.70000000000002 5
    endloop
  endfacet
  facet normal 0 -1 0
    outer loop
      vertex 31.58 58.70000000000002 -4
      vertex 49.81999999999999 58.70000000000002 5
      vertex 31.58 58.70000000000002 5
    endloop
  endfacet
  facet normal 0 -1 0
    outer loop
      vertex 50.81999999999999 58.70000000000002 -4
      vertex 60.18000000000001 58.70000000000002 -4
      vertex 60.18000000000001 58.70000000000002 5
    endloop
  endfacet
  facet normal 0 -1 0
    outer loop
      vertex 50.81999999999999 58.70000000000002 -4
      vertex 60.18000000000001 58.70000000000002 5
      vertex 50.81999999999999 58.70000000000002 5
    endloop
  endfacet
  facet normal 0 -1 0
    outer loop
      vertex 61.18000000000001 58.70000000000002 -4
      vertex 74 58.70000000000002 -4
      vertex 74 58.70000000000002 5
    endloop
  endfacet
  facet normal 0 -1 0
    outer loop
      vertex 61.18000000000001 58.70000000000002 -4
      vertex 74 58.70000000000002 5
      vertex 61.18000000000001 58.70000000000002 5
    endloop
  endfacet
  facet normal 0 1 0
    outer loop
      vertex -61.18 59.70000000000002 -4
      vertex -74 59.70000000000002 -4
      vertex -74 59.70000000000002 5
    endloop
  endfacet
  facet normal 0 1 0
    outer loop
      vertex -61.18 59.70000000000002 -4
      vertex -74 59.70000000000002 5
      vertex -61.18 59.70000000000002 5
    endloop
  endfacet
  facet normal 0 1 0
    outer loop
      vertex -44.9 59.70000000000002 -4
      vertex -60.18 59.70000000000002 -4
      vertex -60.18 59.70000000000002 5
    endloop
  endfacet
  facet normal 0 1 0
    outer loop
      vertex -44.9 59.70000000000002 -4
      vertex -60.18 59.70000000000002 5
      vertex -44.9 59.70000000000002 5
    endloop
  endfacet
  facet normal 0 1 0
    outer loop
      vertex -30.1 59.70000000000002 -4
      vertex -43.9 59.70000000000002 -4
      vertex -43.9 59.70000000000002 5
    endloop
  endfacet
  facet normal 0 1 0
    outer loop
      vertex -30.1 59.70000000000002 -4
      vertex -43.9 59.70000000000002 5
      vertex -30.1 59.70000000000002 5
    endloop
  endfacet
  facet normal 0 1 0
    outer loop
      vertex -21.22 59.70000000000002 -4
      vertex -29.1 59.70000000000002 -4
      vertex -29.1 59.70000000000002 5
    endloop
  endfacet
  facet normal 0 1 0
    outer loop
      vertex -21.22 59.70000000000002 -4
      vertex -29.1 59.70000000000002 5
      vertex -21.22 59.70000000000002 5
    endloop
  endfacet
  facet normal 0 1 0
    outer loop
      vertex -10.86 59.70000000000002 -4
      vertex -20.22 59.70000000000002 -4
      vertex -20.22 59.70000000000002 5
    endloop
  endfacet
  facet normal 0 1 0
    outer loop
      vertex -10.86 59.70000000000002 -4
      vertex -20.22 59.70000000000002 5
      vertex -10.86 59.70000000000002 5
    endloop
  endfacet
  facet normal 0 1 0
    outer loop
      vertex 9.86 59.70000000000002 -4
      vertex -9.86 59.70000000000002 -4
      vertex -9.86 59.70000000000002 5
    endloop
  endfacet
  facet normal 0 1 0
    outer loop
      vertex 9.86 59.70000000000002 -4
      vertex -9.86 59.70000000000002 5
      vertex 9.86 59.70000000000002 5
    endloop
  endfacet
  facet normal 0 1 0
    outer loop
      vertex 20.22 59.70000000000002 -4
      vertex 10.86 59.70000000000002 -4
      vertex 10.86 59.70000000000002 5
    endloop
  endfacet
  facet normal 0 1 0
    outer loop
      vertex 20.22 59.70000000000002 -4
      vertex 10.86 59.70000000000002 5
      vertex 20.22 59.70000000000002 5
    endloop
  endfacet
  facet normal 0 1 0
    outer loop
      vertex 30.58 59.70000000000002 -4
      vertex 21.22 59.70000000000002 -4
      vertex 21.22 59.70000000000002 5
    endloop
  endfacet
  facet normal 0 1 0
    outer loop
      vertex 30.58 59.70000000000002 -4
      vertex 21.22 59.70000000000002 5
      vertex 30.58 59.70000000000002 5
    endloop
  endfacet
  facet normal 0 1 0
    outer loop
      vertex 49.81999999999999 59.70000000000002 -4
      vertex 31.58 59.70000000000002 -4
      vertex 31.58 59.70000000000002 5
    endloop
  endfacet
  facet normal 0 1 0
    outer loop
      vertex 49.81999999999999 59.70000000000002 -4
      vertex 31.58 59.70000000000002 5
      vertex 49.81999999999999 59.70000000000002 5
    endloop
  endfacet
  facet normal 0 1 0
    outer loop
      vertex 60.18000000000001 59.70000000000002 -4
      vertex 50.81999999999999 59.70000000000002 -4
      vertex 50.81999999999999 59.70000000000002 5
    endloop
  endfacet
  facet normal 0 1 0
    outer loop
      vertex 60.18000000000001 59.70000000000002 -4
      vertex 50.81999999999999 59.70000000000002 5
      vertex 60.18000000000001 59.70000000000002 5
    endloop
  endfacet
  facet normal 0 1 0
    outer loop
      vertex 74 59.70000000000002 -4
      vertex 61.18000000000001 59.70000000000002 -4
      vertex 61.18000000000001 59.70000000000002 5
    endloop
  endfacet
  facet normal 0 1 0
    outer loop
      vertex 74 59.70000000000002 -4
      vertex 61.18000000000001 59.70000000000002 5
      vertex 74 59.70000000000002 5
    endloop
  endfacet
endsolid box
