solid box
  facet normal 0 0 -1
    outer loop
      vertex -75 -75 -1
      vertex -75 -73.7 -1
      vertex -73.7 -73.7 -1
    endloop
  endfacet
  facet normal 0 0 -1
    outer loop
      vertex -75 -75 -1
      vertex -73.7 -73.7 -1
      vertex -73.7 -75 -1
    endloop
  endfacet
  facet normal 0 0 -1
    outer loop
      vertex -75 -73.7 -1
      vertex -75 -72.7 -1
      vertex -73.7 -72.7 -1
    endloop
  endfacet
  facet normal 0 0 -1
    outer loop
      vertex -75 -73.7 -1
      vertex -73.7 -72.7 -1
      vertex -73.7 -73.7 -1
    endloop
  endfacet
  facet normal 0 0 -1
    outer loop
      vertex -75 -72.7 -1
      vertex -75 -60 -1
      vertex -73.7 -60 -1
    endloop
  endfacet
  facet normal 0 0 -1
    outer loop
      vertex -75 -72.7 -1
      vertex -73.7 -60 -1
      vertex -73.7 -72.7 -1
    endloop
  endfacet
  facet normal 0 0 -1
    outer loop
      vertex -75 -60 -1
      vertex -75 -58.400000000000006 -1
      vertex -73.7 -58.400000000000006 -1
    endloop
  endfacet
  facet normal 0 0 -1
    outer loop
      vertex -75 -60 -1
      vertex -73.7 -58.400000000000006 -1
      vertex -73.7 -60 -1
    endloop
  endfacet
  facet normal 0 0 -1
    outer loop
      vertex -75 -58.400000000000006 -1
      vertex -75 -45.199999999999996 -1
      vertex -73.7 -45.199999999999996 -1
    endloop
  endfacet
  facet normal 0 0 -1
    outer loop
      vertex -75 -58.400000000000006 -1
      vertex -73.7 -45.199999999999996 -1
      vertex -73.7 -58.400000000000006 -1
    endloop
  endfacet
  facet normal 0 0 -1
    outer loop
      vertex -75 -45.199999999999996 -1
      vertex -75 -43.6 -1
      vertex -73.7 -43.6 -1
    endloop
  endfacet
  facet normal 0 0 -1
    outer loop
      vertex -75 -45.199999999999996 -1
      vertex -73.7 -43.6 -1
      vertex -73.7 -45.199999999999996 -1
    endloop
  endfacet
  facet normal 0 0 -1
    outer loop
      vertex -75 -43.6 -1
      vertex -75 -30.400000000000002 -1
      vertex -73.7 -30.400000000000002 -1
    endloop
  endfacet
  facet normal 0 0 -1
    outer loop
      vertex -75 -43.6 -1
      vertex -73.7 -30.400000000000002 -1
      vertex -73.7 -43.6 -1
    endloop
  endfacet
  facet normal 0 0 -1
    outer loop
      vertex -75 -30.400000000000002 -1
      vertex -75 -28.8 -1
      vertex -73.7 -28.8 -1
    endloop
  endfacet
  facet normal 0 0 -1
    outer loop
      vertex -75 -30.400000000000002 -1
      vertex -73.7 -28.8 -1
      vertex -73.7 -30.400000000000002 -1
    endloop
  endfacet
  facet normal 0 0 -1
    outer loop
      vertex -75 -28.8 -1
      vertex -75 -15.599999999999998 -1
      vertex -73.7 -15.599999999999998 -1
    endloop
  endfacet
  facet normal 0 0 -1
    outer loop
      vertex -75 -28.8 -1
      vertex -73.7 -15.599999999999998 -1
      vertex -73.7 -28.8 -1
    endloop
  endfacet
  facet normal 0 0 -1
    outer loop
      vertex -75 -15.599999999999998 -1
      vertex -75 -13.999999999999996 -1
      vertex -73.7 -13.999999999999996 -1
    endloop
  endfacet
  facet normal 0 0 -1
    outer loop
      vertex -75 -15.599999999999998 -1
      vertex -73.7 -13.999999999999996 -1
      vertex -73.7 -15.599999999999998 -1
    endloop
  endfacet
  facet normal 0 0 -1
    outer loop
      vertex -75 -13.999999999999996 -1
      vertex -75 -0.8 -1
      vertex -73.7 -0.8 -1
    endloop
  endfacet
  facet normal 0 0 -1
    outer loop
      vertex -75 -13.999999999999996 -1
      vertex -73.7 -0.8 -1
      vertex -73.7 -13.999999999999996 -1
    endloop
  endfacet
  facet normal 0 0 -1
    outer loop
      vertex -75 -0.8 -1
      vertex -75 0.8 -1
      vertex -73.7 0.8 -1
    endloop
  endfacet
  facet normal 0 0 -1
    outer loop
      vertex -75 -0.8 -1
      vertex -73.7 0.8 -1
      vertex -73.7 -0.8 -1
    endloop
  endfacet
  facet normal 0 0 -1
    outer loop
      vertex -75 0.8 -1
      vertex -75 13.999999999999996 -1
      vertex -73.7 13.999999999999996 -1
    endloop
  endfacet
  facet normal 0 0 -1
    outer loop
      vertex -75 0.8 -1
      vertex -73.7 13.999999999999996 -1
      vertex -73.7 0.8 -1
    endloop
  endfacet
  facet normal 0 0 -1
    outer loop
      vertex -75 13.999999999999996 -1
      vertex -75 15.599999999999998 -1
      vertex -73.7 15.599999999999998 -1
    endloop
  endfacet
  facet normal 0 0 -1
    outer loop
      vertex -75 13.999999999999996 -1
      vertex -73.7 15.599999999999998 -1
      vertex -73.7 13.999999999999996 -1
    endloop
  endfacet
  facet normal 0 0 -1
    outer loop
      vertex -75 15.599999999999998 -1
      vertex -75 28.799999999999994 -1
      vertex -73.7 28.799999999999994 -1
    endloop
  endfacet
  facet normal 0 0 -1
    outer loop
      vertex -75 15.599999999999998 -1
      vertex -73.7 28.799999999999994 -1
      vertex -73.7 15.599999999999998 -1
    endloop
  endfacet
  facet normal 0 0 -1
    outer loop
      vertex -75 28.799999999999994 -1
      vertex -75 30.399999999999995 -1
      vertex -73.7 30.399999999999995 -1
    endloop
  endfacet
  facet normal 0 0 -1
    outer loop
      vertex -75 28.799999999999994 -1
      vertex -73.7 30.399999999999995 -1
      vertex -73.7 28.799999999999994 -1
    endloop
  endfacet
  facet normal 0 0 -1
    outer loop
      vertex -75 30.399999999999995 -1
      vertex -75 43.60000000000001 -1
      vertex -73.7 43.60000000000001 -1
    endloop
  endfacet
  facet normal 0 0 -1
    outer loop
      vertex -75 30.399999999999995 -1
      vertex -73.7 43.60000000000001 -1
      vertex -73.7 30.399999999999995 -1
    endloop
  endfacet
  facet normal 0 0 -1
    outer loop
      vertex -75 43.60000000000001 -1
      vertex -75 45.2 -1
      vertex -73.7 45.2 -1
    endloop
  endfacet
  facet normal 0 0 -1
    outer loop
      vertex -75 43.60000000000001 -1
      vertex -73.7 45.2 -1
      vertex -73.7 43.60000000000001 -1
    endloop
  endfacet
  facet normal 0 0 -1
    outer loop
      vertex -75 45.2 -1
      vertex -75 58.40000000000002 -1
      vertex -73.7 58.40000000000002 -1
    endloop
  endfacet
  facet normal 0 0 -1
    outer loop
      vertex -75 45.2 -1
      vertex -73.7 58.40000000000002 -1
      vertex -73.7 45.2 -1
    endloop
  endfacet
  facet normal 0 0 -1
    outer loop
      vertex -75 58.40000000000002 -1
      vertex -75 60.000000000000014 -1
      vertex -73.7 60.000000000000014 -1
    endloop
  endfacet
  facet normal 0 0 -1
    outer loop
      vertex -75 58.40000000000002 -1
      vertex -73.7 60.000000000000014 -1
      vertex -73.7 58.40000000000002 -1
    endloop
  endfacet
  facet normal 0 0 -1
    outer loop
      vertex -75 60.000000000000014 -1
      vertex -75 72.7 -1
      vertex -73.7 72.7 -1
    endloop
  endfacet
  facet normal 0 0 -1
    outer loop
      vertex -75 60.000000000000014 -1
      vertex -73.7 72.7 -1
      vertex -73.7 60.000000000000014 -1
    endloop
  endfacet
  facet normal 0 0 -1
    outer loop
      vertex -75 72.7 -1
      vertex -75 73.7 -1
      vertex -73.7 73.7 -1
    endloop
  endfacet
  facet normal 0 0 -1
    outer loop
      vertex -75 72.7 -1
      vertex -73.7 73.7 -1
      vertex -73.7 72.7 -1
    endloop
  endfacet
  facet normal 0 0 -1
    outer loop
      vertex -75 73.7 -1
      vertex -75 75 -1
      vertex -73.7 75 -1
    endloop
  endfacet
  facet normal 0 0 -1
    outer loop
      vertex -75 73.7 -1
      vertex -73.7 75 -1
      vertex -73.7 73.7 -1
    endloop
  endfacet
  facet normal 0 0 -1
    outer loop
      vertex -73.7 -75 -1
      vertex -73.7 -73.7 -1
      vertex -72.7 -73.7 -1
    endloop
  endfacet
  facet normal 0 0 -1
    outer loop
      vertex -73.7 -75 -1
      vertex -72.7 -73.7 -1
      vertex -72.7 -75 -1
    endloop
  endfacet
  facet normal 0 0 -1
    outer loop
      vertex -73.7 -73.7 -1
      vertex -73.7 -72.7 -1
      vertex -72.7 -72.7 -1
    endloop
  endfacet
  facet normal 0 0 -1
    outer loop
      vertex -73.7 -73.7 -1
      vertex -72.7 -72.7 -1
      vertex -72.7 -73.7 -1
    endloop
  endfacet
  facet normal 0 0 -1
    outer loop
      vertex -73.7 -72.7 -1
      vertex -73.7 -60 -1
      vertex -72.7 -60 -1
    endloop
  endfacet
  facet normal 0 0 -1
    outer loop
      vertex -73.7 -72.7 -1
      vertex -72.7 -60 -1
      vertex -72.7 -72.7 -1
    endloop
  endfacet
  facet normal 0 0 -1
    outer loop
      vertex -73.7 -60 -1
      vertex -73.7 -58.400000000000006 -1
      vertex -72.7 -58.400000000000006 -1
    endloop
  endfacet
  facet normal 0 0 -1
    outer loop
      vertex -73.7 -60 -1
      vertex -72.7 -58.400000000000006 -1
      vertex -72.7 -60 -1
    endloop
  endfacet
  facet normal 0 0 -1
    outer loop
      vertex -73.7 -58.400000000000006 -1
      vertex -73.7 -45.199999999999996 -1
      vertex -72.7 -45.199999999999996 -1
    endloop
  endfacet
  facet normal 0 0 -1
    outer loop
      vertex -73.7 -58.400000000000006 -1
      vertex -72.7 -45.199999999999996 -1
      vertex -72.7 -58.400000000000006 -1
    endloop
  endfacet
  facet normal 0 0 -1
    outer loop
      vertex -73.7 -45.199999999999996 -1
      vertex -73.7 -43.6 -1
      vertex -72.7 -43.6 -1
    endloop
  endfacet
  facet normal 0 0 -1
    outer loop
      vertex -73.7 -45.199999999999996 -1
      vertex -72.7 -43.6 -1
      vertex -72.7 -45.199999999999996 -1
    endloop
  endfacet
  facet normal 0 0 -1
    outer loop
      vertex -73.7 -43.6 -1
      vertex -73.7 -30.400000000000002 -1
      vertex -72.7 -30.400000000000002 -1
    endloop
  endfacet
  facet normal 0 0 -1
    outer loop
      vertex -73.7 -43.6 -1
      vertex -72.7 -30.400000000000002 -1
      vertex -72.7 -43.6 -1
    endloop
  endfacet
  facet normal 0 0 -1
    outer loop
      vertex -73.7 -30.400000000000002 -1
      vertex -73.7 -28.8 -1
      vertex -72.7 -28.8 -1
    endloop
  endfacet
  facet normal 0 0 -1
    outer loop
      vertex -73.7 -30.400000000000002 -1
      vertex -72.7 -28.8 -1
      vertex -72.7 -30.400000000000002 -1
    endloop
  endfacet
  facet normal 0 0 -1
    outer loop
      vertex -73.7 -28.8 -1
      vertex -73.7 -15.599999999999998 -1
      vertex -72.7 -15.599999999999998 -1
    endloop
  endfacet
  facet normal 0 0 -1
    outer loop
      vertex -73.7 -28.8 -1
      vertex -72.7 -15.599999999999998 -1
      vertex -72.7 -28.8 -1
    endloop
  endfacet
  facet normal 0 0 -1
    outer loop
      vertex -73.7 -15.599999999999998 -1
      vertex -73.7 -13.999999999999996 -1
      vertex -72.7 -13.999999999999996 -1
    endloop
  endfacet
  facet normal 0 0 -1
    outer loop
      vertex -73.7 -15.599999999999998 -1
      vertex -72.7 -13.999999999999996 -1
      vertex -72.7 -15.599999999999998 -1
    endloop
  endfacet
  facet normal 0 0 -1
    outer loop
      vertex -73.7 -13.999999999999996 -1
      vertex -73.7 -0.8 -1
      vertex -72.7 -0.8 -1
    endloop
  endfacet
  facet normal 0 0 -1
    outer loop
      vertex -73.7 -13.999999999999996 -1
      vertex -72.7 -0.8 -1
      vertex -72.7 -13.999999999999996 -1
    endloop
  endfacet
  facet normal 0 0 -1
    outer loop
      vertex -73.7 -0.8 -1
      vertex -73.7 0.8 -1
      vertex -72.7 0.8 -1
    endloop
  endfacet
  facet normal 0 0 -1
    outer loop
      vertex -73.7 -0.8 -1
      vertex -72.7 0.8 -1
      vertex -72.7 -0.8 -1
    endloop
  endfacet
  facet normal 0 0 -1
    outer loop
      vertex -73.7 0.8 -1
      vertex -73.7 13.999999999999996 -1
      vertex -72.7 13.999999999999996 -1
    endloop
  endfacet
  facet normal 0 0 -1
    outer loop
      vertex -73.7 0.8 -1
      vertex -72.7 13.999999999999996 -1
      vertex -72.7 0.8 -1
    endloop
  endfacet
  facet normal 0 0 -1
    outer loop
      vertex -73.7 13.999999999999996 -1
      vertex -73.7 15.599999999999998 -1
      vertex -72.7 15.599999999999998 -1
    endloop
  endfacet
  facet normal 0 0 -1
    outer loop
      vertex -73.7 13.999999999999996 -1
      vertex -72.7 15.599999999999998 -1
      vertex -72.7 13.999999999999996 -1
    endloop
  endfacet
  facet normal 0 0 -1
    outer loop
      vertex -73.7 15.599999999999998 -1
      vertex -73.7 28.799999999999994 -1
      vertex -72.7 28.799999999999994 -1
    endloop
  endfacet
  facet normal 0 0 -1
    outer loop
      vertex -73.7 15.599999999999998 -1
      vertex -72.7 28.799999999999994 -1
      vertex -72.7 15.599999999999998 -1
    endloop
  endfacet
  facet normal 0 0 -1
    outer loop
      vertex -73.7 28.799999999999994 -1
      vertex -73.7 30.399999999999995 -1
      vertex -72.7 30.399999999999995 -1
    endloop
  endfacet
  facet normal 0 0 -1
    outer loop
      vertex -73.7 28.799999999999994 -1
      vertex -72.7 30.399999999999995 -1
      vertex -72.7 28.799999999999994 -1
    endloop
  endfacet
  facet normal 0 0 -1
    outer loop
      vertex -73.7 30.399999999999995 -1
      vertex -73.7 43.60000000000001 -1
      vertex -72.7 43.60000000000001 -1
    endloop
  endfacet
  facet normal 0 0 -1
    outer loop
      vertex -73.7 30.399999999999995 -1
      vertex -72.7 43.60000000000001 -1
      vertex -72.7 30.399999999999995 -1
    endloop
  endfacet
  facet normal 0 0 -1
    outer loop
      vertex -73.7 43.60000000000001 -1
      vertex -73.7 45.2 -1
      vertex -72.7 45.2 -1
    endloop
  endfacet
  facet normal 0 0 -1
    outer loop
      vertex -73.7 43.60000000000001 -1
      vertex -72.7 45.2 -1
      vertex -72.7 43.60000000000001 -1
    endloop
  endfacet
  facet normal 0 0 -1
    outer loop
      vertex -73.7 45.2 -1
      vertex -73.7 58.40000000000002 -1
      vertex -72.7 58.40000000000002 -1
    endloop
  endfacet
  facet normal 0 0 -1
    outer loop
      vertex -73.7 45.2 -1
      vertex -72.7 58.40000000000002 -1
      vertex -72.7 45.2 -1
    endloop
  endfacet
  facet normal 0 0 -1
    outer loop
      vertex -73.7 58.40000000000002 -1
      vertex -73.7 60.000000000000014 -1
      vertex -72.7 60.000000000000014 -1
    endloop
  endfacet
  facet normal 0 0 -1
    outer loop
      vertex -73.7 58.40000000000002 -1
      vertex -72.7 60.000000000000014 -1
      vertex -72.7 58.40000000000002 -1
    endloop
  endfacet
  facet normal 0 0 -1
    outer loop
      vertex -73.7 60.000000000000014 -1
      vertex -73.7 72.7 -1
      vertex -72.7 72.7 -1
    endloop
  endfacet
  facet normal 0 0 -1
    outer loop
      vertex -73.7 60.000000000000014 -1
      vertex -72.7 72.7 -1
      vertex -72.7 60.000000000000014 -1
    endloop
  endfacet
  facet normal 0 0 -1
    outer loop
      vertex -73.7 72.7 -1
      vertex -73.7 73.7 -1
      vertex -72.7 73.7 -1
    endloop
  endfacet
  facet normal 0 0 -1
    outer loop
      vertex -73.7 72.7 -1
      vertex -72.7 73.7 -1
      vertex -72.7 72.7 -1
    endloop
  endfacet
  facet normal 0 0 -1
    outer loop
      vertex -73.7 73.7 -1
      vertex -73.7 75 -1
      vertex -72.7 75 -1
    endloop
  endfacet
  facet normal 0 0 -1
    outer loop
      vertex -73.7 73.7 -1
      vertex -72.7 75 -1
      vertex -72.7 73.7 -1
    endloop
  endfacet
  facet normal 0 0 -1
    outer loop
      vertex -72.7 -75 -1
      vertex -72.7 -73.7 -1
      vertex -61.480000000000004 -73.7 -1
    endloop
  endfacet
  facet normal 0 0 -1
    outer loop
      vertex -72.7 -75 -1
      vertex -61.480000000000004 -73.7 -1
      vertex -61.480000000000004 -75 -1
    endloop
  endfacet
  facet normal 0 0 -1
    outer loop
      vertex -72.7 -73.7 -1
      vertex -72.7 -72.7 -1
      vertex -61.480000000000004 -72.7 -1
    endloop
  endfacet
  facet normal 0 0 -1
    outer loop
      vertex -72.7 -73.7 -1
      vertex -61.480000000000004 -72.7 -1
      vertex -61.480000000000004 -73.7 -1
    endloop
  endfacet
  facet normal 0 0 -1
    outer loop
      vertex -72.7 -72.7 -1
      vertex -72.7 -60 -1
      vertex -61.480000000000004 -60 -1
    endloop
  endfacet
  facet normal 0 0 -1
    outer loop
      vertex -72.7 -72.7 -1
      vertex -61.480000000000004 -60 -1
      vertex -61.480000000000004 -72.7 -1
    endloop
  endfacet
  facet normal 0 0 -1
    outer loop
      vertex -72.7 -60 -1
      vertex -72.7 -58.400000000000006 -1
      vertex -61.480000000000004 -58.400000000000006 -1
    endloop
  endfacet
  facet normal 0 0 -1
    outer loop
      vertex -72.7 -60 -1
      vertex -61.480000000000004 -58.400000000000006 -1
      vertex -61.480000000000004 -60 -1
    endloop
  endfacet
  facet normal 0 0 -1
    outer loop
      vertex -72.7 -58.400000000000006 -1
      vertex -72.7 -45.199999999999996 -1
      vertex -61.480000000000004 -45.199999999999996 -1
    endloop
  endfacet
  facet normal 0 0 -1
    outer loop
      vertex -72.7 -58.400000000000006 -1
      vertex -61.480000000000004 -45.199999999999996 -1
      vertex -61.480000000000004 -58.400000000000006 -1
    endloop
  endfacet
  facet normal 0 0 -1
    outer loop
      vertex -72.7 -45.199999999999996 -1
      vertex -72.7 -43.6 -1
      vertex -61.480000000000004 -43.6 -1
    endloop
  endfacet
  facet normal 0 0 -1
    outer loop
      vertex -72.7 -45.199999999999996 -1
      vertex -61.480000000000004 -43.6 -1
      vertex -61.480000000000004 -45.199999999999996 -1
    endloop
  endfacet
  facet normal 0 0 -1
    outer loop
      vertex -72.7 -43.6 -1
      vertex -72.7 -30.400000000000002 -1
      vertex -61.480000000000004 -30.400000000000002 -1
    endloop
  endfacet
  facet normal 0 0 -1
    outer loop
      vertex -72.7 -43.6 -1
      vertex -61.480000000000004 -30.400000000000002 -1
      vertex -61.480000000000004 -43.6 -1
    endloop
  endfacet
  facet normal 0 0 -1
    outer loop
      vertex -72.7 -30.400000000000002 -1
      vertex -72.7 -28.8 -1
      vertex -61.480000000000004 -28.8 -1
    endloop
  endfacet
  facet normal 0 0 -1
    outer loop
      vertex -72.7 -30.400000000000002 -1
      vertex -61.480000000000004 -28.8 -1
      vertex -61.480000000000004 -30.400000000000002 -1
    endloop
  endfacet
  facet normal 0 0 -1
    outer loop
      vertex -72.7 -28.8 -1
      vertex -72.7 -15.599999999999998 -1
      vertex -61.480000000000004 -15.599999999999998 -1
    endloop
  endfacet
  facet normal 0 0 -1
    outer loop
      vertex -72.7 -28.8 -1
      vertex -61.480000000000004 -15.599999999999998 -1
      vertex -61.480000000000004 -28.8 -1
    endloop
  endfacet
  facet normal 0 0 -1
    outer loop
      vertex -72.7 -15.599999999999998 -1
      vertex -72.7 -13.999999999999996 -1
      vertex -61.480000000000004 -13.999999999999996 -1
    endloop
  endfacet
  facet normal 0 0 -1
    outer loop
      vertex -72.7 -15.599999999999998 -1
      vertex -61.480000000000004 -13.999999999999996 -1
      vertex -61.480000000000004 -15.599999999999998 -1
    endloop
  endfacet
  facet normal 0 0 -1
    outer loop
      vertex -72.7 -13.999999999999996 -1
      vertex -72.7 -0.8 -1
      vertex -61.480000000000004 -0.8 -1
    endloop
  endfacet
  facet normal 0 0 -1
    outer loop
      vertex -72.7 -13.999999999999996 -1
      vertex -61.480000000000004 -0.8 -1
      vertex -61.480000000000004 -13.999999999999996 -1
    endloop
  endfacet
  facet normal 0 0 -1
    outer loop
      vertex -72.7 -0.8 -1
      vertex -72.7 0.8 -1
      vertex -61.480000000000004 0.8 -1
    endloop
  endfacet
  facet normal 0 0 -1
    outer loop
      vertex -72.7 -0.8 -1
      vertex -61.480000000000004 0.8 -1
      vertex -61.480000000000004 -0.8 -1
    endloop
  endfacet
  facet normal 0 0 -1
    outer loop
      vertex -72.7 0.8 -1
      vertex -72.7 13.999999999999996 -1
      vertex -61.480000000000004 13.999999999999996 -1
    endloop
  endfacet
  facet normal 0 0 -1
    outer loop
      vertex -72.7 0.8 -1
      vertex -61.480000000000004 13.999999999999996 -1
      vertex -61.480000000000004 0.8 -1
    endloop
  endfacet
  facet normal 0 0 -1
    outer loop
      vertex -72.7 13.999999999999996 -1
      vertex -72.7 15.599999999999998 -1
      vertex -61.480000000000004 15.599999999999998 -1
    endloop
  endfacet
  facet normal 0 0 -1
    outer loop
      vertex -72.7 13.999999999999996 -1
      vertex -61.480000000000004 15.599999999999998 -1
      vertex -61.480000000000004 13.999999999999996 -1
    endloop
  endfacet
  facet normal 0 0 -1
    outer loop
      vertex -72.7 15.599999999999998 -1
      vertex -72.7 28.799999999999994 -1
      vertex -61.480000000000004 28.799999999999994 -1
    endloop
  endfacet
  facet normal 0 0 -1
    outer loop
      vertex -72.7 15.599999999999998 -1
      vertex -61.480000000000004 28.799999999999994 -1
      vertex -61.480000000000004 15.599999999999998 -1
    endloop
  endfacet
  facet normal 0 0 -1
    outer loop
      vertex -72.7 28.799999999999994 -1
      vertex -72.7 30.399999999999995 -1
      vertex -61.480000000000004 30.399999999999995 -1
    endloop
  endfacet
  facet normal 0 0 -1
    outer loop
      vertex -72.7 28.799999999999994 -1
      vertex -61.480000000000004 30.399999999999995 -1
      vertex -61.480000000000004 28.799999999999994 -1
    endloop
  endfacet
  facet normal 0 0 -1
    outer loop
      vertex -72.7 30.399999999999995 -1
      vertex -72.7 43.60000000000001 -1
      vertex -61.480000000000004 43.60000000000001 -1
    endloop
  endfacet
  facet normal 0 0 -1
    outer loop
      vertex -72.7 30.399999999999995 -1
      vertex -61.480000000000004 43.60000000000001 -1
      vertex -61.480000000000004 30.399999999999995 -1
    endloop
  endfacet
  facet normal 0 0 -1
    outer loop
      vertex -72.7 43.60000000000001 -1
      vertex -72.7 45.2 -1
      vertex -61.480000000000004 45.2 -1
    endloop
  endfacet
  facet normal 0 0 -1
    outer loop
      vertex -72.7 43.60000000000001 -1
      vertex -61.480000000000004 45.2 -1
      vertex -61.480000000000004 43.60000000000001 -1
    endloop
  endfacet
  facet normal 0 0 -1
    outer loop
      vertex -72.7 45.2 -1
      vertex -72.7 58.40000000000002 -1
      vertex -61.480000000000004 58.40000000000002 -1
    endloop
  endfacet
  facet normal 0 0 -1
    outer loop
      vertex -72.7 45.2 -1
      vertex -61.480000000000004 58.40000000000002 -1
      vertex -61.480000000000004 45.2 -1
    endloop
  endfacet
  facet normal 0 0 -1
    outer loop
      vertex -72.7 58.40000000000002 -1
      vertex -72.7 60.000000000000014 -1
      vertex -61.480000000000004 60.000000000000014 -1
    endloop
  endfacet
  facet normal 0 0 -1
    outer loop
      vertex -72.7 58.40000000000002 -1
      vertex -61.480000000000004 60.000000000000014 -1
      vertex -61.480000000000004 58.40000000000002 -1
    endloop
  endfacet
  facet normal 0 0 -1
    outer loop
      vertex -72.7 60.000000000000014 -1
      vertex -72.7 72.7 -1
      vertex -61.480000000000004 72.7 -1
    endloop
  endfacet
  facet normal 0 0 -1
    outer loop
      vertex -72.7 60.000000000000014 -1
      vertex -61.480000000000004 72.7 -1
      vertex -61.480000000000004 60.000000000000014 -1
    endloop
  endfacet
  facet normal 0 0 -1
    outer loop
      vertex -72.7 72.7 -1
      vertex -72.7 73.7 -1
      vertex -61.480000000000004 73.7 -1
    endloop
  endfacet
  facet normal 0 0 -1
    outer loop
      vertex -72.7 72.7 -1
      vertex -61.480000000000004 73.7 -1
      vertex -61.480000000000004 72.7 -1
    endloop
  endfacet
  facet normal 0 0 -1
    outer loop
      vertex -72.7 73.7 -1
      vertex -72.7 75 -1
      vertex -61.480000000000004 75 -1
    endloop
  endfacet
  facet normal 0 0 -1
    outer loop
      vertex -72.7 73.7 -1
      vertex -61.480000000000004 75 -1
      vertex -61.480000000000004 73.7 -1
    endloop
  endfacet
  facet normal 0 0 -1
    outer loop
      vertex -61.480000000000004 -75 -1
      vertex -61.480000000000004 -73.7 -1
      vertex -59.88000000000001 -73.7 -1
    endloop
  endfacet
  facet normal 0 0 -1
    outer loop
      vertex -61.480000000000004 -75 -1
      vertex -59.88000000000001 -73.7 -1
      vertex -59.88000000000001 -75 -1
    endloop
  endfacet
  facet normal 0 0 -1
    outer loop
      vertex -61.480000000000004 -73.7 -1
      vertex -61.480000000000004 -72.7 -1
      vertex -59.88000000000001 -72.7 -1
    endloop
  endfacet
  facet normal 0 0 -1
    outer loop
      vertex -61.480000000000004 -73.7 -1
      vertex -59.88000000000001 -72.7 -1
      vertex -59.88000000000001 -73.7 -1
    endloop
  endfacet
  facet normal 0 0 -1
    outer loop
      vertex -61.480000000000004 -72.7 -1
      vertex -61.480000000000004 -60 -1
      vertex -59.88000000000001 -60 -1
    endloop
  endfacet
  facet normal 0 0 -1
    outer loop
      vertex -61.480000000000004 -72.7 -1
      vertex -59.88000000000001 -60 -1
      vertex -59.88000000000001 -72.7 -1
    endloop
  endfacet
  facet normal 0 0 -1
    outer loop
      vertex -61.480000000000004 -60 -1
      vertex -61.480000000000004 -58.400000000000006 -1
      vertex -59.88000000000001 -58.400000000000006 -1
    endloop
  endfacet
  facet normal 0 0 -1
    outer loop
      vertex -61.480000000000004 -60 -1
      vertex -59.88000000000001 -58.400000000000006 -1
      vertex -59.88000000000001 -60 -1
    endloop
  endfacet
  facet normal 0 0 -1
    outer loop
      vertex -61.480000000000004 -58.400000000000006 -1
      vertex -61.480000000000004 -45.199999999999996 -1
      vertex -59.88000000000001 -45.199999999999996 -1
    endloop
  endfacet
  facet normal 0 0 -1
    outer loop
      vertex -61.480000000000004 -58.400000000000006 -1
      vertex -59.88000000000001 -45.199999999999996 -1
      vertex -59.88000000000001 -58.400000000000006 -1
    endloop
  endfacet
  facet normal 0 0 -1
    outer loop
      vertex -61.480000000000004 -45.199999999999996 -1
      vertex -61.480000000000004 -43.6 -1
      vertex -59.88000000000001 -43.6 -1
    endloop
  endfacet
  facet normal 0 0 -1
    outer loop
      vertex -61.480000000000004 -45.199999999999996 -1
      vertex -59.88000000000001 -43.6 -1
      vertex -59.88000000000001 -45.199999999999996 -1
    endloop
  endfacet
  facet normal 0 0 -1
    outer loop
      vertex -61.480000000000004 -43.6 -1
      vertex -61.480000000000004 -30.400000000000002 -1
      vertex -59.88000000000001 -30.400000000000002 -1
    endloop
  endfacet
  facet normal 0 0 -1
    outer loop
      vertex -61.480000000000004 -43.6 -1
      vertex -59.88000000000001 -30.400000000000002 -1
      vertex -59.88000000000001 -43.6 -1
    endloop
  endfacet
  facet normal 0 0 -1
    outer loop
      vertex -61.480000000000004 -30.400000000000002 -1
      vertex -61.480000000000004 -28.8 -1
      vertex -59.88000000000001 -28.8 -1
    endloop
  endfacet
  facet normal 0 0 -1
    outer loop
      vertex -61.480000000000004 -30.400000000000002 -1
      vertex -59.88000000000001 -28.8 -1
      vertex -59.88000000000001 -30.400000000000002 -1
    endloop
  endfacet
  facet normal 0 0 -1
    outer loop
      vertex -61.480000000000004 -28.8 -1
      vertex -61.480000000000004 -15.599999999999998 -1
      vertex -59.88000000000001 -15.599999999999998 -1
    endloop
  endfacet
  facet normal 0 0 -1
    outer loop
      vertex -61.480000000000004 -28.8 -1
      vertex -59.88000000000001 -15.599999999999998 -1
      vertex -59.88000000000001 -28.8 -1
    endloop
  endfacet
  facet normal 0 0 -1
    outer loop
      vertex -61.480000000000004 -15.599999999999998 -1
      vertex -61.480000000000004 -13.999999999999996 -1
      vertex -59.88000000000001 -13.999999999999996 -1
    endloop
  endfacet
  facet normal 0 0 -1
    outer loop
      vertex -61.480000000000004 -15.599999999999998 -1
      vertex -59.88000000000001 -13.999999999999996 -1
      vertex -59.88000000000001 -15.599999999999998 -1
    endloop
  endfacet
  facet normal 0 0 -1
    outer loop
      vertex -61.480000000000004 -13.999999999999996 -1
      vertex -61.480000000000004 -0.8 -1
      vertex -59.88000000000001 -0.8 -1
    endloop
  endfacet
  facet normal 0 0 -1
    outer loop
      vertex -61.480000000000004 -13.999999999999996 -1
      vertex -59.88000000000001 -0.8 -1
      vertex -59.88000000000001 -13.999999999999996 -1
    endloop
  endfacet
  facet normal 0 0 -1
    outer loop
      vertex -61.480000000000004 -0.8 -1
      vertex -61.480000000000004 0.8 -1
      vertex -59.88000000000001 0.8 -1
    endloop
  endfacet
  facet normal 0 0 -1
    outer loop
      vertex -61.480000000000004 -0.8 -1
      vertex -59.88000000000001 0.8 -1
      vertex -59.88000000000001 -0.8 -1
    endloop
  endfacet
  facet normal 0 0 -1
    outer loop
      vertex -61.480000000000004 0.8 -1
      vertex -61.480000000000004 13.999999999999996 -1
      vertex -59.88000000000001 13.999999999999996 -1
    endloop
  endfacet
  facet normal 0 0 -1
    outer loop
      vertex -61.480000000000004 0.8 -1
      vertex -59.88000000000001 13.999999999999996 -1
      vertex -59.88000000000001 0.8 -1
    endloop
  endfacet
  facet normal 0 0 -1
    outer loop
      vertex -61.480000000000004 13.999999999999996 -1
      vertex -61.480000000000004 15.599999999999998 -1
      vertex -59.88000000000001 15.599999999999998 -1
    endloop
  endfacet
  facet normal 0 0 -1
    outer loop
      vertex -61.480000000000004 13.999999999999996 -1
      vertex -59.88000000000001 15.599999999999998 -1
      vertex -59.88000000000001 13.999999999999996 -1
    endloop
  endfacet
  facet normal 0 0 -1
    outer loop
      vertex -61.480000000000004 15.599999999999998 -1
      vertex -61.480000000000004 28.799999999999994 -1
      vertex -59.88000000000001 28.799999999999994 -1
    endloop
  endfacet
  facet normal 0 0 -1
    outer loop
      vertex -61.480000000000004 15.599999999999998 -1
      vertex -59.88000000000001 28.799999999999994 -1
      vertex -59.88000000000001 15.599999999999998 -1
    endloop
  endfacet
  facet normal 0 0 -1
    outer loop
      vertex -61.480000000000004 28.799999999999994 -1
      vertex -61.480000000000004 30.399999999999995 -1
      vertex -59.88000000000001 30.399999999999995 -1
    endloop
  endfacet
  facet normal 0 0 -1
    outer loop
      vertex -61.480000000000004 28.799999999999994 -1
      vertex -59.88000000000001 30.399999999999995 -1
      vertex -59.88000000000001 28.799999999999994 -1
    endloop
  endfacet
  facet normal 0 0 -1
    outer loop
      vertex -61.480000000000004 30.399999999999995 -1
      vertex -61.480000000000004 43.60000000000001 -1
      vertex -59.88000000000001 43.60000000000001 -1
    endloop
  endfacet
  facet normal 0 0 -1
    outer loop
      vertex -61.480000000000004 30.399999999999995 -1
      vertex -59.88000000000001 43.60000000000001 -1
      vertex -59.88000000000001 30.399999999999995 -1
    endloop
  endfacet
  facet normal 0 0 -1
    outer loop
      vertex -61.480000000000004 43.60000000000001 -1
      vertex -61.480000000000004 45.2 -1
      vertex -59.88000000000001 45.2 -1
    endloop
  endfacet
  facet normal 0 0 -1
    outer loop
      vertex -61.480000000000004 43.60000000000001 -1
      vertex -59.88000000000001 45.2 -1
      vertex -59.88000000000001 43.60000000000001 -1
    endloop
  endfacet
  facet normal 0 0 -1
    outer loop
      vertex -61.480000000000004 45.2 -1
      vertex -61.480000000000004 58.40000000000002 -1
      vertex -59.88000000000001 58.40000000000002 -1
    endloop
  endfacet
  facet normal 0 0 -1
    outer loop
      vertex -61.480000000000004 45.2 -1
      vertex -59.88000000000001 58.40000000000002 -1
      vertex -59.88000000000001 45.2 -1
    endloop
  endfacet
  facet normal 0 0 -1
    outer loop
      vertex -61.480000000000004 58.40000000000002 -1
      vertex -61.480000000000004 60.000000000000014 -1
      vertex -59.88000000000001 60.000000000000014 -1
    endloop
  endfacet
  facet normal 0 0 -1
    outer loop
      vertex -61.480000000000004 58.40000000000002 -1
      vertex -59.88000000000001 60.000000000000014 -1
      vertex -59.88000000000001 58.40000000000002 -1
    endloop
  endfacet
  facet normal 0 0 -1
    outer loop
      vertex -61.480000000000004 60.000000000000014 -1
      vertex -61.480000000000004 72.7 -1
      vertex -59.88000000000001 72.7 -1
    endloop
  endfacet
  facet normal 0 0 -1
    outer loop
      vertex -61.480000000000004 60.000000000000014 -1
      vertex -59.88000000000001 72.7 -1
      vertex -59.88000000000001 60.000000000000014 -1
    endloop
  endfacet
  facet normal 0 0 -1
    outer loop
      vertex -61.480000000000004 72.7 -1
      vertex -61.480000000000004 73.7 -1
      vertex -59.88000000000001 73.7 -1
    endloop
  endfacet
  facet normal 0 0 -1
    outer loop
      vertex -61.480000000000004 72.7 -1
      vertex -59.88000000000001 73.7 -1
      vertex -59.88000000000001 72.7 -1
    endloop
  endfacet
  facet normal 0 0 -1
    outer loop
      vertex -61.480000000000004 73.7 -1
      vertex -61.480000000000004 75 -1
      vertex -59.88000000000001 75 -1
    endloop
  endfacet
  facet normal 0 0 -1
    outer loop
      vertex -61.480000000000004 73.7 -1
      vertex -59.88000000000001 75 -1
      vertex -59.88000000000001 73.7 -1
    endloop
  endfacet
  facet normal 0 0 -1
    outer loop
      vertex -59.88000000000001 -75 -1
      vertex -59.88000000000001 -73.7 -1
      vertex -51.11999999999999 -73.7 -1
    endloop
  endfacet
  facet normal 0 0 -1
    outer loop
      vertex -59.88000000000001 -75 -1
      vertex -51.11999999999999 -73.7 -1
      vertex -51.11999999999999 -75 -1
    endloop
  endfacet
  facet normal 0 0 -1
    outer loop
      vertex -59.88000000000001 -73.7 -1
      vertex -59.88000000000001 -72.7 -1
      vertex -51.11999999999999 -72.7 -1
    endloop
  endfacet
  facet normal 0 0 -1
    outer loop
      vertex -59.88000000000001 -73.7 -1
      vertex -51.11999999999999 -72.7 -1
      vertex -51.11999999999999 -73.7 -1
    endloop
  endfacet
  facet normal 0 0 -1
    outer loop
      vertex -59.88000000000001 -72.7 -1
      vertex -59.88000000000001 -60 -1
      vertex -51.11999999999999 -60 -1
    endloop
  endfacet
  facet normal 0 0 -1
    outer loop
      vertex -59.88000000000001 -72.7 -1
      vertex -51.11999999999999 -60 -1
      vertex -51.11999999999999 -72.7 -1
    endloop
  endfacet
  facet normal 0 0 -1
    outer loop
      vertex -59.88000000000001 -60 -1
      vertex -59.88000000000001 -58.400000000000006 -1
      vertex -51.11999999999999 -58.400000000000006 -1
    endloop
  endfacet
  facet normal 0 0 -1
    outer loop
      vertex -59.88000000000001 -60 -1
      vertex -51.11999999999999 -58.400000000000006 -1
      vertex -51.11999999999999 -60 -1
    endloop
  endfacet
  facet normal 0 0 -1
    outer loop
      vertex -59.88000000000001 -58.400000000000006 -1
      vertex -59.88000000000001 -45.199999999999996 -1
      vertex -51.11999999999999 -45.199999999999996 -1
    endloop
  endfacet
  facet normal 0 0 -1
    outer loop
      vertex -59.88000000000001 -58.400000000000006 -1
      vertex -51.11999999999999 -45.199999999999996 -1
      vertex -51.11999999999999 -58.400000000000006 -1
    endloop
  endfacet
  facet normal 0 0 -1
    outer loop
      vertex -59.88000000000001 -45.199999999999996 -1
      vertex -59.88000000000001 -43.6 -1
      vertex -51.11999999999999 -43.6 -1
    endloop
  endfacet
  facet normal 0 0 -1
    outer loop
      vertex -59.88000000000001 -45.199999999999996 -1
      vertex -51.11999999999999 -43.6 -1
      vertex -51.11999999999999 -45.199999999999996 -1
    endloop
  endfacet
  facet normal 0 0 -1
    outer loop
      vertex -59.88000000000001 -43.6 -1
      vertex -59.88000000000001 -30.400000000000002 -1
      vertex -51.11999999999999 -30.400000000000002 -1
    endloop
  endfacet
  facet normal 0 0 -1
    outer loop
      vertex -59.88000000000001 -43.6 -1
      vertex -51.11999999999999 -30.400000000000002 -1
      vertex -51.11999999999999 -43.6 -1
    endloop
  endfacet
  facet normal 0 0 -1
    outer loop
      vertex -59.88000000000001 -30.400000000000002 -1
      vertex -59.88000000000001 -28.8 -1
      vertex -51.11999999999999 -28.8 -1
    endloop
  endfacet
  facet normal 0 0 -1
    outer loop
      vertex -59.88000000000001 -30.400000000000002 -1
      vertex -51.11999999999999 -28.8 -1
      vertex -51.11999999999999 -30.400000000000002 -1
    endloop
  endfacet
  facet normal 0 0 -1
    outer loop
      vertex -59.88000000000001 -28.8 -1
      vertex -59.88000000000001 -15.599999999999998 -1
      vertex -51.11999999999999 -15.599999999999998 -1
    endloop
  endfacet
  facet normal 0 0 -1
    outer loop
      vertex -59.88000000000001 -28.8 -1
      vertex -51.11999999999999 -15.599999999999998 -1
      vertex -51.11999999999999 -28.8 -1
    endloop
  endfacet
  facet normal 0 0 -1
    outer loop
      vertex -59.88000000000001 -15.599999999999998 -1
      vertex -59.88000000000001 -13.999999999999996 -1
      vertex -51.11999999999999 -13.999999999999996 -1
    endloop
  endfacet
  facet normal 0 0 -1
    outer loop
      vertex -59.88000000000001 -15.599999999999998 -1
      vertex -51.11999999999999 -13.999999999999996 -1
      vertex -51.11999999999999 -15.599999999999998 -1
    endloop
  endfacet
  facet normal 0 0 -1
    outer loop
      vertex -59.88000000000001 -13.999999999999996 -1
      vertex -59.88000000000001 -0.8 -1
      vertex -51.11999999999999 -0.8 -1
    endloop
  endfacet
  facet normal 0 0 -1
    outer loop
      vertex -59.88000000000001 -13.999999999999996 -1
      vertex -51.11999999999999 -0.8 -1
      vertex -51.11999999999999 -13.999999999999996 -1
    endloop
  endfacet
  facet normal 0 0 -1
    outer loop
      vertex -59.88000000000001 -0.8 -1
      vertex -59.88000000000001 0.8 -1
      vertex -51.11999999999999 0.8 -1
    endloop
  endfacet
  facet normal 0 0 -1
    outer loop
      vertex -59.88000000000001 -0.8 -1
      vertex -51.11999999999999 0.8 -1
      vertex -51.11999999999999 -0.8 -1
    endloop
  endfacet
  facet normal 0 0 -1
    outer loop
      vertex -59.88000000000001 0.8 -1
      vertex -59.88000000000001 13.999999999999996 -1
      vertex -51.11999999999999 13.999999999999996 -1
    endloop
  endfacet
  facet normal 0 0 -1
    outer loop
      vertex -59.88000000000001 0.8 -1
      vertex -51.11999999999999 13.999999999999996 -1
      vertex -51.11999999999999 0.8 -1
    endloop
  endfacet
  facet normal 0 0 -1
    outer loop
      vertex -59.88000000000001 13.999999999999996 -1
      vertex -59.88000000000001 15.599999999999998 -1
      vertex -51.11999999999999 15.599999999999998 -1
    endloop
  endfacet
  facet normal 0 0 -1
    outer loop
      vertex -59.88000000000001 13.999999999999996 -1
      vertex -51.11999999999999 15.599999999999998 -1
      vertex -51.11999999999999 13.999999999999996 -1
    endloop
  endfacet
  facet normal 0 0 -1
    outer loop
      vertex -59.88000000000001 15.599999999999998 -1
      vertex -59.88000000000001 28.799999999999994 -1
      vertex -51.11999999999999 28.799999999999994 -1
    endloop
  endfacet
  facet normal 0 0 -1
    outer loop
      vertex -59.88000000000001 15.599999999999998 -1
      vertex -51.11999999999999 28.799999999999994 -1
      vertex -51.11999999999999 15.599999999999998 -1
    endloop
  endfacet
  facet normal 0 0 -1
    outer loop
      vertex -59.88000000000001 28.799999999999994 -1
      vertex -59.88000000000001 30.399999999999995 -1
      vertex -51.11999999999999 30.399999999999995 -1
    endloop
  endfacet
  facet normal 0 0 -1
    outer loop
      vertex -59.88000000000001 28.799999999999994 -1
      vertex -51.11999999999999 30.399999999999995 -1
      vertex -51.11999999999999 28.799999999999994 -1
    endloop
  endfacet
  facet normal 0 0 -1
    outer loop
      vertex -59.88000000000001 30.399999999999995 -1
      vertex -59.88000000000001 43.60000000000001 -1
      vertex -51.11999999999999 43.60000000000001 -1
    endloop
  endfacet
  facet normal 0 0 -1
    outer loop
      vertex -59.88000000000001 30.399999999999995 -1
      vertex -51.11999999999999 43.60000000000001 -1
      vertex -51.11999999999999 30.399999999999995 -1
    endloop
  endfacet
  facet normal 0 0 -1
    outer loop
      vertex -59.88000000000001 43.60000000000001 -1
      vertex -59.88000000000001 45.2 -1
      vertex -51.11999999999999 45.2 -1
    endloop
  endfacet
  facet normal 0 0 -1
    outer loop
      vertex -59.88000000000001 43.60000000000001 -1
      vertex -51.11999999999999 45.2 -1
      vertex -51.11999999999999 43.60000000000001 -1
    endloop
  endfacet
  facet normal 0 0 -1
    outer loop
      vertex -59.88000000000001 45.2 -1
      vertex -59.88000000000001 58.40000000000002 -1
      vertex -51.11999999999999 58.40000000000002 -1
    endloop
  endfacet
  facet normal 0 0 -1
    outer loop
      vertex -59.88000000000001 45.2 -1
      vertex -51.11999999999999 58.40000000000002 -1
      vertex -51.11999999999999 45.2 -1
    endloop
  endfacet
  facet normal 0 0 -1
    outer loop
      vertex -59.88000000000001 58.40000000000002 -1
      vertex -59.88000000000001 60.000000000000014 -1
      vertex -51.11999999999999 60.000000000000014 -1
    endloop
  endfacet
  facet normal 0 0 -1
    outer loop
      vertex -59.88000000000001 58.40000000000002 -1
      vertex -51.11999999999999 60.000000000000014 -1
      vertex -51.11999999999999 58.40000000000002 -1
    endloop
  endfacet
  facet normal 0 0 -1
    outer loop
      vertex -59.88000000000001 60.000000000000014 -1
      vertex -59.88000000000001 72.7 -1
      vertex -51.11999999999999 72.7 -1
    endloop
  endfacet
  facet normal 0 0 -1
    outer loop
      vertex -59.88000000000001 60.000000000000014 -1
      vertex -51.11999999999999 72.7 -1
      vertex -51.11999999999999 60.000000000000014 -1
    endloop
  endfacet
  facet normal 0 0 -1
    outer loop
      vertex -59.88000000000001 72.7 -1
      vertex -59.88000000000001 73.7 -1
      vertex -51.11999999999999 73.7 -1
    endloop
  endfacet
  facet normal 0 0 -1
    outer loop
      vertex -59.88000000000001 72.7 -1
      vertex -51.11999999999999 73.7 -1
      vertex -51.11999999999999 72.7 -1
    endloop
  endfacet
  facet normal 0 0 -1
    outer loop
      vertex -59.88000000000001 73.7 -1
      vertex -59.88000000000001 75 -1
      vertex -51.11999999999999 75 -1
    endloop
  endfacet
  facet normal 0 0 -1
    outer loop
      vertex -59.88000000000001 73.7 -1
      vertex -51.11999999999999 75 -1
      vertex -51.11999999999999 73.7 -1
    endloop
  endfacet
  facet normal 0 0 -1
    outer loop
      vertex -51.11999999999999 -75 -1
      vertex -51.11999999999999 -73.7 -1
      vertex -49.519999999999996 -73.7 -1
    endloop
  endfacet
  facet normal 0 0 -1
    outer loop
      vertex -51.11999999999999 -75 -1
      vertex -49.519999999999996 -73.7 -1
      vertex -49.519999999999996 -75 -1
    endloop
  endfacet
  facet normal 0 0 -1
    outer loop
      vertex -51.11999999999999 -73.7 -1
      vertex -51.11999999999999 -72.7 -1
      vertex -49.519999999999996 -72.7 -1
    endloop
  endfacet
  facet normal 0 0 -1
    outer loop
      vertex -51.11999999999999 -73.7 -1
      vertex -49.519999999999996 -72.7 -1
      vertex -49.519999999999996 -73.7 -1
    endloop
  endfacet
  facet normal 0 0 -1
    outer loop
      vertex -51.11999999999999 -72.7 -1
      vertex -51.11999999999999 -60 -1
      vertex -49.519999999999996 -60 -1
    endloop
  endfacet
  facet normal 0 0 -1
    outer loop
      vertex -51.11999999999999 -72.7 -1
      vertex -49.519999999999996 -60 -1
      vertex -49.519999999999996 -72.7 -1
    endloop
  endfacet
  facet normal 0 0 -1
    outer loop
      vertex -51.11999999999999 -60 -1
      vertex -51.11999999999999 -58.400000000000006 -1
      vertex -49.519999999999996 -58.400000000000006 -1
    endloop
  endfacet
  facet normal 0 0 -1
    outer loop
      vertex -51.11999999999999 -60 -1
      vertex -49.519999999999996 -58.400000000000006 -1
      vertex -49.519999999999996 -60 -1
    endloop
  endfacet
  facet normal 0 0 -1
    outer loop
      vertex -51.11999999999999 -58.400000000000006 -1
      vertex -51.11999999999999 -45.199999999999996 -1
      vertex -49.519999999999996 -45.199999999999996 -1
    endloop
  endfacet
  facet normal 0 0 -1
    outer loop
      vertex -51.11999999999999 -58.400000000000006 -1
      vertex -49.519999999999996 -45.199999999999996 -1
      vertex -49.519999999999996 -58.400000000000006 -1
    endloop
  endfacet
  facet normal 0 0 -1
    outer loop
      vertex -51.11999999999999 -45.199999999999996 -1
      vertex -51.11999999999999 -43.6 -1
      vertex -49.519999999999996 -43.6 -1
    endloop
  endfacet
  facet normal 0 0 -1
    outer loop
      vertex -51.11999999999999 -45.199999999999996 -1
      vertex -49.519999999999996 -43.6 -1
      vertex -49.519999999999996 -45.199999999999996 -1
    endloop
  endfacet
  facet normal 0 0 -1
    outer loop
      vertex -51.11999999999999 -43.6 -1
      vertex -51.11999999999999 -30.400000000000002 -1
      vertex -49.519999999999996 -30.400000000000002 -1
    endloop
  endfacet
  facet normal 0 0 -1
    outer loop
      vertex -51.11999999999999 -43.6 -1
      vertex -49.519999999999996 -30.400000000000002 -1
      vertex -49.519999999999996 -43.6 -1
    endloop
  endfacet
  facet normal 0 0 -1
    outer loop
      vertex -51.11999999999999 -30.400000000000002 -1
      vertex -51.11999999999999 -28.8 -1
      vertex -49.519999999999996 -28.8 -1
    endloop
  endfacet
  facet normal 0 0 -1
    outer loop
      vertex -51.11999999999999 -30.400000000000002 -1
      vertex -49.519999999999996 -28.8 -1
      vertex -49.519999999999996 -30.400000000000002 -1
    endloop
  endfacet
  facet normal 0 0 -1
    outer loop
      vertex -51.11999999999999 -28.8 -1
      vertex -51.11999999999999 -15.599999999999998 -1
      vertex -49.519999999999996 -15.599999999999998 -1
    endloop
  endfacet
  facet normal 0 0 -1
    outer loop
      vertex -51.11999999999999 -28.8 -1
      vertex -49.519999999999996 -15.599999999999998 -1
      vertex -49.519999999999996 -28.8 -1
    endloop
  endfacet
  facet normal 0 0 -1
    outer loop
      vertex -51.11999999999999 -15.599999999999998 -1
      vertex -51.11999999999999 -13.999999999999996 -1
      vertex -49.519999999999996 -13.999999999999996 -1
    endloop
  endfacet
  facet normal 0 0 -1
    outer loop
      vertex -51.11999999999999 -15.599999999999998 -1
      vertex -49.519999999999996 -13.999999999999996 -1
      vertex -49.519999999999996 -15.599999999999998 -1
    endloop
  endfacet
  facet normal 0 0 -1
    outer loop
      vertex -51.11999999999999 -13.999999999999996 -1
      vertex -51.11999999999999 -0.8 -1
      vertex -49.519999999999996 -0.8 -1
    endloop
  endfacet
  facet normal 0 0 -1
    outer loop
      vertex -51.11999999999999 -13.999999999999996 -1
      vertex -49.519999999999996 -0.8 -1
      vertex -49.519999999999996 -13.999999999999996 -1
    endloop
  endfacet
  facet normal 0 0 -1
    outer loop
      vertex -51.11999999999999 -0.8 -1
      vertex -51.11999999999999 0.8 -1
      vertex -49.519999999999996 0.8 -1
    endloop
  endfacet
  facet normal 0 0 -1
    outer loop
      vertex -51.11999999999999 -0.8 -1
      vertex -49.519999999999996 0.8 -1
      vertex -49.519999999999996 -0.8 -1
    endloop
  endfacet
  facet normal 0 0 -1
    outer loop
      vertex -51.11999999999999 0.8 -1
      vertex -51.11999999999999 13.999999999999996 -1
      vertex -49.519999999999996 13.999999999999996 -1
    endloop
  endfacet
  facet normal 0 0 -1
    outer loop
      vertex -51.11999999999999 0.8 -1
      vertex -49.519999999999996 13.999999999999996 -1
      vertex -49.519999999999996 0.8 -1
    endloop
  endfacet
  facet normal 0 0 -1
    outer loop
      vertex -51.11999999999999 13.999999999999996 -1
      vertex -51.11999999999999 15.599999999999998 -1
      vertex -49.519999999999996 15.599999999999998 -1
    endloop
  endfacet
  facet normal 0 0 -1
    outer loop
      vertex -51.11999999999999 13.999999999999996 -1
      vertex -49.519999999999996 15.599999999999998 -1
      vertex -49.519999999999996 13.999999999999996 -1
    endloop
  endfacet
  facet normal 0 0 -1
    outer loop
      vertex -51.11999999999999 15.599999999999998 -1
      vertex -51.11999999999999 28.799999999999994 -1
      vertex -49.519999999999996 28.799999999999994 -1
    endloop
  endfacet
  facet normal 0 0 -1
    outer loop
      vertex -51.11999999999999 15.599999999999998 -1
      vertex -49.519999999999996 28.799999999999994 -1
      vertex -49.519999999999996 15.599999999999998 -1
    endloop
  endfacet
  facet normal 0 0 -1
    outer loop
      vertex -51.11999999999999 28.799999999999994 -1
      vertex -51.11999999999999 30.399999999999995 -1
      vertex -49.519999999999996 30.399999999999995 -1
    endloop
  endfacet
  facet normal 0 0 -1
    outer loop
      vertex -51.11999999999999 28.799999999999994 -1
      vertex -49.519999999999996 30.399999999999995 -1
      vertex -49.519999999999996 28.799999999999994 -1
    endloop
  endfacet
  facet normal 0 0 -1
    outer loop
      vertex -51.11999999999999 30.399999999999995 -1
      vertex -51.11999999999999 43.60000000000001 -1
      vertex -49.519999999999996 43.60000000000001 -1
    endloop
  endfacet
  facet normal 0 0 -1
    outer loop
      vertex -51.11999999999999 30.399999999999995 -1
      vertex -49.519999999999996 43.60000000000001 -1
      vertex -49.519999999999996 30.399999999999995 -1
    endloop
  endfacet
  facet normal 0 0 -1
    outer loop
      vertex -51.11999999999999 43.60000000000001 -1
      vertex -51.11999999999999 45.2 -1
      vertex -49.519999999999996 45.2 -1
    endloop
  endfacet
  facet normal 0 0 -1
    outer loop
      vertex -51.11999999999999 43.60000000000001 -1
      vertex -49.519999999999996 45.2 -1
      vertex -49.519999999999996 43.60000000000001 -1
    endloop
  endfacet
  facet normal 0 0 -1
    outer loop
      vertex -51.11999999999999 45.2 -1
      vertex -51.11999999999999 58.40000000000002 -1
      vertex -49.519999999999996 58.40000000000002 -1
    endloop
  endfacet
  facet normal 0 0 -1
    outer loop
      vertex -51.11999999999999 45.2 -1
      vertex -49.519999999999996 58.40000000000002 -1
      vertex -49.519999999999996 45.2 -1
    endloop
  endfacet
  facet normal 0 0 -1
    outer loop
      vertex -51.11999999999999 58.40000000000002 -1
      vertex -51.11999999999999 60.000000000000014 -1
      vertex -49.519999999999996 60.000000000000014 -1
    endloop
  endfacet
  facet normal 0 0 -1
    outer loop
      vertex -51.11999999999999 58.40000000000002 -1
      vertex -49.519999999999996 60.000000000000014 -1
      vertex -49.519999999999996 58.40000000000002 -1
    endloop
  endfacet
  facet normal 0 0 -1
    outer loop
      vertex -51.11999999999999 60.000000000000014 -1
      vertex -51.11999999999999 72.7 -1
      vertex -49.519999999999996 72.7 -1
    endloop
  endfacet
  facet normal 0 0 -1
    outer loop
      vertex -51.11999999999999 60.000000000000014 -1
      vertex -49.519999999999996 72.7 -1
      vertex -49.519999999999996 60.000000000000014 -1
    endloop
  endfacet
  facet normal 0 0 -1
    outer loop
      vertex -51.11999999999999 72.7 -1
      vertex -51.11999999999999 73.7 -1
      vertex -49.519999999999996 73.7 -1
    endloop
  endfacet
  facet normal 0 0 -1
    outer loop
      vertex -51.11999999999999 72.7 -1
      vertex -49.519999999999996 73.7 -1
      vertex -49.519999999999996 72.7 -1
    endloop
  endfacet
  facet normal 0 0 -1
    outer loop
      vertex -51.11999999999999 73.7 -1
      vertex -51.11999999999999 75 -1
      vertex -49.519999999999996 75 -1
    endloop
  endfacet
  facet normal 0 0 -1
    outer loop
      vertex -51.11999999999999 73.7 -1
      vertex -49.519999999999996 75 -1
      vertex -49.519999999999996 73.7 -1
    endloop
  endfacet
  facet normal 0 0 -1
    outer loop
      vertex -49.519999999999996 -75 -1
      vertex -49.519999999999996 -73.7 -1
      vertex -31.88 -73.7 -1
    endloop
  endfacet
  facet normal 0 0 -1
    outer loop
      vertex -49.519999999999996 -75 -1
      vertex -31.88 -73.7 -1
      vertex -31.88 -75 -1
    endloop
  endfacet
  facet normal 0 0 -1
    outer loop
      vertex -49.519999999999996 -73.7 -1
      vertex -49.519999999999996 -72.7 -1
      vertex -31.88 -72.7 -1
    endloop
  endfacet
  facet normal 0 0 -1
    outer loop
      vertex -49.519999999999996 -73.7 -1
      vertex -31.88 -72.7 -1
      vertex -31.88 -73.7 -1
    endloop
  endfacet
  facet normal 0 0 -1
    outer loop
      vertex -49.519999999999996 -72.7 -1
      vertex -49.519999999999996 -60 -1
      vertex -31.88 -60 -1
    endloop
  endfacet
  facet normal 0 0 -1
    outer loop
      vertex -49.519999999999996 -72.7 -1
      vertex -31.88 -60 -1
      vertex -31.88 -72.7 -1
    endloop
  endfacet
  facet normal 0 0 -1
    outer loop
      vertex -49.519999999999996 -60 -1
      vertex -49.519999999999996 -58.400000000000006 -1
      vertex -31.88 -58.400000000000006 -1
    endloop
  endfacet
  facet normal 0 0 -1
    outer loop
      vertex -49.519999999999996 -60 -1
      vertex -31.88 -58.400000000000006 -1
      vertex -31.88 -60 -1
    endloop
  endfacet
  facet normal 0 0 -1
    outer loop
      vertex -49.519999999999996 -58.400000000000006 -1
      vertex -49.519999999999996 -45.199999999999996 -1
      vertex -31.88 -45.199999999999996 -1
    endloop
  endfacet
  facet normal 0 0 -1
    outer loop
      vertex -49.519999999999996 -58.400000000000006 -1
      vertex -31.88 -45.199999999999996 -1
      vertex -31.88 -58.400000000000006 -1
    endloop
  endfacet
  facet normal 0 0 -1
    outer loop
      vertex -49.519999999999996 -45.199999999999996 -1
      vertex -49.519999999999996 -43.6 -1
      vertex -31.88 -43.6 -1
    endloop
  endfacet
  facet normal 0 0 -1
    outer loop
      vertex -49.519999999999996 -45.199999999999996 -1
      vertex -31.88 -43.6 -1
      vertex -31.88 -45.199999999999996 -1
    endloop
  endfacet
  facet normal 0 0 -1
    outer loop
      vertex -49.519999999999996 -43.6 -1
      vertex -49.519999999999996 -30.400000000000002 -1
      vertex -31.88 -30.400000000000002 -1
    endloop
  endfacet
  facet normal 0 0 -1
    outer loop
      vertex -49.519999999999996 -43.6 -1
      vertex -31.88 -30.400000000000002 -1
      vertex -31.88 -43.6 -1
    endloop
  endfacet
  facet normal 0 0 -1
    outer loop
      vertex -49.519999999999996 -30.400000000000002 -1
      vertex -49.519999999999996 -28.8 -1
      vertex -31.88 -28.8 -1
    endloop
  endfacet
  facet normal 0 0 -1
    outer loop
      vertex -49.519999999999996 -30.400000000000002 -1
      vertex -31.88 -28.8 -1
      vertex -31.88 -30.400000000000002 -1
    endloop
  endfacet
  facet normal 0 0 -1
    outer loop
      vertex -49.519999999999996 -28.8 -1
      vertex -49.519999999999996 -15.599999999999998 -1
      vertex -31.88 -15.599999999999998 -1
    endloop
  endfacet
  facet normal 0 0 -1
    outer loop
      vertex -49.519999999999996 -28.8 -1
      vertex -31.88 -15.599999999999998 -1
      vertex -31.88 -28.8 -1
    endloop
  endfacet
  facet normal 0 0 -1
    outer loop
      vertex -49.519999999999996 -15.599999999999998 -1
      vertex -49.519999999999996 -13.999999999999996 -1
      vertex -31.88 -13.999999999999996 -1
    endloop
  endfacet
  facet normal 0 0 -1
    outer loop
      vertex -49.519999999999996 -15.599999999999998 -1
      vertex -31.88 -13.999999999999996 -1
      vertex -31.88 -15.599999999999998 -1
    endloop
  endfacet
  facet normal 0 0 -1
    outer loop
      vertex -49.519999999999996 -13.999999999999996 -1
      vertex -49.519999999999996 -0.8 -1
      vertex -31.88 -0.8 -1
    endloop
  endfacet
  facet normal 0 0 -1
    outer loop
      vertex -49.519999999999996 -13.999999999999996 -1
      vertex -31.88 -0.8 -1
      vertex -31.88 -13.999999999999996 -1
    endloop
  endfacet
  facet normal 0 0 -1
    outer loop
      vertex -49.519999999999996 -0.8 -1
      vertex -49.519999999999996 0.8 -1
      vertex -31.88 0.8 -1
    endloop
  endfacet
  facet normal 0 0 -1
    outer loop
      vertex -49.519999999999996 -0.8 -1
      vertex -31.88 0.8 -1
      vertex -31.88 -0.8 -1
    endloop
  endfacet
  facet normal 0 0 -1
    outer loop
      vertex -49.519999999999996 0.8 -1
      vertex -49.519999999999996 13.999999999999996 -1
      vertex -31.88 13.999999999999996 -1
    endloop
  endfacet
  facet normal 0 0 -1
    outer loop
      vertex -49.519999999999996 0.8 -1
      vertex -31.88 13.999999999999996 -1
      vertex -31.88 0.8 -1
    endloop
  endfacet
  facet normal 0 0 -1
    outer loop
      vertex -49.519999999999996 13.999999999999996 -1
      vertex -49.519999999999996 15.599999999999998 -1
      vertex -31.88 15.599999999999998 -1
    endloop
  endfacet
  facet normal 0 0 -1
    outer loop
      vertex -49.519999999999996 13.999999999999996 -1
      vertex -31.88 15.599999999999998 -1
      vertex -31.88 13.999999999999996 -1
    endloop
  endfacet
  facet normal 0 0 -1
    outer loop
      vertex -49.519999999999996 15.599999999999998 -1
      vertex -49.519999999999996 28.799999999999994 -1
      vertex -31.88 28.799999999999994 -1
    endloop
  endfacet
  facet normal 0 0 -1
    outer loop
      vertex -49.519999999999996 15.599999999999998 -1
      vertex -31.88 28.799999999999994 -1
      vertex -31.88 15.599999999999998 -1
    endloop
  endfacet
  facet normal 0 0 -1
    outer loop
      vertex -49.519999999999996 28.799999999999994 -1
      vertex -49.519999999999996 30.399999999999995 -1
      vertex -31.88 30.399999999999995 -1
    endloop
  endfacet
  facet normal 0 0 -1
    outer loop
      vertex -49.519999999999996 28.799999999999994 -1
      vertex -31.88 30.399999999999995 -1
      vertex -31.88 28.799999999999994 -1
    endloop
  endfacet
  facet normal 0 0 -1
    outer loop
      vertex -49.519999999999996 30.399999999999995 -1
      vertex -49.519999999999996 43.60000000000001 -1
      vertex -31.88 43.60000000000001 -1
    endloop
  endfacet
  facet normal 0 0 -1
    outer loop
      vertex -49.519999999999996 30.399999999999995 -1
      vertex -31.88 43.60000000000001 -1
      vertex -31.88 30.399999999999995 -1
    endloop
  endfacet
  facet normal 0 0 -1
    outer loop
      vertex -49.519999999999996 43.60000000000001 -1
      vertex -49.519999999999996 45.2 -1
      vertex -31.88 45.2 -1
    endloop
  endfacet
  facet normal 0 0 -1
    outer loop
      vertex -49.519999999999996 43.60000000000001 -1
      vertex -31.88 45.2 -1
      vertex -31.88 43.60000000000001 -1
    endloop
  endfacet
  facet normal 0 0 -1
    outer loop
      vertex -49.519999999999996 45.2 -1
      vertex -49.519999999999996 58.40000000000002 -1
      vertex -31.88 58.40000000000002 -1
    endloop
  endfacet
  facet normal 0 0 -1
    outer loop
      vertex -49.519999999999996 45.2 -1
      vertex -31.88 58.40000000000002 -1
      vertex -31.88 45.2 -1
    endloop
  endfacet
  facet normal 0 0 -1
    outer loop
      vertex -49.519999999999996 58.40000000000002 -1
      vertex -49.519999999999996 60.000000000000014 -1
      vertex -31.88 60.000000000000014 -1
    endloop
  endfacet
  facet normal 0 0 -1
    outer loop
      vertex -49.519999999999996 58.40000000000002 -1
      vertex -31.88 60.000000000000014 -1
      vertex -31.88 58.40000000000002 -1
    endloop
  endfacet
  facet normal 0 0 -1
    outer loop
      vertex -49.519999999999996 60.000000000000014 -1
      vertex -49.519999999999996 72.7 -1
      vertex -31.88 72.7 -1
    endloop
  endfacet
  facet normal 0 0 -1
    outer loop
      vertex -49.519999999999996 60.000000000000014 -1
      vertex -31.88 72.7 -1
      vertex -31.88 60.000000000000014 -1
    endloop
  endfacet
  facet normal 0 0 -1
    outer loop
      vertex -49.519999999999996 72.7 -1
      vertex -49.519999999999996 73.7 -1
      vertex -31.88 73.7 -1
    endloop
  endfacet
  facet normal 0 0 -1
    outer loop
      vertex -49.519999999999996 72.7 -1
      vertex -31.88 73.7 -1
      vertex -31.88 72.7 -1
    endloop
  endfacet
  facet normal 0 0 -1
    outer loop
      vertex -49.519999999999996 73.7 -1
      vertex -49.519999999999996 75 -1
      vertex -31.88 75 -1
    endloop
  endfacet
  facet normal 0 0 -1
    outer loop
      vertex -49.519999999999996 73.7 -1
      vertex -31.88 75 -1
      vertex -31.88 73.7 -1
    endloop
  endfacet
  facet normal 0 0 -1
    outer loop
      vertex -31.88 -75 -1
      vertex -31.88 -73.7 -1
      vertex -30.279999999999998 -73.7 -1
    endloop
  endfacet
  facet normal 0 0 -1
    outer loop
      vertex -31.88 -75 -1
      vertex -30.279999999999998 -73.7 -1
      vertex -30.279999999999998 -75 -1
    endloop
  endfacet
  facet normal 0 0 -1
    outer loop
      vertex -31.88 -73.7 -1
      vertex -31.88 -72.7 -1
      vertex -30.279999999999998 -72.7 -1
    endloop
  endfacet
  facet normal 0 0 -1
    outer loop
      vertex -31.88 -73.7 -1
      vertex -30.279999999999998 -72.7 -1
      vertex -30.279999999999998 -73.7 -1
    endloop
  endfacet
  facet normal 0 0 -1
    outer loop
      vertex -31.88 -72.7 -1
      vertex -31.88 -60 -1
      vertex -30.279999999999998 -60 -1
    endloop
  endfacet
  facet normal 0 0 -1
    outer loop
      vertex -31.88 -72.7 -1
      vertex -30.279999999999998 -60 -1
      vertex -30.279999999999998 -72.7 -1
    endloop
  endfacet
  facet normal 0 0 -1
    outer loop
      vertex -31.88 -60 -1
      vertex -31.88 -58.400000000000006 -1
      vertex -30.279999999999998 -58.400000000000006 -1
    endloop
  endfacet
  facet normal 0 0 -1
    outer loop
      vertex -31.88 -60 -1
      vertex -30.279999999999998 -58.400000000000006 -1
      vertex -30.279999999999998 -60 -1
    endloop
  endfacet
  facet normal 0 0 -1
    outer loop
      vertex -31.88 -58.400000000000006 -1
      vertex -31.88 -45.199999999999996 -1
      vertex -30.279999999999998 -45.199999999999996 -1
    endloop
  endfacet
  facet normal 0 0 -1
    outer loop
      vertex -31.88 -58.400000000000006 -1
      vertex -30.279999999999998 -45.199999999999996 -1
      vertex -30.279999999999998 -58.400000000000006 -1
    endloop
  endfacet
  facet normal 0 0 -1
    outer loop
      vertex -31.88 -45.199999999999996 -1
      vertex -31.88 -43.6 -1
      vertex -30.279999999999998 -43.6 -1
    endloop
  endfacet
  facet normal 0 0 -1
    outer loop
      vertex -31.88 -45.199999999999996 -1
      vertex -30.279999999999998 -43.6 -1
      vertex -30.279999999999998 -45.199999999999996 -1
    endloop
  endfacet
  facet normal 0 0 -1
    outer loop
      vertex -31.88 -43.6 -1
      vertex -31.88 -30.400000000000002 -1
      vertex -30.279999999999998 -30.400000000000002 -1
    endloop
  endfacet
  facet normal 0 0 -1
    outer loop
      vertex -31.88 -43.6 -1
      vertex -30.279999999999998 -30.400000000000002 -1
      vertex -30.279999999999998 -43.6 -1
    endloop
  endfacet
  facet normal 0 0 -1
    outer loop
      vertex -31.88 -30.400000000000002 -1
      vertex -31.88 -28.8 -1
      vertex -30.279999999999998 -28.8 -1
    endloop
  endfacet
  facet normal 0 0 -1
    outer loop
      vertex -31.88 -30.400000000000002 -1
      vertex -30.279999999999998 -28.8 -1
      vertex -30.279999999999998 -30.400000000000002 -1
    endloop
  endfacet
  facet normal 0 0 -1
    outer loop
      vertex -31.88 -28.8 -1
      vertex -31.88 -15.599999999999998 -1
      vertex -30.279999999999998 -15.599999999999998 -1
    endloop
  endfacet
  facet normal 0 0 -1
    outer loop
      vertex -31.88 -28.8 -1
      vertex -30.279999999999998 -15.599999999999998 -1
      vertex -30.279999999999998 -28.8 -1
    endloop
  endfacet
  facet normal 0 0 -1
    outer loop
      vertex -31.88 -15.599999999999998 -1
      vertex -31.88 -13.999999999999996 -1
      vertex -30.279999999999998 -13.999999999999996 -1
    endloop
  endfacet
  facet normal 0 0 -1
    outer loop
      vertex -31.88 -15.599999999999998 -1
      vertex -30.279999999999998 -13.999999999999996 -1
      vertex -30.279999999999998 -15.599999999999998 -1
    endloop
  endfacet
  facet normal 0 0 -1
    outer loop
      vertex -31.88 -13.999999999999996 -1
      vertex -31.88 -0.8 -1
      vertex -30.279999999999998 -0.8 -1
    endloop
  endfacet
  facet normal 0 0 -1
    outer loop
      vertex -31.88 -13.999999999999996 -1
      vertex -30.279999999999998 -0.8 -1
      vertex -30.279999999999998 -13.999999999999996 -1
    endloop
  endfacet
  facet normal 0 0 -1
    outer loop
      vertex -31.88 -0.8 -1
      vertex -31.88 0.8 -1
      vertex -30.279999999999998 0.8 -1
    endloop
  endfacet
  facet normal 0 0 -1
    outer loop
      vertex -31.88 -0.8 -1
      vertex -30.279999999999998 0.8 -1
      vertex -30.279999999999998 -0.8 -1
    endloop
  endfacet
  facet normal 0 0 -1
    outer loop
      vertex -31.88 0.8 -1
      vertex -31.88 13.999999999999996 -1
      vertex -30.279999999999998 13.999999999999996 -1
    endloop
  endfacet
  facet normal 0 0 -1
    outer loop
      vertex -31.88 0.8 -1
      vertex -30.279999999999998 13.999999999999996 -1
      vertex -30.279999999999998 0.8 -1
    endloop
  endfacet
  facet normal 0 0 -1
    outer loop
      vertex -31.88 13.999999999999996 -1
      vertex -31.88 15.599999999999998 -1
      vertex -30.279999999999998 15.599999999999998 -1
    endloop
  endfacet
  facet normal 0 0 -1
    outer loop
      vertex -31.88 13.999999999999996 -1
      vertex -30.279999999999998 15.599999999999998 -1
      vertex -30.279999999999998 13.999999999999996 -1
    endloop
  endfacet
  facet normal 0 0 -1
    outer loop
      vertex -31.88 15.599999999999998 -1
      vertex -31.88 28.799999999999994 -1
      vertex -30.279999999999998 28.799999999999994 -1
    endloop
  endfacet
  facet normal 0 0 -1
    outer loop
      vertex -31.88 15.599999999999998 -1
      vertex -30.279999999999998 28.799999999999994 -1
      vertex -30.279999999999998 15.599999999999998 -1
    endloop
  endfacet
  facet normal 0 0 -1
    outer loop
      vertex -31.88 28.799999999999994 -1
      vertex -31.88 30.399999999999995 -1
      vertex -30.279999999999998 30.399999999999995 -1
    endloop
  endfacet
  facet normal 0 0 -1
    outer loop
      vertex -31.88 28.799999999999994 -1
      vertex -30.279999999999998 30.399999999999995 -1
      vertex -30.279999999999998 28.799999999999994 -1
    endloop
  endfacet
  facet normal 0 0 -1
    outer loop
      vertex -31.88 30.399999999999995 -1
      vertex -31.88 43.60000000000001 -1
      vertex -30.279999999999998 43.60000000000001 -1
    endloop
  endfacet
  facet normal 0 0 -1
    outer loop
      vertex -31.88 30.399999999999995 -1
      vertex -30.279999999999998 43.60000000000001 -1
      vertex -30.279999999999998 30.399999999999995 -1
    endloop
  endfacet
  facet normal 0 0 -1
    outer loop
      vertex -31.88 43.60000000000001 -1
      vertex -31.88 45.2 -1
      vertex -30.279999999999998 45.2 -1
    endloop
  endfacet
  facet normal 0 0 -1
    outer loop
      vertex -31.88 43.60000000000001 -1
      vertex -30.279999999999998 45.2 -1
      vertex -30.279999999999998 43.60000000000001 -1
    endloop
  endfacet
  facet normal 0 0 -1
    outer loop
      vertex -31.88 45.2 -1
      vertex -31.88 58.40000000000002 -1
      vertex -30.279999999999998 58.40000000000002 -1
    endloop
  endfacet
  facet normal 0 0 -1
    outer loop
      vertex -31.88 45.2 -1
      vertex -30.279999999999998 58.40000000000002 -1
      vertex -30.279999999999998 45.2 -1
    endloop
  endfacet
  facet normal 0 0 -1
    outer loop
      vertex -31.88 58.40000000000002 -1
      vertex -31.88 60.000000000000014 -1
      vertex -30.279999999999998 60.000000000000014 -1
    endloop
  endfacet
  facet normal 0 0 -1
    outer loop
      vertex -31.88 58.40000000000002 -1
      vertex -30.279999999999998 60.000000000000014 -1
      vertex -30.279999999999998 58.40000000000002 -1
    endloop
  endfacet
  facet normal 0 0 -1
    outer loop
      vertex -31.88 60.000000000000014 -1
      vertex -31.88 72.7 -1
      vertex -30.279999999999998 72.7 -1
    endloop
  endfacet
  facet normal 0 0 -1
    outer loop
      vertex -31.88 60.000000000000014 -1
      vertex -30.279999999999998 72.7 -1
      vertex -30.279999999999998 60.000000000000014 -1
    endloop
  endfacet
  facet normal 0 0 -1
    outer loop
      vertex -31.88 72.7 -1
      vertex -31.88 73.7 -1
      vertex -30.279999999999998 73.7 -1
    endloop
  endfacet
  facet normal 0 0 -1
    outer loop
      vertex -31.88 72.7 -1
      vertex -30.279999999999998 73.7 -1
      vertex -30.279999999999998 72.7 -1
    endloop
  endfacet
  facet normal 0 0 -1
    outer loop
      vertex -31.88 73.7 -1
      vertex -31.88 75 -1
      vertex -30.279999999999998 75 -1
    endloop
  endfacet
  facet normal 0 0 -1
    outer loop
      vertex -31.88 73.7 -1
      vertex -30.279999999999998 75 -1
      vertex -30.279999999999998 73.7 -1
    endloop
  endfacet
  facet normal 0 0 -1
    outer loop
      vertex -30.279999999999998 -75 -1
      vertex -30.279999999999998 -73.7 -1
      vertex -21.52 -73.7 -1
    endloop
  endfacet
  facet normal 0 0 -1
    outer loop
      vertex -30.279999999999998 -75 -1
      vertex -21.52 -73.7 -1
      vertex -21.52 -75 -1
    endloop
  endfacet
  facet normal 0 0 -1
    outer loop
      vertex -30.279999999999998 -73.7 -1
      vertex -30.279999999999998 -72.7 -1
      vertex -21.52 -72.7 -1
    endloop
  endfacet
  facet normal 0 0 -1
    outer loop
      vertex -30.279999999999998 -73.7 -1
      vertex -21.52 -72.7 -1
      vertex -21.52 -73.7 -1
    endloop
  endfacet
  facet normal 0 0 -1
    outer loop
      vertex -30.279999999999998 -72.7 -1
      vertex -30.279999999999998 -60 -1
      vertex -21.52 -60 -1
    endloop
  endfacet
  facet normal 0 0 -1
    outer loop
      vertex -30.279999999999998 -72.7 -1
      vertex -21.52 -60 -1
      vertex -21.52 -72.7 -1
    endloop
  endfacet
  facet normal 0 0 -1
    outer loop
      vertex -30.279999999999998 -60 -1
      vertex -30.279999999999998 -58.400000000000006 -1
      vertex -21.52 -58.400000000000006 -1
    endloop
  endfacet
  facet normal 0 0 -1
    outer loop
      vertex -30.279999999999998 -60 -1
      vertex -21.52 -58.400000000000006 -1
      vertex -21.52 -60 -1
    endloop
  endfacet
  facet normal 0 0 -1
    outer loop
      vertex -30.279999999999998 -58.400000000000006 -1
      vertex -30.279999999999998 -45.199999999999996 -1
      vertex -21.52 -45.199999999999996 -1
    endloop
  endfacet
  facet normal 0 0 -1
    outer loop
      vertex -30.279999999999998 -58.400000000000006 -1
      vertex -21.52 -45.199999999999996 -1
      vertex -21.52 -58.400000000000006 -1
    endloop
  endfacet
  facet normal 0 0 -1
    outer loop
      vertex -30.279999999999998 -45.199999999999996 -1
      vertex -30.279999999999998 -43.6 -1
      vertex -21.52 -43.6 -1
    endloop
  endfacet
  facet normal 0 0 -1
    outer loop
      vertex -30.279999999999998 -45.199999999999996 -1
      vertex -21.52 -43.6 -1
      vertex -21.52 -45.199999999999996 -1
    endloop
  endfacet
  facet normal 0 0 -1
    outer loop
      vertex -30.279999999999998 -43.6 -1
      vertex -30.279999999999998 -30.400000000000002 -1
      vertex -21.52 -30.400000000000002 -1
    endloop
  endfacet
  facet normal 0 0 -1
    outer loop
      vertex -30.279999999999998 -43.6 -1
      vertex -21.52 -30.400000000000002 -1
      vertex -21.52 -43.6 -1
    endloop
  endfacet
  facet normal 0 0 -1
    outer loop
      vertex -30.279999999999998 -30.400000000000002 -1
      vertex -30.279999999999998 -28.8 -1
      vertex -21.52 -28.8 -1
    endloop
  endfacet
  facet normal 0 0 -1
    outer loop
      vertex -30.279999999999998 -30.400000000000002 -1
      vertex -21.52 -28.8 -1
      vertex -21.52 -30.400000000000002 -1
    endloop
  endfacet
  facet normal 0 0 -1
    outer loop
      vertex -30.279999999999998 -28.8 -1
      vertex -30.279999999999998 -15.599999999999998 -1
      vertex -21.52 -15.599999999999998 -1
    endloop
  endfacet
  facet normal 0 0 -1
    outer loop
      vertex -30.279999999999998 -28.8 -1
      vertex -21.52 -15.599999999999998 -1
      vertex -21.52 -28.8 -1
    endloop
  endfacet
  facet normal 0 0 -1
    outer loop
      vertex -30.279999999999998 -15.599999999999998 -1
      vertex -30.279999999999998 -13.999999999999996 -1
      vertex -21.52 -13.999999999999996 -1
    endloop
  endfacet
  facet normal 0 0 -1
    outer loop
      vertex -30.279999999999998 -15.599999999999998 -1
      vertex -21.52 -13.999999999999996 -1
      vertex -21.52 -15.599999999999998 -1
    endloop
  endfacet
  facet normal 0 0 -1
    outer loop
      vertex -30.279999999999998 -13.999999999999996 -1
      vertex -30.279999999999998 -0.8 -1
      vertex -21.52 -0.8 -1
    endloop
  endfacet
  facet normal 0 0 -1
    outer loop
      vertex -30.279999999999998 -13.999999999999996 -1
      vertex -21.52 -0.8 -1
      vertex -21.52 -13.999999999999996 -1
    endloop
  endfacet
  facet normal 0 0 -1
    outer loop
      vertex -30.279999999999998 -0.8 -1
      vertex -30.279999999999998 0.8 -1
      vertex -21.52 0.8 -1
    endloop
  endfacet
  facet normal 0 0 -1
    outer loop
      vertex -30.279999999999998 -0.8 -1
      vertex -21.52 0.8 -1
      vertex -21.52 -0.8 -1
    endloop
  endfacet
  facet normal 0 0 -1
    outer loop
      vertex -30.279999999999998 0.8 -1
      vertex -30.279999999999998 13.999999999999996 -1
      vertex -21.52 13.999999999999996 -1
    endloop
  endfacet
  facet normal 0 0 -1
    outer loop
      vertex -30.279999999999998 0.8 -1
      vertex -21.52 13.999999999999996 -1
      vertex -21.52 0.8 -1
    endloop
  endfacet
  facet normal 0 0 -1
    outer loop
      vertex -30.279999999999998 13.999999999999996 -1
      vertex -30.279999999999998 15.599999999999998 -1
      vertex -21.52 15.599999999999998 -1
    endloop
  endfacet
  facet normal 0 0 -1
    outer loop
      vertex -30.279999999999998 13.999999999999996 -1
      vertex -21.52 15.599999999999998 -1
      vertex -21.52 13.999999999999996 -1
    endloop
  endfacet
  facet normal 0 0 -1
    outer loop
      vertex -30.279999999999998 15.599999999999998 -1
      vertex -30.279999999999998 28.799999999999994 -1
      vertex -21.52 28.799999999999994 -1
    endloop
  endfacet
  facet normal 0 0 -1
    outer loop
      vertex -30.279999999999998 15.599999999999998 -1
      vertex -21.52 28.799999999999994 -1
      vertex -21.52 15.599999999999998 -1
    endloop
  endfacet
  facet normal 0 0 -1
    outer loop
      vertex -30.279999999999998 28.799999999999994 -1
      vertex -30.279999999999998 30.399999999999995 -1
      vertex -21.52 30.399999999999995 -1
    endloop
  endfacet
  facet normal 0 0 -1
    outer loop
      vertex -30.279999999999998 28.799999999999994 -1
      vertex -21.52 30.399999999999995 -1
      vertex -21.52 28.799999999999994 -1
    endloop
  endfacet
  facet normal 0 0 -1
    outer loop
      vertex -30.279999999999998 30.399999999999995 -1
      vertex -30.279999999999998 43.60000000000001 -1
      vertex -21.52 43.60000000000001 -1
    endloop
  endfacet
  facet normal 0 0 -1
    outer loop
      vertex -30.279999999999998 30.399999999999995 -1
      vertex -21.52 43.60000000000001 -1
      vertex -21.52 30.399999999999995 -1
    endloop
  endfacet
  facet normal 0 0 -1
    outer loop
      vertex -30.279999999999998 43.60000000000001 -1
      vertex -30.279999999999998 45.2 -1
      vertex -21.52 45.2 -1
    endloop
  endfacet
  facet normal 0 0 -1
    outer loop
      vertex -30.279999999999998 43.60000000000001 -1
      vertex -21.52 45.2 -1
      vertex -21.52 43.60000000000001 -1
    endloop
  endfacet
  facet normal 0 0 -1
    outer loop
      vertex -30.279999999999998 45.2 -1
      vertex -30.279999999999998 58.40000000000002 -1
      vertex -21.52 58.40000000000002 -1
    endloop
  endfacet
  facet normal 0 0 -1
    outer loop
      vertex -30.279999999999998 45.2 -1
      vertex -21.52 58.40000000000002 -1
      vertex -21.52 45.2 -1
    endloop
  endfacet
  facet normal 0 0 -1
    outer loop
      vertex -30.279999999999998 58.40000000000002 -1
      vertex -30.279999999999998 60.000000000000014 -1
      vertex -21.52 60.000000000000014 -1
    endloop
  endfacet
  facet normal 0 0 -1
    outer loop
      vertex -30.279999999999998 58.40000000000002 -1
      vertex -21.52 60.000000000000014 -1
      vertex -21.52 58.40000000000002 -1
    endloop
  endfacet
  facet normal 0 0 -1
    outer loop
      vertex -30.279999999999998 60.000000000000014 -1
      vertex -30.279999999999998 72.7 -1
      vertex -21.52 72.7 -1
    endloop
  endfacet
  facet normal 0 0 -1
    outer loop
      vertex -30.279999999999998 60.000000000000014 -1
      vertex -21.52 72.7 -1
      vertex -21.52 60.000000000000014 -1
    endloop
  endfacet
  facet normal 0 0 -1
    outer loop
      vertex -30.279999999999998 72.7 -1
      vertex -30.279999999999998 73.7 -1
      vertex -21.52 73.7 -1
    endloop
  endfacet
  facet normal 0 0 -1
    outer loop
      vertex -30.279999999999998 72.7 -1
      vertex -21.52 73.7 -1
      vertex -21.52 72.7 -1
    endloop
  endfacet
  facet normal 0 0 -1
    outer loop
      vertex -30.279999999999998 73.7 -1
      vertex -30.279999999999998 75 -1
      vertex -21.52 75 -1
    endloop
  endfacet
  facet normal 0 0 -1
    outer loop
      vertex -30.279999999999998 73.7 -1
      vertex -21.52 75 -1
      vertex -21.52 73.7 -1
    endloop
  endfacet
  facet normal 0 0 -1
    outer loop
      vertex -21.52 -75 -1
      vertex -21.52 -73.7 -1
      vertex -19.919999999999998 -73.7 -1
    endloop
  endfacet
  facet normal 0 0 -1
    outer loop
      vertex -21.52 -75 -1
      vertex -19.919999999999998 -73.7 -1
      vertex -19.919999999999998 -75 -1
    endloop
  endfacet
  facet normal 0 0 -1
    outer loop
      vertex -21.52 -73.7 -1
      vertex -21.52 -72.7 -1
      vertex -19.919999999999998 -72.7 -1
    endloop
  endfacet
  facet normal 0 0 -1
    outer loop
      vertex -21.52 -73.7 -1
      vertex -19.919999999999998 -72.7 -1
      vertex -19.919999999999998 -73.7 -1
    endloop
  endfacet
  facet normal 0 0 -1
    outer loop
      vertex -21.52 -72.7 -1
      vertex -21.52 -60 -1
      vertex -19.919999999999998 -60 -1
    endloop
  endfacet
  facet normal 0 0 -1
    outer loop
      vertex -21.52 -72.7 -1
      vertex -19.919999999999998 -60 -1
      vertex -19.919999999999998 -72.7 -1
    endloop
  endfacet
  facet normal 0 0 -1
    outer loop
      vertex -21.52 -60 -1
      vertex -21.52 -58.400000000000006 -1
      vertex -19.919999999999998 -58.400000000000006 -1
    endloop
  endfacet
  facet normal 0 0 -1
    outer loop
      vertex -21.52 -60 -1
      vertex -19.919999999999998 -58.400000000000006 -1
      vertex -19.919999999999998 -60 -1
    endloop
  endfacet
  facet normal 0 0 -1
    outer loop
      vertex -21.52 -58.400000000000006 -1
      vertex -21.52 -45.199999999999996 -1
      vertex -19.919999999999998 -45.199999999999996 -1
    endloop
  endfacet
  facet normal 0 0 -1
    outer loop
      vertex -21.52 -58.400000000000006 -1
      vertex -19.919999999999998 -45.199999999999996 -1
      vertex -19.919999999999998 -58.400000000000006 -1
    endloop
  endfacet
  facet normal 0 0 -1
    outer loop
      vertex -21.52 -45.199999999999996 -1
      vertex -21.52 -43.6 -1
      vertex -19.919999999999998 -43.6 -1
    endloop
  endfacet
  facet normal 0 0 -1
    outer loop
      vertex -21.52 -45.199999999999996 -1
      vertex -19.919999999999998 -43.6 -1
      vertex -19.919999999999998 -45.199999999999996 -1
    endloop
  endfacet
  facet normal 0 0 -1
    outer loop
      vertex -21.52 -43.6 -1
      vertex -21.52 -30.400000000000002 -1
      vertex -19.919999999999998 -30.400000000000002 -1
    endloop
  endfacet
  facet normal 0 0 -1
    outer loop
      vertex -21.52 -43.6 -1
      vertex -19.919999999999998 -30.400000000000002 -1
      vertex -19.919999999999998 -43.6 -1
    endloop
  endfacet
  facet normal 0 0 -1
    outer loop
      vertex -21.52 -30.400000000000002 -1
      vertex -21.52 -28.8 -1
      vertex -19.919999999999998 -28.8 -1
    endloop
  endfacet
  facet normal 0 0 -1
    outer loop
      vertex -21.52 -30.400000000000002 -1
      vertex -19.919999999999998 -28.8 -1
      vertex -19.919999999999998 -30.400000000000002 -1
    endloop
  endfacet
  facet normal 0 0 -1
    outer loop
      vertex -21.52 -28.8 -1
      vertex -21.52 -15.599999999999998 -1
      vertex -19.919999999999998 -15.599999999999998 -1
    endloop
  endfacet
  facet normal 0 0 -1
    outer loop
      vertex -21.52 -28.8 -1
      vertex -19.919999999999998 -15.599999999999998 -1
      vertex -19.919999999999998 -28.8 -1
    endloop
  endfacet
  facet normal 0 0 -1
    outer loop
      vertex -21.52 -15.599999999999998 -1
      vertex -21.52 -13.999999999999996 -1
      vertex -19.919999999999998 -13.999999999999996 -1
    endloop
  endfacet
  facet normal 0 0 -1
    outer loop
      vertex -21.52 -15.599999999999998 -1
      vertex -19.919999999999998 -13.999999999999996 -1
      vertex -19.919999999999998 -15.599999999999998 -1
    endloop
  endfacet
  facet normal 0 0 -1
    outer loop
      vertex -21.52 -13.999999999999996 -1
      vertex -21.52 -0.8 -1
      vertex -19.919999999999998 -0.8 -1
    endloop
  endfacet
  facet normal 0 0 -1
    outer loop
      vertex -21.52 -13.999999999999996 -1
      vertex -19.919999999999998 -0.8 -1
      vertex -19.919999999999998 -13.999999999999996 -1
    endloop
  endfacet
  facet normal 0 0 -1
    outer loop
      vertex -21.52 -0.8 -1
      vertex -21.52 0.8 -1
      vertex -19.919999999999998 0.8 -1
    endloop
  endfacet
  facet normal 0 0 -1
    outer loop
      vertex -21.52 -0.8 -1
      vertex -19.919999999999998 0.8 -1
      vertex -19.919999999999998 -0.8 -1
    endloop
  endfacet
  facet normal 0 0 -1
    outer loop
      vertex -21.52 0.8 -1
      vertex -21.52 13.999999999999996 -1
      vertex -19.919999999999998 13.999999999999996 -1
    endloop
  endfacet
  facet normal 0 0 -1
    outer loop
      vertex -21.52 0.8 -1
      vertex -19.919999999999998 13.999999999999996 -1
      vertex -19.919999999999998 0.8 -1
    endloop
  endfacet
  facet normal 0 0 -1
    outer loop
      vertex -21.52 13.999999999999996 -1
      vertex -21.52 15.599999999999998 -1
      vertex -19.919999999999998 15.599999999999998 -1
    endloop
  endfacet
  facet normal 0 0 -1
    outer loop
      vertex -21.52 13.999999999999996 -1
      vertex -19.919999999999998 15.599999999999998 -1
      vertex -19.919999999999998 13.999999999999996 -1
    endloop
  endfacet
  facet normal 0 0 -1
    outer loop
      vertex -21.52 15.599999999999998 -1
      vertex -21.52 28.799999999999994 -1
      vertex -19.919999999999998 28.799999999999994 -1
    endloop
  endfacet
  facet normal 0 0 -1
    outer loop
      vertex -21.52 15.599999999999998 -1
      vertex -19.919999999999998 28.799999999999994 -1
      vertex -19.919999999999998 15.599999999999998 -1
    endloop
  endfacet
  facet normal 0 0 -1
    outer loop
      vertex -21.52 28.799999999999994 -1
      vertex -21.52 30.399999999999995 -1
      vertex -19.919999999999998 30.399999999999995 -1
    endloop
  endfacet
  facet normal 0 0 -1
    outer loop
      vertex -21.52 28.799999999999994 -1
      vertex -19.919999999999998 30.399999999999995 -1
      vertex -19.919999999999998 28.799999999999994 -1
    endloop
  endfacet
  facet normal 0 0 -1
    outer loop
      vertex -21.52 30.399999999999995 -1
      vertex -21.52 43.60000000000001 -1
      vertex -19.919999999999998 43.60000000000001 -1
    endloop
  endfacet
  facet normal 0 0 -1
    outer loop
      vertex -21.52 30.399999999999995 -1
      vertex -19.919999999999998 43.60000000000001 -1
      vertex -19.919999999999998 30.399999999999995 -1
    endloop
  endfacet
  facet normal 0 0 -1
    outer loop
      vertex -21.52 43.60000000000001 -1
      vertex -21.52 45.2 -1
      vertex -19.919999999999998 45.2 -1
    endloop
  endfacet
  facet normal 0 0 -1
    outer loop
      vertex -21.52 43.60000000000001 -1
      vertex -19.919999999999998 45.2 -1
      vertex -19.919999999999998 43.60000000000001 -1
    endloop
  endfacet
  facet normal 0 0 -1
    outer loop
      vertex -21.52 45.2 -1
      vertex -21.52 58.40000000000002 -1
      vertex -19.919999999999998 58.40000000000002 -1
    endloop
  endfacet
  facet normal 0 0 -1
    outer loop
      vertex -21.52 45.2 -1
      vertex -19.919999999999998 58.40000000000002 -1
      vertex -19.919999999999998 45.2 -1
    endloop
  endfacet
  facet normal 0 0 -1
    outer loop
      vertex -21.52 58.40000000000002 -1
      vertex -21.52 60.000000000000014 -1
      vertex -19.919999999999998 60.000000000000014 -1
    endloop
  endfacet
  facet normal 0 0 -1
    outer loop
      vertex -21.52 58.40000000000002 -1
      vertex -19.919999999999998 60.000000000000014 -1
      vertex -19.919999999999998 58.40000000000002 -1
    endloop
  endfacet
  facet normal 0 0 -1
    outer loop
      vertex -21.52 60.000000000000014 -1
      vertex -21.52 72.7 -1
      vertex -19.919999999999998 72.7 -1
    endloop
  endfacet
  facet normal 0 0 -1
    outer loop
      vertex -21.52 60.000000000000014 -1
      vertex -19.919999999999998 72.7 -1
      vertex -19.919999999999998 60.000000000000014 -1
    endloop
  endfacet
  facet normal 0 0 -1
    outer loop
      vertex -21.52 72.7 -1
      vertex -21.52 73.7 -1
      vertex -19.919999999999998 73.7 -1
    endloop
  endfacet
  facet normal 0 0 -1
    outer loop
      vertex -21.52 72.7 -1
      vertex -19.919999999999998 73.7 -1
      vertex -19.919999999999998 72.7 -1
    endloop
  endfacet
  facet normal 0 0 -1
    outer loop
      vertex -21.52 73.7 -1
      vertex -21.52 75 -1
      vertex -19.919999999999998 75 -1
    endloop
  endfacet
  facet normal 0 0 -1
    outer loop
      vertex -21.52 73.7 -1
      vertex -19.919999999999998 75 -1
      vertex -19.919999999999998 73.7 -1
    endloop
  endfacet
  facet normal 0 0 -1
    outer loop
      vertex -19.919999999999998 -75 -1
      vertex -19.919999999999998 -73.7 -1
      vertex -11.16 -73.7 -1
    endloop
  endfacet
  facet normal 0 0 -1
    outer loop
      vertex -19.919999999999998 -75 -1
      vertex -11.16 -73.7 -1
      vertex -11.16 -75 -1
    endloop
  endfacet
  facet normal 0 0 -1
    outer loop
      vertex -19.919999999999998 -73.7 -1
      vertex -19.919999999999998 -72.7 -1
      vertex -11.16 -72.7 -1
    endloop
  endfacet
  facet normal 0 0 -1
    outer loop
      vertex -19.919999999999998 -73.7 -1
      vertex -11.16 -72.7 -1
      vertex -11.16 -73.7 -1
    endloop
  endfacet
  facet normal 0 0 -1
    outer loop
      vertex -19.919999999999998 -72.7 -1
      vertex -19.919999999999998 -60 -1
      vertex -11.16 -60 -1
    endloop
  endfacet
  facet normal 0 0 -1
    outer loop
      vertex -19.919999999999998 -72.7 -1
      vertex -11.16 -60 -1
      vertex -11.16 -72.7 -1
    endloop
  endfacet
  facet normal 0 0 -1
    outer loop
      vertex -19.919999999999998 -60 -1
      vertex -19.919999999999998 -58.400000000000006 -1
      vertex -11.16 -58.400000000000006 -1
    endloop
  endfacet
  facet normal 0 0 -1
    outer loop
      vertex -19.919999999999998 -60 -1
      vertex -11.16 -58.400000000000006 -1
      vertex -11.16 -60 -1
    endloop
  endfacet
  facet normal 0 0 -1
    outer loop
      vertex -19.919999999999998 -58.400000000000006 -1
      vertex -19.919999999999998 -45.199999999999996 -1
      vertex -11.16 -45.199999999999996 -1
    endloop
  endfacet
  facet normal 0 0 -1
    outer loop
      vertex -19.919999999999998 -58.400000000000006 -1
      vertex -11.16 -45.199999999999996 -1
      vertex -11.16 -58.400000000000006 -1
    endloop
  endfacet
  facet normal 0 0 -1
    outer loop
      vertex -19.919999999999998 -45.199999999999996 -1
      vertex -19.919999999999998 -43.6 -1
      vertex -11.16 -43.6 -1
    endloop
  endfacet
  facet normal 0 0 -1
    outer loop
      vertex -19.919999999999998 -45.199999999999996 -1
      vertex -11.16 -43.6 -1
      vertex -11.16 -45.199999999999996 -1
    endloop
  endfacet
  facet normal 0 0 -1
    outer loop
      vertex -19.919999999999998 -43.6 -1
      vertex -19.919999999999998 -30.400000000000002 -1
      vertex -11.16 -30.400000000000002 -1
    endloop
  endfacet
  facet normal 0 0 -1
    outer loop
      vertex -19.919999999999998 -43.6 -1
      vertex -11.16 -30.400000000000002 -1
      vertex -11.16 -43.6 -1
    endloop
  endfacet
  facet normal 0 0 -1
    outer loop
      vertex -19.919999999999998 -30.400000000000002 -1
      vertex -19.919999999999998 -28.8 -1
      vertex -11.16 -28.8 -1
    endloop
  endfacet
  facet normal 0 0 -1
    outer loop
      vertex -19.919999999999998 -30.400000000000002 -1
      vertex -11.16 -28.8 -1
      vertex -11.16 -30.400000000000002 -1
    endloop
  endfacet
  facet normal 0 0 -1
    outer loop
      vertex -19.919999999999998 -28.8 -1
      vertex -19.919999999999998 -15.599999999999998 -1
      vertex -11.16 -15.599999999999998 -1
    endloop
  endfacet
  facet normal 0 0 -1
    outer loop
      vertex -19.919999999999998 -28.8 -1
      vertex -11.16 -15.599999999999998 -1
      vertex -11.16 -28.8 -1
    endloop
  endfacet
  facet normal 0 0 -1
    outer loop
      vertex -19.919999999999998 -15.599999999999998 -1
      vertex -19.919999999999998 -13.999999999999996 -1
      vertex -11.16 -13.999999999999996 -1
    endloop
  endfacet
  facet normal 0 0 -1
    outer loop
      vertex -19.919999999999998 -15.599999999999998 -1
      vertex -11.16 -13.999999999999996 -1
      vertex -11.16 -15.599999999999998 -1
    endloop
  endfacet
  facet normal 0 0 -1
    outer loop
      vertex -19.919999999999998 -13.999999999999996 -1
      vertex -19.919999999999998 -0.8 -1
      vertex -11.16 -0.8 -1
    endloop
  endfacet
  facet normal 0 0 -1
    outer loop
      vertex -19.919999999999998 -13.999999999999996 -1
      vertex -11.16 -0.8 -1
      vertex -11.16 -13.999999999999996 -1
    endloop
  endfacet
  facet normal 0 0 -1
    outer loop
      vertex -19.919999999999998 -0.8 -1
      vertex -19.919999999999998 0.8 -1
      vertex -11.16 0.8 -1
    endloop
  endfacet
  facet normal 0 0 -1
    outer loop
      vertex -19.919999999999998 -0.8 -1
      vertex -11.16 0.8 -1
      vertex -11.16 -0.8 -1
    endloop
  endfacet
  facet normal 0 0 -1
    outer loop
      vertex -19.919999999999998 0.8 -1
      vertex -19.919999999999998 13.999999999999996 -1
      vertex -11.16 13.999999999999996 -1
    endloop
  endfacet
  facet normal 0 0 -1
    outer loop
      vertex -19.919999999999998 0.8 -1
      vertex -11.16 13.999999999999996 -1
      vertex -11.16 0.8 -1
    endloop
  endfacet
  facet normal 0 0 -1
    outer loop
      vertex -19.919999999999998 13.999999999999996 -1
      vertex -19.919999999999998 15.599999999999998 -1
      vertex -11.16 15.599999999999998 -1
    endloop
  endfacet
  facet normal 0 0 -1
    outer loop
      vertex -19.919999999999998 13.999999999999996 -1
      vertex -11.16 15.599999999999998 -1
      vertex -11.16 13.999999999999996 -1
    endloop
  endfacet
  facet normal 0 0 -1
    outer loop
      vertex -19.919999999999998 15.599999999999998 -1
      vertex -19.919999999999998 28.799999999999994 -1
      vertex -11.16 28.799999999999994 -1
    endloop
  endfacet
  facet normal 0 0 -1
    outer loop
      vertex -19.919999999999998 15.599999999999998 -1
      vertex -11.16 28.799999999999994 -1
      vertex -11.16 15.599999999999998 -1
    endloop
  endfacet
  facet normal 0 0 -1
    outer loop
      vertex -19.919999999999998 28.799999999999994 -1
      vertex -19.919999999999998 30.399999999999995 -1
      vertex -11.16 30.399999999999995 -1
    endloop
  endfacet
  facet normal 0 0 -1
    outer loop
      vertex -19.919999999999998 28.799999999999994 -1
      vertex -11.16 30.399999999999995 -1
      vertex -11.16 28.799999999999994 -1
    endloop
  endfacet
  facet normal 0 0 -1
    outer loop
      vertex -19.919999999999998 30.399999999999995 -1
      vertex -19.919999999999998 43.60000000000001 -1
      vertex -11.16 43.60000000000001 -1
    endloop
  endfacet
  facet normal 0 0 -1
    outer loop
      vertex -19.919999999999998 30.399999999999995 -1
      vertex -11.16 43.60000000000001 -1
      vertex -11.16 30.399999999999995 -1
    endloop
  endfacet
  facet normal 0 0 -1
    outer loop
      vertex -19.919999999999998 43.60000000000001 -1
      vertex -19.919999999999998 45.2 -1
      vertex -11.16 45.2 -1
    endloop
  endfacet
  facet normal 0 0 -1
    outer loop
      vertex -19.919999999999998 43.60000000000001 -1
      vertex -11.16 45.2 -1
      vertex -11.16 43.60000000000001 -1
    endloop
  endfacet
  facet normal 0 0 -1
    outer loop
      vertex -19.919999999999998 45.2 -1
      vertex -19.919999999999998 58.40000000000002 -1
      vertex -11.16 58.40000000000002 -1
    endloop
  endfacet
  facet normal 0 0 -1
    outer loop
      vertex -19.919999999999998 45.2 -1
      vertex -11.16 58.40000000000002 -1
      vertex -11.16 45.2 -1
    endloop
  endfacet
  facet normal 0 0 -1
    outer loop
      vertex -19.919999999999998 58.40000000000002 -1
      vertex -19.919999999999998 60.000000000000014 -1
      vertex -11.16 60.000000000000014 -1
    endloop
  endfacet
  facet normal 0 0 -1
    outer loop
      vertex -19.919999999999998 58.40000000000002 -1
      vertex -11.16 60.000000000000014 -1
      vertex -11.16 58.40000000000002 -1
    endloop
  endfacet
  facet normal 0 0 -1
    outer loop
      vertex -19.919999999999998 60.000000000000014 -1
      vertex -19.919999999999998 72.7 -1
      vertex -11.16 72.7 -1
    endloop
  endfacet
  facet normal 0 0 -1
    outer loop
      vertex -19.919999999999998 60.000000000000014 -1
      vertex -11.16 72.7 -1
      vertex -11.16 60.000000000000014 -1
    endloop
  endfacet
  facet normal 0 0 -1
    outer loop
      vertex -19.919999999999998 72.7 -1
      vertex -19.919999999999998 73.7 -1
      vertex -11.16 73.7 -1
    endloop
  endfacet
  facet normal 0 0 -1
    outer loop
      vertex -19.919999999999998 72.7 -1
      vertex -11.16 73.7 -1
      vertex -11.16 72.7 -1
    endloop
  endfacet
  facet normal 0 0 -1
    outer loop
      vertex -19.919999999999998 73.7 -1
      vertex -19.919999999999998 75 -1
      vertex -11.16 75 -1
    endloop
  endfacet
  facet normal 0 0 -1
    outer loop
      vertex -19.919999999999998 73.7 -1
      vertex -11.16 75 -1
      vertex -11.16 73.7 -1
    endloop
  endfacet
  facet normal 0 0 -1
    outer loop
      vertex -11.16 -75 -1
      vertex -11.16 -73.7 -1
      vertex -9.559999999999999 -73.7 -1
    endloop
  endfacet
  facet normal 0 0 -1
    outer loop
      vertex -11.16 -75 -1
      vertex -9.559999999999999 -73.7 -1
      vertex -9.559999999999999 -75 -1
    endloop
  endfacet
  facet normal 0 0 -1
    outer loop
      vertex -11.16 -73.7 -1
      vertex -11.16 -72.7 -1
      vertex -9.559999999999999 -72.7 -1
    endloop
  endfacet
  facet normal 0 0 -1
    outer loop
      vertex -11.16 -73.7 -1
      vertex -9.559999999999999 -72.7 -1
      vertex -9.559999999999999 -73.7 -1
    endloop
  endfacet
  facet normal 0 0 -1
    outer loop
      vertex -11.16 -72.7 -1
      vertex -11.16 -60 -1
      vertex -9.559999999999999 -60 -1
    endloop
  endfacet
  facet normal 0 0 -1
    outer loop
      vertex -11.16 -72.7 -1
      vertex -9.559999999999999 -60 -1
      vertex -9.559999999999999 -72.7 -1
    endloop
  endfacet
  facet normal 0 0 -1
    outer loop
      vertex -11.16 -60 -1
      vertex -11.16 -58.400000000000006 -1
      vertex -9.559999999999999 -58.400000000000006 -1
    endloop
  endfacet
  facet normal 0 0 -1
    outer loop
      vertex -11.16 -60 -1
      vertex -9.559999999999999 -58.400000000000006 -1
      vertex -9.559999999999999 -60 -1
    endloop
  endfacet
  facet normal 0 0 -1
    outer loop
      vertex -11.16 -58.400000000000006 -1
      vertex -11.16 -45.199999999999996 -1
      vertex -9.559999999999999 -45.199999999999996 -1
    endloop
  endfacet
  facet normal 0 0 -1
    outer loop
      vertex -11.16 -58.400000000000006 -1
      vertex -9.559999999999999 -45.199999999999996 -1
      vertex -9.559999999999999 -58.400000000000006 -1
    endloop
  endfacet
  facet normal 0 0 -1
    outer loop
      vertex -11.16 -45.199999999999996 -1
      vertex -11.16 -43.6 -1
      vertex -9.559999999999999 -43.6 -1
    endloop
  endfacet
  facet normal 0 0 -1
    outer loop
      vertex -11.16 -45.199999999999996 -1
      vertex -9.559999999999999 -43.6 -1
      vertex -9.559999999999999 -45.199999999999996 -1
    endloop
  endfacet
  facet normal 0 0 -1
    outer loop
      vertex -11.16 -43.6 -1
      vertex -11.16 -30.400000000000002 -1
      vertex -9.559999999999999 -30.400000000000002 -1
    endloop
  endfacet
  facet normal 0 0 -1
    outer loop
      vertex -11.16 -43.6 -1
      vertex -9.559999999999999 -30.400000000000002 -1
      vertex -9.559999999999999 -43.6 -1
    endloop
  endfacet
  facet normal 0 0 -1
    outer loop
      vertex -11.16 -30.400000000000002 -1
      vertex -11.16 -28.8 -1
      vertex -9.559999999999999 -28.8 -1
    endloop
  endfacet
  facet normal 0 0 -1
    outer loop
      vertex -11.16 -30.400000000000002 -1
      vertex -9.559999999999999 -28.8 -1
      vertex -9.559999999999999 -30.400000000000002 -1
    endloop
  endfacet
  facet normal 0 0 -1
    outer loop
      vertex -11.16 -28.8 -1
      vertex -11.16 -15.599999999999998 -1
      vertex -9.559999999999999 -15.599999999999998 -1
    endloop
  endfacet
  facet normal 0 0 -1
    outer loop
      vertex -11.16 -28.8 -1
      vertex -9.559999999999999 -15.599999999999998 -1
      vertex -9.559999999999999 -28.8 -1
    endloop
  endfacet
  facet normal 0 0 -1
    outer loop
      vertex -11.16 -15.599999999999998 -1
      vertex -11.16 -13.999999999999996 -1
      vertex -9.559999999999999 -13.999999999999996 -1
    endloop
  endfacet
  facet normal 0 0 -1
    outer loop
      vertex -11.16 -15.599999999999998 -1
      vertex -9.559999999999999 -13.999999999999996 -1
      vertex -9.559999999999999 -15.599999999999998 -1
    endloop
  endfacet
  facet normal 0 0 -1
    outer loop
      vertex -11.16 -13.999999999999996 -1
      vertex -11.16 -0.8 -1
      vertex -9.559999999999999 -0.8 -1
    endloop
  endfacet
  facet normal 0 0 -1
    outer loop
      vertex -11.16 -13.999999999999996 -1
      vertex -9.559999999999999 -0.8 -1
      vertex -9.559999999999999 -13.999999999999996 -1
    endloop
  endfacet
  facet normal 0 0 -1
    outer loop
      vertex -11.16 -0.8 -1
      vertex -11.16 0.8 -1
      vertex -9.559999999999999 0.8 -1
    endloop
  endfacet
  facet normal 0 0 -1
    outer loop
      vertex -11.16 -0.8 -1
      vertex -9.559999999999999 0.8 -1
      vertex -9.559999999999999 -0.8 -1
    endloop
  endfacet
  facet normal 0 0 -1
    outer loop
      vertex -11.16 0.8 -1
      vertex -11.16 13.999999999999996 -1
      vertex -9.559999999999999 13.999999999999996 -1
    endloop
  endfacet
  facet normal 0 0 -1
    outer loop
      vertex -11.16 0.8 -1
      vertex -9.559999999999999 13.999999999999996 -1
      vertex -9.559999999999999 0.8 -1
    endloop
  endfacet
  facet normal 0 0 -1
    outer loop
      vertex -11.16 13.999999999999996 -1
      vertex -11.16 15.599999999999998 -1
      vertex -9.559999999999999 15.599999999999998 -1
    endloop
  endfacet
  facet normal 0 0 -1
    outer loop
      vertex -11.16 13.999999999999996 -1
      vertex -9.559999999999999 15.599999999999998 -1
      vertex -9.559999999999999 13.999999999999996 -1
    endloop
  endfacet
  facet normal 0 0 -1
    outer loop
      vertex -11.16 15.599999999999998 -1
      vertex -11.16 28.799999999999994 -1
      vertex -9.559999999999999 28.799999999999994 -1
    endloop
  endfacet
  facet normal 0 0 -1
    outer loop
      vertex -11.16 15.599999999999998 -1
      vertex -9.559999999999999 28.799999999999994 -1
      vertex -9.559999999999999 15.599999999999998 -1
    endloop
  endfacet
  facet normal 0 0 -1
    outer loop
      vertex -11.16 28.799999999999994 -1
      vertex -11.16 30.399999999999995 -1
      vertex -9.559999999999999 30.399999999999995 -1
    endloop
  endfacet
  facet normal 0 0 -1
    outer loop
      vertex -11.16 28.799999999999994 -1
      vertex -9.559999999999999 30.399999999999995 -1
      vertex -9.559999999999999 28.799999999999994 -1
    endloop
  endfacet
  facet normal 0 0 -1
    outer loop
      vertex -11.16 30.399999999999995 -1
      vertex -11.16 43.60000000000001 -1
      vertex -9.559999999999999 43.60000000000001 -1
    endloop
  endfacet
  facet normal 0 0 -1
    outer loop
      vertex -11.16 30.399999999999995 -1
      vertex -9.559999999999999 43.60000000000001 -1
      vertex -9.559999999999999 30.399999999999995 -1
    endloop
  endfacet
  facet normal 0 0 -1
    outer loop
      vertex -11.16 43.60000000000001 -1
      vertex -11.16 45.2 -1
      vertex -9.559999999999999 45.2 -1
    endloop
  endfacet
  facet normal 0 0 -1
    outer loop
      vertex -11.16 43.60000000000001 -1
      vertex -9.559999999999999 45.2 -1
      vertex -9.559999999999999 43.60000000000001 -1
    endloop
  endfacet
  facet normal 0 0 -1
    outer loop
      vertex -11.16 45.2 -1
      vertex -11.16 58.40000000000002 -1
      vertex -9.559999999999999 58.40000000000002 -1
    endloop
  endfacet
  facet normal 0 0 -1
    outer loop
      vertex -11.16 45.2 -1
      vertex -9.559999999999999 58.40000000000002 -1
      vertex -9.559999999999999 45.2 -1
    endloop
  endfacet
  facet normal 0 0 -1
    outer loop
      vertex -11.16 58.40000000000002 -1
      vertex -11.16 60.000000000000014 -1
      vertex -9.559999999999999 60.000000000000014 -1
    endloop
  endfacet
  facet normal 0 0 -1
    outer loop
      vertex -11.16 58.40000000000002 -1
      vertex -9.559999999999999 60.000000000000014 -1
      vertex -9.559999999999999 58.40000000000002 -1
    endloop
  endfacet
  facet normal 0 0 -1
    outer loop
      vertex -11.16 60.000000000000014 -1
      vertex -11.16 72.7 -1
      vertex -9.559999999999999 72.7 -1
    endloop
  endfacet
  facet normal 0 0 -1
    outer loop
      vertex -11.16 60.000000000000014 -1
      vertex -9.559999999999999 72.7 -1
      vertex -9.559999999999999 60.000000000000014 -1
    endloop
  endfacet
  facet normal 0 0 -1
    outer loop
      vertex -11.16 72.7 -1
      vertex -11.16 73.7 -1
      vertex -9.559999999999999 73.7 -1
    endloop
  endfacet
  facet normal 0 0 -1
    outer loop
      vertex -11.16 72.7 -1
      vertex -9.559999999999999 73.7 -1
      vertex -9.559999999999999 72.7 -1
    endloop
  endfacet
  facet normal 0 0 -1
    outer loop
      vertex -11.16 73.7 -1
      vertex -11.16 75 -1
      vertex -9.559999999999999 75 -1
    endloop
  endfacet
  facet normal 0 0 -1
    outer loop
      vertex -11.16 73.7 -1
      vertex -9.559999999999999 75 -1
      vertex -9.559999999999999 73.7 -1
    endloop
  endfacet
  facet normal 0 0 -1
    outer loop
      vertex -9.559999999999999 -75 -1
      vertex -9.559999999999999 -73.7 -1
      vertex 9.559999999999999 -73.7 -1
    endloop
  endfacet
  facet normal 0 0 -1
    outer loop
      vertex -9.559999999999999 -75 -1
      vertex 9.559999999999999 -73.7 -1
      vertex 9.559999999999999 -75 -1
    endloop
  endfacet
  facet normal 0 0 -1
    outer loop
      vertex -9.559999999999999 -73.7 -1
      vertex -9.559999999999999 -72.7 -1
      vertex 9.559999999999999 -72.7 -1
    endloop
  endfacet
  facet normal 0 0 -1
    outer loop
      vertex -9.559999999999999 -73.7 -1
      vertex 9.559999999999999 -72.7 -1
      vertex 9.559999999999999 -73.7 -1
    endloop
  endfacet
  facet normal 0 0 -1
    outer loop
      vertex -9.559999999999999 -72.7 -1
      vertex -9.559999999999999 -60 -1
      vertex 9.559999999999999 -60 -1
    endloop
  endfacet
  facet normal 0 0 -1
    outer loop
      vertex -9.559999999999999 -72.7 -1
      vertex 9.559999999999999 -60 -1
      vertex 9.559999999999999 -72.7 -1
    endloop
  endfacet
  facet normal 0 0 -1
    outer loop
      vertex -9.559999999999999 -60 -1
      vertex -9.559999999999999 -58.400000000000006 -1
      vertex 9.559999999999999 -58.400000000000006 -1
    endloop
  endfacet
  facet normal 0 0 -1
    outer loop
      vertex -9.559999999999999 -60 -1
      vertex 9.559999999999999 -58.400000000000006 -1
      vertex 9.559999999999999 -60 -1
    endloop
  endfacet
  facet normal 0 0 -1
    outer loop
      vertex -9.559999999999999 -58.400000000000006 -1
      vertex -9.559999999999999 -45.199999999999996 -1
      vertex 9.559999999999999 -45.199999999999996 -1
    endloop
  endfacet
  facet normal 0 0 -1
    outer loop
      vertex -9.559999999999999 -58.400000000000006 -1
      vertex 9.559999999999999 -45.199999999999996 -1
      vertex 9.559999999999999 -58.400000000000006 -1
    endloop
  endfacet
  facet normal 0 0 -1
    outer loop
      vertex -9.559999999999999 -45.199999999999996 -1
      vertex -9.559999999999999 -43.6 -1
      vertex 9.559999999999999 -43.6 -1
    endloop
  endfacet
  facet normal 0 0 -1
    outer loop
      vertex -9.559999999999999 -45.199999999999996 -1
      vertex 9.559999999999999 -43.6 -1
      vertex 9.559999999999999 -45.199999999999996 -1
    endloop
  endfacet
  facet normal 0 0 -1
    outer loop
      vertex -9.559999999999999 -43.6 -1
      vertex -9.559999999999999 -30.400000000000002 -1
      vertex 9.559999999999999 -30.400000000000002 -1
    endloop
  endfacet
  facet normal 0 0 -1
    outer loop
      vertex -9.559999999999999 -43.6 -1
      vertex 9.559999999999999 -30.400000000000002 -1
      vertex 9.559999999999999 -43.6 -1
    endloop
  endfacet
  facet normal 0 0 -1
    outer loop
      vertex -9.559999999999999 -30.400000000000002 -1
      vertex -9.559999999999999 -28.8 -1
      vertex 9.559999999999999 -28.8 -1
    endloop
  endfacet
  facet normal 0 0 -1
    outer loop
      vertex -9.559999999999999 -30.400000000000002 -1
      vertex 9.559999999999999 -28.8 -1
      vertex 9.559999999999999 -30.400000000000002 -1
    endloop
  endfacet
  facet normal 0 0 -1
    outer loop
      vertex -9.559999999999999 -28.8 -1
      vertex -9.559999999999999 -15.599999999999998 -1
      vertex 9.559999999999999 -15.599999999999998 -1
    endloop
  endfacet
  facet normal 0 0 -1
    outer loop
      vertex -9.559999999999999 -28.8 -1
      vertex 9.559999999999999 -15.599999999999998 -1
      vertex 9.559999999999999 -28.8 -1
    endloop
  endfacet
  facet normal 0 0 -1
    outer loop
      vertex -9.559999999999999 -15.599999999999998 -1
      vertex -9.559999999999999 -13.999999999999996 -1
      vertex 9.559999999999999 -13.999999999999996 -1
    endloop
  endfacet
  facet normal 0 0 -1
    outer loop
      vertex -9.559999999999999 -15.599999999999998 -1
      vertex 9.559999999999999 -13.999999999999996 -1
      vertex 9.559999999999999 -15.599999999999998 -1
    endloop
  endfacet
  facet normal 0 0 -1
    outer loop
      vertex -9.559999999999999 -13.999999999999996 -1
      vertex -9.559999999999999 -0.8 -1
      vertex 9.559999999999999 -0.8 -1
    endloop
  endfacet
  facet normal 0 0 -1
    outer loop
      vertex -9.559999999999999 -13.999999999999996 -1
      vertex 9.559999999999999 -0.8 -1
      vertex 9.559999999999999 -13.999999999999996 -1
    endloop
  endfacet
  facet normal 0 0 -1
    outer loop
      vertex -9.559999999999999 -0.8 -1
      vertex -9.559999999999999 0.8 -1
      vertex 9.559999999999999 0.8 -1
    endloop
  endfacet
  facet normal 0 0 -1
    outer loop
      vertex -9.559999999999999 -0.8 -1
      vertex 9.559999999999999 0.8 -1
      vertex 9.559999999999999 -0.8 -1
    endloop
  endfacet
  facet normal 0 0 -1
    outer loop
      vertex -9.559999999999999 0.8 -1
      vertex -9.559999999999999 13.999999999999996 -1
      vertex 9.559999999999999 13.999999999999996 -1
    endloop
  endfacet
  facet normal 0 0 -1
    outer loop
      vertex -9.559999999999999 0.8 -1
      vertex 9.559999999999999 13.999999999999996 -1
      vertex 9.559999999999999 0.8 -1
    endloop
  endfacet
  facet normal 0 0 -1
    outer loop
      vertex -9.559999999999999 13.999999999999996 -1
      vertex -9.559999999999999 15.599999999999998 -1
      vertex 9.559999999999999 15.599999999999998 -1
    endloop
  endfacet
  facet normal 0 0 -1
    outer loop
      vertex -9.559999999999999 13.999999999999996 -1
      vertex 9.559999999999999 15.599999999999998 -1
      vertex 9.559999999999999 13.999999999999996 -1
    endloop
  endfacet
  facet normal 0 0 -1
    outer loop
      vertex -9.559999999999999 15.599999999999998 -1
      vertex -9.559999999999999 28.799999999999994 -1
      vertex 9.559999999999999 28.799999999999994 -1
    endloop
  endfacet
  facet normal 0 0 -1
    outer loop
      vertex -9.559999999999999 15.599999999999998 -1
      vertex 9.559999999999999 28.799999999999994 -1
      vertex 9.559999999999999 15.599999999999998 -1
    endloop
  endfacet
  facet normal 0 0 -1
    outer loop
      vertex -9.559999999999999 28.799999999999994 -1
      vertex -9.559999999999999 30.399999999999995 -1
      vertex 9.559999999999999 30.399999999999995 -1
    endloop
  endfacet
  facet normal 0 0 -1
    outer loop
      vertex -9.559999999999999 28.799999999999994 -1
      vertex 9.559999999999999 30.399999999999995 -1
      vertex 9.559999999999999 28.799999999999994 -1
    endloop
  endfacet
  facet normal 0 0 -1
    outer loop
      vertex -9.559999999999999 30.399999999999995 -1
      vertex -9.559999999999999 43.60000000000001 -1
      vertex 9.559999999999999 43.60000000000001 -1
    endloop
  endfacet
  facet normal 0 0 -1
    outer loop
      vertex -9.559999999999999 30.399999999999995 -1
      vertex 9.559999999999999 43.60000000000001 -1
      vertex 9.559999999999999 30.399999999999995 -1
    endloop
  endfacet
  facet normal 0 0 -1
    outer loop
      vertex -9.559999999999999 43.60000000000001 -1
      vertex -9.559999999999999 45.2 -1
      vertex 9.559999999999999 45.2 -1
    endloop
  endfacet
  facet normal 0 0 -1
    outer loop
      vertex -9.559999999999999 43.60000000000001 -1
      vertex 9.559999999999999 45.2 -1
      vertex 9.559999999999999 43.60000000000001 -1
    endloop
  endfacet
  facet normal 0 0 -1
    outer loop
      vertex -9.559999999999999 45.2 -1
      vertex -9.559999999999999 58.40000000000002 -1
      vertex 9.559999999999999 58.40000000000002 -1
    endloop
  endfacet
  facet normal 0 0 -1
    outer loop
      vertex -9.559999999999999 45.2 -1
      vertex 9.559999999999999 58.40000000000002 -1
      vertex 9.559999999999999 45.2 -1
    endloop
  endfacet
  facet normal 0 0 -1
    outer loop
      vertex -9.559999999999999 58.40000000000002 -1
      vertex -9.559999999999999 60.000000000000014 -1
      vertex 9.559999999999999 60.000000000000014 -1
    endloop
  endfacet
  facet normal 0 0 -1
    outer loop
      vertex -9.559999999999999 58.40000000000002 -1
      vertex 9.559999999999999 60.000000000000014 -1
      vertex 9.559999999999999 58.40000000000002 -1
    endloop
  endfacet
  facet normal 0 0 -1
    outer loop
      vertex -9.559999999999999 60.000000000000014 -1
      vertex -9.559999999999999 72.7 -1
      vertex 9.559999999999999 72.7 -1
    endloop
  endfacet
  facet normal 0 0 -1
    outer loop
      vertex -9.559999999999999 60.000000000000014 -1
      vertex 9.559999999999999 72.7 -1
      vertex 9.559999999999999 60.000000000000014 -1
    endloop
  endfacet
  facet normal 0 0 -1
    outer loop
      vertex -9.559999999999999 72.7 -1
      vertex -9.559999999999999 73.7 -1
      vertex 9.559999999999999 73.7 -1
    endloop
  endfacet
  facet normal 0 0 -1
    outer loop
      vertex -9.559999999999999 72.7 -1
      vertex 9.559999999999999 73.7 -1
      vertex 9.559999999999999 72.7 -1
    endloop
  endfacet
  facet normal 0 0 -1
    outer loop
      vertex -9.559999999999999 73.7 -1
      vertex -9.559999999999999 75 -1
      vertex 9.559999999999999 75 -1
    endloop
  endfacet
  facet normal 0 0 -1
    outer loop
      vertex -9.559999999999999 73.7 -1
      vertex 9.559999999999999 75 -1
      vertex 9.559999999999999 73.7 -1
    endloop
  endfacet
  facet normal 0 0 -1
    outer loop
      vertex 9.559999999999999 -75 -1
      vertex 9.559999999999999 -73.7 -1
      vertex 11.16 -73.7 -1
    endloop
  endfacet
  facet normal 0 0 -1
    outer loop
      vertex 9.559999999999999 -75 -1
      vertex 11.16 -73.7 -1
      vertex 11.16 -75 -1
    endloop
  endfacet
  facet normal 0 0 -1
    outer loop
      vertex 9.559999999999999 -73.7 -1
      vertex 9.559999999999999 -72.7 -1
      vertex 11.16 -72.7 -1
    endloop
  endfacet
  facet normal 0 0 -1
    outer loop
      vertex 9.559999999999999 -73.7 -1
      vertex 11.16 -72.7 -1
      vertex 11.16 -73.7 -1
    endloop
  endfacet
  facet normal 0 0 -1
    outer loop
      vertex 9.559999999999999 -72.7 -1
      vertex 9.559999999999999 -60 -1
      vertex 11.16 -60 -1
    endloop
  endfacet
  facet normal 0 0 -1
    outer loop
      vertex 9.559999999999999 -72.7 -1
      vertex 11.16 -60 -1
      vertex 11.16 -72.7 -1
    endloop
  endfacet
  facet normal 0 0 -1
    outer loop
      vertex 9.559999999999999 -60 -1
      vertex 9.559999999999999 -58.400000000000006 -1
      vertex 11.16 -58.400000000000006 -1
    endloop
  endfacet
  facet normal 0 0 -1
    outer loop
      vertex 9.559999999999999 -60 -1
      vertex 11.16 -58.400000000000006 -1
      vertex 11.16 -60 -1
    endloop
  endfacet
  facet normal 0 0 -1
    outer loop
      vertex 9.559999999999999 -58.400000000000006 -1
      vertex 9.559999999999999 -45.199999999999996 -1
      vertex 11.16 -45.199999999999996 -1
    endloop
  endfacet
  facet normal 0 0 -1
    outer loop
      vertex 9.559999999999999 -58.400000000000006 -1
      vertex 11.16 -45.199999999999996 -1
      vertex 11.16 -58.400000000000006 -1
    endloop
  endfacet
  facet normal 0 0 -1
    outer loop
      vertex 9.559999999999999 -45.199999999999996 -1
      vertex 9.559999999999999 -43.6 -1
      vertex 11.16 -43.6 -1
    endloop
  endfacet
  facet normal 0 0 -1
    outer loop
      vertex 9.559999999999999 -45.199999999999996 -1
      vertex 11.16 -43.6 -1
      vertex 11.16 -45.199999999999996 -1
    endloop
  endfacet
  facet normal 0 0 -1
    outer loop
      vertex 9.559999999999999 -43.6 -1
      vertex 9.559999999999999 -30.400000000000002 -1
      vertex 11.16 -30.400000000000002 -1
    endloop
  endfacet
  facet normal 0 0 -1
    outer loop
      vertex 9.559999999999999 -43.6 -1
      vertex 11.16 -30.400000000000002 -1
      vertex 11.16 -43.6 -1
    endloop
  endfacet
  facet normal 0 0 -1
    outer loop
      vertex 9.559999999999999 -30.400000000000002 -1
      vertex 9.559999999999999 -28.8 -1
      vertex 11.16 -28.8 -1
    endloop
  endfacet
  facet normal 0 0 -1
    outer loop
      vertex 9.559999999999999 -30.400000000000002 -1
      vertex 11.16 -28.8 -1
      vertex 11.16 -30.400000000000002 -1
    endloop
  endfacet
  facet normal 0 0 -1
    outer loop
      vertex 9.559999999999999 -28.8 -1
      vertex 9.559999999999999 -15.599999999999998 -1
      vertex 11.16 -15.599999999999998 -1
    endloop
  endfacet
  facet normal 0 0 -1
    outer loop
      vertex 9.559999999999999 -28.8 -1
      vertex 11.16 -15.599999999999998 -1
      vertex 11.16 -28.8 -1
    endloop
  endfacet
  facet normal 0 0 -1
    outer loop
      vertex 9.559999999999999 -15.599999999999998 -1
      vertex 9.559999999999999 -13.999999999999996 -1
      vertex 11.16 -13.999999999999996 -1
    endloop
  endfacet
  facet normal 0 0 -1
    outer loop
      vertex 9.559999999999999 -15.599999999999998 -1
      vertex 11.16 -13.999999999999996 -1
      vertex 11.16 -15.599999999999998 -1
    endloop
  endfacet
  facet normal 0 0 -1
    outer loop
      vertex 9.559999999999999 -13.999999999999996 -1
      vertex 9.559999999999999 -0.8 -1
      vertex 11.16 -0.8 -1
    endloop
  endfacet
  facet normal 0 0 -1
    outer loop
      vertex 9.559999999999999 -13.999999999999996 -1
      vertex 11.16 -0.8 -1
      vertex 11.16 -13.999999999999996 -1
    endloop
  endfacet
  facet normal 0 0 -1
    outer loop
      vertex 9.559999999999999 -0.8 -1
      vertex 9.559999999999999 0.8 -1
      vertex 11.16 0.8 -1
    endloop
  endfacet
  facet normal 0 0 -1
    outer loop
      vertex 9.559999999999999 -0.8 -1
      vertex 11.16 0.8 -1
      vertex 11.16 -0.8 -1
    endloop
  endfacet
  facet normal 0 0 -1
    outer loop
      vertex 9.559999999999999 0.8 -1
      vertex 9.559999999999999 13.999999999999996 -1
      vertex 11.16 13.999999999999996 -1
    endloop
  endfacet
  facet normal 0 0 -1
    outer loop
      vertex 9.559999999999999 0.8 -1
      vertex 11.16 13.999999999999996 -1
      vertex 11.16 0.8 -1
    endloop
  endfacet
  facet normal 0 0 -1
    outer loop
      vertex 9.559999999999999 13.999999999999996 -1
      vertex 9.559999999999999 15.599999999999998 -1
      vertex 11.16 15.599999999999998 -1
    endloop
  endfacet
  facet normal 0 0 -1
    outer loop
      vertex 9.559999999999999 13.999999999999996 -1
      vertex 11.16 15.599999999999998 -1
      vertex 11.16 13.999999999999996 -1
    endloop
  endfacet
  facet normal 0 0 -1
    outer loop
      vertex 9.559999999999999 15.599999999999998 -1
      vertex 9.559999999999999 28.799999999999994 -1
      vertex 11.16 28.799999999999994 -1
    endloop
  endfacet
  facet normal 0 0 -1
    outer loop
      vertex 9.559999999999999 15.599999999999998 -1
      vertex 11.16 28.799999999999994 -1
      vertex 11.16 15.599999999999998 -1
    endloop
  endfacet
  facet normal 0 0 -1
    outer loop
      vertex 9.559999999999999 28.799999999999994 -1
      vertex 9.559999999999999 30.399999999999995 -1
      vertex 11.16 30.399999999999995 -1
    endloop
  endfacet
  facet normal 0 0 -1
    outer loop
      vertex 9.559999999999999 28.799999999999994 -1
      vertex 11.16 30.399999999999995 -1
      vertex 11.16 28.799999999999994 -1
    endloop
  endfacet
  facet normal 0 0 -1
    outer loop
      vertex 9.559999999999999 30.399999999999995 -1
      vertex 9.559999999999999 43.60000000000001 -1
      vertex 11.16 43.60000000000001 -1
    endloop
  endfacet
  facet normal 0 0 -1
    outer loop
      vertex 9.559999999999999 30.399999999999995 -1
      vertex 11.16 43.60000000000001 -1
      vertex 11.16 30.399999999999995 -1
    endloop
  endfacet
  facet normal 0 0 -1
    outer loop
      vertex 9.559999999999999 43.60000000000001 -1
      vertex 9.559999999999999 45.2 -1
      vertex 11.16 45.2 -1
    endloop
  endfacet
  facet normal 0 0 -1
    outer loop
      vertex 9.559999999999999 43.60000000000001 -1
      vertex 11.16 45.2 -1
      vertex 11.16 43.60000000000001 -1
    endloop
  endfacet
  facet normal 0 0 -1
    outer loop
      vertex 9.559999999999999 45.2 -1
      vertex 9.559999999999999 58.40000000000002 -1
      vertex 11.16 58.40000000000002 -1
    endloop
  endfacet
  facet normal 0 0 -1
    outer loop
      vertex 9.559999999999999 45.2 -1
      vertex 11.16 58.40000000000002 -1
      vertex 11.16 45.2 -1
    endloop
  endfacet
  facet normal 0 0 -1
    outer loop
      vertex 9.559999999999999 58.40000000000002 -1
      vertex 9.559999999999999 60.000000000000014 -1
      vertex 11.16 60.000000000000014 -1
    endloop
  endfacet
  facet normal 0 0 -1
    outer loop
      vertex 9.559999999999999 58.40000000000002 -1
      vertex 11.16 60.000000000000014 -1
      vertex 11.16 58.40000000000002 -1
    endloop
  endfacet
  facet normal 0 0 -1
    outer loop
      vertex 9.559999999999999 60.000000000000014 -1
      vertex 9.559999999999999 72.7 -1
      vertex 11.16 72.7 -1
    endloop
  endfacet
  facet normal 0 0 -1
    outer loop
      vertex 9.559999999999999 60.000000000000014 -1
      vertex 11.16 72.7 -1
      vertex 11.16 60.000000000000014 -1
    endloop
  endfacet
  facet normal 0 0 -1
    outer loop
      vertex 9.559999999999999 72.7 -1
      vertex 9.559999999999999 73.7 -1
      vertex 11.16 73.7 -1
    endloop
  endfacet
  facet normal 0 0 -1
    outer loop
      vertex 9.559999999999999 72.7 -1
      vertex 11.16 73.7 -1
      vertex 11.16 72.7 -1
    endloop
  endfacet
  facet normal 0 0 -1
    outer loop
      vertex 9.559999999999999 73.7 -1
      vertex 9.559999999999999 75 -1
      vertex 11.16 75 -1
    endloop
  endfacet
  facet normal 0 0 -1
    outer loop
      vertex 9.559999999999999 73.7 -1
      vertex 11.16 75 -1
      vertex 11.16 73.7 -1
    endloop
  endfacet
  facet normal 0 0 -1
    outer loop
      vertex 11.16 -75 -1
      vertex 11.16 -73.7 -1
      vertex 19.919999999999998 -73.7 -1
    endloop
  endfacet
  facet normal 0 0 -1
    outer loop
      vertex 11.16 -75 -1
      vertex 19.919999999999998 -73.7 -1
      vertex 19.919999999999998 -75 -1
    endloop
  endfacet
  facet normal 0 0 -1
    outer loop
      vertex 11.16 -73.7 -1
      vertex 11.16 -72.7 -1
      vertex 19.919999999999998 -72.7 -1
    endloop
  endfacet
  facet normal 0 0 -1
    outer loop
      vertex 11.16 -73.7 -1
      vertex 19.919999999999998 -72.7 -1
      vertex 19.919999999999998 -73.7 -1
    endloop
  endfacet
  facet normal 0 0 -1
    outer loop
      vertex 11.16 -72.7 -1
      vertex 11.16 -60 -1
      vertex 19.919999999999998 -60 -1
    endloop
  endfacet
  facet normal 0 0 -1
    outer loop
      vertex 11.16 -72.7 -1
      vertex 19.919999999999998 -60 -1
      vertex 19.919999999999998 -72.7 -1
    endloop
  endfacet
  facet normal 0 0 -1
    outer loop
      vertex 11.16 -60 -1
      vertex 11.16 -58.400000000000006 -1
      vertex 19.919999999999998 -58.400000000000006 -1
    endloop
  endfacet
  facet normal 0 0 -1
    outer loop
      vertex 11.16 -60 -1
      vertex 19.919999999999998 -58.400000000000006 -1
      vertex 19.919999999999998 -60 -1
    endloop
  endfacet
  facet normal 0 0 -1
    outer loop
      vertex 11.16 -58.400000000000006 -1
      vertex 11.16 -45.199999999999996 -1
      vertex 19.919999999999998 -45.199999999999996 -1
    endloop
  endfacet
  facet normal 0 0 -1
    outer loop
      vertex 11.16 -58.400000000000006 -1
      vertex 19.919999999999998 -45.199999999999996 -1
      vertex 19.919999999999998 -58.400000000000006 -1
    endloop
  endfacet
  facet normal 0 0 -1
    outer loop
      vertex 11.16 -45.199999999999996 -1
      vertex 11.16 -43.6 -1
      vertex 19.919999999999998 -43.6 -1
    endloop
  endfacet
  facet normal 0 0 -1
    outer loop
      vertex 11.16 -45.199999999999996 -1
      vertex 19.919999999999998 -43.6 -1
      vertex 19.919999999999998 -45.199999999999996 -1
    endloop
  endfacet
  facet normal 0 0 -1
    outer loop
      vertex 11.16 -43.6 -1
      vertex 11.16 -30.400000000000002 -1
      vertex 19.919999999999998 -30.400000000000002 -1
    endloop
  endfacet
  facet normal 0 0 -1
    outer loop
      vertex 11.16 -43.6 -1
      vertex 19.919999999999998 -30.400000000000002 -1
      vertex 19.919999999999998 -43.6 -1
    endloop
  endfacet
  facet normal 0 0 -1
    outer loop
      vertex 11.16 -30.400000000000002 -1
      vertex 11.16 -28.8 -1
      vertex 19.919999999999998 -28.8 -1
    endloop
  endfacet
  facet normal 0 0 -1
    outer loop
      vertex 11.16 -30.400000000000002 -1
      vertex 19.919999999999998 -28.8 -1
      vertex 19.919999999999998 -30.400000000000002 -1
    endloop
  endfacet
  facet normal 0 0 -1
    outer loop
      vertex 11.16 -28.8 -1
      vertex 11.16 -15.599999999999998 -1
      vertex 19.919999999999998 -15.599999999999998 -1
    endloop
  endfacet
  facet normal 0 0 -1
    outer loop
      vertex 11.16 -28.8 -1
      vertex 19.919999999999998 -15.599999999999998 -1
      vertex 19.919999999999998 -28.8 -1
    endloop
  endfacet
  facet normal 0 0 -1
    outer loop
      vertex 11.16 -15.599999999999998 -1
      vertex 11.16 -13.999999999999996 -1
      vertex 19.919999999999998 -13.999999999999996 -1
    endloop
  endfacet
  facet normal 0 0 -1
    outer loop
      vertex 11.16 -15.599999999999998 -1
      vertex 19.919999999999998 -13.999999999999996 -1
      vertex 19.919999999999998 -15.599999999999998 -1
    endloop
  endfacet
  facet normal 0 0 -1
    outer loop
      vertex 11.16 -13.999999999999996 -1
      vertex 11.16 -0.8 -1
      vertex 19.919999999999998 -0.8 -1
    endloop
  endfacet
  facet normal 0 0 -1
    outer loop
      vertex 11.16 -13.999999999999996 -1
      vertex 19.919999999999998 -0.8 -1
      vertex 19.919999999999998 -13.999999999999996 -1
    endloop
  endfacet
  facet normal 0 0 -1
    outer loop
      vertex 11.16 -0.8 -1
      vertex 11.16 0.8 -1
      vertex 19.919999999999998 0.8 -1
    endloop
  endfacet
  facet normal 0 0 -1
    outer loop
      vertex 11.16 -0.8 -1
      vertex 19.919999999999998 0.8 -1
      vertex 19.919999999999998 -0.8 -1
    endloop
  endfacet
  facet normal 0 0 -1
    outer loop
      vertex 11.16 0.8 -1
      vertex 11.16 13.999999999999996 -1
      vertex 19.919999999999998 13.999999999999996 -1
    endloop
  endfacet
  facet normal 0 0 -1
    outer loop
      vertex 11.16 0.8 -1
      vertex 19.919999999999998 13.999999999999996 -1
      vertex 19.919999999999998 0.8 -1
    endloop
  endfacet
  facet normal 0 0 -1
    outer loop
      vertex 11.16 13.999999999999996 -1
      vertex 11.16 15.599999999999998 -1
      vertex 19.919999999999998 15.599999999999998 -1
    endloop
  endfacet
  facet normal 0 0 -1
    outer loop
      vertex 11.16 13.999999999999996 -1
      vertex 19.919999999999998 15.599999999999998 -1
      vertex 19.919999999999998 13.999999999999996 -1
    endloop
  endfacet
  facet normal 0 0 -1
    outer loop
      vertex 11.16 15.599999999999998 -1
      vertex 11.16 28.799999999999994 -1
      vertex 19.919999999999998 28.799999999999994 -1
    endloop
  endfacet
  facet normal 0 0 -1
    outer loop
      vertex 11.16 15.599999999999998 -1
      vertex 19.919999999999998 28.799999999999994 -1
      vertex 19.919999999999998 15.599999999999998 -1
    endloop
  endfacet
  facet normal 0 0 -1
    outer loop
      vertex 11.16 28.799999999999994 -1
      vertex 11.16 30.399999999999995 -1
      vertex 19.919999999999998 30.399999999999995 -1
    endloop
  endfacet
  facet normal 0 0 -1
    outer loop
      vertex 11.16 28.799999999999994 -1
      vertex 19.919999999999998 30.399999999999995 -1
      vertex 19.919999999999998 28.799999999999994 -1
    endloop
  endfacet
  facet normal 0 0 -1
    outer loop
      vertex 11.16 30.399999999999995 -1
      vertex 11.16 43.60000000000001 -1
      vertex 19.919999999999998 43.60000000000001 -1
    endloop
  endfacet
  facet normal 0 0 -1
    outer loop
      vertex 11.16 30.399999999999995 -1
      vertex 19.919999999999998 43.60000000000001 -1
      vertex 19.919999999999998 30.399999999999995 -1
    endloop
  endfacet
  facet normal 0 0 -1
    outer loop
      vertex 11.16 43.60000000000001 -1
      vertex 11.16 45.2 -1
      vertex 19.919999999999998 45.2 -1
    endloop
  endfacet
  facet normal 0 0 -1
    outer loop
      vertex 11.16 43.60000000000001 -1
      vertex 19.919999999999998 45.2 -1
      vertex 19.919999999999998 43.60000000000001 -1
    endloop
  endfacet
  facet normal 0 0 -1
    outer loop
      vertex 11.16 45.2 -1
      vertex 11.16 58.40000000000002 -1
      vertex 19.919999999999998 58.40000000000002 -1
    endloop
  endfacet
  facet normal 0 0 -1
    outer loop
      vertex 11.16 45.2 -1
      vertex 19.919999999999998 58.40000000000002 -1
      vertex 19.919999999999998 45.2 -1
    endloop
  endfacet
  facet normal 0 0 -1
    outer loop
      vertex 11.16 58.40000000000002 -1
      vertex 11.16 60.000000000000014 -1
      vertex 19.919999999999998 60.000000000000014 -1
    endloop
  endfacet
  facet normal 0 0 -1
    outer loop
      vertex 11.16 58.40000000000002 -1
      vertex 19.919999999999998 60.000000000000014 -1
      vertex 19.919999999999998 58.40000000000002 -1
    endloop
  endfacet
  facet normal 0 0 -1
    outer loop
      vertex 11.16 60.000000000000014 -1
      vertex 11.16 72.7 -1
      vertex 19.919999999999998 72.7 -1
    endloop
  endfacet
  facet normal 0 0 -1
    outer loop
      vertex 11.16 60.000000000000014 -1
      vertex 19.919999999999998 72.7 -1
      vertex 19.919999999999998 60.000000000000014 -1
    endloop
  endfacet
  facet normal 0 0 -1
    outer loop
      vertex 11.16 72.7 -1
      vertex 11.16 73.7 -1
      vertex 19.919999999999998 73.7 -1
    endloop
  endfacet
  facet normal 0 0 -1
    outer loop
      vertex 11.16 72.7 -1
      vertex 19.919999999999998 73.7 -1
      vertex 19.919999999999998 72.7 -1
    endloop
  endfacet
  facet normal 0 0 -1
    outer loop
      vertex 11.16 73.7 -1
      vertex 11.16 75 -1
      vertex 19.919999999999998 75 -1
    endloop
  endfacet
  facet normal 0 0 -1
    outer loop
      vertex 11.16 73.7 -1
      vertex 19.919999999999998 75 -1
      vertex 19.919999999999998 73.7 -1
    endloop
  endfacet
  facet normal 0 0 -1
    outer loop
      vertex 19.919999999999998 -75 -1
      vertex 19.919999999999998 -73.7 -1
      vertex 21.52 -73.7 -1
    endloop
  endfacet
  facet normal 0 0 -1
    outer loop
      vertex 19.919999999999998 -75 -1
      vertex 21.52 -73.7 -1
      vertex 21.52 -75 -1
    endloop
  endfacet
  facet normal 0 0 -1
    outer loop
      vertex 19.919999999999998 -73.7 -1
      vertex 19.919999999999998 -72.7 -1
      vertex 21.52 -72.7 -1
    endloop
  endfacet
  facet normal 0 0 -1
    outer loop
      vertex 19.919999999999998 -73.7 -1
      vertex 21.52 -72.7 -1
      vertex 21.52 -73.7 -1
    endloop
  endfacet
  facet normal 0 0 -1
    outer loop
      vertex 19.919999999999998 -72.7 -1
      vertex 19.919999999999998 -60 -1
      vertex 21.52 -60 -1
    endloop
  endfacet
  facet normal 0 0 -1
    outer loop
      vertex 19.919999999999998 -72.7 -1
      vertex 21.52 -60 -1
      vertex 21.52 -72.7 -1
    endloop
  endfacet
  facet normal 0 0 -1
    outer loop
      vertex 19.919999999999998 -60 -1
      vertex 19.919999999999998 -58.400000000000006 -1
      vertex 21.52 -58.400000000000006 -1
    endloop
  endfacet
  facet normal 0 0 -1
    outer loop
      vertex 19.919999999999998 -60 -1
      vertex 21.52 -58.400000000000006 -1
      vertex 21.52 -60 -1
    endloop
  endfacet
  facet normal 0 0 -1
    outer loop
      vertex 19.919999999999998 -58.400000000000006 -1
      vertex 19.919999999999998 -45.199999999999996 -1
      vertex 21.52 -45.199999999999996 -1
    endloop
  endfacet
  facet normal 0 0 -1
    outer loop
      vertex 19.919999999999998 -58.400000000000006 -1
      vertex 21.52 -45.199999999999996 -1
      vertex 21.52 -58.400000000000006 -1
    endloop
  endfacet
  facet normal 0 0 -1
    outer loop
      vertex 19.919999999999998 -45.199999999999996 -1
      vertex 19.919999999999998 -43.6 -1
      vertex 21.52 -43.6 -1
    endloop
  endfacet
  facet normal 0 0 -1
    outer loop
      vertex 19.919999999999998 -45.199999999999996 -1
      vertex 21.52 -43.6 -1
      vertex 21.52 -45.199999999999996 -1
    endloop
  endfacet
  facet normal 0 0 -1
    outer loop
      vertex 19.919999999999998 -43.6 -1
      vertex 19.919999999999998 -30.400000000000002 -1
      vertex 21.52 -30.400000000000002 -1
    endloop
  endfacet
  facet normal 0 0 -1
    outer loop
      vertex 19.919999999999998 -43.6 -1
      vertex 21.52 -30.400000000000002 -1
      vertex 21.52 -43.6 -1
    endloop
  endfacet
  facet normal 0 0 -1
    outer loop
      vertex 19.919999999999998 -30.400000000000002 -1
      vertex 19.919999999999998 -28.8 -1
      vertex 21.52 -28.8 -1
    endloop
  endfacet
  facet normal 0 0 -1
    outer loop
      vertex 19.919999999999998 -30.400000000000002 -1
      vertex 21.52 -28.8 -1
      vertex 21.52 -30.400000000000002 -1
    endloop
  endfacet
  facet normal 0 0 -1
    outer loop
      vertex 19.919999999999998 -28.8 -1
      vertex 19.919999999999998 -15.599999999999998 -1
      vertex 21.52 -15.599999999999998 -1
    endloop
  endfacet
  facet normal 0 0 -1
    outer loop
      vertex 19.919999999999998 -28.8 -1
      vertex 21.52 -15.599999999999998 -1
      vertex 21.52 -28.8 -1
    endloop
  endfacet
  facet normal 0 0 -1
    outer loop
      vertex 19.919999999999998 -15.599999999999998 -1
      vertex 19.919999999999998 -13.999999999999996 -1
      vertex 21.52 -13.999999999999996 -1
    endloop
  endfacet
  facet normal 0 0 -1
    outer loop
      vertex 19.919999999999998 -15.599999999999998 -1
      vertex 21.52 -13.999999999999996 -1
      vertex 21.52 -15.599999999999998 -1
    endloop
  endfacet
  facet normal 0 0 -1
    outer loop
      vertex 19.919999999999998 -13.999999999999996 -1
      vertex 19.919999999999998 -0.8 -1
      vertex 21.52 -0.8 -1
    endloop
  endfacet
  facet normal 0 0 -1
    outer loop
      vertex 19.919999999999998 -13.999999999999996 -1
      vertex 21.52 -0.8 -1
      vertex 21.52 -13.999999999999996 -1
    endloop
  endfacet
  facet normal 0 0 -1
    outer loop
      vertex 19.919999999999998 -0.8 -1
      vertex 19.919999999999998 0.8 -1
      vertex 21.52 0.8 -1
    endloop
  endfacet
  facet normal 0 0 -1
    outer loop
      vertex 19.919999999999998 -0.8 -1
      vertex 21.52 0.8 -1
      vertex 21.52 -0.8 -1
    endloop
  endfacet
  facet normal 0 0 -1
    outer loop
      vertex 19.919999999999998 0.8 -1
      vertex 19.919999999999998 13.999999999999996 -1
      vertex 21.52 13.999999999999996 -1
    endloop
  endfacet
  facet normal 0 0 -1
    outer loop
      vertex 19.919999999999998 0.8 -1
      vertex 21.52 13.999999999999996 -1
      vertex 21.52 0.8 -1
    endloop
  endfacet
  facet normal 0 0 -1
    outer loop
      vertex 19.919999999999998 13.999999999999996 -1
      vertex 19.919999999999998 15.599999999999998 -1
      vertex 21.52 15.599999999999998 -1
    endloop
  endfacet
  facet normal 0 0 -1
    outer loop
      vertex 19.919999999999998 13.999999999999996 -1
      vertex 21.52 15.599999999999998 -1
      vertex 21.52 13.999999999999996 -1
    endloop
  endfacet
  facet normal 0 0 -1
    outer loop
      vertex 19.919999999999998 15.599999999999998 -1
      vertex 19.919999999999998 28.799999999999994 -1
      vertex 21.52 28.799999999999994 -1
    endloop
  endfacet
  facet normal 0 0 -1
    outer loop
      vertex 19.919999999999998 15.599999999999998 -1
      vertex 21.52 28.799999999999994 -1
      vertex 21.52 15.599999999999998 -1
    endloop
  endfacet
  facet normal 0 0 -1
    outer loop
      vertex 19.919999999999998 28.799999999999994 -1
      vertex 19.919999999999998 30.399999999999995 -1
      vertex 21.52 30.399999999999995 -1
    endloop
  endfacet
  facet normal 0 0 -1
    outer loop
      vertex 19.919999999999998 28.799999999999994 -1
      vertex 21.52 30.399999999999995 -1
      vertex 21.52 28.799999999999994 -1
    endloop
  endfacet
  facet normal 0 0 -1
    outer loop
      vertex 19.919999999999998 30.399999999999995 -1
      vertex 19.919999999999998 43.60000000000001 -1
      vertex 21.52 43.60000000000001 -1
    endloop
  endfacet
  facet normal 0 0 -1
    outer loop
      vertex 19.919999999999998 30.399999999999995 -1
      vertex 21.52 43.60000000000001 -1
      vertex 21.52 30.399999999999995 -1
    endloop
  endfacet
  facet normal 0 0 -1
    outer loop
      vertex 19.919999999999998 43.60000000000001 -1
      vertex 19.919999999999998 45.2 -1
      vertex 21.52 45.2 -1
    endloop
  endfacet
  facet normal 0 0 -1
    outer loop
      vertex 19.919999999999998 43.60000000000001 -1
      vertex 21.52 45.2 -1
      vertex 21.52 43.60000000000001 -1
    endloop
  endfacet
  facet normal 0 0 -1
    outer loop
      vertex 19.919999999999998 45.2 -1
      vertex 19.919999999999998 58.40000000000002 -1
      vertex 21.52 58.40000000000002 -1
    endloop
  endfacet
  facet normal 0 0 -1
    outer loop
      vertex 19.919999999999998 45.2 -1
      vertex 21.52 58.40000000000002 -1
      vertex 21.52 45.2 -1
    endloop
  endfacet
  facet normal 0 0 -1
    outer loop
      vertex 19.919999999999998 58.40000000000002 -1
      vertex 19.919999999999998 60.000000000000014 -1
      vertex 21.52 60.000000000000014 -1
    endloop
  endfacet
  facet normal 0 0 -1
    outer loop
      vertex 19.919999999999998 58.40000000000002 -1
      vertex 21.52 60.000000000000014 -1
      vertex 21.52 58.40000000000002 -1
    endloop
  endfacet
  facet normal 0 0 -1
    outer loop
      vertex 19.919999999999998 60.000000000000014 -1
      vertex 19.919999999999998 72.7 -1
      vertex 21.52 72.7 -1
    endloop
  endfacet
  facet normal 0 0 -1
    outer loop
      vertex 19.919999999999998 60.000000000000014 -1
      vertex 21.52 72.7 -1
      vertex 21.52 60.000000000000014 -1
    endloop
  endfacet
  facet normal 0 0 -1
    outer loop
      vertex 19.919999999999998 72.7 -1
      vertex 19.919999999999998 73.7 -1
      vertex 21.52 73.7 -1
    endloop
  endfacet
  facet normal 0 0 -1
    outer loop
      vertex 19.919999999999998 72.7 -1
      vertex 21.52 73.7 -1
      vertex 21.52 72.7 -1
    endloop
  endfacet
  facet normal 0 0 -1
    outer loop
      vertex 19.919999999999998 73.7 -1
      vertex 19.919999999999998 75 -1
      vertex 21.52 75 -1
    endloop
  endfacet
  facet normal 0 0 -1
    outer loop
      vertex 19.919999999999998 73.7 -1
      vertex 21.52 75 -1
      vertex 21.52 73.7 -1
    endloop
  endfacet
  facet normal 0 0 -1
    outer loop
      vertex 21.52 -75 -1
      vertex 21.52 -73.7 -1
      vertex 28.8 -73.7 -1
    endloop
  endfacet
  facet normal 0 0 -1
    outer loop
      vertex 21.52 -75 -1
      vertex 28.8 -73.7 -1
      vertex 28.8 -75 -1
    endloop
  endfacet
  facet normal 0 0 -1
    outer loop
      vertex 21.52 -73.7 -1
      vertex 21.52 -72.7 -1
      vertex 28.8 -72.7 -1
    endloop
  endfacet
  facet normal 0 0 -1
    outer loop
      vertex 21.52 -73.7 -1
      vertex 28.8 -72.7 -1
      vertex 28.8 -73.7 -1
    endloop
  endfacet
  facet normal 0 0 -1
    outer loop
      vertex 21.52 -72.7 -1
      vertex 21.52 -60 -1
      vertex 28.8 -60 -1
    endloop
  endfacet
  facet normal 0 0 -1
    outer loop
      vertex 21.52 -72.7 -1
      vertex 28.8 -60 -1
      vertex 28.8 -72.7 -1
    endloop
  endfacet
  facet normal 0 0 -1
    outer loop
      vertex 21.52 -60 -1
      vertex 21.52 -58.400000000000006 -1
      vertex 28.8 -58.400000000000006 -1
    endloop
  endfacet
  facet normal 0 0 -1
    outer loop
      vertex 21.52 -60 -1
      vertex 28.8 -58.400000000000006 -1
      vertex 28.8 -60 -1
    endloop
  endfacet
  facet normal 0 0 -1
    outer loop
      vertex 21.52 -58.400000000000006 -1
      vertex 21.52 -45.199999999999996 -1
      vertex 28.8 -45.199999999999996 -1
    endloop
  endfacet
  facet normal 0 0 -1
    outer loop
      vertex 21.52 -58.400000000000006 -1
      vertex 28.8 -45.199999999999996 -1
      vertex 28.8 -58.400000000000006 -1
    endloop
  endfacet
  facet normal 0 0 -1
    outer loop
      vertex 21.52 -45.199999999999996 -1
      vertex 21.52 -43.6 -1
      vertex 28.8 -43.6 -1
    endloop
  endfacet
  facet normal 0 0 -1
    outer loop
      vertex 21.52 -45.199999999999996 -1
      vertex 28.8 -43.6 -1
      vertex 28.8 -45.199999999999996 -1
    endloop
  endfacet
  facet normal 0 0 -1
    outer loop
      vertex 21.52 -43.6 -1
      vertex 21.52 -30.400000000000002 -1
      vertex 28.8 -30.400000000000002 -1
    endloop
  endfacet
  facet normal 0 0 -1
    outer loop
      vertex 21.52 -43.6 -1
      vertex 28.8 -30.400000000000002 -1
      vertex 28.8 -43.6 -1
    endloop
  endfacet
  facet normal 0 0 -1
    outer loop
      vertex 21.52 -30.400000000000002 -1
      vertex 21.52 -28.8 -1
      vertex 28.8 -28.8 -1
    endloop
  endfacet
  facet normal 0 0 -1
    outer loop
      vertex 21.52 -30.400000000000002 -1
      vertex 28.8 -28.8 -1
      vertex 28.8 -30.400000000000002 -1
    endloop
  endfacet
  facet normal 0 0 -1
    outer loop
      vertex 21.52 -28.8 -1
      vertex 21.52 -15.599999999999998 -1
      vertex 28.8 -15.599999999999998 -1
    endloop
  endfacet
  facet normal 0 0 -1
    outer loop
      vertex 21.52 -28.8 -1
      vertex 28.8 -15.599999999999998 -1
      vertex 28.8 -28.8 -1
    endloop
  endfacet
  facet normal 0 0 -1
    outer loop
      vertex 21.52 -15.599999999999998 -1
      vertex 21.52 -13.999999999999996 -1
      vertex 28.8 -13.999999999999996 -1
    endloop
  endfacet
  facet normal 0 0 -1
    outer loop
      vertex 21.52 -15.599999999999998 -1
      vertex 28.8 -13.999999999999996 -1
      vertex 28.8 -15.599999999999998 -1
    endloop
  endfacet
  facet normal 0 0 -1
    outer loop
      vertex 21.52 -13.999999999999996 -1
      vertex 21.52 -0.8 -1
      vertex 28.8 -0.8 -1
    endloop
  endfacet
  facet normal 0 0 -1
    outer loop
      vertex 21.52 -13.999999999999996 -1
      vertex 28.8 -0.8 -1
      vertex 28.8 -13.999999999999996 -1
    endloop
  endfacet
  facet normal 0 0 -1
    outer loop
      vertex 21.52 -0.8 -1
      vertex 21.52 0.8 -1
      vertex 28.8 0.8 -1
    endloop
  endfacet
  facet normal 0 0 -1
    outer loop
      vertex 21.52 -0.8 -1
      vertex 28.8 0.8 -1
      vertex 28.8 -0.8 -1
    endloop
  endfacet
  facet normal 0 0 -1
    outer loop
      vertex 21.52 0.8 -1
      vertex 21.52 13.999999999999996 -1
      vertex 28.8 13.999999999999996 -1
    endloop
  endfacet
  facet normal 0 0 -1
    outer loop
      vertex 21.52 0.8 -1
      vertex 28.8 13.999999999999996 -1
      vertex 28.8 0.8 -1
    endloop
  endfacet
  facet normal 0 0 -1
    outer loop
      vertex 21.52 13.999999999999996 -1
      vertex 21.52 15.599999999999998 -1
      vertex 28.8 15.599999999999998 -1
    endloop
  endfacet
  facet normal 0 0 -1
    outer loop
      vertex 21.52 13.999999999999996 -1
      vertex 28.8 15.599999999999998 -1
      vertex 28.8 13.999999999999996 -1
    endloop
  endfacet
  facet normal 0 0 -1
    outer loop
      vertex 21.52 15.599999999999998 -1
      vertex 21.52 28.799999999999994 -1
      vertex 28.8 28.799999999999994 -1
    endloop
  endfacet
  facet normal 0 0 -1
    outer loop
      vertex 21.52 15.599999999999998 -1
      vertex 28.8 28.799999999999994 -1
      vertex 28.8 15.599999999999998 -1
    endloop
  endfacet
  facet normal 0 0 -1
    outer loop
      vertex 21.52 28.799999999999994 -1
      vertex 21.52 30.399999999999995 -1
      vertex 28.8 30.399999999999995 -1
    endloop
  endfacet
  facet normal 0 0 -1
    outer loop
      vertex 21.52 28.799999999999994 -1
      vertex 28.8 30.399999999999995 -1
      vertex 28.8 28.799999999999994 -1
    endloop
  endfacet
  facet normal 0 0 -1
    outer loop
      vertex 21.52 30.399999999999995 -1
      vertex 21.52 43.60000000000001 -1
      vertex 28.8 43.60000000000001 -1
    endloop
  endfacet
  facet normal 0 0 -1
    outer loop
      vertex 21.52 30.399999999999995 -1
      vertex 28.8 43.60000000000001 -1
      vertex 28.8 30.399999999999995 -1
    endloop
  endfacet
  facet normal 0 0 -1
    outer loop
      vertex 21.52 43.60000000000001 -1
      vertex 21.52 45.2 -1
      vertex 28.8 45.2 -1
    endloop
  endfacet
  facet normal 0 0 -1
    outer loop
      vertex 21.52 43.60000000000001 -1
      vertex 28.8 45.2 -1
      vertex 28.8 43.60000000000001 -1
    endloop
  endfacet
  facet normal 0 0 -1
    outer loop
      vertex 21.52 45.2 -1
      vertex 21.52 58.40000000000002 -1
      vertex 28.8 58.40000000000002 -1
    endloop
  endfacet
  facet normal 0 0 -1
    outer loop
      vertex 21.52 45.2 -1
      vertex 28.8 58.40000000000002 -1
      vertex 28.8 45.2 -1
    endloop
  endfacet
  facet normal 0 0 -1
    outer loop
      vertex 21.52 58.40000000000002 -1
      vertex 21.52 60.000000000000014 -1
      vertex 28.8 60.000000000000014 -1
    endloop
  endfacet
  facet normal 0 0 -1
    outer loop
      vertex 21.52 58.40000000000002 -1
      vertex 28.8 60.000000000000014 -1
      vertex 28.8 58.40000000000002 -1
    endloop
  endfacet
  facet normal 0 0 -1
    outer loop
      vertex 21.52 60.000000000000014 -1
      vertex 21.52 72.7 -1
      vertex 28.8 72.7 -1
    endloop
  endfacet
  facet normal 0 0 -1
    outer loop
      vertex 21.52 60.000000000000014 -1
      vertex 28.8 72.7 -1
      vertex 28.8 60.000000000000014 -1
    endloop
  endfacet
  facet normal 0 0 -1
    outer loop
      vertex 21.52 72.7 -1
      vertex 21.52 73.7 -1
      vertex 28.8 73.7 -1
    endloop
  endfacet
  facet normal 0 0 -1
    outer loop
      vertex 21.52 72.7 -1
      vertex 28.8 73.7 -1
      vertex 28.8 72.7 -1
    endloop
  endfacet
  facet normal 0 0 -1
    outer loop
      vertex 21.52 73.7 -1
      vertex 21.52 75 -1
      vertex 28.8 75 -1
    endloop
  endfacet
  facet normal 0 0 -1
    outer loop
      vertex 21.52 73.7 -1
      vertex 28.8 75 -1
      vertex 28.8 73.7 -1
    endloop
  endfacet
  facet normal 0 0 -1
    outer loop
      vertex 28.8 -75 -1
      vertex 28.8 -73.7 -1
      vertex 30.400000000000002 -73.7 -1
    endloop
  endfacet
  facet normal 0 0 -1
    outer loop
      vertex 28.8 -75 -1
      vertex 30.400000000000002 -73.7 -1
      vertex 30.400000000000002 -75 -1
    endloop
  endfacet
  facet normal 0 0 -1
    outer loop
      vertex 28.8 -73.7 -1
      vertex 28.8 -72.7 -1
      vertex 30.400000000000002 -72.7 -1
    endloop
  endfacet
  facet normal 0 0 -1
    outer loop
      vertex 28.8 -73.7 -1
      vertex 30.400000000000002 -72.7 -1
      vertex 30.400000000000002 -73.7 -1
    endloop
  endfacet
  facet normal 0 0 -1
    outer loop
      vertex 28.8 -72.7 -1
      vertex 28.8 -60 -1
      vertex 30.400000000000002 -60 -1
    endloop
  endfacet
  facet normal 0 0 -1
    outer loop
      vertex 28.8 -72.7 -1
      vertex 30.400000000000002 -60 -1
      vertex 30.400000000000002 -72.7 -1
    endloop
  endfacet
  facet normal 0 0 -1
    outer loop
      vertex 28.8 -60 -1
      vertex 28.8 -58.400000000000006 -1
      vertex 30.400000000000002 -58.400000000000006 -1
    endloop
  endfacet
  facet normal 0 0 -1
    outer loop
      vertex 28.8 -60 -1
      vertex 30.400000000000002 -58.400000000000006 -1
      vertex 30.400000000000002 -60 -1
    endloop
  endfacet
  facet normal 0 0 -1
    outer loop
      vertex 28.8 -58.400000000000006 -1
      vertex 28.8 -45.199999999999996 -1
      vertex 30.400000000000002 -45.199999999999996 -1
    endloop
  endfacet
  facet normal 0 0 -1
    outer loop
      vertex 28.8 -58.400000000000006 -1
      vertex 30.400000000000002 -45.199999999999996 -1
      vertex 30.400000000000002 -58.400000000000006 -1
    endloop
  endfacet
  facet normal 0 0 -1
    outer loop
      vertex 28.8 -45.199999999999996 -1
      vertex 28.8 -43.6 -1
      vertex 30.400000000000002 -43.6 -1
    endloop
  endfacet
  facet normal 0 0 -1
    outer loop
      vertex 28.8 -45.199999999999996 -1
      vertex 30.400000000000002 -43.6 -1
      vertex 30.400000000000002 -45.199999999999996 -1
    endloop
  endfacet
  facet normal 0 0 -1
    outer loop
      vertex 28.8 -43.6 -1
      vertex 28.8 -30.400000000000002 -1
      vertex 30.400000000000002 -30.400000000000002 -1
    endloop
  endfacet
  facet normal 0 0 -1
    outer loop
      vertex 28.8 -43.6 -1
      vertex 30.400000000000002 -30.400000000000002 -1
      vertex 30.400000000000002 -43.6 -1
    endloop
  endfacet
  facet normal 0 0 -1
    outer loop
      vertex 28.8 -30.400000000000002 -1
      vertex 28.8 -28.8 -1
      vertex 30.400000000000002 -28.8 -1
    endloop
  endfacet
  facet normal 0 0 -1
    outer loop
      vertex 28.8 -30.400000000000002 -1
      vertex 30.400000000000002 -28.8 -1
      vertex 30.400000000000002 -30.400000000000002 -1
    endloop
  endfacet
  facet normal 0 0 -1
    outer loop
      vertex 28.8 -28.8 -1
      vertex 28.8 -15.599999999999998 -1
      vertex 30.400000000000002 -15.599999999999998 -1
    endloop
  endfacet
  facet normal 0 0 -1
    outer loop
      vertex 28.8 -28.8 -1
      vertex 30.400000000000002 -15.599999999999998 -1
      vertex 30.400000000000002 -28.8 -1
    endloop
  endfacet
  facet normal 0 0 -1
    outer loop
      vertex 28.8 -15.599999999999998 -1
      vertex 28.8 -13.999999999999996 -1
      vertex 30.400000000000002 -13.999999999999996 -1
    endloop
  endfacet
  facet normal 0 0 -1
    outer loop
      vertex 28.8 -15.599999999999998 -1
      vertex 30.400000000000002 -13.999999999999996 -1
      vertex 30.400000000000002 -15.599999999999998 -1
    endloop
  endfacet
  facet normal 0 0 -1
    outer loop
      vertex 28.8 -13.999999999999996 -1
      vertex 28.8 -0.8 -1
      vertex 30.400000000000002 -0.8 -1
    endloop
  endfacet
  facet normal 0 0 -1
    outer loop
      vertex 28.8 -13.999999999999996 -1
      vertex 30.400000000000002 -0.8 -1
      vertex 30.400000000000002 -13.999999999999996 -1
    endloop
  endfacet
  facet normal 0 0 -1
    outer loop
      vertex 28.8 -0.8 -1
      vertex 28.8 0.8 -1
      vertex 30.400000000000002 0.8 -1
    endloop
  endfacet
  facet normal 0 0 -1
    outer loop
      vertex 28.8 -0.8 -1
      vertex 30.400000000000002 0.8 -1
      vertex 30.400000000000002 -0.8 -1
    endloop
  endfacet
  facet normal 0 0 -1
    outer loop
      vertex 28.8 0.8 -1
      vertex 28.8 13.999999999999996 -1
      vertex 30.400000000000002 13.999999999999996 -1
    endloop
  endfacet
  facet normal 0 0 -1
    outer loop
      vertex 28.8 0.8 -1
      vertex 30.400000000000002 13.999999999999996 -1
      vertex 30.400000000000002 0.8 -1
    endloop
  endfacet
  facet normal 0 0 -1
    outer loop
      vertex 28.8 13.999999999999996 -1
      vertex 28.8 15.599999999999998 -1
      vertex 30.400000000000002 15.599999999999998 -1
    endloop
  endfacet
  facet normal 0 0 -1
    outer loop
      vertex 28.8 13.999999999999996 -1
      vertex 30.400000000000002 15.599999999999998 -1
      vertex 30.400000000000002 13.999999999999996 -1
    endloop
  endfacet
  facet normal 0 0 -1
    outer loop
      vertex 28.8 15.599999999999998 -1
      vertex 28.8 28.799999999999994 -1
      vertex 30.400000000000002 28.799999999999994 -1
    endloop
  endfacet
  facet normal 0 0 -1
    outer loop
      vertex 28.8 15.599999999999998 -1
      vertex 30.400000000000002 28.799999999999994 -1
      vertex 30.400000000000002 15.599999999999998 -1
    endloop
  endfacet
  facet normal 0 0 -1
    outer loop
      vertex 28.8 28.799999999999994 -1
      vertex 28.8 30.399999999999995 -1
      vertex 30.400000000000002 30.399999999999995 -1
    endloop
  endfacet
  facet normal 0 0 -1
    outer loop
      vertex 28.8 28.799999999999994 -1
      vertex 30.400000000000002 30.399999999999995 -1
      vertex 30.400000000000002 28.799999999999994 -1
    endloop
  endfacet
  facet normal 0 0 -1
    outer loop
      vertex 28.8 30.399999999999995 -1
      vertex 28.8 43.60000000000001 -1
      vertex 30.400000000000002 43.60000000000001 -1
    endloop
  endfacet
  facet normal 0 0 -1
    outer loop
      vertex 28.8 30.399999999999995 -1
      vertex 30.400000000000002 43.60000000000001 -1
      vertex 30.400000000000002 30.399999999999995 -1
    endloop
  endfacet
  facet normal 0 0 -1
    outer loop
      vertex 28.8 43.60000000000001 -1
      vertex 28.8 45.2 -1
      vertex 30.400000000000002 45.2 -1
    endloop
  endfacet
  facet normal 0 0 -1
    outer loop
      vertex 28.8 43.60000000000001 -1
      vertex 30.400000000000002 45.2 -1
      vertex 30.400000000000002 43.60000000000001 -1
    endloop
  endfacet
  facet normal 0 0 -1
    outer loop
      vertex 28.8 45.2 -1
      vertex 28.8 58.40000000000002 -1
      vertex 30.400000000000002 58.40000000000002 -1
    endloop
  endfacet
  facet normal 0 0 -1
    outer loop
      vertex 28.8 45.2 -1
      vertex 30.400000000000002 58.40000000000002 -1
      vertex 30.400000000000002 45.2 -1
    endloop
  endfacet
  facet normal 0 0 -1
    outer loop
      vertex 28.8 58.40000000000002 -1
      vertex 28.8 60.000000000000014 -1
      vertex 30.400000000000002 60.000000000000014 -1
    endloop
  endfacet
  facet normal 0 0 -1
    outer loop
      vertex 28.8 58.40000000000002 -1
      vertex 30.400000000000002 60.000000000000014 -1
      vertex 30.400000000000002 58.40000000000002 -1
    endloop
  endfacet
  facet normal 0 0 -1
    outer loop
      vertex 28.8 60.000000000000014 -1
      vertex 28.8 72.7 -1
      vertex 30.400000000000002 72.7 -1
    endloop
  endfacet
  facet normal 0 0 -1
    outer loop
      vertex 28.8 60.000000000000014 -1
      vertex 30.400000000000002 72.7 -1
      vertex 30.400000000000002 60.000000000000014 -1
    endloop
  endfacet
  facet normal 0 0 -1
    outer loop
      vertex 28.8 72.7 -1
      vertex 28.8 73.7 -1
      vertex 30.400000000000002 73.7 -1
    endloop
  endfacet
  facet normal 0 0 -1
    outer loop
      vertex 28.8 72.7 -1
      vertex 30.400000000000002 73.7 -1
      vertex 30.400000000000002 72.7 -1
    endloop
  endfacet
  facet normal 0 0 -1
    outer loop
      vertex 28.8 73.7 -1
      vertex 28.8 75 -1
      vertex 30.400000000000002 75 -1
    endloop
  endfacet
  facet normal 0 0 -1
    outer loop
      vertex 28.8 73.7 -1
      vertex 30.400000000000002 75 -1
      vertex 30.400000000000002 73.7 -1
    endloop
  endfacet
  facet normal 0 0 -1
    outer loop
      vertex 30.400000000000002 -75 -1
      vertex 30.400000000000002 -73.7 -1
      vertex 43.6 -73.7 -1
    endloop
  endfacet
  facet normal 0 0 -1
    outer loop
      vertex 30.400000000000002 -75 -1
      vertex 43.6 -73.7 -1
      vertex 43.6 -75 -1
    endloop
  endfacet
  facet normal 0 0 -1
    outer loop
      vertex 30.400000000000002 -73.7 -1
      vertex 30.400000000000002 -72.7 -1
      vertex 43.6 -72.7 -1
    endloop
  endfacet
  facet normal 0 0 -1
    outer loop
      vertex 30.400000000000002 -73.7 -1
      vertex 43.6 -72.7 -1
      vertex 43.6 -73.7 -1
    endloop
  endfacet
  facet normal 0 0 -1
    outer loop
      vertex 30.400000000000002 -72.7 -1
      vertex 30.400000000000002 -60 -1
      vertex 43.6 -60 -1
    endloop
  endfacet
  facet normal 0 0 -1
    outer loop
      vertex 30.400000000000002 -72.7 -1
      vertex 43.6 -60 -1
      vertex 43.6 -72.7 -1
    endloop
  endfacet
  facet normal 0 0 -1
    outer loop
      vertex 30.400000000000002 -60 -1
      vertex 30.400000000000002 -58.400000000000006 -1
      vertex 43.6 -58.400000000000006 -1
    endloop
  endfacet
  facet normal 0 0 -1
    outer loop
      vertex 30.400000000000002 -60 -1
      vertex 43.6 -58.400000000000006 -1
      vertex 43.6 -60 -1
    endloop
  endfacet
  facet normal 0 0 -1
    outer loop
      vertex 30.400000000000002 -58.400000000000006 -1
      vertex 30.400000000000002 -45.199999999999996 -1
      vertex 43.6 -45.199999999999996 -1
    endloop
  endfacet
  facet normal 0 0 -1
    outer loop
      vertex 30.400000000000002 -58.400000000000006 -1
      vertex 43.6 -45.199999999999996 -1
      vertex 43.6 -58.400000000000006 -1
    endloop
  endfacet
  facet normal 0 0 -1
    outer loop
      vertex 30.400000000000002 -45.199999999999996 -1
      vertex 30.400000000000002 -43.6 -1
      vertex 43.6 -43.6 -1
    endloop
  endfacet
  facet normal 0 0 -1
    outer loop
      vertex 30.400000000000002 -45.199999999999996 -1
      vertex 43.6 -43.6 -1
      vertex 43.6 -45.199999999999996 -1
    endloop
  endfacet
  facet normal 0 0 -1
    outer loop
      vertex 30.400000000000002 -43.6 -1
      vertex 30.400000000000002 -30.400000000000002 -1
      vertex 43.6 -30.400000000000002 -1
    endloop
  endfacet
  facet normal 0 0 -1
    outer loop
      vertex 30.400000000000002 -43.6 -1
      vertex 43.6 -30.400000000000002 -1
      vertex 43.6 -43.6 -1
    endloop
  endfacet
  facet normal 0 0 -1
    outer loop
      vertex 30.400000000000002 -30.400000000000002 -1
      vertex 30.400000000000002 -28.8 -1
      vertex 43.6 -28.8 -1
    endloop
  endfacet
  facet normal 0 0 -1
    outer loop
      vertex 30.400000000000002 -30.400000000000002 -1
      vertex 43.6 -28.8 -1
      vertex 43.6 -30.400000000000002 -1
    endloop
  endfacet
  facet normal 0 0 -1
    outer loop
      vertex 30.400000000000002 -28.8 -1
      vertex 30.400000000000002 -15.599999999999998 -1
      vertex 43.6 -15.599999999999998 -1
    endloop
  endfacet
  facet normal 0 0 -1
    outer loop
      vertex 30.400000000000002 -28.8 -1
      vertex 43.6 -15.599999999999998 -1
      vertex 43.6 -28.8 -1
    endloop
  endfacet
  facet normal 0 0 -1
    outer loop
      vertex 30.400000000000002 -15.599999999999998 -1
      vertex 30.400000000000002 -13.999999999999996 -1
      vertex 43.6 -13.999999999999996 -1
    endloop
  endfacet
  facet normal 0 0 -1
    outer loop
      vertex 30.400000000000002 -15.599999999999998 -1
      vertex 43.6 -13.999999999999996 -1
      vertex 43.6 -15.599999999999998 -1
    endloop
  endfacet
  facet normal 0 0 -1
    outer loop
      vertex 30.400000000000002 -13.999999999999996 -1
      vertex 30.400000000000002 -0.8 -1
      vertex 43.6 -0.8 -1
    endloop
  endfacet
  facet normal 0 0 -1
    outer loop
      vertex 30.400000000000002 -13.999999999999996 -1
      vertex 43.6 -0.8 -1
      vertex 43.6 -13.999999999999996 -1
    endloop
  endfacet
  facet normal 0 0 -1
    outer loop
      vertex 30.400000000000002 -0.8 -1
      vertex 30.400000000000002 0.8 -1
      vertex 43.6 0.8 -1
    endloop
  endfacet
  facet normal 0 0 -1
    outer loop
      vertex 30.400000000000002 -0.8 -1
      vertex 43.6 0.8 -1
      vertex 43.6 -0.8 -1
    endloop
  endfacet
  facet normal 0 0 -1
    outer loop
      vertex 30.400000000000002 0.8 -1
      vertex 30.400000000000002 13.999999999999996 -1
      vertex 43.6 13.999999999999996 -1
    endloop
  endfacet
  facet normal 0 0 -1
    outer loop
      vertex 30.400000000000002 0.8 -1
      vertex 43.6 13.999999999999996 -1
      vertex 43.6 0.8 -1
    endloop
  endfacet
  facet normal 0 0 -1
    outer loop
      vertex 30.400000000000002 13.999999999999996 -1
      vertex 30.400000000000002 15.599999999999998 -1
      vertex 43.6 15.599999999999998 -1
    endloop
  endfacet
  facet normal 0 0 -1
    outer loop
      vertex 30.400000000000002 13.999999999999996 -1
      vertex 43.6 15.599999999999998 -1
      vertex 43.6 13.999999999999996 -1
    endloop
  endfacet
  facet normal 0 0 -1
    outer loop
      vertex 30.400000000000002 15.599999999999998 -1
      vertex 30.400000000000002 28.799999999999994 -1
      vertex 43.6 28.799999999999994 -1
    endloop
  endfacet
  facet normal 0 0 -1
    outer loop
      vertex 30.400000000000002 15.599999999999998 -1
      vertex 43.6 28.799999999999994 -1
      vertex 43.6 15.599999999999998 -1
    endloop
  endfacet
  facet normal 0 0 -1
    outer loop
      vertex 30.400000000000002 28.799999999999994 -1
      vertex 30.400000000000002 30.399999999999995 -1
      vertex 43.6 30.399999999999995 -1
    endloop
  endfacet
  facet normal 0 0 -1
    outer loop
      vertex 30.400000000000002 28.799999999999994 -1
      vertex 43.6 30.399999999999995 -1
      vertex 43.6 28.799999999999994 -1
    endloop
  endfacet
  facet normal 0 0 -1
    outer loop
      vertex 30.400000000000002 30.399999999999995 -1
      vertex 30.400000000000002 43.60000000000001 -1
      vertex 43.6 43.60000000000001 -1
    endloop
  endfacet
  facet normal 0 0 -1
    outer loop
      vertex 30.400000000000002 30.399999999999995 -1
      vertex 43.6 43.60000000000001 -1
      vertex 43.6 30.399999999999995 -1
    endloop
  endfacet
  facet normal 0 0 -1
    outer loop
      vertex 30.400000000000002 43.60000000000001 -1
      vertex 30.400000000000002 45.2 -1
      vertex 43.6 45.2 -1
    endloop
  endfacet
  facet normal 0 0 -1
    outer loop
      vertex 30.400000000000002 43.60000000000001 -1
      vertex 43.6 45.2 -1
      vertex 43.6 43.60000000000001 -1
    endloop
  endfacet
  facet normal 0 0 -1
    outer loop
      vertex 30.400000000000002 45.2 -1
      vertex 30.400000000000002 58.40000000000002 -1
      vertex 43.6 58.40000000000002 -1
    endloop
  endfacet
  facet normal 0 0 -1
    outer loop
      vertex 30.400000000000002 45.2 -1
      vertex 43.6 58.40000000000002 -1
      vertex 43.6 45.2 -1
    endloop
  endfacet
  facet normal 0 0 -1
    outer loop
      vertex 30.400000000000002 58.40000000000002 -1
      vertex 30.400000000000002 60.000000000000014 -1
      vertex 43.6 60.000000000000014 -1
    endloop
  endfacet
  facet normal 0 0 -1
    outer loop
      vertex 30.400000000000002 58.40000000000002 -1
      vertex 43.6 60.000000000000014 -1
      vertex 43.6 58.40000000000002 -1
    endloop
  endfacet
  facet normal 0 0 -1
    outer loop
      vertex 30.400000000000002 60.000000000000014 -1
      vertex 30.400000000000002 72.7 -1
      vertex 43.6 72.7 -1
    endloop
  endfacet
  facet normal 0 0 -1
    outer loop
      vertex 30.400000000000002 60.000000000000014 -1
      vertex 43.6 72.7 -1
      vertex 43.6 60.000000000000014 -1
    endloop
  endfacet
  facet normal 0 0 -1
    outer loop
      vertex 30.400000000000002 72.7 -1
      vertex 30.400000000000002 73.7 -1
      vertex 43.6 73.7 -1
    endloop
  endfacet
  facet normal 0 0 -1
    outer loop
      vertex 30.400000000000002 72.7 -1
      vertex 43.6 73.7 -1
      vertex 43.6 72.7 -1
    endloop
  endfacet
  facet normal 0 0 -1
    outer loop
      vertex 30.400000000000002 73.7 -1
      vertex 30.400000000000002 75 -1
      vertex 43.6 75 -1
    endloop
  endfacet
  facet normal 0 0 -1
    outer loop
      vertex 30.400000000000002 73.7 -1
      vertex 43.6 75 -1
      vertex 43.6 73.7 -1
    endloop
  endfacet
  facet normal 0 0 -1
    outer loop
      vertex 43.6 -75 -1
      vertex 43.6 -73.7 -1
      vertex 45.199999999999996 -73.7 -1
    endloop
  endfacet
  facet normal 0 0 -1
    outer loop
      vertex 43.6 -75 -1
      vertex 45.199999999999996 -73.7 -1
      vertex 45.199999999999996 -75 -1
    endloop
  endfacet
  facet normal 0 0 -1
    outer loop
      vertex 43.6 -73.7 -1
      vertex 43.6 -72.7 -1
      vertex 45.199999999999996 -72.7 -1
    endloop
  endfacet
  facet normal 0 0 -1
    outer loop
      vertex 43.6 -73.7 -1
      vertex 45.199999999999996 -72.7 -1
      vertex 45.199999999999996 -73.7 -1
    endloop
  endfacet
  facet normal 0 0 -1
    outer loop
      vertex 43.6 -72.7 -1
      vertex 43.6 -60 -1
      vertex 45.199999999999996 -60 -1
    endloop
  endfacet
  facet normal 0 0 -1
    outer loop
      vertex 43.6 -72.7 -1
      vertex 45.199999999999996 -60 -1
      vertex 45.199999999999996 -72.7 -1
    endloop
  endfacet
  facet normal 0 0 -1
    outer loop
      vertex 43.6 -60 -1
      vertex 43.6 -58.400000000000006 -1
      vertex 45.199999999999996 -58.400000000000006 -1
    endloop
  endfacet
  facet normal 0 0 -1
    outer loop
      vertex 43.6 -60 -1
      vertex 45.199999999999996 -58.400000000000006 -1
      vertex 45.199999999999996 -60 -1
    endloop
  endfacet
  facet normal 0 0 -1
    outer loop
      vertex 43.6 -58.400000000000006 -1
      vertex 43.6 -45.199999999999996 -1
      vertex 45.199999999999996 -45.199999999999996 -1
    endloop
  endfacet
  facet normal 0 0 -1
    outer loop
      vertex 43.6 -58.400000000000006 -1
      vertex 45.199999999999996 -45.199999999999996 -1
      vertex 45.199999999999996 -58.400000000000006 -1
    endloop
  endfacet
  facet normal 0 0 -1
    outer loop
      vertex 43.6 -45.199999999999996 -1
      vertex 43.6 -43.6 -1
      vertex 45.199999999999996 -43.6 -1
    endloop
  endfacet
  facet normal 0 0 -1
    outer loop
      vertex 43.6 -45.199999999999996 -1
      vertex 45.199999999999996 -43.6 -1
      vertex 45.199999999999996 -45.199999999999996 -1
    endloop
  endfacet
  facet normal 0 0 -1
    outer loop
      vertex 43.6 -43.6 -1
      vertex 43.6 -30.400000000000002 -1
      vertex 45.199999999999996 -30.400000000000002 -1
    endloop
  endfacet
  facet normal 0 0 -1
    outer loop
      vertex 43.6 -43.6 -1
      vertex 45.199999999999996 -30.400000000000002 -1
      vertex 45.199999999999996 -43.6 -1
    endloop
  endfacet
  facet normal 0 0 -1
    outer loop
      vertex 43.6 -30.400000000000002 -1
      vertex 43.6 -28.8 -1
      vertex 45.199999999999996 -28.8 -1
    endloop
  endfacet
  facet normal 0 0 -1
    outer loop
      vertex 43.6 -30.400000000000002 -1
      vertex 45.199999999999996 -28.8 -1
      vertex 45.199999999999996 -30.400000000000002 -1
    endloop
  endfacet
  facet normal 0 0 -1
    outer loop
      vertex 43.6 -28.8 -1
      vertex 43.6 -15.599999999999998 -1
      vertex 45.199999999999996 -15.599999999999998 -1
    endloop
  endfacet
  facet normal 0 0 -1
    outer loop
      vertex 43.6 -28.8 -1
      vertex 45.199999999999996 -15.599999999999998 -1
      vertex 45.199999999999996 -28.8 -1
    endloop
  endfacet
  facet normal 0 0 -1
    outer loop
      vertex 43.6 -15.599999999999998 -1
      vertex 43.6 -13.999999999999996 -1
      vertex 45.199999999999996 -13.999999999999996 -1
    endloop
  endfacet
  facet normal 0 0 -1
    outer loop
      vertex 43.6 -15.599999999999998 -1
      vertex 45.199999999999996 -13.999999999999996 -1
      vertex 45.199999999999996 -15.599999999999998 -1
    endloop
  endfacet
  facet normal 0 0 -1
    outer loop
      vertex 43.6 -13.999999999999996 -1
      vertex 43.6 -0.8 -1
      vertex 45.199999999999996 -0.8 -1
    endloop
  endfacet
  facet normal 0 0 -1
    outer loop
      vertex 43.6 -13.999999999999996 -1
      vertex 45.199999999999996 -0.8 -1
      vertex 45.199999999999996 -13.999999999999996 -1
    endloop
  endfacet
  facet normal 0 0 -1
    outer loop
      vertex 43.6 -0.8 -1
      vertex 43.6 0.8 -1
      vertex 45.199999999999996 0.8 -1
    endloop
  endfacet
  facet normal 0 0 -1
    outer loop
      vertex 43.6 -0.8 -1
      vertex 45.199999999999996 0.8 -1
      vertex 45.199999999999996 -0.8 -1
    endloop
  endfacet
  facet normal 0 0 -1
    outer loop
      vertex 43.6 0.8 -1
      vertex 43.6 13.999999999999996 -1
      vertex 45.199999999999996 13.999999999999996 -1
    endloop
  endfacet
  facet normal 0 0 -1
    outer loop
      vertex 43.6 0.8 -1
      vertex 45.199999999999996 13.999999999999996 -1
      vertex 45.199999999999996 0.8 -1
    endloop
  endfacet
  facet normal 0 0 -1
    outer loop
      vertex 43.6 13.999999999999996 -1
      vertex 43.6 15.599999999999998 -1
      vertex 45.199999999999996 15.599999999999998 -1
    endloop
  endfacet
  facet normal 0 0 -1
    outer loop
      vertex 43.6 13.999999999999996 -1
      vertex 45.199999999999996 15.599999999999998 -1
      vertex 45.199999999999996 13.999999999999996 -1
    endloop
  endfacet
  facet normal 0 0 -1
    outer loop
      vertex 43.6 15.599999999999998 -1
      vertex 43.6 28.799999999999994 -1
      vertex 45.199999999999996 28.799999999999994 -1
    endloop
  endfacet
  facet normal 0 0 -1
    outer loop
      vertex 43.6 15.599999999999998 -1
      vertex 45.199999999999996 28.799999999999994 -1
      vertex 45.199999999999996 15.599999999999998 -1
    endloop
  endfacet
  facet normal 0 0 -1
    outer loop
      vertex 43.6 28.799999999999994 -1
      vertex 43.6 30.399999999999995 -1
      vertex 45.199999999999996 30.399999999999995 -1
    endloop
  endfacet
  facet normal 0 0 -1
    outer loop
      vertex 43.6 28.799999999999994 -1
      vertex 45.199999999999996 30.399999999999995 -1
      vertex 45.199999999999996 28.799999999999994 -1
    endloop
  endfacet
  facet normal 0 0 -1
    outer loop
      vertex 43.6 30.399999999999995 -1
      vertex 43.6 43.60000000000001 -1
      vertex 45.199999999999996 43.60000000000001 -1
    endloop
  endfacet
  facet normal 0 0 -1
    outer loop
      vertex 43.6 30.399999999999995 -1
      vertex 45.199999999999996 43.60000000000001 -1
      vertex 45.199999999999996 30.399999999999995 -1
    endloop
  endfacet
  facet normal 0 0 -1
    outer loop
      vertex 43.6 43.60000000000001 -1
      vertex 43.6 45.2 -1
      vertex 45.199999999999996 45.2 -1
    endloop
  endfacet
  facet normal 0 0 -1
    outer loop
      vertex 43.6 43.60000000000001 -1
      vertex 45.199999999999996 45.2 -1
      vertex 45.199999999999996 43.60000000000001 -1
    endloop
  endfacet
  facet normal 0 0 -1
    outer loop
      vertex 43.6 45.2 -1
      vertex 43.6 58.40000000000002 -1
      vertex 45.199999999999996 58.40000000000002 -1
    endloop
  endfacet
  facet normal 0 0 -1
    outer loop
      vertex 43.6 45.2 -1
      vertex 45.199999999999996 58.40000000000002 -1
      vertex 45.199999999999996 45.2 -1
    endloop
  endfacet
  facet normal 0 0 -1
    outer loop
      vertex 43.6 58.40000000000002 -1
      vertex 43.6 60.000000000000014 -1
      vertex 45.199999999999996 60.000000000000014 -1
    endloop
  endfacet
  facet normal 0 0 -1
    outer loop
      vertex 43.6 58.40000000000002 -1
      vertex 45.199999999999996 60.000000000000014 -1
      vertex 45.199999999999996 58.40000000000002 -1
    endloop
  endfacet
  facet normal 0 0 -1
    outer loop
      vertex 43.6 60.000000000000014 -1
      vertex 43.6 72.7 -1
      vertex 45.199999999999996 72.7 -1
    endloop
  endfacet
  facet normal 0 0 -1
    outer loop
      vertex 43.6 60.000000000000014 -1
      vertex 45.199999999999996 72.7 -1
      vertex 45.199999999999996 60.000000000000014 -1
    endloop
  endfacet
  facet normal 0 0 -1
    outer loop
      vertex 43.6 72.7 -1
      vertex 43.6 73.7 -1
      vertex 45.199999999999996 73.7 -1
    endloop
  endfacet
  facet normal 0 0 -1
    outer loop
      vertex 43.6 72.7 -1
      vertex 45.199999999999996 73.7 -1
      vertex 45.199999999999996 72.7 -1
    endloop
  endfacet
  facet normal 0 0 -1
    outer loop
      vertex 43.6 73.7 -1
      vertex 43.6 75 -1
      vertex 45.199999999999996 75 -1
    endloop
  endfacet
  facet normal 0 0 -1
    outer loop
      vertex 43.6 73.7 -1
      vertex 45.199999999999996 75 -1
      vertex 45.199999999999996 73.7 -1
    endloop
  endfacet
  facet normal 0 0 -1
    outer loop
      vertex 45.199999999999996 -75 -1
      vertex 45.199999999999996 -73.7 -1
      vertex 59.88 -73.7 -1
    endloop
  endfacet
  facet normal 0 0 -1
    outer loop
      vertex 45.199999999999996 -75 -1
      vertex 59.88 -73.7 -1
      vertex 59.88 -75 -1
    endloop
  endfacet
  facet normal 0 0 -1
    outer loop
      vertex 45.199999999999996 -73.7 -1
      vertex 45.199999999999996 -72.7 -1
      vertex 59.88 -72.7 -1
    endloop
  endfacet
  facet normal 0 0 -1
    outer loop
      vertex 45.199999999999996 -73.7 -1
      vertex 59.88 -72.7 -1
      vertex 59.88 -73.7 -1
    endloop
  endfacet
  facet normal 0 0 -1
    outer loop
      vertex 45.199999999999996 -72.7 -1
      vertex 45.199999999999996 -60 -1
      vertex 59.88 -60 -1
    endloop
  endfacet
  facet normal 0 0 -1
    outer loop
      vertex 45.199999999999996 -72.7 -1
      vertex 59.88 -60 -1
      vertex 59.88 -72.7 -1
    endloop
  endfacet
  facet normal 0 0 -1
    outer loop
      vertex 45.199999999999996 -60 -1
      vertex 45.199999999999996 -58.400000000000006 -1
      vertex 59.88 -58.400000000000006 -1
    endloop
  endfacet
  facet normal 0 0 -1
    outer loop
      vertex 45.199999999999996 -60 -1
      vertex 59.88 -58.400000000000006 -1
      vertex 59.88 -60 -1
    endloop
  endfacet
  facet normal 0 0 -1
    outer loop
      vertex 45.199999999999996 -58.400000000000006 -1
      vertex 45.199999999999996 -45.199999999999996 -1
      vertex 59.88 -45.199999999999996 -1
    endloop
  endfacet
  facet normal 0 0 -1
    outer loop
      vertex 45.199999999999996 -58.400000000000006 -1
      vertex 59.88 -45.199999999999996 -1
      vertex 59.88 -58.400000000000006 -1
    endloop
  endfacet
  facet normal 0 0 -1
    outer loop
      vertex 45.199999999999996 -45.199999999999996 -1
      vertex 45.199999999999996 -43.6 -1
      vertex 59.88 -43.6 -1
    endloop
  endfacet
  facet normal 0 0 -1
    outer loop
      vertex 45.199999999999996 -45.199999999999996 -1
      vertex 59.88 -43.6 -1
      vertex 59.88 -45.199999999999996 -1
    endloop
  endfacet
  facet normal 0 0 -1
    outer loop
      vertex 45.199999999999996 -43.6 -1
      vertex 45.199999999999996 -30.400000000000002 -1
      vertex 59.88 -30.400000000000002 -1
    endloop
  endfacet
  facet normal 0 0 -1
    outer loop
      vertex 45.199999999999996 -43.6 -1
      vertex 59.88 -30.400000000000002 -1
      vertex 59.88 -43.6 -1
    endloop
  endfacet
  facet normal 0 0 -1
    outer loop
      vertex 45.199999999999996 -30.400000000000002 -1
      vertex 45.199999999999996 -28.8 -1
      vertex 59.88 -28.8 -1
    endloop
  endfacet
  facet normal 0 0 -1
    outer loop
      vertex 45.199999999999996 -30.400000000000002 -1
      vertex 59.88 -28.8 -1
      vertex 59.88 -30.400000000000002 -1
    endloop
  endfacet
  facet normal 0 0 -1
    outer loop
      vertex 45.199999999999996 -28.8 -1
      vertex 45.199999999999996 -15.599999999999998 -1
      vertex 59.88 -15.599999999999998 -1
    endloop
  endfacet
  facet normal 0 0 -1
    outer loop
      vertex 45.199999999999996 -28.8 -1
      vertex 59.88 -15.599999999999998 -1
      vertex 59.88 -28.8 -1
    endloop
  endfacet
  facet normal 0 0 -1
    outer loop
      vertex 45.199999999999996 -15.599999999999998 -1
      vertex 45.199999999999996 -13.999999999999996 -1
      vertex 59.88 -13.999999999999996 -1
    endloop
  endfacet
  facet normal 0 0 -1
    outer loop
      vertex 45.199999999999996 -15.599999999999998 -1
      vertex 59.88 -13.999999999999996 -1
      vertex 59.88 -15.599999999999998 -1
    endloop
  endfacet
  facet normal 0 0 -1
    outer loop
      vertex 45.199999999999996 -13.999999999999996 -1
      vertex 45.199999999999996 -0.8 -1
      vertex 59.88 -0.8 -1
    endloop
  endfacet
  facet normal 0 0 -1
    outer loop
      vertex 45.199999999999996 -13.999999999999996 -1
      vertex 59.88 -0.8 -1
      vertex 59.88 -13.999999999999996 -1
    endloop
  endfacet
  facet normal 0 0 -1
    outer loop
      vertex 45.199999999999996 -0.8 -1
      vertex 45.199999999999996 0.8 -1
      vertex 59.88 0.8 -1
    endloop
  endfacet
  facet normal 0 0 -1
    outer loop
      vertex 45.199999999999996 -0.8 -1
      vertex 59.88 0.8 -1
      vertex 59.88 -0.8 -1
    endloop
  endfacet
  facet normal 0 0 -1
    outer loop
      vertex 45.199999999999996 0.8 -1
      vertex 45.199999999999996 13.999999999999996 -1
      vertex 59.88 13.999999999999996 -1
    endloop
  endfacet
  facet normal 0 0 -1
    outer loop
      vertex 45.199999999999996 0.8 -1
      vertex 59.88 13.999999999999996 -1
      vertex 59.88 0.8 -1
    endloop
  endfacet
  facet normal 0 0 -1
    outer loop
      vertex 45.199999999999996 13.999999999999996 -1
      vertex 45.199999999999996 15.599999999999998 -1
      vertex 59.88 15.599999999999998 -1
    endloop
  endfacet
  facet normal 0 0 -1
    outer loop
      vertex 45.199999999999996 13.999999999999996 -1
      vertex 59.88 15.599999999999998 -1
      vertex 59.88 13.999999999999996 -1
    endloop
  endfacet
  facet normal 0 0 -1
    outer loop
      vertex 45.199999999999996 15.599999999999998 -1
      vertex 45.199999999999996 28.799999999999994 -1
      vertex 59.88 28.799999999999994 -1
    endloop
  endfacet
  facet normal 0 0 -1
    outer loop
      vertex 45.199999999999996 15.599999999999998 -1
      vertex 59.88 28.799999999999994 -1
      vertex 59.88 15.599999999999998 -1
    endloop
  endfacet
  facet normal 0 0 -1
    outer loop
      vertex 45.199999999999996 28.799999999999994 -1
      vertex 45.199999999999996 30.399999999999995 -1
      vertex 59.88 30.399999999999995 -1
    endloop
  endfacet
  facet normal 0 0 -1
    outer loop
      vertex 45.199999999999996 28.799999999999994 -1
      vertex 59.88 30.399999999999995 -1
      vertex 59.88 28.799999999999994 -1
    endloop
  endfacet
  facet normal 0 0 -1
    outer loop
      vertex 45.199999999999996 30.399999999999995 -1
      vertex 45.199999999999996 43.60000000000001 -1
      vertex 59.88 43.60000000000001 -1
    endloop
  endfacet
  facet normal 0 0 -1
    outer loop
      vertex 45.199999999999996 30.399999999999995 -1
      vertex 59.88 43.60000000000001 -1
      vertex 59.88 30.399999999999995 -1
    endloop
  endfacet
  facet normal 0 0 -1
    outer loop
      vertex 45.199999999999996 43.60000000000001 -1
      vertex 45.199999999999996 45.2 -1
      vertex 59.88 45.2 -1
    endloop
  endfacet
  facet normal 0 0 -1
    outer loop
      vertex 45.199999999999996 43.60000000000001 -1
      vertex 59.88 45.2 -1
      vertex 59.88 43.60000000000001 -1
    endloop
  endfacet
  facet normal 0 0 -1
    outer loop
      vertex 45.199999999999996 45.2 -1
      vertex 45.199999999999996 58.40000000000002 -1
      vertex 59.88 58.40000000000002 -1
    endloop
  endfacet
  facet normal 0 0 -1
    outer loop
      vertex 45.199999999999996 45.2 -1
      vertex 59.88 58.40000000000002 -1
      vertex 59.88 45.2 -1
    endloop
  endfacet
  facet normal 0 0 -1
    outer loop
      vertex 45.199999999999996 58.40000000000002 -1
      vertex 45.199999999999996 60.000000000000014 -1
      vertex 59.88 60.000000000000014 -1
    endloop
  endfacet
  facet normal 0 0 -1
    outer loop
      vertex 45.199999999999996 58.40000000000002 -1
      vertex 59.88 60.000000000000014 -1
      vertex 59.88 58.40000000000002 -1
    endloop
  endfacet
  facet normal 0 0 -1
    outer loop
      vertex 45.199999999999996 60.000000000000014 -1
      vertex 45.199999999999996 72.7 -1
      vertex 59.88 72.7 -1
    endloop
  endfacet
  facet normal 0 0 -1
    outer loop
      vertex 45.199999999999996 60.000000000000014 -1
      vertex 59.88 72.7 -1
      vertex 59.88 60.000000000000014 -1
    endloop
  endfacet
  facet normal 0 0 -1
    outer loop
      vertex 45.199999999999996 72.7 -1
      vertex 45.199999999999996 73.7 -1
      vertex 59.88 73.7 -1
    endloop
  endfacet
  facet normal 0 0 -1
    outer loop
      vertex 45.199999999999996 72.7 -1
      vertex 59.88 73.7 -1
      vertex 59.88 72.7 -1
    endloop
  endfacet
  facet normal 0 0 -1
    outer loop
      vertex 45.199999999999996 73.7 -1
      vertex 45.199999999999996 75 -1
      vertex 59.88 75 -1
    endloop
  endfacet
  facet normal 0 0 -1
    outer loop
      vertex 45.199999999999996 73.7 -1
      vertex 59.88 75 -1
      vertex 59.88 73.7 -1
    endloop
  endfacet
  facet normal 0 0 -1
    outer loop
      vertex 59.88 -75 -1
      vertex 59.88 -73.7 -1
      vertex 61.48 -73.7 -1
    endloop
  endfacet
  facet normal 0 0 -1
    outer loop
      vertex 59.88 -75 -1
      vertex 61.48 -73.7 -1
      vertex 61.48 -75 -1
    endloop
  endfacet
  facet normal 0 0 -1
    outer loop
      vertex 59.88 -73.7 -1
      vertex 59.88 -72.7 -1
      vertex 61.48 -72.7 -1
    endloop
  endfacet
  facet normal 0 0 -1
    outer loop
      vertex 59.88 -73.7 -1
      vertex 61.48 -72.7 -1
      vertex 61.48 -73.7 -1
    endloop
  endfacet
  facet normal 0 0 -1
    outer loop
      vertex 59.88 -72.7 -1
      vertex 59.88 -60 -1
      vertex 61.48 -60 -1
    endloop
  endfacet
  facet normal 0 0 -1
    outer loop
      vertex 59.88 -72.7 -1
      vertex 61.48 -60 -1
      vertex 61.48 -72.7 -1
    endloop
  endfacet
  facet normal 0 0 -1
    outer loop
      vertex 59.88 -60 -1
      vertex 59.88 -58.400000000000006 -1
      vertex 61.48 -58.400000000000006 -1
    endloop
  endfacet
  facet normal 0 0 -1
    outer loop
      vertex 59.88 -60 -1
      vertex 61.48 -58.400000000000006 -1
      vertex 61.48 -60 -1
    endloop
  endfacet
  facet normal 0 0 -1
    outer loop
      vertex 59.88 -58.400000000000006 -1
      vertex 59.88 -45.199999999999996 -1
      vertex 61.48 -45.199999999999996 -1
    endloop
  endfacet
  facet normal 0 0 -1
    outer loop
      vertex 59.88 -58.400000000000006 -1
      vertex 61.48 -45.199999999999996 -1
      vertex 61.48 -58.400000000000006 -1
    endloop
  endfacet
  facet normal 0 0 -1
    outer loop
      vertex 59.88 -45.199999999999996 -1
      vertex 59.88 -43.6 -1
      vertex 61.48 -43.6 -1
    endloop
  endfacet
  facet normal 0 0 -1
    outer loop
      vertex 59.88 -45.199999999999996 -1
      vertex 61.48 -43.6 -1
      vertex 61.48 -45.199999999999996 -1
    endloop
  endfacet
  facet normal 0 0 -1
    outer loop
      vertex 59.88 -43.6 -1
      vertex 59.88 -30.400000000000002 -1
      vertex 61.48 -30.400000000000002 -1
    endloop
  endfacet
  facet normal 0 0 -1
    outer loop
      vertex 59.88 -43.6 -1
      vertex 61.48 -30.400000000000002 -1
      vertex 61.48 -43.6 -1
    endloop
  endfacet
  facet normal 0 0 -1
    outer loop
      vertex 59.88 -30.400000000000002 -1
      vertex 59.88 -28.8 -1
      vertex 61.48 -28.8 -1
    endloop
  endfacet
  facet normal 0 0 -1
    outer loop
      vertex 59.88 -30.400000000000002 -1
      vertex 61.48 -28.8 -1
      vertex 61.48 -30.400000000000002 -1
    endloop
  endfacet
  facet normal 0 0 -1
    outer loop
      vertex 59.88 -28.8 -1
      vertex 59.88 -15.599999999999998 -1
      vertex 61.48 -15.599999999999998 -1
    endloop
  endfacet
  facet normal 0 0 -1
    outer loop
      vertex 59.88 -28.8 -1
      vertex 61.48 -15.599999999999998 -1
      vertex 61.48 -28.8 -1
    endloop
  endfacet
  facet normal 0 0 -1
    outer loop
      vertex 59.88 -15.599999999999998 -1
      vertex 59.88 -13.999999999999996 -1
      vertex 61.48 -13.999999999999996 -1
    endloop
  endfacet
  facet normal 0 0 -1
    outer loop
      vertex 59.88 -15.599999999999998 -1
      vertex 61.48 -13.999999999999996 -1
      vertex 61.48 -15.599999999999998 -1
    endloop
  endfacet
  facet normal 0 0 -1
    outer loop
      vertex 59.88 -13.999999999999996 -1
      vertex 59.88 -0.8 -1
      vertex 61.48 -0.8 -1
    endloop
  endfacet
  facet normal 0 0 -1
    outer loop
      vertex 59.88 -13.999999999999996 -1
      vertex 61.48 -0.8 -1
      vertex 61.48 -13.999999999999996 -1
    endloop
  endfacet
  facet normal 0 0 -1
    outer loop
      vertex 59.88 -0.8 -1
      vertex 59.88 0.8 -1
      vertex 61.48 0.8 -1
    endloop
  endfacet
  facet normal 0 0 -1
    outer loop
      vertex 59.88 -0.8 -1
      vertex 61.48 0.8 -1
      vertex 61.48 -0.8 -1
    endloop
  endfacet
  facet normal 0 0 -1
    outer loop
      vertex 59.88 0.8 -1
      vertex 59.88 13.999999999999996 -1
      vertex 61.48 13.999999999999996 -1
    endloop
  endfacet
  facet normal 0 0 -1
    outer loop
      vertex 59.88 0.8 -1
      vertex 61.48 13.999999999999996 -1
      vertex 61.48 0.8 -1
    endloop
  endfacet
  facet normal 0 0 -1
    outer loop
      vertex 59.88 13.999999999999996 -1
      vertex 59.88 15.599999999999998 -1
      vertex 61.48 15.599999999999998 -1
    endloop
  endfacet
  facet normal 0 0 -1
    outer loop
      vertex 59.88 13.999999999999996 -1
      vertex 61.48 15.599999999999998 -1
      vertex 61.48 13.999999999999996 -1
    endloop
  endfacet
  facet normal 0 0 -1
    outer loop
      vertex 59.88 15.599999999999998 -1
      vertex 59.88 28.799999999999994 -1
      vertex 61.48 28.799999999999994 -1
    endloop
  endfacet
  facet normal 0 0 -1
    outer loop
      vertex 59.88 15.599999999999998 -1
      vertex 61.48 28.799999999999994 -1
      vertex 61.48 15.599999999999998 -1
    endloop
  endfacet
  facet normal 0 0 -1
    outer loop
      vertex 59.88 28.799999999999994 -1
      vertex 59.88 30.399999999999995 -1
      vertex 61.48 30.399999999999995 -1
    endloop
  endfacet
  facet normal 0 0 -1
    outer loop
      vertex 59.88 28.799999999999994 -1
      vertex 61.48 30.399999999999995 -1
      vertex 61.48 28.799999999999994 -1
    endloop
  endfacet
  facet normal 0 0 -1
    outer loop
      vertex 59.88 30.399999999999995 -1
      vertex 59.88 43.60000000000001 -1
      vertex 61.48 43.60000000000001 -1
    endloop
  endfacet
  facet normal 0 0 -1
    outer loop
      vertex 59.88 30.399999999999995 -1
      vertex 61.48 43.60000000000001 -1
      vertex 61.48 30.399999999999995 -1
    endloop
  endfacet
  facet normal 0 0 -1
    outer loop
      vertex 59.88 43.60000000000001 -1
      vertex 59.88 45.2 -1
      vertex 61.48 45.2 -1
    endloop
  endfacet
  facet normal 0 0 -1
    outer loop
      vertex 59.88 43.60000000000001 -1
      vertex 61.48 45.2 -1
      vertex 61.48 43.60000000000001 -1
    endloop
  endfacet
  facet normal 0 0 -1
    outer loop
      vertex 59.88 45.2 -1
      vertex 59.88 58.40000000000002 -1
      vertex 61.48 58.40000000000002 -1
    endloop
  endfacet
  facet normal 0 0 -1
    outer loop
      vertex 59.88 45.2 -1
      vertex 61.48 58.40000000000002 -1
      vertex 61.48 45.2 -1
    endloop
  endfacet
  facet normal 0 0 -1
    outer loop
      vertex 59.88 58.40000000000002 -1
      vertex 59.88 60.000000000000014 -1
      vertex 61.48 60.000000000000014 -1
    endloop
  endfacet
  facet normal 0 0 -1
    outer loop
      vertex 59.88 58.40000000000002 -1
      vertex 61.48 60.000000000000014 -1
      vertex 61.48 58.40000000000002 -1
    endloop
  endfacet
  facet normal 0 0 -1
    outer loop
      vertex 59.88 60.000000000000014 -1
      vertex 59.88 72.7 -1
      vertex 61.48 72.7 -1
    endloop
  endfacet
  facet normal 0 0 -1
    outer loop
      vertex 59.88 60.000000000000014 -1
      vertex 61.48 72.7 -1
      vertex 61.48 60.000000000000014 -1
    endloop
  endfacet
  facet normal 0 0 -1
    outer loop
      vertex 59.88 72.7 -1
      vertex 59.88 73.7 -1
      vertex 61.48 73.7 -1
    endloop
  endfacet
  facet normal 0 0 -1
    outer loop
      vertex 59.88 72.7 -1
      vertex 61.48 73.7 -1
      vertex 61.48 72.7 -1
    endloop
  endfacet
  facet normal 0 0 -1
    outer loop
      vertex 59.88 73.7 -1
      vertex 59.88 75 -1
      vertex 61.48 75 -1
    endloop
  endfacet
  facet normal 0 0 -1
    outer loop
      vertex 59.88 73.7 -1
      vertex 61.48 75 -1
      vertex 61.48 73.7 -1
    endloop
  endfacet
  facet normal 0 0 -1
    outer loop
      vertex 61.48 -75 -1
      vertex 61.48 -73.7 -1
      vertex 72.7 -73.7 -1
    endloop
  endfacet
  facet normal 0 0 -1
    outer loop
      vertex 61.48 -75 -1
      vertex 72.7 -73.7 -1
      vertex 72.7 -75 -1
    endloop
  endfacet
  facet normal 0 0 -1
    outer loop
      vertex 61.48 -73.7 -1
      vertex 61.48 -72.7 -1
      vertex 72.7 -72.7 -1
    endloop
  endfacet
  facet normal 0 0 -1
    outer loop
      vertex 61.48 -73.7 -1
      vertex 72.7 -72.7 -1
      vertex 72.7 -73.7 -1
    endloop
  endfacet
  facet normal 0 0 -1
    outer loop
      vertex 61.48 -72.7 -1
      vertex 61.48 -60 -1
      vertex 72.7 -60 -1
    endloop
  endfacet
  facet normal 0 0 -1
    outer loop
      vertex 61.48 -72.7 -1
      vertex 72.7 -60 -1
      vertex 72.7 -72.7 -1
    endloop
  endfacet
  facet normal 0 0 -1
    outer loop
      vertex 61.48 -60 -1
      vertex 61.48 -58.400000000000006 -1
      vertex 72.7 -58.400000000000006 -1
    endloop
  endfacet
  facet normal 0 0 -1
    outer loop
      vertex 61.48 -60 -1
      vertex 72.7 -58.400000000000006 -1
      vertex 72.7 -60 -1
    endloop
  endfacet
  facet normal 0 0 -1
    outer loop
      vertex 61.48 -58.400000000000006 -1
      vertex 61.48 -45.199999999999996 -1
      vertex 72.7 -45.199999999999996 -1
    endloop
  endfacet
  facet normal 0 0 -1
    outer loop
      vertex 61.48 -58.400000000000006 -1
      vertex 72.7 -45.199999999999996 -1
      vertex 72.7 -58.400000000000006 -1
    endloop
  endfacet
  facet normal 0 0 -1
    outer loop
      vertex 61.48 -45.199999999999996 -1
      vertex 61.48 -43.6 -1
      vertex 72.7 -43.6 -1
    endloop
  endfacet
  facet normal 0 0 -1
    outer loop
      vertex 61.48 -45.199999999999996 -1
      vertex 72.7 -43.6 -1
      vertex 72.7 -45.199999999999996 -1
    endloop
  endfacet
  facet normal 0 0 -1
    outer loop
      vertex 61.48 -43.6 -1
      vertex 61.48 -30.400000000000002 -1
      vertex 72.7 -30.400000000000002 -1
    endloop
  endfacet
  facet normal 0 0 -1
    outer loop
      vertex 61.48 -43.6 -1
      vertex 72.7 -30.400000000000002 -1
      vertex 72.7 -43.6 -1
    endloop
  endfacet
  facet normal 0 0 -1
    outer loop
      vertex 61.48 -30.400000000000002 -1
      vertex 61.48 -28.8 -1
      vertex 72.7 -28.8 -1
    endloop
  endfacet
  facet normal 0 0 -1
    outer loop
      vertex 61.48 -30.400000000000002 -1
      vertex 72.7 -28.8 -1
      vertex 72.7 -30.400000000000002 -1
    endloop
  endfacet
  facet normal 0 0 -1
    outer loop
      vertex 61.48 -28.8 -1
      vertex 61.48 -15.599999999999998 -1
      vertex 72.7 -15.599999999999998 -1
    endloop
  endfacet
  facet normal 0 0 -1
    outer loop
      vertex 61.48 -28.8 -1
      vertex 72.7 -15.599999999999998 -1
      vertex 72.7 -28.8 -1
    endloop
  endfacet
  facet normal 0 0 -1
    outer loop
      vertex 61.48 -15.599999999999998 -1
      vertex 61.48 -13.999999999999996 -1
      vertex 72.7 -13.999999999999996 -1
    endloop
  endfacet
  facet normal 0 0 -1
    outer loop
      vertex 61.48 -15.599999999999998 -1
      vertex 72.7 -13.999999999999996 -1
      vertex 72.7 -15.599999999999998 -1
    endloop
  endfacet
  facet normal 0 0 -1
    outer loop
      vertex 61.48 -13.999999999999996 -1
      vertex 61.48 -0.8 -1
      vertex 72.7 -0.8 -1
    endloop
  endfacet
  facet normal 0 0 -1
    outer loop
      vertex 61.48 -13.999999999999996 -1
      vertex 72.7 -0.8 -1
      vertex 72.7 -13.999999999999996 -1
    endloop
  endfacet
  facet normal 0 0 -1
    outer loop
      vertex 61.48 -0.8 -1
      vertex 61.48 0.8 -1
      vertex 72.7 0.8 -1
    endloop
  endfacet
  facet normal 0 0 -1
    outer loop
      vertex 61.48 -0.8 -1
      vertex 72.7 0.8 -1
      vertex 72.7 -0.8 -1
    endloop
  endfacet
  facet normal 0 0 -1
    outer loop
      vertex 61.48 0.8 -1
      vertex 61.48 13.999999999999996 -1
      vertex 72.7 13.999999999999996 -1
    endloop
  endfacet
  facet normal 0 0 -1
    outer loop
      vertex 61.48 0.8 -1
      vertex 72.7 13.999999999999996 -1
      vertex 72.7 0.8 -1
    endloop
  endfacet
  facet normal 0 0 -1
    outer loop
      vertex 61.48 13.999999999999996 -1
      vertex 61.48 15.599999999999998 -1
      vertex 72.7 15.599999999999998 -1
    endloop
  endfacet
  facet normal 0 0 -1
    outer loop
      vertex 61.48 13.999999999999996 -1
      vertex 72.7 15.599999999999998 -1
      vertex 72.7 13.999999999999996 -1
    endloop
  endfacet
  facet normal 0 0 -1
    outer loop
      vertex 61.48 15.599999999999998 -1
      vertex 61.48 28.799999999999994 -1
      vertex 72.7 28.799999999999994 -1
    endloop
  endfacet
  facet normal 0 0 -1
    outer loop
      vertex 61.48 15.599999999999998 -1
      vertex 72.7 28.799999999999994 -1
      vertex 72.7 15.599999999999998 -1
    endloop
  endfacet
  facet normal 0 0 -1
    outer loop
      vertex 61.48 28.799999999999994 -1
      vertex 61.48 30.399999999999995 -1
      vertex 72.7 30.399999999999995 -1
    endloop
  endfacet
  facet normal 0 0 -1
    outer loop
      vertex 61.48 28.799999999999994 -1
      vertex 72.7 30.399999999999995 -1
      vertex 72.7 28.799999999999994 -1
    endloop
  endfacet
  facet normal 0 0 -1
    outer loop
      vertex 61.48 30.399999999999995 -1
      vertex 61.48 43.60000000000001 -1
      vertex 72.7 43.60000000000001 -1
    endloop
  endfacet
  facet normal 0 0 -1
    outer loop
      vertex 61.48 30.399999999999995 -1
      vertex 72.7 43.60000000000001 -1
      vertex 72.7 30.399999999999995 -1
    endloop
  endfacet
  facet normal 0 0 -1
    outer loop
      vertex 61.48 43.60000000000001 -1
      vertex 61.48 45.2 -1
      vertex 72.7 45.2 -1
    endloop
  endfacet
  facet normal 0 0 -1
    outer loop
      vertex 61.48 43.60000000000001 -1
      vertex 72.7 45.2 -1
      vertex 72.7 43.60000000000001 -1
    endloop
  endfacet
  facet normal 0 0 -1
    outer loop
      vertex 61.48 45.2 -1
      vertex 61.48 58.40000000000002 -1
      vertex 72.7 58.40000000000002 -1
    endloop
  endfacet
  facet normal 0 0 -1
    outer loop
      vertex 61.48 45.2 -1
      vertex 72.7 58.40000000000002 -1
      vertex 72.7 45.2 -1
    endloop
  endfacet
  facet normal 0 0 -1
    outer loop
      vertex 61.48 58.40000000000002 -1
      vertex 61.48 60.000000000000014 -1
      vertex 72.7 60.000000000000014 -1
    endloop
  endfacet
  facet normal 0 0 -1
    outer loop
      vertex 61.48 58.40000000000002 -1
      vertex 72.7 60.000000000000014 -1
      vertex 72.7 58.40000000000002 -1
    endloop
  endfacet
  facet normal 0 0 -1
    outer loop
      vertex 61.48 60.000000000000014 -1
      vertex 61.48 72.7 -1
      vertex 72.7 72.7 -1
    endloop
  endfacet
  facet normal 0 0 -1
    outer loop
      vertex 61.48 60.000000000000014 -1
      vertex 72.7 72.7 -1
      vertex 72.7 60.000000000000014 -1
    endloop
  endfacet
  facet normal 0 0 -1
    outer loop
      vertex 61.48 72.7 -1
      vertex 61.48 73.7 -1
      vertex 72.7 73.7 -1
    endloop
  endfacet
  facet normal 0 0 -1
    outer loop
      vertex 61.48 72.7 -1
      vertex 72.7 73.7 -1
      vertex 72.7 72.7 -1
    endloop
  endfacet
  facet normal 0 0 -1
    outer loop
      vertex 61.48 73.7 -1
      vertex 61.48 75 -1
      vertex 72.7 75 -1
    endloop
  endfacet
  facet normal 0 0 -1
    outer loop
      vertex 61.48 73.7 -1
      vertex 72.7 75 -1
      vertex 72.7 73.7 -1
    endloop
  endfacet
  facet normal 0 0 -1
    outer loop
      vertex 72.7 -75 -1
      vertex 72.7 -73.7 -1
      vertex 73.7 -73.7 -1
    endloop
  endfacet
  facet normal 0 0 -1
    outer loop
      vertex 72.7 -75 -1
      vertex 73.7 -73.7 -1
      vertex 73.7 -75 -1
    endloop
  endfacet
  facet normal 0 0 -1
    outer loop
      vertex 72.7 -73.7 -1
      vertex 72.7 -72.7 -1
      vertex 73.7 -72.7 -1
    endloop
  endfacet
  facet normal 0 0 -1
    outer loop
      vertex 72.7 -73.7 -1
      vertex 73.7 -72.7 -1
      vertex 73.7 -73.7 -1
    endloop
  endfacet
  facet normal 0 0 -1
    outer loop
      vertex 72.7 -72.7 -1
      vertex 72.7 -60 -1
      vertex 73.7 -60 -1
    endloop
  endfacet
  facet normal 0 0 -1
    outer loop
      vertex 72.7 -72.7 -1
      vertex 73.7 -60 -1
      vertex 73.7 -72.7 -1
    endloop
  endfacet
  facet normal 0 0 -1
    outer loop
      vertex 72.7 -60 -1
      vertex 72.7 -58.400000000000006 -1
      vertex 73.7 -58.400000000000006 -1
    endloop
  endfacet
  facet normal 0 0 -1
    outer loop
      vertex 72.7 -60 -1
      vertex 73.7 -58.400000000000006 -1
      vertex 73.7 -60 -1
    endloop
  endfacet
  facet normal 0 0 -1
    outer loop
      vertex 72.7 -58.400000000000006 -1
      vertex 72.7 -45.199999999999996 -1
      vertex 73.7 -45.199999999999996 -1
    endloop
  endfacet
  facet normal 0 0 -1
    outer loop
      vertex 72.7 -58.400000000000006 -1
      vertex 73.7 -45.199999999999996 -1
      vertex 73.7 -58.400000000000006 -1
    endloop
  endfacet
  facet normal 0 0 -1
    outer loop
      vertex 72.7 -45.199999999999996 -1
      vertex 72.7 -43.6 -1
      vertex 73.7 -43.6 -1
    endloop
  endfacet
  facet normal 0 0 -1
    outer loop
      vertex 72.7 -45.199999999999996 -1
      vertex 73.7 -43.6 -1
      vertex 73.7 -45.199999999999996 -1
    endloop
  endfacet
  facet normal 0 0 -1
    outer loop
      vertex 72.7 -43.6 -1
      vertex 72.7 -30.400000000000002 -1
      vertex 73.7 -30.400000000000002 -1
    endloop
  endfacet
  facet normal 0 0 -1
    outer loop
      vertex 72.7 -43.6 -1
      vertex 73.7 -30.400000000000002 -1
      vertex 73.7 -43.6 -1
    endloop
  endfacet
  facet normal 0 0 -1
    outer loop
      vertex 72.7 -30.400000000000002 -1
      vertex 72.7 -28.8 -1
      vertex 73.7 -28.8 -1
    endloop
  endfacet
  facet normal 0 0 -1
    outer loop
      vertex 72.7 -30.400000000000002 -1
      vertex 73.7 -28.8 -1
      vertex 73.7 -30.400000000000002 -1
    endloop
  endfacet
  facet normal 0 0 -1
    outer loop
      vertex 72.7 -28.8 -1
      vertex 72.7 -15.599999999999998 -1
      vertex 73.7 -15.599999999999998 -1
    endloop
  endfacet
  facet normal 0 0 -1
    outer loop
      vertex 72.7 -28.8 -1
      vertex 73.7 -15.599999999999998 -1
      vertex 73.7 -28.8 -1
    endloop
  endfacet
  facet normal 0 0 -1
    outer loop
      vertex 72.7 -15.599999999999998 -1
      vertex 72.7 -13.999999999999996 -1
      vertex 73.7 -13.999999999999996 -1
    endloop
  endfacet
  facet normal 0 0 -1
    outer loop
      vertex 72.7 -15.599999999999998 -1
      vertex 73.7 -13.999999999999996 -1
      vertex 73.7 -15.599999999999998 -1
    endloop
  endfacet
  facet normal 0 0 -1
    outer loop
      vertex 72.7 -13.999999999999996 -1
      vertex 72.7 -0.8 -1
      vertex 73.7 -0.8 -1
    endloop
  endfacet
  facet normal 0 0 -1
    outer loop
      vertex 72.7 -13.999999999999996 -1
      vertex 73.7 -0.8 -1
      vertex 73.7 -13.999999999999996 -1
    endloop
  endfacet
  facet normal 0 0 -1
    outer loop
      vertex 72.7 -0.8 -1
      vertex 72.7 0.8 -1
      vertex 73.7 0.8 -1
    endloop
  endfacet
  facet normal 0 0 -1
    outer loop
      vertex 72.7 -0.8 -1
      vertex 73.7 0.8 -1
      vertex 73.7 -0.8 -1
    endloop
  endfacet
  facet normal 0 0 -1
    outer loop
      vertex 72.7 0.8 -1
      vertex 72.7 13.999999999999996 -1
      vertex 73.7 13.999999999999996 -1
    endloop
  endfacet
  facet normal 0 0 -1
    outer loop
      vertex 72.7 0.8 -1
      vertex 73.7 13.999999999999996 -1
      vertex 73.7 0.8 -1
    endloop
  endfacet
  facet normal 0 0 -1
    outer loop
      vertex 72.7 13.999999999999996 -1
      vertex 72.7 15.599999999999998 -1
      vertex 73.7 15.599999999999998 -1
    endloop
  endfacet
  facet normal 0 0 -1
    outer loop
      vertex 72.7 13.999999999999996 -1
      vertex 73.7 15.599999999999998 -1
      vertex 73.7 13.999999999999996 -1
    endloop
  endfacet
  facet normal 0 0 -1
    outer loop
      vertex 72.7 15.599999999999998 -1
      vertex 72.7 28.799999999999994 -1
      vertex 73.7 28.799999999999994 -1
    endloop
  endfacet
  facet normal 0 0 -1
    outer loop
      vertex 72.7 15.599999999999998 -1
      vertex 73.7 28.799999999999994 -1
      vertex 73.7 15.599999999999998 -1
    endloop
  endfacet
  facet normal 0 0 -1
    outer loop
      vertex 72.7 28.799999999999994 -1
      vertex 72.7 30.399999999999995 -1
      vertex 73.7 30.399999999999995 -1
    endloop
  endfacet
  facet normal 0 0 -1
    outer loop
      vertex 72.7 28.799999999999994 -1
      vertex 73.7 30.399999999999995 -1
      vertex 73.7 28.799999999999994 -1
    endloop
  endfacet
  facet normal 0 0 -1
    outer loop
      vertex 72.7 30.399999999999995 -1
      vertex 72.7 43.60000000000001 -1
      vertex 73.7 43.60000000000001 -1
    endloop
  endfacet
  facet normal 0 0 -1
    outer loop
      vertex 72.7 30.399999999999995 -1
      vertex 73.7 43.60000000000001 -1
      vertex 73.7 30.399999999999995 -1
    endloop
  endfacet
  facet normal 0 0 -1
    outer loop
      vertex 72.7 43.60000000000001 -1
      vertex 72.7 45.2 -1
      vertex 73.7 45.2 -1
    endloop
  endfacet
  facet normal 0 0 -1
    outer loop
      vertex 72.7 43.60000000000001 -1
      vertex 73.7 45.2 -1
      vertex 73.7 43.60000000000001 -1
    endloop
  endfacet
  facet normal 0 0 -1
    outer loop
      vertex 72.7 45.2 -1
      vertex 72.7 58.40000000000002 -1
      vertex 73.7 58.40000000000002 -1
    endloop
  endfacet
  facet normal 0 0 -1
    outer loop
      vertex 72.7 45.2 -1
      vertex 73.7 58.40000000000002 -1
      vertex 73.7 45.2 -1
    endloop
  endfacet
  facet normal 0 0 -1
    outer loop
      vertex 72.7 58.40000000000002 -1
      vertex 72.7 60.000000000000014 -1
      vertex 73.7 60.000000000000014 -1
    endloop
  endfacet
  facet normal 0 0 -1
    outer loop
      vertex 72.7 58.40000000000002 -1
      vertex 73.7 60.000000000000014 -1
      vertex 73.7 58.40000000000002 -1
    endloop
  endfacet
  facet normal 0 0 -1
    outer loop
      vertex 72.7 60.000000000000014 -1
      vertex 72.7 72.7 -1
      vertex 73.7 72.7 -1
    endloop
  endfacet
  facet normal 0 0 -1
    outer loop
      vertex 72.7 60.000000000000014 -1
      vertex 73.7 72.7 -1
      vertex 73.7 60.000000000000014 -1
    endloop
  endfacet
  facet normal 0 0 -1
    outer loop
      vertex 72.7 72.7 -1
      vertex 72.7 73.7 -1
      vertex 73.7 73.7 -1
    endloop
  endfacet
  facet normal 0 0 -1
    outer loop
      vertex 72.7 72.7 -1
      vertex 73.7 73.7 -1
      vertex 73.7 72.7 -1
    endloop
  endfacet
  facet normal 0 0 -1
    outer loop
      vertex 72.7 73.7 -1
      vertex 72.7 75 -1
      vertex 73.7 75 -1
    endloop
  endfacet
  facet normal 0 0 -1
    outer loop
      vertex 72.7 73.7 -1
      vertex 73.7 75 -1
      vertex 73.7 73.7 -1
    endloop
  endfacet
  facet normal 0 0 -1
    outer loop
      vertex 73.7 -75 -1
      vertex 73.7 -73.7 -1
      vertex 75 -73.7 -1
    endloop
  endfacet
  facet normal 0 0 -1
    outer loop
      vertex 73.7 -75 -1
      vertex 75 -73.7 -1
      vertex 75 -75 -1
    endloop
  endfacet
  facet normal 0 0 -1
    outer loop
      vertex 73.7 -73.7 -1
      vertex 73.7 -72.7 -1
      vertex 75 -72.7 -1
    endloop
  endfacet
  facet normal 0 0 -1
    outer loop
      vertex 73.7 -73.7 -1
      vertex 75 -72.7 -1
      vertex 75 -73.7 -1
    endloop
  endfacet
  facet normal 0 0 -1
    outer loop
      vertex 73.7 -72.7 -1
      vertex 73.7 -60 -1
      vertex 75 -60 -1
    endloop
  endfacet
  facet normal 0 0 -1
    outer loop
      vertex 73.7 -72.7 -1
      vertex 75 -60 -1
      vertex 75 -72.7 -1
    endloop
  endfacet
  facet normal 0 0 -1
    outer loop
      vertex 73.7 -60 -1
      vertex 73.7 -58.400000000000006 -1
      vertex 75 -58.400000000000006 -1
    endloop
  endfacet
  facet normal 0 0 -1
    outer loop
      vertex 73.7 -60 -1
      vertex 75 -58.400000000000006 -1
      vertex 75 -60 -1
    endloop
  endfacet
  facet normal 0 0 -1
    outer loop
      vertex 73.7 -58.400000000000006 -1
      vertex 73.7 -45.199999999999996 -1
      vertex 75 -45.199999999999996 -1
    endloop
  endfacet
  facet normal 0 0 -1
    outer loop
      vertex 73.7 -58.400000000000006 -1
      vertex 75 -45.199999999999996 -1
      vertex 75 -58.400000000000006 -1
    endloop
  endfacet
  facet normal 0 0 -1
    outer loop
      vertex 73.7 -45.199999999999996 -1
      vertex 73.7 -43.6 -1
      vertex 75 -43.6 -1
    endloop
  endfacet
  facet normal 0 0 -1
    outer loop
      vertex 73.7 -45.199999999999996 -1
      vertex 75 -43.6 -1
      vertex 75 -45.199999999999996 -1
    endloop
  endfacet
  facet normal 0 0 -1
    outer loop
      vertex 73.7 -43.6 -1
      vertex 73.7 -30.400000000000002 -1
      vertex 75 -30.400000000000002 -1
    endloop
  endfacet
  facet normal 0 0 -1
    outer loop
      vertex 73.7 -43.6 -1
      vertex 75 -30.400000000000002 -1
      vertex 75 -43.6 -1
    endloop
  endfacet
  facet normal 0 0 -1
    outer loop
      vertex 73.7 -30.400000000000002 -1
      vertex 73.7 -28.8 -1
      vertex 75 -28.8 -1
    endloop
  endfacet
  facet normal 0 0 -1
    outer loop
      vertex 73.7 -30.400000000000002 -1
      vertex 75 -28.8 -1
      vertex 75 -30.400000000000002 -1
    endloop
  endfacet
  facet normal 0 0 -1
    outer loop
      vertex 73.7 -28.8 -1
      vertex 73.7 -15.599999999999998 -1
      vertex 75 -15.599999999999998 -1
    endloop
  endfacet
  facet normal 0 0 -1
    outer loop
      vertex 73.7 -28.8 -1
      vertex 75 -15.599999999999998 -1
      vertex 75 -28.8 -1
    endloop
  endfacet
  facet normal 0 0 -1
    outer loop
      vertex 73.7 -15.599999999999998 -1
      vertex 73.7 -13.999999999999996 -1
      vertex 75 -13.999999999999996 -1
    endloop
  endfacet
  facet normal 0 0 -1
    outer loop
      vertex 73.7 -15.599999999999998 -1
      vertex 75 -13.999999999999996 -1
      vertex 75 -15.599999999999998 -1
    endloop
  endfacet
  facet normal 0 0 -1
    outer loop
      vertex 73.7 -13.999999999999996 -1
      vertex 73.7 -0.8 -1
      vertex 75 -0.8 -1
    endloop
  endfacet
  facet normal 0 0 -1
    outer loop
      vertex 73.7 -13.999999999999996 -1
      vertex 75 -0.8 -1
      vertex 75 -13.999999999999996 -1
    endloop
  endfacet
  facet normal 0 0 -1
    outer loop
      vertex 73.7 -0.8 -1
      vertex 73.7 0.8 -1
      vertex 75 0.8 -1
    endloop
  endfacet
  facet normal 0 0 -1
    outer loop
      vertex 73.7 -0.8 -1
      vertex 75 0.8 -1
      vertex 75 -0.8 -1
    endloop
  endfacet
  facet normal 0 0 -1
    outer loop
      vertex 73.7 0.8 -1
      vertex 73.7 13.999999999999996 -1
      vertex 75 13.999999999999996 -1
    endloop
  endfacet
  facet normal 0 0 -1
    outer loop
      vertex 73.7 0.8 -1
      vertex 75 13.999999999999996 -1
      vertex 75 0.8 -1
    endloop
  endfacet
  facet normal 0 0 -1
    outer loop
      vertex 73.7 13.999999999999996 -1
      vertex 73.7 15.599999999999998 -1
      vertex 75 15.599999999999998 -1
    endloop
  endfacet
  facet normal 0 0 -1
    outer loop
      vertex 73.7 13.999999999999996 -1
      vertex 75 15.599999999999998 -1
      vertex 75 13.999999999999996 -1
    endloop
  endfacet
  facet normal 0 0 -1
    outer loop
      vertex 73.7 15.599999999999998 -1
      vertex 73.7 28.799999999999994 -1
      vertex 75 28.799999999999994 -1
    endloop
  endfacet
  facet normal 0 0 -1
    outer loop
      vertex 73.7 15.599999999999998 -1
      vertex 75 28.799999999999994 -1
      vertex 75 15.599999999999998 -1
    endloop
  endfacet
  facet normal 0 0 -1
    outer loop
      vertex 73.7 28.799999999999994 -1
      vertex 73.7 30.399999999999995 -1
      vertex 75 30.399999999999995 -1
    endloop
  endfacet
  facet normal 0 0 -1
    outer loop
      vertex 73.7 28.799999999999994 -1
      vertex 75 30.399999999999995 -1
      vertex 75 28.799999999999994 -1
    endloop
  endfacet
  facet normal 0 0 -1
    outer loop
      vertex 73.7 30.399999999999995 -1
      vertex 73.7 43.60000000000001 -1
      vertex 75 43.60000000000001 -1
    endloop
  endfacet
  facet normal 0 0 -1
    outer loop
      vertex 73.7 30.399999999999995 -1
      vertex 75 43.60000000000001 -1
      vertex 75 30.399999999999995 -1
    endloop
  endfacet
  facet normal 0 0 -1
    outer loop
      vertex 73.7 43.60000000000001 -1
      vertex 73.7 45.2 -1
      vertex 75 45.2 -1
    endloop
  endfacet
  facet normal 0 0 -1
    outer loop
      vertex 73.7 43.60000000000001 -1
      vertex 75 45.2 -1
      vertex 75 43.60000000000001 -1
    endloop
  endfacet
  facet normal 0 0 -1
    outer loop
      vertex 73.7 45.2 -1
      vertex 73.7 58.40000000000002 -1
      vertex 75 58.40000000000002 -1
    endloop
  endfacet
  facet normal 0 0 -1
    outer loop
      vertex 73.7 45.2 -1
      vertex 75 58.40000000000002 -1
      vertex 75 45.2 -1
    endloop
  endfacet
  facet normal 0 0 -1
    outer loop
      vertex 73.7 58.40000000000002 -1
      vertex 73.7 60.000000000000014 -1
      vertex 75 60.000000000000014 -1
    endloop
  endfacet
  facet normal 0 0 -1
    outer loop
      vertex 73.7 58.40000000000002 -1
      vertex 75 60.000000000000014 -1
      vertex 75 58.40000000000002 -1
    endloop
  endfacet
  facet normal 0 0 -1
    outer loop
      vertex 73.7 60.000000000000014 -1
      vertex 73.7 72.7 -1
      vertex 75 72.7 -1
    endloop
  endfacet
  facet normal 0 0 -1
    outer loop
      vertex 73.7 60.000000000000014 -1
      vertex 75 72.7 -1
      vertex 75 60.000000000000014 -1
    endloop
  endfacet
  facet normal 0 0 -1
    outer loop
      vertex 73.7 72.7 -1
      vertex 73.7 73.7 -1
      vertex 75 73.7 -1
    endloop
  endfacet
  facet normal 0 0 -1
    outer loop
      vertex 73.7 72.7 -1
      vertex 75 73.7 -1
      vertex 75 72.7 -1
    endloop
  endfacet
  facet normal 0 0 -1
    outer loop
      vertex 73.7 73.7 -1
      vertex 73.7 75 -1
      vertex 75 75 -1
    endloop
  endfacet
  facet normal 0 0 -1
    outer loop
      vertex 73.7 73.7 -1
      vertex 75 75 -1
      vertex 75 73.7 -1
    endloop
  endfacet
  facet normal 0 0 1
    outer loop
      vertex -75 -75 0
      vertex -73.7 -75 0
      vertex -73.7 -73.7 0
    endloop
  endfacet
  facet normal 0 0 1
    outer loop
      vertex -75 -75 0
      vertex -73.7 -73.7 0
      vertex -75 -73.7 0
    endloop
  endfacet
  facet normal 0 0 1
    outer loop
      vertex -75 -73.7 0
      vertex -73.7 -73.7 0
      vertex -73.7 -72.7 0
    endloop
  endfacet
  facet normal 0 0 1
    outer loop
      vertex -75 -73.7 0
      vertex -73.7 -72.7 0
      vertex -75 -72.7 0
    endloop
  endfacet
  facet normal 0 0 1
    outer loop
      vertex -75 -72.7 0
      vertex -73.7 -72.7 0
      vertex -73.7 -60 0
    endloop
  endfacet
  facet normal 0 0 1
    outer loop
      vertex -75 -72.7 0
      vertex -73.7 -60 0
      vertex -75 -60 0
    endloop
  endfacet
  facet normal 0 0 1
    outer loop
      vertex -75 -60 0
      vertex -73.7 -60 0
      vertex -73.7 -58.400000000000006 0
    endloop
  endfacet
  facet normal 0 0 1
    outer loop
      vertex -75 -60 0
      vertex -73.7 -58.400000000000006 0
      vertex -75 -58.400000000000006 0
    endloop
  endfacet
  facet normal 0 0 1
    outer loop
      vertex -75 -58.400000000000006 0
      vertex -73.7 -58.400000000000006 0
      vertex -73.7 -45.199999999999996 0
    endloop
  endfacet
  facet normal 0 0 1
    outer loop
      vertex -75 -58.400000000000006 0
      vertex -73.7 -45.199999999999996 0
      vertex -75 -45.199999999999996 0
    endloop
  endfacet
  facet normal 0 0 1
    outer loop
      vertex -75 -45.199999999999996 0
      vertex -73.7 -45.199999999999996 0
      vertex -73.7 -43.6 0
    endloop
  endfacet
  facet normal 0 0 1
    outer loop
      vertex -75 -45.199999999999996 0
      vertex -73.7 -43.6 0
      vertex -75 -43.6 0
    endloop
  endfacet
  facet normal 0 0 1
    outer loop
      vertex -75 -43.6 0
      vertex -73.7 -43.6 0
      vertex -73.7 -30.400000000000002 0
    endloop
  endfacet
  facet normal 0 0 1
    outer loop
      vertex -75 -43.6 0
      vertex -73.7 -30.400000000000002 0
      vertex -75 -30.400000000000002 0
    endloop
  endfacet
  facet normal 0 0 1
    outer loop
      vertex -75 -30.400000000000002 0
      vertex -73.7 -30.400000000000002 0
      vertex -73.7 -28.8 0
    endloop
  endfacet
  facet normal 0 0 1
    outer loop
      vertex -75 -30.400000000000002 0
      vertex -73.7 -28.8 0
      vertex -75 -28.8 0
    endloop
  endfacet
  facet normal 0 0 1
    outer loop
      vertex -75 -28.8 0
      vertex -73.7 -28.8 0
      vertex -73.7 -15.599999999999998 0
    endloop
  endfacet
  facet normal 0 0 1
    outer loop
      vertex -75 -28.8 0
      vertex -73.7 -15.599999999999998 0
      vertex -75 -15.599999999999998 0
    endloop
  endfacet
  facet normal 0 0 1
    outer loop
      vertex -75 -15.599999999999998 0
      vertex -73.7 -15.599999999999998 0
      vertex -73.7 -13.999999999999996 0
    endloop
  endfacet
  facet normal 0 0 1
    outer loop
      vertex -75 -15.599999999999998 0
      vertex -73.7 -13.999999999999996 0
      vertex -75 -13.999999999999996 0
    endloop
  endfacet
  facet normal 0 0 1
    outer loop
      vertex -75 -13.999999999999996 0
      vertex -73.7 -13.999999999999996 0
      vertex -73.7 -0.8 0
    endloop
  endfacet
  facet normal 0 0 1
    outer loop
      vertex -75 -13.999999999999996 0
      vertex -73.7 -0.8 0
      vertex -75 -0.8 0
    endloop
  endfacet
  facet normal 0 0 1
    outer loop
      vertex -75 -0.8 0
      vertex -73.7 -0.8 0
      vertex -73.7 0.8 0
    endloop
  endfacet
  facet normal 0 0 1
    outer loop
      vertex -75 -0.8 0
      vertex -73.7 0.8 0
      vertex -75 0.8 0
    endloop
  endfacet
  facet normal 0 0 1
    outer loop
      vertex -75 0.8 0
      vertex -73.7 0.8 0
      vertex -73.7 13.999999999999996 0
    endloop
  endfacet
  facet normal 0 0 1
    outer loop
      vertex -75 0.8 0
      vertex -73.7 13.999999999999996 0
      vertex -75 13.999999999999996 0
    endloop
  endfacet
  facet normal 0 0 1
    outer loop
      vertex -75 13.999999999999996 0
      vertex -73.7 13.999999999999996 0
      vertex -73.7 15.599999999999998 0
    endloop
  endfacet
  facet normal 0 0 1
    outer loop
      vertex -75 13.999999999999996 0
      vertex -73.7 15.599999999999998 0
      vertex -75 15.599999999999998 0
    endloop
  endfacet
  facet normal 0 0 1
    outer loop
      vertex -75 15.599999999999998 0
      vertex -73.7 15.599999999999998 0
      vertex -73.7 28.799999999999994 0
    endloop
  endfacet
  facet normal 0 0 1
    outer loop
      vertex -75 15.599999999999998 0
      vertex -73.7 28.799999999999994 0
      vertex -75 28.799999999999994 0
    endloop
  endfacet
  facet normal 0 0 1
    outer loop
      vertex -75 28.799999999999994 0
      vertex -73.7 28.799999999999994 0
      vertex -73.7 30.399999999999995 0
    endloop
  endfacet
  facet normal 0 0 1
    outer loop
      vertex -75 28.799999999999994 0
      vertex -73.7 30.399999999999995 0
      vertex -75 30.399999999999995 0
    endloop
  endfacet
  facet normal 0 0 1
    outer loop
      vertex -75 30.399999999999995 0
      vertex -73.7 30.399999999999995 0
      vertex -73.7 43.60000000000001 0
    endloop
  endfacet
  facet normal 0 0 1
    outer loop
      vertex -75 30.399999999999995 0
      vertex -73.7 43.60000000000001 0
      vertex -75 43.60000000000001 0
    endloop
  endfacet
  facet normal 0 0 1
    outer loop
      vertex -75 43.60000000000001 0
      vertex -73.7 43.60000000000001 0
      vertex -73.7 45.2 0
    endloop
  endfacet
  facet normal 0 0 1
    outer loop
      vertex -75 43.60000000000001 0
      vertex -73.7 45.2 0
      vertex -75 45.2 0
    endloop
  endfacet
  facet normal 0 0 1
    outer loop
      vertex -75 45.2 0
      vertex -73.7 45.2 0
      vertex -73.7 58.40000000000002 0
    endloop
  endfacet
  facet normal 0 0 1
    outer loop
      vertex -75 45.2 0
      vertex -73.7 58.40000000000002 0
      vertex -75 58.40000000000002 0
    endloop
  endfacet
  facet normal 0 0 1
    outer loop
      vertex -75 58.40000000000002 0
      vertex -73.7 58.40000000000002 0
      vertex -73.7 60.000000000000014 0
    endloop
  endfacet
  facet normal 0 0 1
    outer loop
      vertex -75 58.40000000000002 0
      vertex -73.7 60.000000000000014 0
      vertex -75 60.000000000000014 0
    endloop
  endfacet
  facet normal 0 0 1
    outer loop
      vertex -75 60.000000000000014 0
      vertex -73.7 60.000000000000014 0
      vertex -73.7 72.7 0
    endloop
  endfacet
  facet normal 0 0 1
    outer loop
      vertex -75 60.000000000000014 0
      vertex -73.7 72.7 0
      vertex -75 72.7 0
    endloop
  endfacet
  facet normal 0 0 1
    outer loop
      vertex -75 72.7 0
      vertex -73.7 72.7 0
      vertex -73.7 73.7 0
    endloop
  endfacet
  facet normal 0 0 1
    outer loop
      vertex -75 72.7 0
      vertex -73.7 73.7 0
      vertex -75 73.7 0
    endloop
  endfacet
  facet normal 0 0 1
    outer loop
      vertex -75 73.7 0
      vertex -73.7 73.7 0
      vertex -73.7 75 0
    endloop
  endfacet
  facet normal 0 0 1
    outer loop
      vertex -75 73.7 0
      vertex -73.7 75 0
      vertex -75 75 0
    endloop
  endfacet
  facet normal 0 0 1
    outer loop
      vertex -73.7 -75 0
      vertex -72.7 -75 0
      vertex -72.7 -73.7 0
    endloop
  endfacet
  facet normal 0 0 1
    outer loop
      vertex -73.7 -75 0
      vertex -72.7 -73.7 0
      vertex -73.7 -73.7 0
    endloop
  endfacet
  facet normal 0 0 1
    outer loop
      vertex -73.7 -73.7 5
      vertex -72.7 -73.7 5
      vertex -72.7 -72.7 5
    endloop
  endfacet
  facet normal 0 0 1
    outer loop
      vertex -73.7 -73.7 5
      vertex -72.7 -72.7 5
      vertex -73.7 -72.7 5
    endloop
  endfacet
  facet normal 0 0 1
    outer loop
      vertex -73.7 -72.7 5
      vertex -72.7 -72.7 5
      vertex -72.7 -60 5
    endloop
  endfacet
  facet normal 0 0 1
    outer loop
      vertex -73.7 -72.7 5
      vertex -72.7 -60 5
      vertex -73.7 -60 5
    endloop
  endfacet
  facet normal 0 0 1
    outer loop
      vertex -73.7 -60 0
      vertex -72.7 -60 0
      vertex -72.7 -58.400000000000006 0
    endloop
  endfacet
  facet normal 0 0 1
    outer loop
      vertex -73.7 -60 0
      vertex -72.7 -58.400000000000006 0
      vertex -73.7 -58.400000000000006 0
    endloop
  endfacet
  facet normal 0 0 1
    outer loop
      vertex -73.7 -58.400000000000006 5
      vertex -72.7 -58.400000000000006 5
      vertex -72.7 -45.199999999999996 5
    endloop
  endfacet
  facet normal 0 0 1
    outer loop
      vertex -73.7 -58.400000000000006 5
      vertex -72.7 -45.199999999999996 5
      vertex -73.7 -45.199999999999996 5
    endloop
  endfacet
  facet normal 0 0 1
    outer loop
      vertex -73.7 -45.199999999999996 0
      vertex -72.7 -45.199999999999996 0
      vertex -72.7 -43.6 0
    endloop
  endfacet
  facet normal 0 0 1
    outer loop
      vertex -73.7 -45.199999999999996 0
      vertex -72.7 -43.6 0
      vertex -73.7 -43.6 0
    endloop
  endfacet
  facet normal 0 0 1
    outer loop
      vertex -73.7 -43.6 5
      vertex -72.7 -43.6 5
      vertex -72.7 -30.400000000000002 5
    endloop
  endfacet
  facet normal 0 0 1
    outer loop
      vertex -73.7 -43.6 5
      vertex -72.7 -30.400000000000002 5
      vertex -73.7 -30.400000000000002 5
    endloop
  endfacet
  facet normal 0 0 1
    outer loop
      vertex -73.7 -30.400000000000002 0
      vertex -72.7 -30.400000000000002 0
      vertex -72.7 -28.8 0
    endloop
  endfacet
  facet normal 0 0 1
    outer loop
      vertex -73.7 -30.400000000000002 0
      vertex -72.7 -28.8 0
      vertex -73.7 -28.8 0
    endloop
  endfacet
  facet normal 0 0 1
    outer loop
      vertex -73.7 -28.8 5
      vertex -72.7 -28.8 5
      vertex -72.7 -15.599999999999998 5
    endloop
  endfacet
  facet normal 0 0 1
    outer loop
      vertex -73.7 -28.8 5
      vertex -72.7 -15.599999999999998 5
      vertex -73.7 -15.599999999999998 5
    endloop
  endfacet
  facet normal 0 0 1
    outer loop
      vertex -73.7 -15.599999999999998 0
      vertex -72.7 -15.599999999999998 0
      vertex -72.7 -13.999999999999996 0
    endloop
  endfacet
  facet normal 0 0 1
    outer loop
      vertex -73.7 -15.599999999999998 0
      vertex -72.7 -13.999999999999996 0
      vertex -73.7 -13.999999999999996 0
    endloop
  endfacet
  facet normal 0 0 1
    outer loop
      vertex -73.7 -13.999999999999996 5
      vertex -72.7 -13.999999999999996 5
      vertex -72.7 -0.8 5
    endloop
  endfacet
  facet normal 0 0 1
    outer loop
      vertex -73.7 -13.999999999999996 5
      vertex -72.7 -0.8 5
      vertex -73.7 -0.8 5
    endloop
  endfacet
  facet normal 0 0 1
    outer loop
      vertex -73.7 -0.8 0
      vertex -72.7 -0.8 0
      vertex -72.7 0.8 0
    endloop
  endfacet
  facet normal 0 0 1
    outer loop
      vertex -73.7 -0.8 0
      vertex -72.7 0.8 0
      vertex -73.7 0.8 0
    endloop
  endfacet
  facet normal 0 0 1
    outer loop
      vertex -73.7 0.8 5
      vertex -72.7 0.8 5
      vertex -72.7 13.999999999999996 5
    endloop
  endfacet
  facet normal 0 0 1
    outer loop
      vertex -73.7 0.8 5
      vertex -72.7 13.999999999999996 5
      vertex -73.7 13.999999999999996 5
    endloop
  endfacet
  facet normal 0 0 1
    outer loop
      vertex -73.7 13.999999999999996 0
      vertex -72.7 13.999999999999996 0
      vertex -72.7 15.599999999999998 0
    endloop
  endfacet
  facet normal 0 0 1
    outer loop
      vertex -73.7 13.999999999999996 0
      vertex -72.7 15.599999999999998 0
      vertex -73.7 15.599999999999998 0
    endloop
  endfacet
  facet normal 0 0 1
    outer loop
      vertex -73.7 15.599999999999998 5
      vertex -72.7 15.599999999999998 5
      vertex -72.7 28.799999999999994 5
    endloop
  endfacet
  facet normal 0 0 1
    outer loop
      vertex -73.7 15.599999999999998 5
      vertex -72.7 28.799999999999994 5
      vertex -73.7 28.799999999999994 5
    endloop
  endfacet
  facet normal 0 0 1
    outer loop
      vertex -73.7 28.799999999999994 0
      vertex -72.7 28.799999999999994 0
      vertex -72.7 30.399999999999995 0
    endloop
  endfacet
  facet normal 0 0 1
    outer loop
      vertex -73.7 28.799999999999994 0
      vertex -72.7 30.399999999999995 0
      vertex -73.7 30.399999999999995 0
    endloop
  endfacet
  facet normal 0 0 1
    outer loop
      vertex -73.7 30.399999999999995 5
      vertex -72.7 30.399999999999995 5
      vertex -72.7 43.60000000000001 5
    endloop
  endfacet
  facet normal 0 0 1
    outer loop
      vertex -73.7 30.399999999999995 5
      vertex -72.7 43.60000000000001 5
      vertex -73.7 43.60000000000001 5
    endloop
  endfacet
  facet normal 0 0 1
    outer loop
      vertex -73.7 43.60000000000001 0
      vertex -72.7 43.60000000000001 0
      vertex -72.7 45.2 0
    endloop
  endfacet
  facet normal 0 0 1
    outer loop
      vertex -73.7 43.60000000000001 0
      vertex -72.7 45.2 0
      vertex -73.7 45.2 0
    endloop
  endfacet
  facet normal 0 0 1
    outer loop
      vertex -73.7 45.2 5
      vertex -72.7 45.2 5
      vertex -72.7 58.40000000000002 5
    endloop
  endfacet
  facet normal 0 0 1
    outer loop
      vertex -73.7 45.2 5
      vertex -72.7 58.40000000000002 5
      vertex -73.7 58.40000000000002 5
    endloop
  endfacet
  facet normal 0 0 1
    outer loop
      vertex -73.7 58.40000000000002 0
      vertex -72.7 58.40000000000002 0
      vertex -72.7 60.000000000000014 0
    endloop
  endfacet
  facet normal 0 0 1
    outer loop
      vertex -73.7 58.40000000000002 0
      vertex -72.7 60.000000000000014 0
      vertex -73.7 60.000000000000014 0
    endloop
  endfacet
  facet normal 0 0 1
    outer loop
      vertex -73.7 60.000000000000014 5
      vertex -72.7 60.000000000000014 5
      vertex -72.7 72.7 5
    endloop
  endfacet
  facet normal 0 0 1
    outer loop
      vertex -73.7 60.000000000000014 5
      vertex -72.7 72.7 5
      vertex -73.7 72.7 5
    endloop
  endfacet
  facet normal 0 0 1
    outer loop
      vertex -73.7 72.7 5
      vertex -72.7 72.7 5
      vertex -72.7 73.7 5
    endloop
  endfacet
  facet normal 0 0 1
    outer loop
      vertex -73.7 72.7 5
      vertex -72.7 73.7 5
      vertex -73.7 73.7 5
    endloop
  endfacet
  facet normal 0 0 1
    outer loop
      vertex -73.7 73.7 0
      vertex -72.7 73.7 0
      vertex -72.7 75 0
    endloop
  endfacet
  facet normal 0 0 1
    outer loop
      vertex -73.7 73.7 0
      vertex -72.7 75 0
      vertex -73.7 75 0
    endloop
  endfacet
  facet normal 0 0 1
    outer loop
      vertex -72.7 -75 0
      vertex -61.480000000000004 -75 0
      vertex -61.480000000000004 -73.7 0
    endloop
  endfacet
  facet normal 0 0 1
    outer loop
      vertex -72.7 -75 0
      vertex -61.480000000000004 -73.7 0
      vertex -72.7 -73.7 0
    endloop
  endfacet
  facet normal 0 0 1
    outer loop
      vertex -72.7 -73.7 5
      vertex -61.480000000000004 -73.7 5
      vertex -61.480000000000004 -72.7 5
    endloop
  endfacet
  facet normal 0 0 1
    outer loop
      vertex -72.7 -73.7 5
      vertex -61.480000000000004 -72.7 5
      vertex -72.7 -72.7 5
    endloop
  endfacet
  facet normal 0 0 1
    outer loop
      vertex -72.7 -72.7 0
      vertex -61.480000000000004 -72.7 0
      vertex -61.480000000000004 -60 0
    endloop
  endfacet
  facet normal 0 0 1
    outer loop
      vertex -72.7 -72.7 0
      vertex -61.480000000000004 -60 0
      vertex -72.7 -60 0
    endloop
  endfacet
  facet normal 0 0 1
    outer loop
      vertex -72.7 -60 0
      vertex -61.480000000000004 -60 0
      vertex -61.480000000000004 -58.400000000000006 0
    endloop
  endfacet
  facet normal 0 0 1
    outer loop
      vertex -72.7 -60 0
      vertex -61.480000000000004 -58.400000000000006 0
      vertex -72.7 -58.400000000000006 0
    endloop
  endfacet
  facet normal 0 0 1
    outer loop
      vertex -72.7 -58.400000000000006 0
      vertex -61.480000000000004 -58.400000000000006 0
      vertex -61.480000000000004 -45.199999999999996 0
    endloop
  endfacet
  facet normal 0 0 1
    outer loop
      vertex -72.7 -58.400000000000006 0
      vertex -61.480000000000004 -45.199999999999996 0
      vertex -72.7 -45.199999999999996 0
    endloop
  endfacet
  facet normal 0 0 1
    outer loop
      vertex -72.7 -45.199999999999996 0
      vertex -61.480000000000004 -45.199999999999996 0
      vertex -61.480000000000004 -43.6 0
    endloop
  endfacet
  facet normal 0 0 1
    outer loop
      vertex -72.7 -45.199999999999996 0
      vertex -61.480000000000004 -43.6 0
      vertex -72.7 -43.6 0
    endloop
  endfacet
  facet normal 0 0 1
    outer loop
      vertex -72.7 -43.6 0
      vertex -61.480000000000004 -43.6 0
      vertex -61.480000000000004 -30.400000000000002 0
    endloop
  endfacet
  facet normal 0 0 1
    outer loop
      vertex -72.7 -43.6 0
      vertex -61.480000000000004 -30.400000000000002 0
      vertex -72.7 -30.400000000000002 0
    endloop
  endfacet
  facet normal 0 0 1
    outer loop
      vertex -72.7 -30.400000000000002 0
      vertex -61.480000000000004 -30.400000000000002 0
      vertex -61.480000000000004 -28.8 0
    endloop
  endfacet
  facet normal 0 0 1
    outer loop
      vertex -72.7 -30.400000000000002 0
      vertex -61.480000000000004 -28.8 0
      vertex -72.7 -28.8 0
    endloop
  endfacet
  facet normal 0 0 1
    outer loop
      vertex -72.7 -28.8 0
      vertex -61.480000000000004 -28.8 0
      vertex -61.480000000000004 -15.599999999999998 0
    endloop
  endfacet
  facet normal 0 0 1
    outer loop
      vertex -72.7 -28.8 0
      vertex -61.480000000000004 -15.599999999999998 0
      vertex -72.7 -15.599999999999998 0
    endloop
  endfacet
  facet normal 0 0 1
    outer loop
      vertex -72.7 -15.599999999999998 0
      vertex -61.480000000000004 -15.599999999999998 0
      vertex -61.480000000000004 -13.999999999999996 0
    endloop
  endfacet
  facet normal 0 0 1
    outer loop
      vertex -72.7 -15.599999999999998 0
      vertex -61.480000000000004 -13.999999999999996 0
      vertex -72.7 -13.999999999999996 0
    endloop
  endfacet
  facet normal 0 0 1
    outer loop
      vertex -72.7 -13.999999999999996 0
      vertex -61.480000000000004 -13.999999999999996 0
      vertex -61.480000000000004 -0.8 0
    endloop
  endfacet
  facet normal 0 0 1
    outer loop
      vertex -72.7 -13.999999999999996 0
      vertex -61.480000000000004 -0.8 0
      vertex -72.7 -0.8 0
    endloop
  endfacet
  facet normal 0 0 1
    outer loop
      vertex -72.7 -0.8 0
      vertex -61.480000000000004 -0.8 0
      vertex -61.480000000000004 0.8 0
    endloop
  endfacet
  facet normal 0 0 1
    outer loop
      vertex -72.7 -0.8 0
      vertex -61.480000000000004 0.8 0
      vertex -72.7 0.8 0
    endloop
  endfacet
  facet normal 0 0 1
    outer loop
      vertex -72.7 0.8 0
      vertex -61.480000000000004 0.8 0
      vertex -61.480000000000004 13.999999999999996 0
    endloop
  endfacet
  facet normal 0 0 1
    outer loop
      vertex -72.7 0.8 0
      vertex -61.480000000000004 13.999999999999996 0
      vertex -72.7 13.999999999999996 0
    endloop
  endfacet
  facet normal 0 0 1
    outer loop
      vertex -72.7 13.999999999999996 0
      vertex -61.480000000000004 13.999999999999996 0
      vertex -61.480000000000004 15.599999999999998 0
    endloop
  endfacet
  facet normal 0 0 1
    outer loop
      vertex -72.7 13.999999999999996 0
      vertex -61.480000000000004 15.599999999999998 0
      vertex -72.7 15.599999999999998 0
    endloop
  endfacet
  facet normal 0 0 1
    outer loop
      vertex -72.7 15.599999999999998 0
      vertex -61.480000000000004 15.599999999999998 0
      vertex -61.480000000000004 28.799999999999994 0
    endloop
  endfacet
  facet normal 0 0 1
    outer loop
      vertex -72.7 15.599999999999998 0
      vertex -61.480000000000004 28.799999999999994 0
      vertex -72.7 28.799999999999994 0
    endloop
  endfacet
  facet normal 0 0 1
    outer loop
      vertex -72.7 28.799999999999994 0
      vertex -61.480000000000004 28.799999999999994 0
      vertex -61.480000000000004 30.399999999999995 0
    endloop
  endfacet
  facet normal 0 0 1
    outer loop
      vertex -72.7 28.799999999999994 0
      vertex -61.480000000000004 30.399999999999995 0
      vertex -72.7 30.399999999999995 0
    endloop
  endfacet
  facet normal 0 0 1
    outer loop
      vertex -72.7 30.399999999999995 0
      vertex -61.480000000000004 30.399999999999995 0
      vertex -61.480000000000004 43.60000000000001 0
    endloop
  endfacet
  facet normal 0 0 1
    outer loop
      vertex -72.7 30.399999999999995 0
      vertex -61.480000000000004 43.60000000000001 0
      vertex -72.7 43.60000000000001 0
    endloop
  endfacet
  facet normal 0 0 1
    outer loop
      vertex -72.7 43.60000000000001 0
      vertex -61.480000000000004 43.60000000000001 0
      vertex -61.480000000000004 45.2 0
    endloop
  endfacet
  facet normal 0 0 1
    outer loop
      vertex -72.7 43.60000000000001 0
      vertex -61.480000000000004 45.2 0
      vertex -72.7 45.2 0
    endloop
  endfacet
  facet normal 0 0 1
    outer loop
      vertex -72.7 45.2 0
      vertex -61.480000000000004 45.2 0
      vertex -61.480000000000004 58.40000000000002 0
    endloop
  endfacet
  facet normal 0 0 1
    outer loop
      vertex -72.7 45.2 0
      vertex -61.480000000000004 58.40000000000002 0
      vertex -72.7 58.40000000000002 0
    endloop
  endfacet
  facet normal 0 0 1
    outer loop
      vertex -72.7 58.40000000000002 0
      vertex -61.480000000000004 58.40000000000002 0
      vertex -61.480000000000004 60.000000000000014 0
    endloop
  endfacet
  facet normal 0 0 1
    outer loop
      vertex -72.7 58.40000000000002 0
      vertex -61.480000000000004 60.000000000000014 0
      vertex -72.7 60.000000000000014 0
    endloop
  endfacet
  facet normal 0 0 1
    outer loop
      vertex -72.7 60.000000000000014 0
      vertex -61.480000000000004 60.000000000000014 0
      vertex -61.480000000000004 72.7 0
    endloop
  endfacet
  facet normal 0 0 1
    outer loop
      vertex -72.7 60.000000000000014 0
      vertex -61.480000000000004 72.7 0
      vertex -72.7 72.7 0
    endloop
  endfacet
  facet normal 0 0 1
    outer loop
      vertex -72.7 72.7 5
      vertex -61.480000000000004 72.7 5
      vertex -61.480000000000004 73.7 5
    endloop
  endfacet
  facet normal 0 0 1
    outer loop
      vertex -72.7 72.7 5
      vertex -61.480000000000004 73.7 5
      vertex -72.7 73.7 5
    endloop
  endfacet
  facet normal 0 0 1
    outer loop
      vertex -72.7 73.7 0
      vertex -61.480000000000004 73.7 0
      vertex -61.480000000000004 75 0
    endloop
  endfacet
  facet normal 0 0 1
    outer loop
      vertex -72.7 73.7 0
      vertex -61.480000000000004 75 0
      vertex -72.7 75 0
    endloop
  endfacet
  facet normal 0 0 1
    outer loop
      vertex -61.480000000000004 -75 0
      vertex -59.88000000000001 -75 0
      vertex -59.88000000000001 -73.7 0
    endloop
  endfacet
  facet normal 0 0 1
    outer loop
      vertex -61.480000000000004 -75 0
      vertex -59.88000000000001 -73.7 0
      vertex -61.480000000000004 -73.7 0
    endloop
  endfacet
  facet normal 0 0 1
    outer loop
      vertex -61.480000000000004 -73.7 0
      vertex -59.88000000000001 -73.7 0
      vertex -59.88000000000001 -72.7 0
    endloop
  endfacet
  facet normal 0 0 1
    outer loop
      vertex -61.480000000000004 -73.7 0
      vertex -59.88000000000001 -72.7 0
      vertex -61.480000000000004 -72.7 0
    endloop
  endfacet
  facet normal 0 0 1
    outer loop
      vertex -61.480000000000004 -72.7 0
      vertex -59.88000000000001 -72.7 0
      vertex -59.88000000000001 -60 0
    endloop
  endfacet
  facet normal 0 0 1
    outer loop
      vertex -61.480000000000004 -72.7 0
      vertex -59.88000000000001 -60 0
      vertex -61.480000000000004 -60 0
    endloop
  endfacet
  facet normal 0 0 1
    outer loop
      vertex -61.480000000000004 -60 0
      vertex -59.88000000000001 -60 0
      vertex -59.88000000000001 -58.400000000000006 0
    endloop
  endfacet
  facet normal 0 0 1
    outer loop
      vertex -61.480000000000004 -60 0
      vertex -59.88000000000001 -58.400000000000006 0
      vertex -61.480000000000004 -58.400000000000006 0
    endloop
  endfacet
  facet normal 0 0 1
    outer loop
      vertex -61.480000000000004 -58.400000000000006 0
      vertex -59.88000000000001 -58.400000000000006 0
      vertex -59.88000000000001 -45.199999999999996 0
    endloop
  endfacet
  facet normal 0 0 1
    outer loop
      vertex -61.480000000000004 -58.400000000000006 0
      vertex -59.88000000000001 -45.199999999999996 0
      vertex -61.480000000000004 -45.199999999999996 0
    endloop
  endfacet
  facet normal 0 0 1
    outer loop
      vertex -61.480000000000004 -45.199999999999996 0
      vertex -59.88000000000001 -45.199999999999996 0
      vertex -59.88000000000001 -43.6 0
    endloop
  endfacet
  facet normal 0 0 1
    outer loop
      vertex -61.480000000000004 -45.199999999999996 0
      vertex -59.88000000000001 -43.6 0
      vertex -61.480000000000004 -43.6 0
    endloop
  endfacet
  facet normal 0 0 1
    outer loop
      vertex -61.480000000000004 -43.6 0
      vertex -59.88000000000001 -43.6 0
      vertex -59.88000000000001 -30.400000000000002 0
    endloop
  endfacet
  facet normal 0 0 1
    outer loop
      vertex -61.480000000000004 -43.6 0
      vertex -59.88000000000001 -30.400000000000002 0
      vertex -61.480000000000004 -30.400000000000002 0
    endloop
  endfacet
  facet normal 0 0 1
    outer loop
      vertex -61.480000000000004 -30.400000000000002 0
      vertex -59.88000000000001 -30.400000000000002 0
      vertex -59.88000000000001 -28.8 0
    endloop
  endfacet
  facet normal 0 0 1
    outer loop
      vertex -61.480000000000004 -30.400000000000002 0
      vertex -59.88000000000001 -28.8 0
      vertex -61.480000000000004 -28.8 0
    endloop
  endfacet
  facet normal 0 0 1
    outer loop
      vertex -61.480000000000004 -28.8 0
      vertex -59.88000000000001 -28.8 0
      vertex -59.88000000000001 -15.599999999999998 0
    endloop
  endfacet
  facet normal 0 0 1
    outer loop
      vertex -61.480000000000004 -28.8 0
      vertex -59.88000000000001 -15.599999999999998 0
      vertex -61.480000000000004 -15.599999999999998 0
    endloop
  endfacet
  facet normal 0 0 1
    outer loop
      vertex -61.480000000000004 -15.599999999999998 0
      vertex -59.88000000000001 -15.599999999999998 0
      vertex -59.88000000000001 -13.999999999999996 0
    endloop
  endfacet
  facet normal 0 0 1
    outer loop
      vertex -61.480000000000004 -15.599999999999998 0
      vertex -59.88000000000001 -13.999999999999996 0
      vertex -61.480000000000004 -13.999999999999996 0
    endloop
  endfacet
  facet normal 0 0 1
    outer loop
      vertex -61.480000000000004 -13.999999999999996 0
      vertex -59.88000000000001 -13.999999999999996 0
      vertex -59.88000000000001 -0.8 0
    endloop
  endfacet
  facet normal 0 0 1
    outer loop
      vertex -61.480000000000004 -13.999999999999996 0
      vertex -59.88000000000001 -0.8 0
      vertex -61.480000000000004 -0.8 0
    endloop
  endfacet
  facet normal 0 0 1
    outer loop
      vertex -61.480000000000004 -0.8 0
      vertex -59.88000000000001 -0.8 0
      vertex -59.88000000000001 0.8 0
    endloop
  endfacet
  facet normal 0 0 1
    outer loop
      vertex -61.480000000000004 -0.8 0
      vertex -59.88000000000001 0.8 0
      vertex -61.480000000000004 0.8 0
    endloop
  endfacet
  facet normal 0 0 1
    outer loop
      vertex -61.480000000000004 0.8 0
      vertex -59.88000000000001 0.8 0
      vertex -59.88000000000001 13.999999999999996 0
    endloop
  endfacet
  facet normal 0 0 1
    outer loop
      vertex -61.480000000000004 0.8 0
      vertex -59.88000000000001 13.999999999999996 0
      vertex -61.480000000000004 13.999999999999996 0
    endloop
  endfacet
  facet normal 0 0 1
    outer loop
      vertex -61.480000000000004 13.999999999999996 0
      vertex -59.88000000000001 13.999999999999996 0
      vertex -59.88000000000001 15.599999999999998 0
    endloop
  endfacet
  facet normal 0 0 1
    outer loop
      vertex -61.480000000000004 13.999999999999996 0
      vertex -59.88000000000001 15.599999999999998 0
      vertex -61.480000000000004 15.599999999999998 0
    endloop
  endfacet
  facet normal 0 0 1
    outer loop
      vertex -61.480000000000004 15.599999999999998 0
      vertex -59.88000000000001 15.599999999999998 0
      vertex -59.88000000000001 28.799999999999994 0
    endloop
  endfacet
  facet normal 0 0 1
    outer loop
      vertex -61.480000000000004 15.599999999999998 0
      vertex -59.88000000000001 28.799999999999994 0
      vertex -61.480000000000004 28.799999999999994 0
    endloop
  endfacet
  facet normal 0 0 1
    outer loop
      vertex -61.480000000000004 28.799999999999994 0
      vertex -59.88000000000001 28.799999999999994 0
      vertex -59.88000000000001 30.399999999999995 0
    endloop
  endfacet
  facet normal 0 0 1
    outer loop
      vertex -61.480000000000004 28.799999999999994 0
      vertex -59.88000000000001 30.399999999999995 0
      vertex -61.480000000000004 30.399999999999995 0
    endloop
  endfacet
  facet normal 0 0 1
    outer loop
      vertex -61.480000000000004 30.399999999999995 0
      vertex -59.88000000000001 30.399999999999995 0
      vertex -59.88000000000001 43.60000000000001 0
    endloop
  endfacet
  facet normal 0 0 1
    outer loop
      vertex -61.480000000000004 30.399999999999995 0
      vertex -59.88000000000001 43.60000000000001 0
      vertex -61.480000000000004 43.60000000000001 0
    endloop
  endfacet
  facet normal 0 0 1
    outer loop
      vertex -61.480000000000004 43.60000000000001 0
      vertex -59.88000000000001 43.60000000000001 0
      vertex -59.88000000000001 45.2 0
    endloop
  endfacet
  facet normal 0 0 1
    outer loop
      vertex -61.480000000000004 43.60000000000001 0
      vertex -59.88000000000001 45.2 0
      vertex -61.480000000000004 45.2 0
    endloop
  endfacet
  facet normal 0 0 1
    outer loop
      vertex -61.480000000000004 45.2 0
      vertex -59.88000000000001 45.2 0
      vertex -59.88000000000001 58.40000000000002 0
    endloop
  endfacet
  facet normal 0 0 1
    outer loop
      vertex -61.480000000000004 45.2 0
      vertex -59.88000000000001 58.40000000000002 0
      vertex -61.480000000000004 58.40000000000002 0
    endloop
  endfacet
  facet normal 0 0 1
    outer loop
      vertex -61.480000000000004 58.40000000000002 0
      vertex -59.88000000000001 58.40000000000002 0
      vertex -59.88000000000001 60.000000000000014 0
    endloop
  endfacet
  facet normal 0 0 1
    outer loop
      vertex -61.480000000000004 58.40000000000002 0
      vertex -59.88000000000001 60.000000000000014 0
      vertex -61.480000000000004 60.000000000000014 0
    endloop
  endfacet
  facet normal 0 0 1
    outer loop
      vertex -61.480000000000004 60.000000000000014 0
      vertex -59.88000000000001 60.000000000000014 0
      vertex -59.88000000000001 72.7 0
    endloop
  endfacet
  facet normal 0 0 1
    outer loop
      vertex -61.480000000000004 60.000000000000014 0
      vertex -59.88000000000001 72.7 0
      vertex -61.480000000000004 72.7 0
    endloop
  endfacet
  facet normal 0 0 1
    outer loop
      vertex -61.480000000000004 72.7 0
      vertex -59.88000000000001 72.7 0
      vertex -59.88000000000001 73.7 0
    endloop
  endfacet
  facet normal 0 0 1
    outer loop
      vertex -61.480000000000004 72.7 0
      vertex -59.88000000000001 73.7 0
      vertex -61.480000000000004 73.7 0
    endloop
  endfacet
  facet normal 0 0 1
    outer loop
      vertex -61.480000000000004 73.7 0
      vertex -59.88000000000001 73.7 0
      vertex -59.88000000000001 75 0
    endloop
  endfacet
  facet normal 0 0 1
    outer loop
      vertex -61.480000000000004 73.7 0
      vertex -59.88000000000001 75 0
      vertex -61.480000000000004 75 0
    endloop
  endfacet
  facet normal 0 0 1
    outer loop
      vertex -59.88000000000001 -75 0
      vertex -51.11999999999999 -75 0
      vertex -51.11999999999999 -73.7 0
    endloop
  endfacet
  facet normal 0 0 1
    outer loop
      vertex -59.88000000000001 -75 0
      vertex -51.11999999999999 -73.7 0
      vertex -59.88000000000001 -73.7 0
    endloop
  endfacet
  facet normal 0 0 1
    outer loop
      vertex -59.88000000000001 -73.7 5
      vertex -51.11999999999999 -73.7 5
      vertex -51.11999999999999 -72.7 5
    endloop
  endfacet
  facet normal 0 0 1
    outer loop
      vertex -59.88000000000001 -73.7 5
      vertex -51.11999999999999 -72.7 5
      vertex -59.88000000000001 -72.7 5
    endloop
  endfacet
  facet normal 0 0 1
    outer loop
      vertex -59.88000000000001 -72.7 0
      vertex -51.11999999999999 -72.7 0
      vertex -51.11999999999999 -60 0
    endloop
  endfacet
  facet normal 0 0 1
    outer loop
      vertex -59.88000000000001 -72.7 0
      vertex -51.11999999999999 -60 0
      vertex -59.88000000000001 -60 0
    endloop
  endfacet
  facet normal 0 0 1
    outer loop
      vertex -59.88000000000001 -60 0
      vertex -51.11999999999999 -60 0
      vertex -51.11999999999999 -58.400000000000006 0
    endloop
  endfacet
  facet normal 0 0 1
    outer loop
      vertex -59.88000000000001 -60 0
      vertex -51.11999999999999 -58.400000000000006 0
      vertex -59.88000000000001 -58.400000000000006 0
    endloop
  endfacet
  facet normal 0 0 1
    outer loop
      vertex -59.88000000000001 -58.400000000000006 0
      vertex -51.11999999999999 -58.400000000000006 0
      vertex -51.11999999999999 -45.199999999999996 0
    endloop
  endfacet
  facet normal 0 0 1
    outer loop
      vertex -59.88000000000001 -58.400000000000006 0
      vertex -51.11999999999999 -45.199999999999996 0
      vertex -59.88000000000001 -45.199999999999996 0
    endloop
  endfacet
  facet normal 0 0 1
    outer loop
      vertex -59.88000000000001 -45.199999999999996 0
      vertex -51.11999999999999 -45.199999999999996 0
      vertex -51.11999999999999 -43.6 0
    endloop
  endfacet
  facet normal 0 0 1
    outer loop
      vertex -59.88000000000001 -45.199999999999996 0
      vertex -51.11999999999999 -43.6 0
      vertex -59.88000000000001 -43.6 0
    endloop
  endfacet
  facet normal 0 0 1
    outer loop
      vertex -59.88000000000001 -43.6 0
      vertex -51.11999999999999 -43.6 0
      vertex -51.11999999999999 -30.400000000000002 0
    endloop
  endfacet
  facet normal 0 0 1
    outer loop
      vertex -59.88000000000001 -43.6 0
      vertex -51.11999999999999 -30.400000000000002 0
      vertex -59.88000000000001 -30.400000000000002 0
    endloop
  endfacet
  facet normal 0 0 1
    outer loop
      vertex -59.88000000000001 -30.400000000000002 0
      vertex -51.11999999999999 -30.400000000000002 0
      vertex -51.11999999999999 -28.8 0
    endloop
  endfacet
  facet normal 0 0 1
    outer loop
      vertex -59.88000000000001 -30.400000000000002 0
      vertex -51.11999999999999 -28.8 0
      vertex -59.88000000000001 -28.8 0
    endloop
  endfacet
  facet normal 0 0 1
    outer loop
      vertex -59.88000000000001 -28.8 0
      vertex -51.11999999999999 -28.8 0
      vertex -51.11999999999999 -15.599999999999998 0
    endloop
  endfacet
  facet normal 0 0 1
    outer loop
      vertex -59.88000000000001 -28.8 0
      vertex -51.11999999999999 -15.599999999999998 0
      vertex -59.88000000000001 -15.599999999999998 0
    endloop
  endfacet
  facet normal 0 0 1
    outer loop
      vertex -59.88000000000001 -15.599999999999998 0
      vertex -51.11999999999999 -15.599999999999998 0
      vertex -51.11999999999999 -13.999999999999996 0
    endloop
  endfacet
  facet normal 0 0 1
    outer loop
      vertex -59.88000000000001 -15.599999999999998 0
      vertex -51.11999999999999 -13.999999999999996 0
      vertex -59.88000000000001 -13.999999999999996 0
    endloop
  endfacet
  facet normal 0 0 1
    outer loop
      vertex -59.88000000000001 -13.999999999999996 0
      vertex -51.11999999999999 -13.999999999999996 0
      vertex -51.11999999999999 -0.8 0
    endloop
  endfacet
  facet normal 0 0 1
    outer loop
      vertex -59.88000000000001 -13.999999999999996 0
      vertex -51.11999999999999 -0.8 0
      vertex -59.88000000000001 -0.8 0
    endloop
  endfacet
  facet normal 0 0 1
    outer loop
      vertex -59.88000000000001 -0.8 0
      vertex -51.11999999999999 -0.8 0
      vertex -51.11999999999999 0.8 0
    endloop
  endfacet
  facet normal 0 0 1
    outer loop
      vertex -59.88000000000001 -0.8 0
      vertex -51.11999999999999 0.8 0
      vertex -59.88000000000001 0.8 0
    endloop
  endfacet
  facet normal 0 0 1
    outer loop
      vertex -59.88000000000001 0.8 0
      vertex -51.11999999999999 0.8 0
      vertex -51.11999999999999 13.999999999999996 0
    endloop
  endfacet
  facet normal 0 0 1
    outer loop
      vertex -59.88000000000001 0.8 0
      vertex -51.11999999999999 13.999999999999996 0
      vertex -59.88000000000001 13.999999999999996 0
    endloop
  endfacet
  facet normal 0 0 1
    outer loop
      vertex -59.88000000000001 13.999999999999996 0
      vertex -51.11999999999999 13.999999999999996 0
      vertex -51.11999999999999 15.599999999999998 0
    endloop
  endfacet
  facet normal 0 0 1
    outer loop
      vertex -59.88000000000001 13.999999999999996 0
      vertex -51.11999999999999 15.599999999999998 0
      vertex -59.88000000000001 15.599999999999998 0
    endloop
  endfacet
  facet normal 0 0 1
    outer loop
      vertex -59.88000000000001 15.599999999999998 0
      vertex -51.11999999999999 15.599999999999998 0
      vertex -51.11999999999999 28.799999999999994 0
    endloop
  endfacet
  facet normal 0 0 1
    outer loop
      vertex -59.88000000000001 15.599999999999998 0
      vertex -51.11999999999999 28.799999999999994 0
      vertex -59.88000000000001 28.799999999999994 0
    endloop
  endfacet
  facet normal 0 0 1
    outer loop
      vertex -59.88000000000001 28.799999999999994 0
      vertex -51.11999999999999 28.799999999999994 0
      vertex -51.11999999999999 30.399999999999995 0
    endloop
  endfacet
  facet normal 0 0 1
    outer loop
      vertex -59.88000000000001 28.799999999999994 0
      vertex -51.11999999999999 30.399999999999995 0
      vertex -59.88000000000001 30.399999999999995 0
    endloop
  endfacet
  facet normal 0 0 1
    outer loop
      vertex -59.88000000000001 30.399999999999995 0
      vertex -51.11999999999999 30.399999999999995 0
      vertex -51.11999999999999 43.60000000000001 0
    endloop
  endfacet
  facet normal 0 0 1
    outer loop
      vertex -59.88000000000001 30.399999999999995 0
      vertex -51.11999999999999 43.60000000000001 0
      vertex -59.88000000000001 43.60000000000001 0
    endloop
  endfacet
  facet normal 0 0 1
    outer loop
      vertex -59.88000000000001 43.60000000000001 0
      vertex -51.11999999999999 43.60000000000001 0
      vertex -51.11999999999999 45.2 0
    endloop
  endfacet
  facet normal 0 0 1
    outer loop
      vertex -59.88000000000001 43.60000000000001 0
      vertex -51.11999999999999 45.2 0
      vertex -59.88000000000001 45.2 0
    endloop
  endfacet
  facet normal 0 0 1
    outer loop
      vertex -59.88000000000001 45.2 0
      vertex -51.11999999999999 45.2 0
      vertex -51.11999999999999 58.40000000000002 0
    endloop
  endfacet
  facet normal 0 0 1
    outer loop
      vertex -59.88000000000001 45.2 0
      vertex -51.11999999999999 58.40000000000002 0
      vertex -59.88000000000001 58.40000000000002 0
    endloop
  endfacet
  facet normal 0 0 1
    outer loop
      vertex -59.88000000000001 58.40000000000002 0
      vertex -51.11999999999999 58.40000000000002 0
      vertex -51.11999999999999 60.000000000000014 0
    endloop
  endfacet
  facet normal 0 0 1
    outer loop
      vertex -59.88000000000001 58.40000000000002 0
      vertex -51.11999999999999 60.000000000000014 0
      vertex -59.88000000000001 60.000000000000014 0
    endloop
  endfacet
  facet normal 0 0 1
    outer loop
      vertex -59.88000000000001 60.000000000000014 0
      vertex -51.11999999999999 60.000000000000014 0
      vertex -51.11999999999999 72.7 0
    endloop
  endfacet
  facet normal 0 0 1
    outer loop
      vertex -59.88000000000001 60.000000000000014 0
      vertex -51.11999999999999 72.7 0
      vertex -59.88000000000001 72.7 0
    endloop
  endfacet
  facet normal 0 0 1
    outer loop
      vertex -59.88000000000001 72.7 5
      vertex -51.11999999999999 72.7 5
      vertex -51.11999999999999 73.7 5
    endloop
  endfacet
  facet normal 0 0 1
    outer loop
      vertex -59.88000000000001 72.7 5
      vertex -51.11999999999999 73.7 5
      vertex -59.88000000000001 73.7 5
    endloop
  endfacet
  facet normal 0 0 1
    outer loop
      vertex -59.88000000000001 73.7 0
      vertex -51.11999999999999 73.7 0
      vertex -51.11999999999999 75 0
    endloop
  endfacet
  facet normal 0 0 1
    outer loop
      vertex -59.88000000000001 73.7 0
      vertex -51.11999999999999 75 0
      vertex -59.88000000000001 75 0
    endloop
  endfacet
  facet normal 0 0 1
    outer loop
      vertex -51.11999999999999 -75 0
      vertex -49.519999999999996 -75 0
      vertex -49.519999999999996 -73.7 0
    endloop
  endfacet
  facet normal 0 0 1
    outer loop
      vertex -51.11999999999999 -75 0
      vertex -49.519999999999996 -73.7 0
      vertex -51.11999999999999 -73.7 0
    endloop
  endfacet
  facet normal 0 0 1
    outer loop
      vertex -51.11999999999999 -73.7 0
      vertex -49.519999999999996 -73.7 0
      vertex -49.519999999999996 -72.7 0
    endloop
  endfacet
  facet normal 0 0 1
    outer loop
      vertex -51.11999999999999 -73.7 0
      vertex -49.519999999999996 -72.7 0
      vertex -51.11999999999999 -72.7 0
    endloop
  endfacet
  facet normal 0 0 1
    outer loop
      vertex -51.11999999999999 -72.7 0
      vertex -49.519999999999996 -72.7 0
      vertex -49.519999999999996 -60 0
    endloop
  endfacet
  facet normal 0 0 1
    outer loop
      vertex -51.11999999999999 -72.7 0
      vertex -49.519999999999996 -60 0
      vertex -51.11999999999999 -60 0
    endloop
  endfacet
  facet normal 0 0 1
    outer loop
      vertex -51.11999999999999 -60 0
      vertex -49.519999999999996 -60 0
      vertex -49.519999999999996 -58.400000000000006 0
    endloop
  endfacet
  facet normal 0 0 1
    outer loop
      vertex -51.11999999999999 -60 0
      vertex -49.519999999999996 -58.400000000000006 0
      vertex -51.11999999999999 -58.400000000000006 0
    endloop
  endfacet
  facet normal 0 0 1
    outer loop
      vertex -51.11999999999999 -58.400000000000006 0
      vertex -49.519999999999996 -58.400000000000006 0
      vertex -49.519999999999996 -45.199999999999996 0
    endloop
  endfacet
  facet normal 0 0 1
    outer loop
      vertex -51.11999999999999 -58.400000000000006 0
      vertex -49.519999999999996 -45.199999999999996 0
      vertex -51.11999999999999 -45.199999999999996 0
    endloop
  endfacet
  facet normal 0 0 1
    outer loop
      vertex -51.11999999999999 -45.199999999999996 0
      vertex -49.519999999999996 -45.199999999999996 0
      vertex -49.519999999999996 -43.6 0
    endloop
  endfacet
  facet normal 0 0 1
    outer loop
      vertex -51.11999999999999 -45.199999999999996 0
      vertex -49.519999999999996 -43.6 0
      vertex -51.11999999999999 -43.6 0
    endloop
  endfacet
  facet normal 0 0 1
    outer loop
      vertex -51.11999999999999 -43.6 0
      vertex -49.519999999999996 -43.6 0
      vertex -49.519999999999996 -30.400000000000002 0
    endloop
  endfacet
  facet normal 0 0 1
    outer loop
      vertex -51.11999999999999 -43.6 0
      vertex -49.519999999999996 -30.400000000000002 0
      vertex -51.11999999999999 -30.400000000000002 0
    endloop
  endfacet
  facet normal 0 0 1
    outer loop
      vertex -51.11999999999999 -30.400000000000002 0
      vertex -49.519999999999996 -30.400000000000002 0
      vertex -49.519999999999996 -28.8 0
    endloop
  endfacet
  facet normal 0 0 1
    outer loop
      vertex -51.11999999999999 -30.400000000000002 0
      vertex -49.519999999999996 -28.8 0
      vertex -51.11999999999999 -28.8 0
    endloop
  endfacet
  facet normal 0 0 1
    outer loop
      vertex -51.11999999999999 -28.8 0
      vertex -49.519999999999996 -28.8 0
      vertex -49.519999999999996 -15.599999999999998 0
    endloop
  endfacet
  facet normal 0 0 1
    outer loop
      vertex -51.11999999999999 -28.8 0
      vertex -49.519999999999996 -15.599999999999998 0
      vertex -51.11999999999999 -15.599999999999998 0
    endloop
  endfacet
  facet normal 0 0 1
    outer loop
      vertex -51.11999999999999 -15.599999999999998 0
      vertex -49.519999999999996 -15.599999999999998 0
      vertex -49.519999999999996 -13.999999999999996 0
    endloop
  endfacet
  facet normal 0 0 1
    outer loop
      vertex -51.11999999999999 -15.599999999999998 0
      vertex -49.519999999999996 -13.999999999999996 0
      vertex -51.11999999999999 -13.999999999999996 0
    endloop
  endfacet
  facet normal 0 0 1
    outer loop
      vertex -51.11999999999999 -13.999999999999996 0
      vertex -49.519999999999996 -13.999999999999996 0
      vertex -49.519999999999996 -0.8 0
    endloop
  endfacet
  facet normal 0 0 1
    outer loop
      vertex -51.11999999999999 -13.999999999999996 0
      vertex -49.519999999999996 -0.8 0
      vertex -51.11999999999999 -0.8 0
    endloop
  endfacet
  facet normal 0 0 1
    outer loop
      vertex -51.11999999999999 -0.8 0
      vertex -49.519999999999996 -0.8 0
      vertex -49.519999999999996 0.8 0
    endloop
  endfacet
  facet normal 0 0 1
    outer loop
      vertex -51.11999999999999 -0.8 0
      vertex -49.519999999999996 0.8 0
      vertex -51.11999999999999 0.8 0
    endloop
  endfacet
  facet normal 0 0 1
    outer loop
      vertex -51.11999999999999 0.8 0
      vertex -49.519999999999996 0.8 0
      vertex -49.519999999999996 13.999999999999996 0
    endloop
  endfacet
  facet normal 0 0 1
    outer loop
      vertex -51.11999999999999 0.8 0
      vertex -49.519999999999996 13.999999999999996 0
      vertex -51.11999999999999 13.999999999999996 0
    endloop
  endfacet
  facet normal 0 0 1
    outer loop
      vertex -51.11999999999999 13.999999999999996 0
      vertex -49.519999999999996 13.999999999999996 0
      vertex -49.519999999999996 15.599999999999998 0
    endloop
  endfacet
  facet normal 0 0 1
    outer loop
      vertex -51.11999999999999 13.999999999999996 0
      vertex -49.519999999999996 15.599999999999998 0
      vertex -51.11999999999999 15.599999999999998 0
    endloop
  endfacet
  facet normal 0 0 1
    outer loop
      vertex -51.11999999999999 15.599999999999998 0
      vertex -49.519999999999996 15.599999999999998 0
      vertex -49.519999999999996 28.799999999999994 0
    endloop
  endfacet
  facet normal 0 0 1
    outer loop
      vertex -51.11999999999999 15.599999999999998 0
      vertex -49.519999999999996 28.799999999999994 0
      vertex -51.11999999999999 28.799999999999994 0
    endloop
  endfacet
  facet normal 0 0 1
    outer loop
      vertex -51.11999999999999 28.799999999999994 0
      vertex -49.519999999999996 28.799999999999994 0
      vertex -49.519999999999996 30.399999999999995 0
    endloop
  endfacet
  facet normal 0 0 1
    outer loop
      vertex -51.11999999999999 28.799999999999994 0
      vertex -49.519999999999996 30.399999999999995 0
      vertex -51.11999999999999 30.399999999999995 0
    endloop
  endfacet
  facet normal 0 0 1
    outer loop
      vertex -51.11999999999999 30.399999999999995 0
      vertex -49.519999999999996 30.399999999999995 0
      vertex -49.519999999999996 43.60000000000001 0
    endloop
  endfacet
  facet normal 0 0 1
    outer loop
      vertex -51.11999999999999 30.399999999999995 0
      vertex -49.519999999999996 43.60000000000001 0
      vertex -51.11999999999999 43.60000000000001 0
    endloop
  endfacet
  facet normal 0 0 1
    outer loop
      vertex -51.11999999999999 43.60000000000001 0
      vertex -49.519999999999996 43.60000000000001 0
      vertex -49.519999999999996 45.2 0
    endloop
  endfacet
  facet normal 0 0 1
    outer loop
      vertex -51.11999999999999 43.60000000000001 0
      vertex -49.519999999999996 45.2 0
      vertex -51.11999999999999 45.2 0
    endloop
  endfacet
  facet normal 0 0 1
    outer loop
      vertex -51.11999999999999 45.2 0
      vertex -49.519999999999996 45.2 0
      vertex -49.519999999999996 58.40000000000002 0
    endloop
  endfacet
  facet normal 0 0 1
    outer loop
      vertex -51.11999999999999 45.2 0
      vertex -49.519999999999996 58.40000000000002 0
      vertex -51.11999999999999 58.40000000000002 0
    endloop
  endfacet
  facet normal 0 0 1
    outer loop
      vertex -51.11999999999999 58.40000000000002 0
      vertex -49.519999999999996 58.40000000000002 0
      vertex -49.519999999999996 60.000000000000014 0
    endloop
  endfacet
  facet normal 0 0 1
    outer loop
      vertex -51.11999999999999 58.40000000000002 0
      vertex -49.519999999999996 60.000000000000014 0
      vertex -51.11999999999999 60.000000000000014 0
    endloop
  endfacet
  facet normal 0 0 1
    outer loop
      vertex -51.11999999999999 60.000000000000014 0
      vertex -49.519999999999996 60.000000000000014 0
      vertex -49.519999999999996 72.7 0
    endloop
  endfacet
  facet normal 0 0 1
    outer loop
      vertex -51.11999999999999 60.000000000000014 0
      vertex -49.519999999999996 72.7 0
      vertex -51.11999999999999 72.7 0
    endloop
  endfacet
  facet normal 0 0 1
    outer loop
      vertex -51.11999999999999 72.7 0
      vertex -49.519999999999996 72.7 0
      vertex -49.519999999999996 73.7 0
    endloop
  endfacet
  facet normal 0 0 1
    outer loop
      vertex -51.11999999999999 72.7 0
      vertex -49.519999999999996 73.7 0
      vertex -51.11999999999999 73.7 0
    endloop
  endfacet
  facet normal 0 0 1
    outer loop
      vertex -51.11999999999999 73.7 0
      vertex -49.519999999999996 73.7 0
      vertex -49.519999999999996 75 0
    endloop
  endfacet
  facet normal 0 0 1
    outer loop
      vertex -51.11999999999999 73.7 0
      vertex -49.519999999999996 75 0
      vertex -51.11999999999999 75 0
    endloop
  endfacet
  facet normal 0 0 1
    outer loop
      vertex -49.519999999999996 -75 0
      vertex -31.88 -75 0
      vertex -31.88 -73.7 0
    endloop
  endfacet
  facet normal 0 0 1
    outer loop
      vertex -49.519999999999996 -75 0
      vertex -31.88 -73.7 0
      vertex -49.519999999999996 -73.7 0
    endloop
  endfacet
  facet normal 0 0 1
    outer loop
      vertex -49.519999999999996 -73.7 5
      vertex -31.88 -73.7 5
      vertex -31.88 -72.7 5
    endloop
  endfacet
  facet normal 0 0 1
    outer loop
      vertex -49.519999999999996 -73.7 5
      vertex -31.88 -72.7 5
      vertex -49.519999999999996 -72.7 5
    endloop
  endfacet
  facet normal 0 0 1
    outer loop
      vertex -49.519999999999996 -72.7 0
      vertex -31.88 -72.7 0
      vertex -31.88 -60 0
    endloop
  endfacet
  facet normal 0 0 1
    outer loop
      vertex -49.519999999999996 -72.7 0
      vertex -31.88 -60 0
      vertex -49.519999999999996 -60 0
    endloop
  endfacet
  facet normal 0 0 1
    outer loop
      vertex -49.519999999999996 -60 0
      vertex -31.88 -60 0
      vertex -31.88 -58.400000000000006 0
    endloop
  endfacet
  facet normal 0 0 1
    outer loop
      vertex -49.519999999999996 -60 0
      vertex -31.88 -58.400000000000006 0
      vertex -49.519999999999996 -58.400000000000006 0
    endloop
  endfacet
  facet normal 0 0 1
    outer loop
      vertex -49.519999999999996 -58.400000000000006 0
      vertex -31.88 -58.400000000000006 0
      vertex -31.88 -45.199999999999996 0
    endloop
  endfacet
  facet normal 0 0 1
    outer loop
      vertex -49.519999999999996 -58.400000000000006 0
      vertex -31.88 -45.199999999999996 0
      vertex -49.519999999999996 -45.199999999999996 0
    endloop
  endfacet
  facet normal 0 0 1
    outer loop
      vertex -49.519999999999996 -45.199999999999996 0
      vertex -31.88 -45.199999999999996 0
      vertex -31.88 -43.6 0
    endloop
  endfacet
  facet normal 0 0 1
    outer loop
      vertex -49.519999999999996 -45.199999999999996 0
      vertex -31.88 -43.6 0
      vertex -49.519999999999996 -43.6 0
    endloop
  endfacet
  facet normal 0 0 1
    outer loop
      vertex -49.519999999999996 -43.6 0
      vertex -31.88 -43.6 0
      vertex -31.88 -30.400000000000002 0
    endloop
  endfacet
  facet normal 0 0 1
    outer loop
      vertex -49.519999999999996 -43.6 0
      vertex -31.88 -30.400000000000002 0
      vertex -49.519999999999996 -30.400000000000002 0
    endloop
  endfacet
  facet normal 0 0 1
    outer loop
      vertex -49.519999999999996 -30.400000000000002 0
      vertex -31.88 -30.400000000000002 0
      vertex -31.88 -28.8 0
    endloop
  endfacet
  facet normal 0 0 1
    outer loop
      vertex -49.519999999999996 -30.400000000000002 0
      vertex -31.88 -28.8 0
      vertex -49.519999999999996 -28.8 0
    endloop
  endfacet
  facet normal 0 0 1
    outer loop
      vertex -49.519999999999996 -28.8 0
      vertex -31.88 -28.8 0
      vertex -31.88 -15.599999999999998 0
    endloop
  endfacet
  facet normal 0 0 1
    outer loop
      vertex -49.519999999999996 -28.8 0
      vertex -31.88 -15.599999999999998 0
      vertex -49.519999999999996 -15.599999999999998 0
    endloop
  endfacet
  facet normal 0 0 1
    outer loop
      vertex -49.519999999999996 -15.599999999999998 0
      vertex -31.88 -15.599999999999998 0
      vertex -31.88 -13.999999999999996 0
    endloop
  endfacet
  facet normal 0 0 1
    outer loop
      vertex -49.519999999999996 -15.599999999999998 0
      vertex -31.88 -13.999999999999996 0
      vertex -49.519999999999996 -13.999999999999996 0
    endloop
  endfacet
  facet normal 0 0 1
    outer loop
      vertex -49.519999999999996 -13.999999999999996 0
      vertex -31.88 -13.999999999999996 0
      vertex -31.88 -0.8 0
    endloop
  endfacet
  facet normal 0 0 1
    outer loop
      vertex -49.519999999999996 -13.999999999999996 0
      vertex -31.88 -0.8 0
      vertex -49.519999999999996 -0.8 0
    endloop
  endfacet
  facet normal 0 0 1
    outer loop
      vertex -49.519999999999996 -0.8 0
      vertex -31.88 -0.8 0
      vertex -31.88 0.8 0
    endloop
  endfacet
  facet normal 0 0 1
    outer loop
      vertex -49.519999999999996 -0.8 0
      vertex -31.88 0.8 0
      vertex -49.519999999999996 0.8 0
    endloop
  endfacet
  facet normal 0 0 1
    outer loop
      vertex -49.519999999999996 0.8 0
      vertex -31.88 0.8 0
      vertex -31.88 13.999999999999996 0
    endloop
  endfacet
  facet normal 0 0 1
    outer loop
      vertex -49.519999999999996 0.8 0
      vertex -31.88 13.999999999999996 0
      vertex -49.519999999999996 13.999999999999996 0
    endloop
  endfacet
  facet normal 0 0 1
    outer loop
      vertex -49.519999999999996 13.999999999999996 0
      vertex -31.88 13.999999999999996 0
      vertex -31.88 15.599999999999998 0
    endloop
  endfacet
  facet normal 0 0 1
    outer loop
      vertex -49.519999999999996 13.999999999999996 0
      vertex -31.88 15.599999999999998 0
      vertex -49.519999999999996 15.599999999999998 0
    endloop
  endfacet
  facet normal 0 0 1
    outer loop
      vertex -49.519999999999996 15.599999999999998 0
      vertex -31.88 15.599999999999998 0
      vertex -31.88 28.799999999999994 0
    endloop
  endfacet
  facet normal 0 0 1
    outer loop
      vertex -49.519999999999996 15.599999999999998 0
      vertex -31.88 28.799999999999994 0
      vertex -49.519999999999996 28.799999999999994 0
    endloop
  endfacet
  facet normal 0 0 1
    outer loop
      vertex -49.519999999999996 28.799999999999994 0
      vertex -31.88 28.799999999999994 0
      vertex -31.88 30.399999999999995 0
    endloop
  endfacet
  facet normal 0 0 1
    outer loop
      vertex -49.519999999999996 28.799999999999994 0
      vertex -31.88 30.399999999999995 0
      vertex -49.519999999999996 30.399999999999995 0
    endloop
  endfacet
  facet normal 0 0 1
    outer loop
      vertex -49.519999999999996 30.399999999999995 0
      vertex -31.88 30.399999999999995 0
      vertex -31.88 43.60000000000001 0
    endloop
  endfacet
  facet normal 0 0 1
    outer loop
      vertex -49.519999999999996 30.399999999999995 0
      vertex -31.88 43.60000000000001 0
      vertex -49.519999999999996 43.60000000000001 0
    endloop
  endfacet
  facet normal 0 0 1
    outer loop
      vertex -49.519999999999996 43.60000000000001 0
      vertex -31.88 43.60000000000001 0
      vertex -31.88 45.2 0
    endloop
  endfacet
  facet normal 0 0 1
    outer loop
      vertex -49.519999999999996 43.60000000000001 0
      vertex -31.88 45.2 0
      vertex -49.519999999999996 45.2 0
    endloop
  endfacet
  facet normal 0 0 1
    outer loop
      vertex -49.519999999999996 45.2 0
      vertex -31.88 45.2 0
      vertex -31.88 58.40000000000002 0
    endloop
  endfacet
  facet normal 0 0 1
    outer loop
      vertex -49.519999999999996 45.2 0
      vertex -31.88 58.40000000000002 0
      vertex -49.519999999999996 58.40000000000002 0
    endloop
  endfacet
  facet normal 0 0 1
    outer loop
      vertex -49.519999999999996 58.40000000000002 0
      vertex -31.88 58.40000000000002 0
      vertex -31.88 60.000000000000014 0
    endloop
  endfacet
  facet normal 0 0 1
    outer loop
      vertex -49.519999999999996 58.40000000000002 0
      vertex -31.88 60.000000000000014 0
      vertex -49.519999999999996 60.000000000000014 0
    endloop
  endfacet
  facet normal 0 0 1
    outer loop
      vertex -49.519999999999996 60.000000000000014 0
      vertex -31.88 60.000000000000014 0
      vertex -31.88 72.7 0
    endloop
  endfacet
  facet normal 0 0 1
    outer loop
      vertex -49.519999999999996 60.000000000000014 0
      vertex -31.88 72.7 0
      vertex -49.519999999999996 72.7 0
    endloop
  endfacet
  facet normal 0 0 1
    outer loop
      vertex -49.519999999999996 72.7 5
      vertex -31.88 72.7 5
      vertex -31.88 73.7 5
    endloop
  endfacet
  facet normal 0 0 1
    outer loop
      vertex -49.519999999999996 72.7 5
      vertex -31.88 73.7 5
      vertex -49.519999999999996 73.7 5
    endloop
  endfacet
  facet normal 0 0 1
    outer loop
      vertex -49.519999999999996 73.7 0
      vertex -31.88 73.7 0
      vertex -31.88 75 0
    endloop
  endfacet
  facet normal 0 0 1
    outer loop
      vertex -49.519999999999996 73.7 0
      vertex -31.88 75 0
      vertex -49.519999999999996 75 0
    endloop
  endfacet
  facet normal 0 0 1
    outer loop
      vertex -31.88 -75 0
      vertex -30.279999999999998 -75 0
      vertex -30.279999999999998 -73.7 0
    endloop
  endfacet
  facet normal 0 0 1
    outer loop
      vertex -31.88 -75 0
      vertex -30.279999999999998 -73.7 0
      vertex -31.88 -73.7 0
    endloop
  endfacet
  facet normal 0 0 1
    outer loop
      vertex -31.88 -73.7 0
      vertex -30.279999999999998 -73.7 0
      vertex -30.279999999999998 -72.7 0
    endloop
  endfacet
  facet normal 0 0 1
    outer loop
      vertex -31.88 -73.7 0
      vertex -30.279999999999998 -72.7 0
      vertex -31.88 -72.7 0
    endloop
  endfacet
  facet normal 0 0 1
    outer loop
      vertex -31.88 -72.7 0
      vertex -30.279999999999998 -72.7 0
      vertex -30.279999999999998 -60 0
    endloop
  endfacet
  facet normal 0 0 1
    outer loop
      vertex -31.88 -72.7 0
      vertex -30.279999999999998 -60 0
      vertex -31.88 -60 0
    endloop
  endfacet
  facet normal 0 0 1
    outer loop
      vertex -31.88 -60 0
      vertex -30.279999999999998 -60 0
      vertex -30.279999999999998 -58.400000000000006 0
    endloop
  endfacet
  facet normal 0 0 1
    outer loop
      vertex -31.88 -60 0
      vertex -30.279999999999998 -58.400000000000006 0
      vertex -31.88 -58.400000000000006 0
    endloop
  endfacet
  facet normal 0 0 1
    outer loop
      vertex -31.88 -58.400000000000006 0
      vertex -30.279999999999998 -58.400000000000006 0
      vertex -30.279999999999998 -45.199999999999996 0
    endloop
  endfacet
  facet normal 0 0 1
    outer loop
      vertex -31.88 -58.400000000000006 0
      vertex -30.279999999999998 -45.199999999999996 0
      vertex -31.88 -45.199999999999996 0
    endloop
  endfacet
  facet normal 0 0 1
    outer loop
      vertex -31.88 -45.199999999999996 0
      vertex -30.279999999999998 -45.199999999999996 0
      vertex -30.279999999999998 -43.6 0
    endloop
  endfacet
  facet normal 0 0 1
    outer loop
      vertex -31.88 -45.199999999999996 0
      vertex -30.279999999999998 -43.6 0
      vertex -31.88 -43.6 0
    endloop
  endfacet
  facet normal 0 0 1
    outer loop
      vertex -31.88 -43.6 0
      vertex -30.279999999999998 -43.6 0
      vertex -30.279999999999998 -30.400000000000002 0
    endloop
  endfacet
  facet normal 0 0 1
    outer loop
      vertex -31.88 -43.6 0
      vertex -30.279999999999998 -30.400000000000002 0
      vertex -31.88 -30.400000000000002 0
    endloop
  endfacet
  facet normal 0 0 1
    outer loop
      vertex -31.88 -30.400000000000002 0
      vertex -30.279999999999998 -30.400000000000002 0
      vertex -30.279999999999998 -28.8 0
    endloop
  endfacet
  facet normal 0 0 1
    outer loop
      vertex -31.88 -30.400000000000002 0
      vertex -30.279999999999998 -28.8 0
      vertex -31.88 -28.8 0
    endloop
  endfacet
  facet normal 0 0 1
    outer loop
      vertex -31.88 -28.8 0
      vertex -30.279999999999998 -28.8 0
      vertex -30.279999999999998 -15.599999999999998 0
    endloop
  endfacet
  facet normal 0 0 1
    outer loop
      vertex -31.88 -28.8 0
      vertex -30.279999999999998 -15.599999999999998 0
      vertex -31.88 -15.599999999999998 0
    endloop
  endfacet
  facet normal 0 0 1
    outer loop
      vertex -31.88 -15.599999999999998 0
      vertex -30.279999999999998 -15.599999999999998 0
      vertex -30.279999999999998 -13.999999999999996 0
    endloop
  endfacet
  facet normal 0 0 1
    outer loop
      vertex -31.88 -15.599999999999998 0
      vertex -30.279999999999998 -13.999999999999996 0
      vertex -31.88 -13.999999999999996 0
    endloop
  endfacet
  facet normal 0 0 1
    outer loop
      vertex -31.88 -13.999999999999996 0
      vertex -30.279999999999998 -13.999999999999996 0
      vertex -30.279999999999998 -0.8 0
    endloop
  endfacet
  facet normal 0 0 1
    outer loop
      vertex -31.88 -13.999999999999996 0
      vertex -30.279999999999998 -0.8 0
      vertex -31.88 -0.8 0
    endloop
  endfacet
  facet normal 0 0 1
    outer loop
      vertex -31.88 -0.8 0
      vertex -30.279999999999998 -0.8 0
      vertex -30.279999999999998 0.8 0
    endloop
  endfacet
  facet normal 0 0 1
    outer loop
      vertex -31.88 -0.8 0
      vertex -30.279999999999998 0.8 0
      vertex -31.88 0.8 0
    endloop
  endfacet
  facet normal 0 0 1
    outer loop
      vertex -31.88 0.8 0
      vertex -30.279999999999998 0.8 0
      vertex -30.279999999999998 13.999999999999996 0
    endloop
  endfacet
  facet normal 0 0 1
    outer loop
      vertex -31.88 0.8 0
      vertex -30.279999999999998 13.999999999999996 0
      vertex -31.88 13.999999999999996 0
    endloop
  endfacet
  facet normal 0 0 1
    outer loop
      vertex -31.88 13.999999999999996 0
      vertex -30.279999999999998 13.999999999999996 0
      vertex -30.279999999999998 15.599999999999998 0
    endloop
  endfacet
  facet normal 0 0 1
    outer loop
      vertex -31.88 13.999999999999996 0
      vertex -30.279999999999998 15.599999999999998 0
      vertex -31.88 15.599999999999998 0
    endloop
  endfacet
  facet normal 0 0 1
    outer loop
      vertex -31.88 15.599999999999998 0
      vertex -30.279999999999998 15.599999999999998 0
      vertex -30.279999999999998 28.799999999999994 0
    endloop
  endfacet
  facet normal 0 0 1
    outer loop
      vertex -31.88 15.599999999999998 0
      vertex -30.279999999999998 28.799999999999994 0
      vertex -31.88 28.799999999999994 0
    endloop
  endfacet
  facet normal 0 0 1
    outer loop
      vertex -31.88 28.799999999999994 0
      vertex -30.279999999999998 28.799999999999994 0
      vertex -30.279999999999998 30.399999999999995 0
    endloop
  endfacet
  facet normal 0 0 1
    outer loop
      vertex -31.88 28.799999999999994 0
      vertex -30.279999999999998 30.399999999999995 0
      vertex -31.88 30.399999999999995 0
    endloop
  endfacet
  facet normal 0 0 1
    outer loop
      vertex -31.88 30.399999999999995 0
      vertex -30.279999999999998 30.399999999999995 0
      vertex -30.279999999999998 43.60000000000001 0
    endloop
  endfacet
  facet normal 0 0 1
    outer loop
      vertex -31.88 30.399999999999995 0
      vertex -30.279999999999998 43.60000000000001 0
      vertex -31.88 43.60000000000001 0
    endloop
  endfacet
  facet normal 0 0 1
    outer loop
      vertex -31.88 43.60000000000001 0
      vertex -30.279999999999998 43.60000000000001 0
      vertex -30.279999999999998 45.2 0
    endloop
  endfacet
  facet normal 0 0 1
    outer loop
      vertex -31.88 43.60000000000001 0
      vertex -30.279999999999998 45.2 0
      vertex -31.88 45.2 0
    endloop
  endfacet
  facet normal 0 0 1
    outer loop
      vertex -31.88 45.2 0
      vertex -30.279999999999998 45.2 0
      vertex -30.279999999999998 58.40000000000002 0
    endloop
  endfacet
  facet normal 0 0 1
    outer loop
      vertex -31.88 45.2 0
      vertex -30.279999999999998 58.40000000000002 0
      vertex -31.88 58.40000000000002 0
    endloop
  endfacet
  facet normal 0 0 1
    outer loop
      vertex -31.88 58.40000000000002 0
      vertex -30.279999999999998 58.40000000000002 0
      vertex -30.279999999999998 60.000000000000014 0
    endloop
  endfacet
  facet normal 0 0 1
    outer loop
      vertex -31.88 58.40000000000002 0
      vertex -30.279999999999998 60.000000000000014 0
      vertex -31.88 60.000000000000014 0
    endloop
  endfacet
  facet normal 0 0 1
    outer loop
      vertex -31.88 60.000000000000014 0
      vertex -30.279999999999998 60.000000000000014 0
      vertex -30.279999999999998 72.7 0
    endloop
  endfacet
  facet normal 0 0 1
    outer loop
      vertex -31.88 60.000000000000014 0
      vertex -30.279999999999998 72.7 0
      vertex -31.88 72.7 0
    endloop
  endfacet
  facet normal 0 0 1
    outer loop
      vertex -31.88 72.7 0
      vertex -30.279999999999998 72.7 0
      vertex -30.279999999999998 73.7 0
    endloop
  endfacet
  facet normal 0 0 1
    outer loop
      vertex -31.88 72.7 0
      vertex -30.279999999999998 73.7 0
      vertex -31.88 73.7 0
    endloop
  endfacet
  facet normal 0 0 1
    outer loop
      vertex -31.88 73.7 0
      vertex -30.279999999999998 73.7 0
      vertex -30.279999999999998 75 0
    endloop
  endfacet
  facet normal 0 0 1
    outer loop
      vertex -31.88 73.7 0
      vertex -30.279999999999998 75 0
      vertex -31.88 75 0
    endloop
  endfacet
  facet normal 0 0 1
    outer loop
      vertex -30.279999999999998 -75 0
      vertex -21.52 -75 0
      vertex -21.52 -73.7 0
    endloop
  endfacet
  facet normal 0 0 1
    outer loop
      vertex -30.279999999999998 -75 0
      vertex -21.52 -73.7 0
      vertex -30.279999999999998 -73.7 0
    endloop
  endfacet
  facet normal 0 0 1
    outer loop
      vertex -30.279999999999998 -73.7 5
      vertex -21.52 -73.7 5
      vertex -21.52 -72.7 5
    endloop
  endfacet
  facet normal 0 0 1
    outer loop
      vertex -30.279999999999998 -73.7 5
      vertex -21.52 -72.7 5
      vertex -30.279999999999998 -72.7 5
    endloop
  endfacet
  facet normal 0 0 1
    outer loop
      vertex -30.279999999999998 -72.7 0
      vertex -21.52 -72.7 0
      vertex -21.52 -60 0
    endloop
  endfacet
  facet normal 0 0 1
    outer loop
      vertex -30.279999999999998 -72.7 0
      vertex -21.52 -60 0
      vertex -30.279999999999998 -60 0
    endloop
  endfacet
  facet normal 0 0 1
    outer loop
      vertex -30.279999999999998 -60 0
      vertex -21.52 -60 0
      vertex -21.52 -58.400000000000006 0
    endloop
  endfacet
  facet normal 0 0 1
    outer loop
      vertex -30.279999999999998 -60 0
      vertex -21.52 -58.400000000000006 0
      vertex -30.279999999999998 -58.400000000000006 0
    endloop
  endfacet
  facet normal 0 0 1
    outer loop
      vertex -30.279999999999998 -58.400000000000006 0
      vertex -21.52 -58.400000000000006 0
      vertex -21.52 -45.199999999999996 0
    endloop
  endfacet
  facet normal 0 0 1
    outer loop
      vertex -30.279999999999998 -58.400000000000006 0
      vertex -21.52 -45.199999999999996 0
      vertex -30.279999999999998 -45.199999999999996 0
    endloop
  endfacet
  facet normal 0 0 1
    outer loop
      vertex -30.279999999999998 -45.199999999999996 0
      vertex -21.52 -45.199999999999996 0
      vertex -21.52 -43.6 0
    endloop
  endfacet
  facet normal 0 0 1
    outer loop
      vertex -30.279999999999998 -45.199999999999996 0
      vertex -21.52 -43.6 0
      vertex -30.279999999999998 -43.6 0
    endloop
  endfacet
  facet normal 0 0 1
    outer loop
      vertex -30.279999999999998 -43.6 0
      vertex -21.52 -43.6 0
      vertex -21.52 -30.400000000000002 0
    endloop
  endfacet
  facet normal 0 0 1
    outer loop
      vertex -30.279999999999998 -43.6 0
      vertex -21.52 -30.400000000000002 0
      vertex -30.279999999999998 -30.400000000000002 0
    endloop
  endfacet
  facet normal 0 0 1
    outer loop
      vertex -30.279999999999998 -30.400000000000002 0
      vertex -21.52 -30.400000000000002 0
      vertex -21.52 -28.8 0
    endloop
  endfacet
  facet normal 0 0 1
    outer loop
      vertex -30.279999999999998 -30.400000000000002 0
      vertex -21.52 -28.8 0
      vertex -30.279999999999998 -28.8 0
    endloop
  endfacet
  facet normal 0 0 1
    outer loop
      vertex -30.279999999999998 -28.8 0
      vertex -21.52 -28.8 0
      vertex -21.52 -15.599999999999998 0
    endloop
  endfacet
  facet normal 0 0 1
    outer loop
      vertex -30.279999999999998 -28.8 0
      vertex -21.52 -15.599999999999998 0
      vertex -30.279999999999998 -15.599999999999998 0
    endloop
  endfacet
  facet normal 0 0 1
    outer loop
      vertex -30.279999999999998 -15.599999999999998 0
      vertex -21.52 -15.599999999999998 0
      vertex -21.52 -13.999999999999996 0
    endloop
  endfacet
  facet normal 0 0 1
    outer loop
      vertex -30.279999999999998 -15.599999999999998 0
      vertex -21.52 -13.999999999999996 0
      vertex -30.279999999999998 -13.999999999999996 0
    endloop
  endfacet
  facet normal 0 0 1
    outer loop
      vertex -30.279999999999998 -13.999999999999996 0
      vertex -21.52 -13.999999999999996 0
      vertex -21.52 -0.8 0
    endloop
  endfacet
  facet normal 0 0 1
    outer loop
      vertex -30.279999999999998 -13.999999999999996 0
      vertex -21.52 -0.8 0
      vertex -30.279999999999998 -0.8 0
    endloop
  endfacet
  facet normal 0 0 1
    outer loop
      vertex -30.279999999999998 -0.8 0
      vertex -21.52 -0.8 0
      vertex -21.52 0.8 0
    endloop
  endfacet
  facet normal 0 0 1
    outer loop
      vertex -30.279999999999998 -0.8 0
      vertex -21.52 0.8 0
      vertex -30.279999999999998 0.8 0
    endloop
  endfacet
  facet normal 0 0 1
    outer loop
      vertex -30.279999999999998 0.8 0
      vertex -21.52 0.8 0
      vertex -21.52 13.999999999999996 0
    endloop
  endfacet
  facet normal 0 0 1
    outer loop
      vertex -30.279999999999998 0.8 0
      vertex -21.52 13.999999999999996 0
      vertex -30.279999999999998 13.999999999999996 0
    endloop
  endfacet
  facet normal 0 0 1
    outer loop
      vertex -30.279999999999998 13.999999999999996 0
      vertex -21.52 13.999999999999996 0
      vertex -21.52 15.599999999999998 0
    endloop
  endfacet
  facet normal 0 0 1
    outer loop
      vertex -30.279999999999998 13.999999999999996 0
      vertex -21.52 15.599999999999998 0
      vertex -30.279999999999998 15.599999999999998 0
    endloop
  endfacet
  facet normal 0 0 1
    outer loop
      vertex -30.279999999999998 15.599999999999998 0
      vertex -21.52 15.599999999999998 0
      vertex -21.52 28.799999999999994 0
    endloop
  endfacet
  facet normal 0 0 1
    outer loop
      vertex -30.279999999999998 15.599999999999998 0
      vertex -21.52 28.799999999999994 0
      vertex -30.279999999999998 28.799999999999994 0
    endloop
  endfacet
  facet normal 0 0 1
    outer loop
      vertex -30.279999999999998 28.799999999999994 0
      vertex -21.52 28.799999999999994 0
      vertex -21.52 30.399999999999995 0
    endloop
  endfacet
  facet normal 0 0 1
    outer loop
      vertex -30.279999999999998 28.799999999999994 0
      vertex -21.52 30.399999999999995 0
      vertex -30.279999999999998 30.399999999999995 0
    endloop
  endfacet
  facet normal 0 0 1
    outer loop
      vertex -30.279999999999998 30.399999999999995 0
      vertex -21.52 30.399999999999995 0
      vertex -21.52 43.60000000000001 0
    endloop
  endfacet
  facet normal 0 0 1
    outer loop
      vertex -30.279999999999998 30.399999999999995 0
      vertex -21.52 43.60000000000001 0
      vertex -30.279999999999998 43.60000000000001 0
    endloop
  endfacet
  facet normal 0 0 1
    outer loop
      vertex -30.279999999999998 43.60000000000001 0
      vertex -21.52 43.60000000000001 0
      vertex -21.52 45.2 0
    endloop
  endfacet
  facet normal 0 0 1
    outer loop
      vertex -30.279999999999998 43.60000000000001 0
      vertex -21.52 45.2 0
      vertex -30.279999999999998 45.2 0
    endloop
  endfacet
  facet normal 0 0 1
    outer loop
      vertex -30.279999999999998 45.2 0
      vertex -21.52 45.2 0
      vertex -21.52 58.40000000000002 0
    endloop
  endfacet
  facet normal 0 0 1
    outer loop
      vertex -30.279999999999998 45.2 0
      vertex -21.52 58.40000000000002 0
      vertex -30.279999999999998 58.40000000000002 0
    endloop
  endfacet
  facet normal 0 0 1
    outer loop
      vertex -30.279999999999998 58.40000000000002 0
      vertex -21.52 58.40000000000002 0
      vertex -21.52 60.000000000000014 0
    endloop
  endfacet
  facet normal 0 0 1
    outer loop
      vertex -30.279999999999998 58.40000000000002 0
      vertex -21.52 60.000000000000014 0
      vertex -30.279999999999998 60.000000000000014 0
    endloop
  endfacet
  facet normal 0 0 1
    outer loop
      vertex -30.279999999999998 60.000000000000014 0
      vertex -21.52 60.000000000000014 0
      vertex -21.52 72.7 0
    endloop
  endfacet
  facet normal 0 0 1
    outer loop
      vertex -30.279999999999998 60.000000000000014 0
      vertex -21.52 72.7 0
      vertex -30.279999999999998 72.7 0
    endloop
  endfacet
  facet normal 0 0 1
    outer loop
      vertex -30.279999999999998 72.7 5
      vertex -21.52 72.7 5
      vertex -21.52 73.7 5
    endloop
  endfacet
  facet normal 0 0 1
    outer loop
      vertex -30.279999999999998 72.7 5
      vertex -21.52 73.7 5
      vertex -30.279999999999998 73.7 5
    endloop
  endfacet
  facet normal 0 0 1
    outer loop
      vertex -30.279999999999998 73.7 0
      vertex -21.52 73.7 0
      vertex -21.52 75 0
    endloop
  endfacet
  facet normal 0 0 1
    outer loop
      vertex -30.279999999999998 73.7 0
      vertex -21.52 75 0
      vertex -30.279999999999998 75 0
    endloop
  endfacet
  facet normal 0 0 1
    outer loop
      vertex -21.52 -75 0
      vertex -19.919999999999998 -75 0
      vertex -19.919999999999998 -73.7 0
    endloop
  endfacet
  facet normal 0 0 1
    outer loop
      vertex -21.52 -75 0
      vertex -19.919999999999998 -73.7 0
      vertex -21.52 -73.7 0
    endloop
  endfacet
  facet normal 0 0 1
    outer loop
      vertex -21.52 -73.7 0
      vertex -19.919999999999998 -73.7 0
      vertex -19.919999999999998 -72.7 0
    endloop
  endfacet
  facet normal 0 0 1
    outer loop
      vertex -21.52 -73.7 0
      vertex -19.919999999999998 -72.7 0
      vertex -21.52 -72.7 0
    endloop
  endfacet
  facet normal 0 0 1
    outer loop
      vertex -21.52 -72.7 0
      vertex -19.919999999999998 -72.7 0
      vertex -19.919999999999998 -60 0
    endloop
  endfacet
  facet normal 0 0 1
    outer loop
      vertex -21.52 -72.7 0
      vertex -19.919999999999998 -60 0
      vertex -21.52 -60 0
    endloop
  endfacet
  facet normal 0 0 1
    outer loop
      vertex -21.52 -60 0
      vertex -19.919999999999998 -60 0
      vertex -19.919999999999998 -58.400000000000006 0
    endloop
  endfacet
  facet normal 0 0 1
    outer loop
      vertex -21.52 -60 0
      vertex -19.919999999999998 -58.400000000000006 0
      vertex -21.52 -58.400000000000006 0
    endloop
  endfacet
  facet normal 0 0 1
    outer loop
      vertex -21.52 -58.400000000000006 0
      vertex -19.919999999999998 -58.400000000000006 0
      vertex -19.919999999999998 -45.199999999999996 0
    endloop
  endfacet
  facet normal 0 0 1
    outer loop
      vertex -21.52 -58.400000000000006 0
      vertex -19.919999999999998 -45.199999999999996 0
      vertex -21.52 -45.199999999999996 0
    endloop
  endfacet
  facet normal 0 0 1
    outer loop
      vertex -21.52 -45.199999999999996 0
      vertex -19.919999999999998 -45.199999999999996 0
      vertex -19.919999999999998 -43.6 0
    endloop
  endfacet
  facet normal 0 0 1
    outer loop
      vertex -21.52 -45.199999999999996 0
      vertex -19.919999999999998 -43.6 0
      vertex -21.52 -43.6 0
    endloop
  endfacet
  facet normal 0 0 1
    outer loop
      vertex -21.52 -43.6 0
      vertex -19.919999999999998 -43.6 0
      vertex -19.919999999999998 -30.400000000000002 0
    endloop
  endfacet
  facet normal 0 0 1
    outer loop
      vertex -21.52 -43.6 0
      vertex -19.919999999999998 -30.400000000000002 0
      vertex -21.52 -30.400000000000002 0
    endloop
  endfacet
  facet normal 0 0 1
    outer loop
      vertex -21.52 -30.400000000000002 0
      vertex -19.919999999999998 -30.400000000000002 0
      vertex -19.919999999999998 -28.8 0
    endloop
  endfacet
  facet normal 0 0 1
    outer loop
      vertex -21.52 -30.400000000000002 0
      vertex -19.919999999999998 -28.8 0
      vertex -21.52 -28.8 0
    endloop
  endfacet
  facet normal 0 0 1
    outer loop
      vertex -21.52 -28.8 0
      vertex -19.919999999999998 -28.8 0
      vertex -19.919999999999998 -15.599999999999998 0
    endloop
  endfacet
  facet normal 0 0 1
    outer loop
      vertex -21.52 -28.8 0
      vertex -19.919999999999998 -15.599999999999998 0
      vertex -21.52 -15.599999999999998 0
    endloop
  endfacet
  facet normal 0 0 1
    outer loop
      vertex -21.52 -15.599999999999998 0
      vertex -19.919999999999998 -15.599999999999998 0
      vertex -19.919999999999998 -13.999999999999996 0
    endloop
  endfacet
  facet normal 0 0 1
    outer loop
      vertex -21.52 -15.599999999999998 0
      vertex -19.919999999999998 -13.999999999999996 0
      vertex -21.52 -13.999999999999996 0
    endloop
  endfacet
  facet normal 0 0 1
    outer loop
      vertex -21.52 -13.999999999999996 0
      vertex -19.919999999999998 -13.999999999999996 0
      vertex -19.919999999999998 -0.8 0
    endloop
  endfacet
  facet normal 0 0 1
    outer loop
      vertex -21.52 -13.999999999999996 0
      vertex -19.919999999999998 -0.8 0
      vertex -21.52 -0.8 0
    endloop
  endfacet
  facet normal 0 0 1
    outer loop
      vertex -21.52 -0.8 0
      vertex -19.919999999999998 -0.8 0
      vertex -19.919999999999998 0.8 0
    endloop
  endfacet
  facet normal 0 0 1
    outer loop
      vertex -21.52 -0.8 0
      vertex -19.919999999999998 0.8 0
      vertex -21.52 0.8 0
    endloop
  endfacet
  facet normal 0 0 1
    outer loop
      vertex -21.52 0.8 0
      vertex -19.919999999999998 0.8 0
      vertex -19.919999999999998 13.999999999999996 0
    endloop
  endfacet
  facet normal 0 0 1
    outer loop
      vertex -21.52 0.8 0
      vertex -19.919999999999998 13.999999999999996 0
      vertex -21.52 13.999999999999996 0
    endloop
  endfacet
  facet normal 0 0 1
    outer loop
      vertex -21.52 13.999999999999996 0
      vertex -19.919999999999998 13.999999999999996 0
      vertex -19.919999999999998 15.599999999999998 0
    endloop
  endfacet
  facet normal 0 0 1
    outer loop
      vertex -21.52 13.999999999999996 0
      vertex -19.919999999999998 15.599999999999998 0
      vertex -21.52 15.599999999999998 0
    endloop
  endfacet
  facet normal 0 0 1
    outer loop
      vertex -21.52 15.599999999999998 0
      vertex -19.919999999999998 15.599999999999998 0
      vertex -19.919999999999998 28.799999999999994 0
    endloop
  endfacet
  facet normal 0 0 1
    outer loop
      vertex -21.52 15.599999999999998 0
      vertex -19.919999999999998 28.799999999999994 0
      vertex -21.52 28.799999999999994 0
    endloop
  endfacet
  facet normal 0 0 1
    outer loop
      vertex -21.52 28.799999999999994 0
      vertex -19.919999999999998 28.799999999999994 0
      vertex -19.919999999999998 30.399999999999995 0
    endloop
  endfacet
  facet normal 0 0 1
    outer loop
      vertex -21.52 28.799999999999994 0
      vertex -19.919999999999998 30.399999999999995 0
      vertex -21.52 30.399999999999995 0
    endloop
  endfacet
  facet normal 0 0 1
    outer loop
      vertex -21.52 30.399999999999995 0
      vertex -19.919999999999998 30.399999999999995 0
      vertex -19.919999999999998 43.60000000000001 0
    endloop
  endfacet
  facet normal 0 0 1
    outer loop
      vertex -21.52 30.399999999999995 0
      vertex -19.919999999999998 43.60000000000001 0
      vertex -21.52 43.60000000000001 0
    endloop
  endfacet
  facet normal 0 0 1
    outer loop
      vertex -21.52 43.60000000000001 0
      vertex -19.919999999999998 43.60000000000001 0
      vertex -19.919999999999998 45.2 0
    endloop
  endfacet
  facet normal 0 0 1
    outer loop
      vertex -21.52 43.60000000000001 0
      vertex -19.919999999999998 45.2 0
      vertex -21.52 45.2 0
    endloop
  endfacet
  facet normal 0 0 1
    outer loop
      vertex -21.52 45.2 0
      vertex -19.919999999999998 45.2 0
      vertex -19.919999999999998 58.40000000000002 0
    endloop
  endfacet
  facet normal 0 0 1
    outer loop
      vertex -21.52 45.2 0
      vertex -19.919999999999998 58.40000000000002 0
      vertex -21.52 58.40000000000002 0
    endloop
  endfacet
  facet normal 0 0 1
    outer loop
      vertex -21.52 58.40000000000002 0
      vertex -19.919999999999998 58.40000000000002 0
      vertex -19.919999999999998 60.000000000000014 0
    endloop
  endfacet
  facet normal 0 0 1
    outer loop
      vertex -21.52 58.40000000000002 0
      vertex -19.919999999999998 60.000000000000014 0
      vertex -21.52 60.000000000000014 0
    endloop
  endfacet
  facet normal 0 0 1
    outer loop
      vertex -21.52 60.000000000000014 0
      vertex -19.919999999999998 60.000000000000014 0
      vertex -19.919999999999998 72.7 0
    endloop
  endfacet
  facet normal 0 0 1
    outer loop
      vertex -21.52 60.000000000000014 0
      vertex -19.919999999999998 72.7 0
      vertex -21.52 72.7 0
    endloop
  endfacet
  facet normal 0 0 1
    outer loop
      vertex -21.52 72.7 0
      vertex -19.919999999999998 72.7 0
      vertex -19.919999999999998 73.7 0
    endloop
  endfacet
  facet normal 0 0 1
    outer loop
      vertex -21.52 72.7 0
      vertex -19.919999999999998 73.7 0
      vertex -21.52 73.7 0
    endloop
  endfacet
  facet normal 0 0 1
    outer loop
      vertex -21.52 73.7 0
      vertex -19.919999999999998 73.7 0
      vertex -19.919999999999998 75 0
    endloop
  endfacet
  facet normal 0 0 1
    outer loop
      vertex -21.52 73.7 0
      vertex -19.919999999999998 75 0
      vertex -21.52 75 0
    endloop
  endfacet
  facet normal 0 0 1
    outer loop
      vertex -19.919999999999998 -75 0
      vertex -11.16 -75 0
      vertex -11.16 -73.7 0
    endloop
  endfacet
  facet normal 0 0 1
    outer loop
      vertex -19.919999999999998 -75 0
      vertex -11.16 -73.7 0
      vertex -19.919999999999998 -73.7 0
    endloop
  endfacet
  facet normal 0 0 1
    outer loop
      vertex -19.919999999999998 -73.7 5
      vertex -11.16 -73.7 5
      vertex -11.16 -72.7 5
    endloop
  endfacet
  facet normal 0 0 1
    outer loop
      vertex -19.919999999999998 -73.7 5
      vertex -11.16 -72.7 5
      vertex -19.919999999999998 -72.7 5
    endloop
  endfacet
  facet normal 0 0 1
    outer loop
      vertex -19.919999999999998 -72.7 0
      vertex -11.16 -72.7 0
      vertex -11.16 -60 0
    endloop
  endfacet
  facet normal 0 0 1
    outer loop
      vertex -19.919999999999998 -72.7 0
      vertex -11.16 -60 0
      vertex -19.919999999999998 -60 0
    endloop
  endfacet
  facet normal 0 0 1
    outer loop
      vertex -19.919999999999998 -60 0
      vertex -11.16 -60 0
      vertex -11.16 -58.400000000000006 0
    endloop
  endfacet
  facet normal 0 0 1
    outer loop
      vertex -19.919999999999998 -60 0
      vertex -11.16 -58.400000000000006 0
      vertex -19.919999999999998 -58.400000000000006 0
    endloop
  endfacet
  facet normal 0 0 1
    outer loop
      vertex -19.919999999999998 -58.400000000000006 0
      vertex -11.16 -58.400000000000006 0
      vertex -11.16 -45.199999999999996 0
    endloop
  endfacet
  facet normal 0 0 1
    outer loop
      vertex -19.919999999999998 -58.400000000000006 0
      vertex -11.16 -45.199999999999996 0
      vertex -19.919999999999998 -45.199999999999996 0
    endloop
  endfacet
  facet normal 0 0 1
    outer loop
      vertex -19.919999999999998 -45.199999999999996 0
      vertex -11.16 -45.199999999999996 0
      vertex -11.16 -43.6 0
    endloop
  endfacet
  facet normal 0 0 1
    outer loop
      vertex -19.919999999999998 -45.199999999999996 0
      vertex -11.16 -43.6 0
      vertex -19.919999999999998 -43.6 0
    endloop
  endfacet
  facet normal 0 0 1
    outer loop
      vertex -19.919999999999998 -43.6 0
      vertex -11.16 -43.6 0
      vertex -11.16 -30.400000000000002 0
    endloop
  endfacet
  facet normal 0 0 1
    outer loop
      vertex -19.919999999999998 -43.6 0
      vertex -11.16 -30.400000000000002 0
      vertex -19.919999999999998 -30.400000000000002 0
    endloop
  endfacet
  facet normal 0 0 1
    outer loop
      vertex -19.919999999999998 -30.400000000000002 0
      vertex -11.16 -30.400000000000002 0
      vertex -11.16 -28.8 0
    endloop
  endfacet
  facet normal 0 0 1
    outer loop
      vertex -19.919999999999998 -30.400000000000002 0
      vertex -11.16 -28.8 0
      vertex -19.919999999999998 -28.8 0
    endloop
  endfacet
  facet normal 0 0 1
    outer loop
      vertex -19.919999999999998 -28.8 0
      vertex -11.16 -28.8 0
      vertex -11.16 -15.599999999999998 0
    endloop
  endfacet
  facet normal 0 0 1
    outer loop
      vertex -19.919999999999998 -28.8 0
      vertex -11.16 -15.599999999999998 0
      vertex -19.919999999999998 -15.599999999999998 0
    endloop
  endfacet
  facet normal 0 0 1
    outer loop
      vertex -19.919999999999998 -15.599999999999998 0
      vertex -11.16 -15.599999999999998 0
      vertex -11.16 -13.999999999999996 0
    endloop
  endfacet
  facet normal 0 0 1
    outer loop
      vertex -19.919999999999998 -15.599999999999998 0
      vertex -11.16 -13.999999999999996 0
      vertex -19.919999999999998 -13.999999999999996 0
    endloop
  endfacet
  facet normal 0 0 1
    outer loop
      vertex -19.919999999999998 -13.999999999999996 0
      vertex -11.16 -13.999999999999996 0
      vertex -11.16 -0.8 0
    endloop
  endfacet
  facet normal 0 0 1
    outer loop
      vertex -19.919999999999998 -13.999999999999996 0
      vertex -11.16 -0.8 0
      vertex -19.919999999999998 -0.8 0
    endloop
  endfacet
  facet normal 0 0 1
    outer loop
      vertex -19.919999999999998 -0.8 0
      vertex -11.16 -0.8 0
      vertex -11.16 0.8 0
    endloop
  endfacet
  facet normal 0 0 1
    outer loop
      vertex -19.919999999999998 -0.8 0
      vertex -11.16 0.8 0
      vertex -19.919999999999998 0.8 0
    endloop
  endfacet
  facet normal 0 0 1
    outer loop
      vertex -19.919999999999998 0.8 0
      vertex -11.16 0.8 0
      vertex -11.16 13.999999999999996 0
    endloop
  endfacet
  facet normal 0 0 1
    outer loop
      vertex -19.919999999999998 0.8 0
      vertex -11.16 13.999999999999996 0
      vertex -19.919999999999998 13.999999999999996 0
    endloop
  endfacet
  facet normal 0 0 1
    outer loop
      vertex -19.919999999999998 13.999999999999996 0
      vertex -11.16 13.999999999999996 0
      vertex -11.16 15.599999999999998 0
    endloop
  endfacet
  facet normal 0 0 1
    outer loop
      vertex -19.919999999999998 13.999999999999996 0
      vertex -11.16 15.599999999999998 0
      vertex -19.919999999999998 15.599999999999998 0
    endloop
  endfacet
  facet normal 0 0 1
    outer loop
      vertex -19.919999999999998 15.599999999999998 0
      vertex -11.16 15.599999999999998 0
      vertex -11.16 28.799999999999994 0
    endloop
  endfacet
  facet normal 0 0 1
    outer loop
      vertex -19.919999999999998 15.599999999999998 0
      vertex -11.16 28.799999999999994 0
      vertex -19.919999999999998 28.799999999999994 0
    endloop
  endfacet
  facet normal 0 0 1
    outer loop
      vertex -19.919999999999998 28.799999999999994 0
      vertex -11.16 28.799999999999994 0
      vertex -11.16 30.399999999999995 0
    endloop
  endfacet
  facet normal 0 0 1
    outer loop
      vertex -19.919999999999998 28.799999999999994 0
      vertex -11.16 30.399999999999995 0
      vertex -19.919999999999998 30.399999999999995 0
    endloop
  endfacet
  facet normal 0 0 1
    outer loop
      vertex -19.919999999999998 30.399999999999995 0
      vertex -11.16 30.399999999999995 0
      vertex -11.16 43.60000000000001 0
    endloop
  endfacet
  facet normal 0 0 1
    outer loop
      vertex -19.919999999999998 30.399999999999995 0
      vertex -11.16 43.60000000000001 0
      vertex -19.919999999999998 43.60000000000001 0
    endloop
  endfacet
  facet normal 0 0 1
    outer loop
      vertex -19.919999999999998 43.60000000000001 0
      vertex -11.16 43.60000000000001 0
      vertex -11.16 45.2 0
    endloop
  endfacet
  facet normal 0 0 1
    outer loop
      vertex -19.919999999999998 43.60000000000001 0
      vertex -11.16 45.2 0
      vertex -19.919999999999998 45.2 0
    endloop
  endfacet
  facet normal 0 0 1
    outer loop
      vertex -19.919999999999998 45.2 0
      vertex -11.16 45.2 0
      vertex -11.16 58.40000000000002 0
    endloop
  endfacet
  facet normal 0 0 1
    outer loop
      vertex -19.919999999999998 45.2 0
      vertex -11.16 58.40000000000002 0
      vertex -19.919999999999998 58.40000000000002 0
    endloop
  endfacet
  facet normal 0 0 1
    outer loop
      vertex -19.919999999999998 58.40000000000002 0
      vertex -11.16 58.40000000000002 0
      vertex -11.16 60.000000000000014 0
    endloop
  endfacet
  facet normal 0 0 1
    outer loop
      vertex -19.919999999999998 58.40000000000002 0
      vertex -11.16 60.000000000000014 0
      vertex -19.919999999999998 60.000000000000014 0
    endloop
  endfacet
  facet normal 0 0 1
    outer loop
      vertex -19.919999999999998 60.000000000000014 0
      vertex -11.16 60.000000000000014 0
      vertex -11.16 72.7 0
    endloop
  endfacet
  facet normal 0 0 1
    outer loop
      vertex -19.919999999999998 60.000000000000014 0
      vertex -11.16 72.7 0
      vertex -19.919999999999998 72.7 0
    endloop
  endfacet
  facet normal 0 0 1
    outer loop
      vertex -19.919999999999998 72.7 5
      vertex -11.16 72.7 5
      vertex -11.16 73.7 5
    endloop
  endfacet
  facet normal 0 0 1
    outer loop
      vertex -19.919999999999998 72.7 5
      vertex -11.16 73.7 5
      vertex -19.919999999999998 73.7 5
    endloop
  endfacet
  facet normal 0 0 1
    outer loop
      vertex -19.919999999999998 73.7 0
      vertex -11.16 73.7 0
      vertex -11.16 75 0
    endloop
  endfacet
  facet normal 0 0 1
    outer loop
      vertex -19.919999999999998 73.7 0
      vertex -11.16 75 0
      vertex -19.919999999999998 75 0
    endloop
  endfacet
  facet normal 0 0 1
    outer loop
      vertex -11.16 -75 0
      vertex -9.559999999999999 -75 0
      vertex -9.559999999999999 -73.7 0
    endloop
  endfacet
  facet normal 0 0 1
    outer loop
      vertex -11.16 -75 0
      vertex -9.559999999999999 -73.7 0
      vertex -11.16 -73.7 0
    endloop
  endfacet
  facet normal 0 0 1
    outer loop
      vertex -11.16 -73.7 0
      vertex -9.559999999999999 -73.7 0
      vertex -9.559999999999999 -72.7 0
    endloop
  endfacet
  facet normal 0 0 1
    outer loop
      vertex -11.16 -73.7 0
      vertex -9.559999999999999 -72.7 0
      vertex -11.16 -72.7 0
    endloop
  endfacet
  facet normal 0 0 1
    outer loop
      vertex -11.16 -72.7 0
      vertex -9.559999999999999 -72.7 0
      vertex -9.559999999999999 -60 0
    endloop
  endfacet
  facet normal 0 0 1
    outer loop
      vertex -11.16 -72.7 0
      vertex -9.559999999999999 -60 0
      vertex -11.16 -60 0
    endloop
  endfacet
  facet normal 0 0 1
    outer loop
      vertex -11.16 -60 0
      vertex -9.559999999999999 -60 0
      vertex -9.559999999999999 -58.400000000000006 0
    endloop
  endfacet
  facet normal 0 0 1
    outer loop
      vertex -11.16 -60 0
      vertex -9.559999999999999 -58.400000000000006 0
      vertex -11.16 -58.400000000000006 0
    endloop
  endfacet
  facet normal 0 0 1
    outer loop
      vertex -11.16 -58.400000000000006 0
      vertex -9.559999999999999 -58.400000000000006 0
      vertex -9.559999999999999 -45.199999999999996 0
    endloop
  endfacet
  facet normal 0 0 1
    outer loop
      vertex -11.16 -58.400000000000006 0
      vertex -9.559999999999999 -45.199999999999996 0
      vertex -11.16 -45.199999999999996 0
    endloop
  endfacet
  facet normal 0 0 1
    outer loop
      vertex -11.16 -45.199999999999996 0
      vertex -9.559999999999999 -45.199999999999996 0
      vertex -9.559999999999999 -43.6 0
    endloop
  endfacet
  facet normal 0 0 1
    outer loop
      vertex -11.16 -45.199999999999996 0
      vertex -9.559999999999999 -43.6 0
      vertex -11.16 -43.6 0
    endloop
  endfacet
  facet normal 0 0 1
    outer loop
      vertex -11.16 -43.6 0
      vertex -9.559999999999999 -43.6 0
      vertex -9.559999999999999 -30.400000000000002 0
    endloop
  endfacet
  facet normal 0 0 1
    outer loop
      vertex -11.16 -43.6 0
      vertex -9.559999999999999 -30.400000000000002 0
      vertex -11.16 -30.400000000000002 0
    endloop
  endfacet
  facet normal 0 0 1
    outer loop
      vertex -11.16 -30.400000000000002 0
      vertex -9.559999999999999 -30.400000000000002 0
      vertex -9.559999999999999 -28.8 0
    endloop
  endfacet
  facet normal 0 0 1
    outer loop
      vertex -11.16 -30.400000000000002 0
      vertex -9.559999999999999 -28.8 0
      vertex -11.16 -28.8 0
    endloop
  endfacet
  facet normal 0 0 1
    outer loop
      vertex -11.16 -28.8 0
      vertex -9.559999999999999 -28.8 0
      vertex -9.559999999999999 -15.599999999999998 0
    endloop
  endfacet
  facet normal 0 0 1
    outer loop
      vertex -11.16 -28.8 0
      vertex -9.559999999999999 -15.599999999999998 0
      vertex -11.16 -15.599999999999998 0
    endloop
  endfacet
  facet normal 0 0 1
    outer loop
      vertex -11.16 -15.599999999999998 0
      vertex -9.559999999999999 -15.599999999999998 0
      vertex -9.559999999999999 -13.999999999999996 0
    endloop
  endfacet
  facet normal 0 0 1
    outer loop
      vertex -11.16 -15.599999999999998 0
      vertex -9.559999999999999 -13.999999999999996 0
      vertex -11.16 -13.999999999999996 0
    endloop
  endfacet
  facet normal 0 0 1
    outer loop
      vertex -11.16 -13.999999999999996 0
      vertex -9.559999999999999 -13.999999999999996 0
      vertex -9.559999999999999 -0.8 0
    endloop
  endfacet
  facet normal 0 0 1
    outer loop
      vertex -11.16 -13.999999999999996 0
      vertex -9.559999999999999 -0.8 0
      vertex -11.16 -0.8 0
    endloop
  endfacet
  facet normal 0 0 1
    outer loop
      vertex -11.16 -0.8 0
      vertex -9.559999999999999 -0.8 0
      vertex -9.559999999999999 0.8 0
    endloop
  endfacet
  facet normal 0 0 1
    outer loop
      vertex -11.16 -0.8 0
      vertex -9.559999999999999 0.8 0
      vertex -11.16 0.8 0
    endloop
  endfacet
  facet normal 0 0 1
    outer loop
      vertex -11.16 0.8 0
      vertex -9.559999999999999 0.8 0
      vertex -9.559999999999999 13.999999999999996 0
    endloop
  endfacet
  facet normal 0 0 1
    outer loop
      vertex -11.16 0.8 0
      vertex -9.559999999999999 13.999999999999996 0
      vertex -11.16 13.999999999999996 0
    endloop
  endfacet
  facet normal 0 0 1
    outer loop
      vertex -11.16 13.999999999999996 0
      vertex -9.559999999999999 13.999999999999996 0
      vertex -9.559999999999999 15.599999999999998 0
    endloop
  endfacet
  facet normal 0 0 1
    outer loop
      vertex -11.16 13.999999999999996 0
      vertex -9.559999999999999 15.599999999999998 0
      vertex -11.16 15.599999999999998 0
    endloop
  endfacet
  facet normal 0 0 1
    outer loop
      vertex -11.16 15.599999999999998 0
      vertex -9.559999999999999 15.599999999999998 0
      vertex -9.559999999999999 28.799999999999994 0
    endloop
  endfacet
  facet normal 0 0 1
    outer loop
      vertex -11.16 15.599999999999998 0
      vertex -9.559999999999999 28.799999999999994 0
      vertex -11.16 28.799999999999994 0
    endloop
  endfacet
  facet normal 0 0 1
    outer loop
      vertex -11.16 28.799999999999994 0
      vertex -9.559999999999999 28.799999999999994 0
      vertex -9.559999999999999 30.399999999999995 0
    endloop
  endfacet
  facet normal 0 0 1
    outer loop
      vertex -11.16 28.799999999999994 0
      vertex -9.559999999999999 30.399999999999995 0
      vertex -11.16 30.399999999999995 0
    endloop
  endfacet
  facet normal 0 0 1
    outer loop
      vertex -11.16 30.399999999999995 0
      vertex -9.559999999999999 30.399999999999995 0
      vertex -9.559999999999999 43.60000000000001 0
    endloop
  endfacet
  facet normal 0 0 1
    outer loop
      vertex -11.16 30.399999999999995 0
      vertex -9.559999999999999 43.60000000000001 0
      vertex -11.16 43.60000000000001 0
    endloop
  endfacet
  facet normal 0 0 1
    outer loop
      vertex -11.16 43.60000000000001 0
      vertex -9.559999999999999 43.60000000000001 0
      vertex -9.559999999999999 45.2 0
    endloop
  endfacet
  facet normal 0 0 1
    outer loop
      vertex -11.16 43.60000000000001 0
      vertex -9.559999999999999 45.2 0
      vertex -11.16 45.2 0
    endloop
  endfacet
  facet normal 0 0 1
    outer loop
      vertex -11.16 45.2 0
      vertex -9.559999999999999 45.2 0
      vertex -9.559999999999999 58.40000000000002 0
    endloop
  endfacet
  facet normal 0 0 1
    outer loop
      vertex -11.16 45.2 0
      vertex -9.559999999999999 58.40000000000002 0
      vertex -11.16 58.40000000000002 0
    endloop
  endfacet
  facet normal 0 0 1
    outer loop
      vertex -11.16 58.40000000000002 0
      vertex -9.559999999999999 58.40000000000002 0
      vertex -9.559999999999999 60.000000000000014 0
    endloop
  endfacet
  facet normal 0 0 1
    outer loop
      vertex -11.16 58.40000000000002 0
      vertex -9.559999999999999 60.000000000000014 0
      vertex -11.16 60.000000000000014 0
    endloop
  endfacet
  facet normal 0 0 1
    outer loop
      vertex -11.16 60.000000000000014 0
      vertex -9.559999999999999 60.000000000000014 0
      vertex -9.559999999999999 72.7 0
    endloop
  endfacet
  facet normal 0 0 1
    outer loop
      vertex -11.16 60.000000000000014 0
      vertex -9.559999999999999 72.7 0
      vertex -11.16 72.7 0
    endloop
  endfacet
  facet normal 0 0 1
    outer loop
      vertex -11.16 72.7 0
      vertex -9.559999999999999 72.7 0
      vertex -9.559999999999999 73.7 0
    endloop
  endfacet
  facet normal 0 0 1
    outer loop
      vertex -11.16 72.7 0
      vertex -9.559999999999999 73.7 0
      vertex -11.16 73.7 0
    endloop
  endfacet
  facet normal 0 0 1
    outer loop
      vertex -11.16 73.7 0
      vertex -9.559999999999999 73.7 0
      vertex -9.559999999999999 75 0
    endloop
  endfacet
  facet normal 0 0 1
    outer loop
      vertex -11.16 73.7 0
      vertex -9.559999999999999 75 0
      vertex -11.16 75 0
    endloop
  endfacet
  facet normal 0 0 1
    outer loop
      vertex -9.559999999999999 -75 0
      vertex 9.559999999999999 -75 0
      vertex 9.559999999999999 -73.7 0
    endloop
  endfacet
  facet normal 0 0 1
    outer loop
      vertex -9.559999999999999 -75 0
      vertex 9.559999999999999 -73.7 0
      vertex -9.559999999999999 -73.7 0
    endloop
  endfacet
  facet normal 0 0 1
    outer loop
      vertex -9.559999999999999 -73.7 5
      vertex 9.559999999999999 -73.7 5
      vertex 9.559999999999999 -72.7 5
    endloop
  endfacet
  facet normal 0 0 1
    outer loop
      vertex -9.559999999999999 -73.7 5
      vertex 9.559999999999999 -72.7 5
      vertex -9.559999999999999 -72.7 5
    endloop
  endfacet
  facet normal 0 0 1
    outer loop
      vertex -9.559999999999999 -72.7 0
      vertex 9.559999999999999 -72.7 0
      vertex 9.559999999999999 -60 0
    endloop
  endfacet
  facet normal 0 0 1
    outer loop
      vertex -9.559999999999999 -72.7 0
      vertex 9.559999999999999 -60 0
      vertex -9.559999999999999 -60 0
    endloop
  endfacet
  facet normal 0 0 1
    outer loop
      vertex -9.559999999999999 -60 0
      vertex 9.559999999999999 -60 0
      vertex 9.559999999999999 -58.400000000000006 0
    endloop
  endfacet
  facet normal 0 0 1
    outer loop
      vertex -9.559999999999999 -60 0
      vertex 9.559999999999999 -58.400000000000006 0
      vertex -9.559999999999999 -58.400000000000006 0
    endloop
  endfacet
  facet normal 0 0 1
    outer loop
      vertex -9.559999999999999 -58.400000000000006 0
      vertex 9.559999999999999 -58.400000000000006 0
      vertex 9.559999999999999 -45.199999999999996 0
    endloop
  endfacet
  facet normal 0 0 1
    outer loop
      vertex -9.559999999999999 -58.400000000000006 0
      vertex 9.559999999999999 -45.199999999999996 0
      vertex -9.559999999999999 -45.199999999999996 0
    endloop
  endfacet
  facet normal 0 0 1
    outer loop
      vertex -9.559999999999999 -45.199999999999996 0
      vertex 9.559999999999999 -45.199999999999996 0
      vertex 9.559999999999999 -43.6 0
    endloop
  endfacet
  facet normal 0 0 1
    outer loop
      vertex -9.559999999999999 -45.199999999999996 0
      vertex 9.559999999999999 -43.6 0
      vertex -9.559999999999999 -43.6 0
    endloop
  endfacet
  facet normal 0 0 1
    outer loop
      vertex -9.559999999999999 -43.6 0
      vertex 9.559999999999999 -43.6 0
      vertex 9.559999999999999 -30.400000000000002 0
    endloop
  endfacet
  facet normal 0 0 1
    outer loop
      vertex -9.559999999999999 -43.6 0
      vertex 9.559999999999999 -30.400000000000002 0
      vertex -9.559999999999999 -30.400000000000002 0
    endloop
  endfacet
  facet normal 0 0 1
    outer loop
      vertex -9.559999999999999 -30.400000000000002 0
      vertex 9.559999999999999 -30.400000000000002 0
      vertex 9.559999999999999 -28.8 0
    endloop
  endfacet
  facet normal 0 0 1
    outer loop
      vertex -9.559999999999999 -30.400000000000002 0
      vertex 9.559999999999999 -28.8 0
      vertex -9.559999999999999 -28.8 0
    endloop
  endfacet
  facet normal 0 0 1
    outer loop
      vertex -9.559999999999999 -28.8 0
      vertex 9.559999999999999 -28.8 0
      vertex 9.559999999999999 -15.599999999999998 0
    endloop
  endfacet
  facet normal 0 0 1
    outer loop
      vertex -9.559999999999999 -28.8 0
      vertex 9.559999999999999 -15.599999999999998 0
      vertex -9.559999999999999 -15.599999999999998 0
    endloop
  endfacet
  facet normal 0 0 1
    outer loop
      vertex -9.559999999999999 -15.599999999999998 0
      vertex 9.559999999999999 -15.599999999999998 0
      vertex 9.559999999999999 -13.999999999999996 0
    endloop
  endfacet
  facet normal 0 0 1
    outer loop
      vertex -9.559999999999999 -15.599999999999998 0
      vertex 9.559999999999999 -13.999999999999996 0
      vertex -9.559999999999999 -13.999999999999996 0
    endloop
  endfacet
  facet normal 0 0 1
    outer loop
      vertex -9.559999999999999 -13.999999999999996 0
      vertex 9.559999999999999 -13.999999999999996 0
      vertex 9.559999999999999 -0.8 0
    endloop
  endfacet
  facet normal 0 0 1
    outer loop
      vertex -9.559999999999999 -13.999999999999996 0
      vertex 9.559999999999999 -0.8 0
      vertex -9.559999999999999 -0.8 0
    endloop
  endfacet
  facet normal 0 0 1
    outer loop
      vertex -9.559999999999999 -0.8 0
      vertex 9.559999999999999 -0.8 0
      vertex 9.559999999999999 0.8 0
    endloop
  endfacet
  facet normal 0 0 1
    outer loop
      vertex -9.559999999999999 -0.8 0
      vertex 9.559999999999999 0.8 0
      vertex -9.559999999999999 0.8 0
    endloop
  endfacet
  facet normal 0 0 1
    outer loop
      vertex -9.559999999999999 0.8 0
      vertex 9.559999999999999 0.8 0
      vertex 9.559999999999999 13.999999999999996 0
    endloop
  endfacet
  facet normal 0 0 1
    outer loop
      vertex -9.559999999999999 0.8 0
      vertex 9.559999999999999 13.999999999999996 0
      vertex -9.559999999999999 13.999999999999996 0
    endloop
  endfacet
  facet normal 0 0 1
    outer loop
      vertex -9.559999999999999 13.999999999999996 0
      vertex 9.559999999999999 13.999999999999996 0
      vertex 9.559999999999999 15.599999999999998 0
    endloop
  endfacet
  facet normal 0 0 1
    outer loop
      vertex -9.559999999999999 13.999999999999996 0
      vertex 9.559999999999999 15.599999999999998 0
      vertex -9.559999999999999 15.599999999999998 0
    endloop
  endfacet
  facet normal 0 0 1
    outer loop
      vertex -9.559999999999999 15.599999999999998 0
      vertex 9.559999999999999 15.599999999999998 0
      vertex 9.559999999999999 28.799999999999994 0
    endloop
  endfacet
  facet normal 0 0 1
    outer loop
      vertex -9.559999999999999 15.599999999999998 0
      vertex 9.559999999999999 28.799999999999994 0
      vertex -9.559999999999999 28.799999999999994 0
    endloop
  endfacet
  facet normal 0 0 1
    outer loop
      vertex -9.559999999999999 28.799999999999994 0
      vertex 9.559999999999999 28.799999999999994 0
      vertex 9.559999999999999 30.399999999999995 0
    endloop
  endfacet
  facet normal 0 0 1
    outer loop
      vertex -9.559999999999999 28.799999999999994 0
      vertex 9.559999999999999 30.399999999999995 0
      vertex -9.559999999999999 30.399999999999995 0
    endloop
  endfacet
  facet normal 0 0 1
    outer loop
      vertex -9.559999999999999 30.399999999999995 0
      vertex 9.559999999999999 30.399999999999995 0
      vertex 9.559999999999999 43.60000000000001 0
    endloop
  endfacet
  facet normal 0 0 1
    outer loop
      vertex -9.559999999999999 30.399999999999995 0
      vertex 9.559999999999999 43.60000000000001 0
      vertex -9.559999999999999 43.60000000000001 0
    endloop
  endfacet
  facet normal 0 0 1
    outer loop
      vertex -9.559999999999999 43.60000000000001 0
      vertex 9.559999999999999 43.60000000000001 0
      vertex 9.559999999999999 45.2 0
    endloop
  endfacet
  facet normal 0 0 1
    outer loop
      vertex -9.559999999999999 43.60000000000001 0
      vertex 9.559999999999999 45.2 0
      vertex -9.559999999999999 45.2 0
    endloop
  endfacet
  facet normal 0 0 1
    outer loop
      vertex -9.559999999999999 45.2 0
      vertex 9.559999999999999 45.2 0
      vertex 9.559999999999999 58.40000000000002 0
    endloop
  endfacet
  facet normal 0 0 1
    outer loop
      vertex -9.559999999999999 45.2 0
      vertex 9.559999999999999 58.40000000000002 0
      vertex -9.559999999999999 58.40000000000002 0
    endloop
  endfacet
  facet normal 0 0 1
    outer loop
      vertex -9.559999999999999 58.40000000000002 0
      vertex 9.559999999999999 58.40000000000002 0
      vertex 9.559999999999999 60.000000000000014 0
    endloop
  endfacet
  facet normal 0 0 1
    outer loop
      vertex -9.559999999999999 58.40000000000002 0
      vertex 9.559999999999999 60.000000000000014 0
      vertex -9.559999999999999 60.000000000000014 0
    endloop
  endfacet
  facet normal 0 0 1
    outer loop
      vertex -9.559999999999999 60.000000000000014 0
      vertex 9.559999999999999 60.000000000000014 0
      vertex 9.559999999999999 72.7 0
    endloop
  endfacet
  facet normal 0 0 1
    outer loop
      vertex -9.559999999999999 60.000000000000014 0
      vertex 9.559999999999999 72.7 0
      vertex -9.559999999999999 72.7 0
    endloop
  endfacet
  facet normal 0 0 1
    outer loop
      vertex -9.559999999999999 72.7 5
      vertex 9.559999999999999 72.7 5
      vertex 9.559999999999999 73.7 5
    endloop
  endfacet
  facet normal 0 0 1
    outer loop
      vertex -9.559999999999999 72.7 5
      vertex 9.559999999999999 73.7 5
      vertex -9.559999999999999 73.7 5
    endloop
  endfacet
  facet normal 0 0 1
    outer loop
      vertex -9.559999999999999 73.7 0
      vertex 9.559999999999999 73.7 0
      vertex 9.559999999999999 75 0
    endloop
  endfacet
  facet normal 0 0 1
    outer loop
      vertex -9.559999999999999 73.7 0
      vertex 9.559999999999999 75 0
      vertex -9.559999999999999 75 0
    endloop
  endfacet
  facet normal 0 0 1
    outer loop
      vertex 9.559999999999999 -75 0
      vertex 11.16 -75 0
      vertex 11.16 -73.7 0
    endloop
  endfacet
  facet normal 0 0 1
    outer loop
      vertex 9.559999999999999 -75 0
      vertex 11.16 -73.7 0
      vertex 9.559999999999999 -73.7 0
    endloop
  endfacet
  facet normal 0 0 1
    outer loop
      vertex 9.559999999999999 -73.7 0
      vertex 11.16 -73.7 0
      vertex 11.16 -72.7 0
    endloop
  endfacet
  facet normal 0 0 1
    outer loop
      vertex 9.559999999999999 -73.7 0
      vertex 11.16 -72.7 0
      vertex 9.559999999999999 -72.7 0
    endloop
  endfacet
  facet normal 0 0 1
    outer loop
      vertex 9.559999999999999 -72.7 0
      vertex 11.16 -72.7 0
      vertex 11.16 -60 0
    endloop
  endfacet
  facet normal 0 0 1
    outer loop
      vertex 9.559999999999999 -72.7 0
      vertex 11.16 -60 0
      vertex 9.559999999999999 -60 0
    endloop
  endfacet
  facet normal 0 0 1
    outer loop
      vertex 9.559999999999999 -60 0
      vertex 11.16 -60 0
      vertex 11.16 -58.400000000000006 0
    endloop
  endfacet
  facet normal 0 0 1
    outer loop
      vertex 9.559999999999999 -60 0
      vertex 11.16 -58.400000000000006 0
      vertex 9.559999999999999 -58.400000000000006 0
    endloop
  endfacet
  facet normal 0 0 1
    outer loop
      vertex 9.559999999999999 -58.400000000000006 0
      vertex 11.16 -58.400000000000006 0
      vertex 11.16 -45.199999999999996 0
    endloop
  endfacet
  facet normal 0 0 1
    outer loop
      vertex 9.559999999999999 -58.400000000000006 0
      vertex 11.16 -45.199999999999996 0
      vertex 9.559999999999999 -45.199999999999996 0
    endloop
  endfacet
  facet normal 0 0 1
    outer loop
      vertex 9.559999999999999 -45.199999999999996 0
      vertex 11.16 -45.199999999999996 0
      vertex 11.16 -43.6 0
    endloop
  endfacet
  facet normal 0 0 1
    outer loop
      vertex 9.559999999999999 -45.199999999999996 0
      vertex 11.16 -43.6 0
      vertex 9.559999999999999 -43.6 0
    endloop
  endfacet
  facet normal 0 0 1
    outer loop
      vertex 9.559999999999999 -43.6 0
      vertex 11.16 -43.6 0
      vertex 11.16 -30.400000000000002 0
    endloop
  endfacet
  facet normal 0 0 1
    outer loop
      vertex 9.559999999999999 -43.6 0
      vertex 11.16 -30.400000000000002 0
      vertex 9.559999999999999 -30.400000000000002 0
    endloop
  endfacet
  facet normal 0 0 1
    outer loop
      vertex 9.559999999999999 -30.400000000000002 0
      vertex 11.16 -30.400000000000002 0
      vertex 11.16 -28.8 0
    endloop
  endfacet
  facet normal 0 0 1
    outer loop
      vertex 9.559999999999999 -30.400000000000002 0
      vertex 11.16 -28.8 0
      vertex 9.559999999999999 -28.8 0
    endloop
  endfacet
  facet normal 0 0 1
    outer loop
      vertex 9.559999999999999 -28.8 0
      vertex 11.16 -28.8 0
      vertex 11.16 -15.599999999999998 0
    endloop
  endfacet
  facet normal 0 0 1
    outer loop
      vertex 9.559999999999999 -28.8 0
      vertex 11.16 -15.599999999999998 0
      vertex 9.559999999999999 -15.599999999999998 0
    endloop
  endfacet
  facet normal 0 0 1
    outer loop
      vertex 9.559999999999999 -15.599999999999998 0
      vertex 11.16 -15.599999999999998 0
      vertex 11.16 -13.999999999999996 0
    endloop
  endfacet
  facet normal 0 0 1
    outer loop
      vertex 9.559999999999999 -15.599999999999998 0
      vertex 11.16 -13.999999999999996 0
      vertex 9.559999999999999 -13.999999999999996 0
    endloop
  endfacet
  facet normal 0 0 1
    outer loop
      vertex 9.559999999999999 -13.999999999999996 0
      vertex 11.16 -13.999999999999996 0
      vertex 11.16 -0.8 0
    endloop
  endfacet
  facet normal 0 0 1
    outer loop
      vertex 9.559999999999999 -13.999999999999996 0
      vertex 11.16 -0.8 0
      vertex 9.559999999999999 -0.8 0
    endloop
  endfacet
  facet normal 0 0 1
    outer loop
      vertex 9.559999999999999 -0.8 0
      vertex 11.16 -0.8 0
      vertex 11.16 0.8 0
    endloop
  endfacet
  facet normal 0 0 1
    outer loop
      vertex 9.559999999999999 -0.8 0
      vertex 11.16 0.8 0
      vertex 9.559999999999999 0.8 0
    endloop
  endfacet
  facet normal 0 0 1
    outer loop
      vertex 9.559999999999999 0.8 0
      vertex 11.16 0.8 0
      vertex 11.16 13.999999999999996 0
    endloop
  endfacet
  facet normal 0 0 1
    outer loop
      vertex 9.559999999999999 0.8 0
      vertex 11.16 13.999999999999996 0
      vertex 9.559999999999999 13.999999999999996 0
    endloop
  endfacet
  facet normal 0 0 1
    outer loop
      vertex 9.559999999999999 13.999999999999996 0
      vertex 11.16 13.999999999999996 0
      vertex 11.16 15.599999999999998 0
    endloop
  endfacet
  facet normal 0 0 1
    outer loop
      vertex 9.559999999999999 13.999999999999996 0
      vertex 11.16 15.599999999999998 0
      vertex 9.559999999999999 15.599999999999998 0
    endloop
  endfacet
  facet normal 0 0 1
    outer loop
      vertex 9.559999999999999 15.599999999999998 0
      vertex 11.16 15.599999999999998 0
      vertex 11.16 28.799999999999994 0
    endloop
  endfacet
  facet normal 0 0 1
    outer loop
      vertex 9.559999999999999 15.599999999999998 0
      vertex 11.16 28.799999999999994 0
      vertex 9.559999999999999 28.799999999999994 0
    endloop
  endfacet
  facet normal 0 0 1
    outer loop
      vertex 9.559999999999999 28.799999999999994 0
      vertex 11.16 28.799999999999994 0
      vertex 11.16 30.399999999999995 0
    endloop
  endfacet
  facet normal 0 0 1
    outer loop
      vertex 9.559999999999999 28.799999999999994 0
      vertex 11.16 30.399999999999995 0
      vertex 9.559999999999999 30.399999999999995 0
    endloop
  endfacet
  facet normal 0 0 1
    outer loop
      vertex 9.559999999999999 30.399999999999995 0
      vertex 11.16 30.399999999999995 0
      vertex 11.16 43.60000000000001 0
    endloop
  endfacet
  facet normal 0 0 1
    outer loop
      vertex 9.559999999999999 30.399999999999995 0
      vertex 11.16 43.60000000000001 0
      vertex 9.559999999999999 43.60000000000001 0
    endloop
  endfacet
  facet normal 0 0 1
    outer loop
      vertex 9.559999999999999 43.60000000000001 0
      vertex 11.16 43.60000000000001 0
      vertex 11.16 45.2 0
    endloop
  endfacet
  facet normal 0 0 1
    outer loop
      vertex 9.559999999999999 43.60000000000001 0
      vertex 11.16 45.2 0
      vertex 9.559999999999999 45.2 0
    endloop
  endfacet
  facet normal 0 0 1
    outer loop
      vertex 9.559999999999999 45.2 0
      vertex 11.16 45.2 0
      vertex 11.16 58.40000000000002 0
    endloop
  endfacet
  facet normal 0 0 1
    outer loop
      vertex 9.559999999999999 45.2 0
      vertex 11.16 58.40000000000002 0
      vertex 9.559999999999999 58.40000000000002 0
    endloop
  endfacet
  facet normal 0 0 1
    outer loop
      vertex 9.559999999999999 58.40000000000002 0
      vertex 11.16 58.40000000000002 0
      vertex 11.16 60.000000000000014 0
    endloop
  endfacet
  facet normal 0 0 1
    outer loop
      vertex 9.559999999999999 58.40000000000002 0
      vertex 11.16 60.000000000000014 0
      vertex 9.559999999999999 60.000000000000014 0
    endloop
  endfacet
  facet normal 0 0 1
    outer loop
      vertex 9.559999999999999 60.000000000000014 0
      vertex 11.16 60.000000000000014 0
      vertex 11.16 72.7 0
    endloop
  endfacet
  facet normal 0 0 1
    outer loop
      vertex 9.559999999999999 60.000000000000014 0
      vertex 11.16 72.7 0
      vertex 9.559999999999999 72.7 0
    endloop
  endfacet
  facet normal 0 0 1
    outer loop
      vertex 9.559999999999999 72.7 0
      vertex 11.16 72.7 0
      vertex 11.16 73.7 0
    endloop
  endfacet
  facet normal 0 0 1
    outer loop
      vertex 9.559999999999999 72.7 0
      vertex 11.16 73.7 0
      vertex 9.559999999999999 73.7 0
    endloop
  endfacet
  facet normal 0 0 1
    outer loop
      vertex 9.559999999999999 73.7 0
      vertex 11.16 73.7 0
      vertex 11.16 75 0
    endloop
  endfacet
  facet normal 0 0 1
    outer loop
      vertex 9.559999999999999 73.7 0
      vertex 11.16 75 0
      vertex 9.559999999999999 75 0
    endloop
  endfacet
  facet normal 0 0 1
    outer loop
      vertex 11.16 -75 0
      vertex 19.919999999999998 -75 0
      vertex 19.919999999999998 -73.7 0
    endloop
  endfacet
  facet normal 0 0 1
    outer loop
      vertex 11.16 -75 0
      vertex 19.919999999999998 -73.7 0
      vertex 11.16 -73.7 0
    endloop
  endfacet
  facet normal 0 0 1
    outer loop
      vertex 11.16 -73.7 5
      vertex 19.919999999999998 -73.7 5
      vertex 19.919999999999998 -72.7 5
    endloop
  endfacet
  facet normal 0 0 1
    outer loop
      vertex 11.16 -73.7 5
      vertex 19.919999999999998 -72.7 5
      vertex 11.16 -72.7 5
    endloop
  endfacet
  facet normal 0 0 1
    outer loop
      vertex 11.16 -72.7 0
      vertex 19.919999999999998 -72.7 0
      vertex 19.919999999999998 -60 0
    endloop
  endfacet
  facet normal 0 0 1
    outer loop
      vertex 11.16 -72.7 0
      vertex 19.919999999999998 -60 0
      vertex 11.16 -60 0
    endloop
  endfacet
  facet normal 0 0 1
    outer loop
      vertex 11.16 -60 0
      vertex 19.919999999999998 -60 0
      vertex 19.919999999999998 -58.400000000000006 0
    endloop
  endfacet
  facet normal 0 0 1
    outer loop
      vertex 11.16 -60 0
      vertex 19.919999999999998 -58.400000000000006 0
      vertex 11.16 -58.400000000000006 0
    endloop
  endfacet
  facet normal 0 0 1
    outer loop
      vertex 11.16 -58.400000000000006 0
      vertex 19.919999999999998 -58.400000000000006 0
      vertex 19.919999999999998 -45.199999999999996 0
    endloop
  endfacet
  facet normal 0 0 1
    outer loop
      vertex 11.16 -58.400000000000006 0
      vertex 19.919999999999998 -45.199999999999996 0
      vertex 11.16 -45.199999999999996 0
    endloop
  endfacet
  facet normal 0 0 1
    outer loop
      vertex 11.16 -45.199999999999996 0
      vertex 19.919999999999998 -45.199999999999996 0
      vertex 19.919999999999998 -43.6 0
    endloop
  endfacet
  facet normal 0 0 1
    outer loop
      vertex 11.16 -45.199999999999996 0
      vertex 19.919999999999998 -43.6 0
      vertex 11.16 -43.6 0
    endloop
  endfacet
  facet normal 0 0 1
    outer loop
      vertex 11.16 -43.6 0
      vertex 19.919999999999998 -43.6 0
      vertex 19.919999999999998 -30.400000000000002 0
    endloop
  endfacet
  facet normal 0 0 1
    outer loop
      vertex 11.16 -43.6 0
      vertex 19.919999999999998 -30.400000000000002 0
      vertex 11.16 -30.400000000000002 0
    endloop
  endfacet
  facet normal 0 0 1
    outer loop
      vertex 11.16 -30.400000000000002 0
      vertex 19.919999999999998 -30.400000000000002 0
      vertex 19.919999999999998 -28.8 0
    endloop
  endfacet
  facet normal 0 0 1
    outer loop
      vertex 11.16 -30.400000000000002 0
      vertex 19.919999999999998 -28.8 0
      vertex 11.16 -28.8 0
    endloop
  endfacet
  facet normal 0 0 1
    outer loop
      vertex 11.16 -28.8 0
      vertex 19.919999999999998 -28.8 0
      vertex 19.919999999999998 -15.599999999999998 0
    endloop
  endfacet
  facet normal 0 0 1
    outer loop
      vertex 11.16 -28.8 0
      vertex 19.919999999999998 -15.599999999999998 0
      vertex 11.16 -15.599999999999998 0
    endloop
  endfacet
  facet normal 0 0 1
    outer loop
      vertex 11.16 -15.599999999999998 0
      vertex 19.919999999999998 -15.599999999999998 0
      vertex 19.919999999999998 -13.999999999999996 0
    endloop
  endfacet
  facet normal 0 0 1
    outer loop
      vertex 11.16 -15.599999999999998 0
      vertex 19.919999999999998 -13.999999999999996 0
      vertex 11.16 -13.999999999999996 0
    endloop
  endfacet
  facet normal 0 0 1
    outer loop
      vertex 11.16 -13.999999999999996 0
      vertex 19.919999999999998 -13.999999999999996 0
      vertex 19.919999999999998 -0.8 0
    endloop
  endfacet
  facet normal 0 0 1
    outer loop
      vertex 11.16 -13.999999999999996 0
      vertex 19.919999999999998 -0.8 0
      vertex 11.16 -0.8 0
    endloop
  endfacet
  facet normal 0 0 1
    outer loop
      vertex 11.16 -0.8 0
      vertex 19.919999999999998 -0.8 0
      vertex 19.919999999999998 0.8 0
    endloop
  endfacet
  facet normal 0 0 1
    outer loop
      vertex 11.16 -0.8 0
      vertex 19.919999999999998 0.8 0
      vertex 11.16 0.8 0
    endloop
  endfacet
  facet normal 0 0 1
    outer loop
      vertex 11.16 0.8 0
      vertex 19.919999999999998 0.8 0
      vertex 19.919999999999998 13.999999999999996 0
    endloop
  endfacet
  facet normal 0 0 1
    outer loop
      vertex 11.16 0.8 0
      vertex 19.919999999999998 13.999999999999996 0
      vertex 11.16 13.999999999999996 0
    endloop
  endfacet
  facet normal 0 0 1
    outer loop
      vertex 11.16 13.999999999999996 0
      vertex 19.919999999999998 13.999999999999996 0
      vertex 19.919999999999998 15.599999999999998 0
    endloop
  endfacet
  facet normal 0 0 1
    outer loop
      vertex 11.16 13.999999999999996 0
      vertex 19.919999999999998 15.599999999999998 0
      vertex 11.16 15.599999999999998 0
    endloop
  endfacet
  facet normal 0 0 1
    outer loop
      vertex 11.16 15.599999999999998 0
      vertex 19.919999999999998 15.599999999999998 0
      vertex 19.919999999999998 28.799999999999994 0
    endloop
  endfacet
  facet normal 0 0 1
    outer loop
      vertex 11.16 15.599999999999998 0
      vertex 19.919999999999998 28.799999999999994 0
      vertex 11.16 28.799999999999994 0
    endloop
  endfacet
  facet normal 0 0 1
    outer loop
      vertex 11.16 28.799999999999994 0
      vertex 19.919999999999998 28.799999999999994 0
      vertex 19.919999999999998 30.399999999999995 0
    endloop
  endfacet
  facet normal 0 0 1
    outer loop
      vertex 11.16 28.799999999999994 0
      vertex 19.919999999999998 30.399999999999995 0
      vertex 11.16 30.399999999999995 0
    endloop
  endfacet
  facet normal 0 0 1
    outer loop
      vertex 11.16 30.399999999999995 0
      vertex 19.919999999999998 30.399999999999995 0
      vertex 19.919999999999998 43.60000000000001 0
    endloop
  endfacet
  facet normal 0 0 1
    outer loop
      vertex 11.16 30.399999999999995 0
      vertex 19.919999999999998 43.60000000000001 0
      vertex 11.16 43.60000000000001 0
    endloop
  endfacet
  facet normal 0 0 1
    outer loop
      vertex 11.16 43.60000000000001 0
      vertex 19.919999999999998 43.60000000000001 0
      vertex 19.919999999999998 45.2 0
    endloop
  endfacet
  facet normal 0 0 1
    outer loop
      vertex 11.16 43.60000000000001 0
      vertex 19.919999999999998 45.2 0
      vertex 11.16 45.2 0
    endloop
  endfacet
  facet normal 0 0 1
    outer loop
      vertex 11.16 45.2 0
      vertex 19.919999999999998 45.2 0
      vertex 19.919999999999998 58.40000000000002 0
    endloop
  endfacet
  facet normal 0 0 1
    outer loop
      vertex 11.16 45.2 0
      vertex 19.919999999999998 58.40000000000002 0
      vertex 11.16 58.40000000000002 0
    endloop
  endfacet
  facet normal 0 0 1
    outer loop
      vertex 11.16 58.40000000000002 0
      vertex 19.919999999999998 58.40000000000002 0
      vertex 19.919999999999998 60.000000000000014 0
    endloop
  endfacet
  facet normal 0 0 1
    outer loop
      vertex 11.16 58.40000000000002 0
      vertex 19.919999999999998 60.000000000000014 0
      vertex 11.16 60.000000000000014 0
    endloop
  endfacet
  facet normal 0 0 1
    outer loop
      vertex 11.16 60.000000000000014 0
      vertex 19.919999999999998 60.000000000000014 0
      vertex 19.919999999999998 72.7 0
    endloop
  endfacet
  facet normal 0 0 1
    outer loop
      vertex 11.16 60.000000000000014 0
      vertex 19.919999999999998 72.7 0
      vertex 11.16 72.7 0
    endloop
  endfacet
  facet normal 0 0 1
    outer loop
      vertex 11.16 72.7 5
      vertex 19.919999999999998 72.7 5
      vertex 19.919999999999998 73.7 5
    endloop
  endfacet
  facet normal 0 0 1
    outer loop
      vertex 11.16 72.7 5
      vertex 19.919999999999998 73.7 5
      vertex 11.16 73.7 5
    endloop
  endfacet
  facet normal 0 0 1
    outer loop
      vertex 11.16 73.7 0
      vertex 19.919999999999998 73.7 0
      vertex 19.919999999999998 75 0
    endloop
  endfacet
  facet normal 0 0 1
    outer loop
      vertex 11.16 73.7 0
      vertex 19.919999999999998 75 0
      vertex 11.16 75 0
    endloop
  endfacet
  facet normal 0 0 1
    outer loop
      vertex 19.919999999999998 -75 0
      vertex 21.52 -75 0
      vertex 21.52 -73.7 0
    endloop
  endfacet
  facet normal 0 0 1
    outer loop
      vertex 19.919999999999998 -75 0
      vertex 21.52 -73.7 0
      vertex 19.919999999999998 -73.7 0
    endloop
  endfacet
  facet normal 0 0 1
    outer loop
      vertex 19.919999999999998 -73.7 0
      vertex 21.52 -73.7 0
      vertex 21.52 -72.7 0
    endloop
  endfacet
  facet normal 0 0 1
    outer loop
      vertex 19.919999999999998 -73.7 0
      vertex 21.52 -72.7 0
      vertex 19.919999999999998 -72.7 0
    endloop
  endfacet
  facet normal 0 0 1
    outer loop
      vertex 19.919999999999998 -72.7 0
      vertex 21.52 -72.7 0
      vertex 21.52 -60 0
    endloop
  endfacet
  facet normal 0 0 1
    outer loop
      vertex 19.919999999999998 -72.7 0
      vertex 21.52 -60 0
      vertex 19.919999999999998 -60 0
    endloop
  endfacet
  facet normal 0 0 1
    outer loop
      vertex 19.919999999999998 -60 0
      vertex 21.52 -60 0
      vertex 21.52 -58.400000000000006 0
    endloop
  endfacet
  facet normal 0 0 1
    outer loop
      vertex 19.919999999999998 -60 0
      vertex 21.52 -58.400000000000006 0
      vertex 19.919999999999998 -58.400000000000006 0
    endloop
  endfacet
  facet normal 0 0 1
    outer loop
      vertex 19.919999999999998 -58.400000000000006 0
      vertex 21.52 -58.400000000000006 0
      vertex 21.52 -45.199999999999996 0
    endloop
  endfacet
  facet normal 0 0 1
    outer loop
      vertex 19.919999999999998 -58.400000000000006 0
      vertex 21.52 -45.199999999999996 0
      vertex 19.919999999999998 -45.199999999999996 0
    endloop
  endfacet
  facet normal 0 0 1
    outer loop
      vertex 19.919999999999998 -45.199999999999996 0
      vertex 21.52 -45.199999999999996 0
      vertex 21.52 -43.6 0
    endloop
  endfacet
  facet normal 0 0 1
    outer loop
      vertex 19.919999999999998 -45.199999999999996 0
      vertex 21.52 -43.6 0
      vertex 19.919999999999998 -43.6 0
    endloop
  endfacet
  facet normal 0 0 1
    outer loop
      vertex 19.919999999999998 -43.6 0
      vertex 21.52 -43.6 0
      vertex 21.52 -30.400000000000002 0
    endloop
  endfacet
  facet normal 0 0 1
    outer loop
      vertex 19.919999999999998 -43.6 0
      vertex 21.52 -30.400000000000002 0
      vertex 19.919999999999998 -30.400000000000002 0
    endloop
  endfacet
  facet normal 0 0 1
    outer loop
      vertex 19.919999999999998 -30.400000000000002 0
      vertex 21.52 -30.400000000000002 0
      vertex 21.52 -28.8 0
    endloop
  endfacet
  facet normal 0 0 1
    outer loop
      vertex 19.919999999999998 -30.400000000000002 0
      vertex 21.52 -28.8 0
      vertex 19.919999999999998 -28.8 0
    endloop
  endfacet
  facet normal 0 0 1
    outer loop
      vertex 19.919999999999998 -28.8 0
      vertex 21.52 -28.8 0
      vertex 21.52 -15.599999999999998 0
    endloop
  endfacet
  facet normal 0 0 1
    outer loop
      vertex 19.919999999999998 -28.8 0
      vertex 21.52 -15.599999999999998 0
      vertex 19.919999999999998 -15.599999999999998 0
    endloop
  endfacet
  facet normal 0 0 1
    outer loop
      vertex 19.919999999999998 -15.599999999999998 0
      vertex 21.52 -15.599999999999998 0
      vertex 21.52 -13.999999999999996 0
    endloop
  endfacet
  facet normal 0 0 1
    outer loop
      vertex 19.919999999999998 -15.599999999999998 0
      vertex 21.52 -13.999999999999996 0
      vertex 19.919999999999998 -13.999999999999996 0
    endloop
  endfacet
  facet normal 0 0 1
    outer loop
      vertex 19.919999999999998 -13.999999999999996 0
      vertex 21.52 -13.999999999999996 0
      vertex 21.52 -0.8 0
    endloop
  endfacet
  facet normal 0 0 1
    outer loop
      vertex 19.919999999999998 -13.999999999999996 0
      vertex 21.52 -0.8 0
      vertex 19.919999999999998 -0.8 0
    endloop
  endfacet
  facet normal 0 0 1
    outer loop
      vertex 19.919999999999998 -0.8 0
      vertex 21.52 -0.8 0
      vertex 21.52 0.8 0
    endloop
  endfacet
  facet normal 0 0 1
    outer loop
      vertex 19.919999999999998 -0.8 0
      vertex 21.52 0.8 0
      vertex 19.919999999999998 0.8 0
    endloop
  endfacet
  facet normal 0 0 1
    outer loop
      vertex 19.919999999999998 0.8 0
      vertex 21.52 0.8 0
      vertex 21.52 13.999999999999996 0
    endloop
  endfacet
  facet normal 0 0 1
    outer loop
      vertex 19.919999999999998 0.8 0
      vertex 21.52 13.999999999999996 0
      vertex 19.919999999999998 13.999999999999996 0
    endloop
  endfacet
  facet normal 0 0 1
    outer loop
      vertex 19.919999999999998 13.999999999999996 0
      vertex 21.52 13.999999999999996 0
      vertex 21.52 15.599999999999998 0
    endloop
  endfacet
  facet normal 0 0 1
    outer loop
      vertex 19.919999999999998 13.999999999999996 0
      vertex 21.52 15.599999999999998 0
      vertex 19.919999999999998 15.599999999999998 0
    endloop
  endfacet
  facet normal 0 0 1
    outer loop
      vertex 19.919999999999998 15.599999999999998 0
      vertex 21.52 15.599999999999998 0
      vertex 21.52 28.799999999999994 0
    endloop
  endfacet
  facet normal 0 0 1
    outer loop
      vertex 19.919999999999998 15.599999999999998 0
      vertex 21.52 28.799999999999994 0
      vertex 19.919999999999998 28.799999999999994 0
    endloop
  endfacet
  facet normal 0 0 1
    outer loop
      vertex 19.919999999999998 28.799999999999994 0
      vertex 21.52 28.799999999999994 0
      vertex 21.52 30.399999999999995 0
    endloop
  endfacet
  facet normal 0 0 1
    outer loop
      vertex 19.919999999999998 28.799999999999994 0
      vertex 21.52 30.399999999999995 0
      vertex 19.919999999999998 30.399999999999995 0
    endloop
  endfacet
  facet normal 0 0 1
    outer loop
      vertex 19.919999999999998 30.399999999999995 0
      vertex 21.52 30.399999999999995 0
      vertex 21.52 43.60000000000001 0
    endloop
  endfacet
  facet normal 0 0 1
    outer loop
      vertex 19.919999999999998 30.399999999999995 0
      vertex 21.52 43.60000000000001 0
      vertex 19.919999999999998 43.60000000000001 0
    endloop
  endfacet
  facet normal 0 0 1
    outer loop
      vertex 19.919999999999998 43.60000000000001 0
      vertex 21.52 43.60000000000001 0
      vertex 21.52 45.2 0
    endloop
  endfacet
  facet normal 0 0 1
    outer loop
      vertex 19.919999999999998 43.60000000000001 0
      vertex 21.52 45.2 0
      vertex 19.919999999999998 45.2 0
    endloop
  endfacet
  facet normal 0 0 1
    outer loop
      vertex 19.919999999999998 45.2 0
      vertex 21.52 45.2 0
      vertex 21.52 58.40000000000002 0
    endloop
  endfacet
  facet normal 0 0 1
    outer loop
      vertex 19.919999999999998 45.2 0
      vertex 21.52 58.40000000000002 0
      vertex 19.919999999999998 58.40000000000002 0
    endloop
  endfacet
  facet normal 0 0 1
    outer loop
      vertex 19.919999999999998 58.40000000000002 0
      vertex 21.52 58.40000000000002 0
      vertex 21.52 60.000000000000014 0
    endloop
  endfacet
  facet normal 0 0 1
    outer loop
      vertex 19.919999999999998 58.40000000000002 0
      vertex 21.52 60.000000000000014 0
      vertex 19.919999999999998 60.000000000000014 0
    endloop
  endfacet
  facet normal 0 0 1
    outer loop
      vertex 19.919999999999998 60.000000000000014 0
      vertex 21.52 60.000000000000014 0
      vertex 21.52 72.7 0
    endloop
  endfacet
  facet normal 0 0 1
    outer loop
      vertex 19.919999999999998 60.000000000000014 0
      vertex 21.52 72.7 0
      vertex 19.919999999999998 72.7 0
    endloop
  endfacet
  facet normal 0 0 1
    outer loop
      vertex 19.919999999999998 72.7 0
      vertex 21.52 72.7 0
      vertex 21.52 73.7 0
    endloop
  endfacet
  facet normal 0 0 1
    outer loop
      vertex 19.919999999999998 72.7 0
      vertex 21.52 73.7 0
      vertex 19.919999999999998 73.7 0
    endloop
  endfacet
  facet normal 0 0 1
    outer loop
      vertex 19.919999999999998 73.7 0
      vertex 21.52 73.7 0
      vertex 21.52 75 0
    endloop
  endfacet
  facet normal 0 0 1
    outer loop
      vertex 19.919999999999998 73.7 0
      vertex 21.52 75 0
      vertex 19.919999999999998 75 0
    endloop
  endfacet
  facet normal 0 0 1
    outer loop
      vertex 21.52 -75 0
      vertex 28.8 -75 0
      vertex 28.8 -73.7 0
    endloop
  endfacet
  facet normal 0 0 1
    outer loop
      vertex 21.52 -75 0
      vertex 28.8 -73.7 0
      vertex 21.52 -73.7 0
    endloop
  endfacet
  facet normal 0 0 1
    outer loop
      vertex 21.52 -73.7 5
      vertex 28.8 -73.7 5
      vertex 28.8 -72.7 5
    endloop
  endfacet
  facet normal 0 0 1
    outer loop
      vertex 21.52 -73.7 5
      vertex 28.8 -72.7 5
      vertex 21.52 -72.7 5
    endloop
  endfacet
  facet normal 0 0 1
    outer loop
      vertex 21.52 -72.7 0
      vertex 28.8 -72.7 0
      vertex 28.8 -60 0
    endloop
  endfacet
  facet normal 0 0 1
    outer loop
      vertex 21.52 -72.7 0
      vertex 28.8 -60 0
      vertex 21.52 -60 0
    endloop
  endfacet
  facet normal 0 0 1
    outer loop
      vertex 21.52 -60 0
      vertex 28.8 -60 0
      vertex 28.8 -58.400000000000006 0
    endloop
  endfacet
  facet normal 0 0 1
    outer loop
      vertex 21.52 -60 0
      vertex 28.8 -58.400000000000006 0
      vertex 21.52 -58.400000000000006 0
    endloop
  endfacet
  facet normal 0 0 1
    outer loop
      vertex 21.52 -58.400000000000006 0
      vertex 28.8 -58.400000000000006 0
      vertex 28.8 -45.199999999999996 0
    endloop
  endfacet
  facet normal 0 0 1
    outer loop
      vertex 21.52 -58.400000000000006 0
      vertex 28.8 -45.199999999999996 0
      vertex 21.52 -45.199999999999996 0
    endloop
  endfacet
  facet normal 0 0 1
    outer loop
      vertex 21.52 -45.199999999999996 0
      vertex 28.8 -45.199999999999996 0
      vertex 28.8 -43.6 0
    endloop
  endfacet
  facet normal 0 0 1
    outer loop
      vertex 21.52 -45.199999999999996 0
      vertex 28.8 -43.6 0
      vertex 21.52 -43.6 0
    endloop
  endfacet
  facet normal 0 0 1
    outer loop
      vertex 21.52 -43.6 0
      vertex 28.8 -43.6 0
      vertex 28.8 -30.400000000000002 0
    endloop
  endfacet
  facet normal 0 0 1
    outer loop
      vertex 21.52 -43.6 0
      vertex 28.8 -30.400000000000002 0
      vertex 21.52 -30.400000000000002 0
    endloop
  endfacet
  facet normal 0 0 1
    outer loop
      vertex 21.52 -30.400000000000002 0
      vertex 28.8 -30.400000000000002 0
      vertex 28.8 -28.8 0
    endloop
  endfacet
  facet normal 0 0 1
    outer loop
      vertex 21.52 -30.400000000000002 0
      vertex 28.8 -28.8 0
      vertex 21.52 -28.8 0
    endloop
  endfacet
  facet normal 0 0 1
    outer loop
      vertex 21.52 -28.8 0
      vertex 28.8 -28.8 0
      vertex 28.8 -15.599999999999998 0
    endloop
  endfacet
  facet normal 0 0 1
    outer loop
      vertex 21.52 -28.8 0
      vertex 28.8 -15.599999999999998 0
      vertex 21.52 -15.599999999999998 0
    endloop
  endfacet
  facet normal 0 0 1
    outer loop
      vertex 21.52 -15.599999999999998 0
      vertex 28.8 -15.599999999999998 0
      vertex 28.8 -13.999999999999996 0
    endloop
  endfacet
  facet normal 0 0 1
    outer loop
      vertex 21.52 -15.599999999999998 0
      vertex 28.8 -13.999999999999996 0
      vertex 21.52 -13.999999999999996 0
    endloop
  endfacet
  facet normal 0 0 1
    outer loop
      vertex 21.52 -13.999999999999996 0
      vertex 28.8 -13.999999999999996 0
      vertex 28.8 -0.8 0
    endloop
  endfacet
  facet normal 0 0 1
    outer loop
      vertex 21.52 -13.999999999999996 0
      vertex 28.8 -0.8 0
      vertex 21.52 -0.8 0
    endloop
  endfacet
  facet normal 0 0 1
    outer loop
      vertex 21.52 -0.8 0
      vertex 28.8 -0.8 0
      vertex 28.8 0.8 0
    endloop
  endfacet
  facet normal 0 0 1
    outer loop
      vertex 21.52 -0.8 0
      vertex 28.8 0.8 0
      vertex 21.52 0.8 0
    endloop
  endfacet
  facet normal 0 0 1
    outer loop
      vertex 21.52 0.8 0
      vertex 28.8 0.8 0
      vertex 28.8 13.999999999999996 0
    endloop
  endfacet
  facet normal 0 0 1
    outer loop
      vertex 21.52 0.8 0
      vertex 28.8 13.999999999999996 0
      vertex 21.52 13.999999999999996 0
    endloop
  endfacet
  facet normal 0 0 1
    outer loop
      vertex 21.52 13.999999999999996 0
      vertex 28.8 13.999999999999996 0
      vertex 28.8 15.599999999999998 0
    endloop
  endfacet
  facet normal 0 0 1
    outer loop
      vertex 21.52 13.999999999999996 0
      vertex 28.8 15.599999999999998 0
      vertex 21.52 15.599999999999998 0
    endloop
  endfacet
  facet normal 0 0 1
    outer loop
      vertex 21.52 15.599999999999998 0
      vertex 28.8 15.599999999999998 0
      vertex 28.8 28.799999999999994 0
    endloop
  endfacet
  facet normal 0 0 1
    outer loop
      vertex 21.52 15.599999999999998 0
      vertex 28.8 28.799999999999994 0
      vertex 21.52 28.799999999999994 0
    endloop
  endfacet
  facet normal 0 0 1
    outer loop
      vertex 21.52 28.799999999999994 0
      vertex 28.8 28.799999999999994 0
      vertex 28.8 30.399999999999995 0
    endloop
  endfacet
  facet normal 0 0 1
    outer loop
      vertex 21.52 28.799999999999994 0
      vertex 28.8 30.399999999999995 0
      vertex 21.52 30.399999999999995 0
    endloop
  endfacet
  facet normal 0 0 1
    outer loop
      vertex 21.52 30.399999999999995 0
      vertex 28.8 30.399999999999995 0
      vertex 28.8 43.60000000000001 0
    endloop
  endfacet
  facet normal 0 0 1
    outer loop
      vertex 21.52 30.399999999999995 0
      vertex 28.8 43.60000000000001 0
      vertex 21.52 43.60000000000001 0
    endloop
  endfacet
  facet normal 0 0 1
    outer loop
      vertex 21.52 43.60000000000001 0
      vertex 28.8 43.60000000000001 0
      vertex 28.8 45.2 0
    endloop
  endfacet
  facet normal 0 0 1
    outer loop
      vertex 21.52 43.60000000000001 0
      vertex 28.8 45.2 0
      vertex 21.52 45.2 0
    endloop
  endfacet
  facet normal 0 0 1
    outer loop
      vertex 21.52 45.2 0
      vertex 28.8 45.2 0
      vertex 28.8 58.40000000000002 0
    endloop
  endfacet
  facet normal 0 0 1
    outer loop
      vertex 21.52 45.2 0
      vertex 28.8 58.40000000000002 0
      vertex 21.52 58.40000000000002 0
    endloop
  endfacet
  facet normal 0 0 1
    outer loop
      vertex 21.52 58.40000000000002 0
      vertex 28.8 58.40000000000002 0
      vertex 28.8 60.000000000000014 0
    endloop
  endfacet
  facet normal 0 0 1
    outer loop
      vertex 21.52 58.40000000000002 0
      vertex 28.8 60.000000000000014 0
      vertex 21.52 60.000000000000014 0
    endloop
  endfacet
  facet normal 0 0 1
    outer loop
      vertex 21.52 60.000000000000014 0
      vertex 28.8 60.000000000000014 0
      vertex 28.8 72.7 0
    endloop
  endfacet
  facet normal 0 0 1
    outer loop
      vertex 21.52 60.000000000000014 0
      vertex 28.8 72.7 0
      vertex 21.52 72.7 0
    endloop
  endfacet
  facet normal 0 0 1
    outer loop
      vertex 21.52 72.7 5
      vertex 28.8 72.7 5
      vertex 28.8 73.7 5
    endloop
  endfacet
  facet normal 0 0 1
    outer loop
      vertex 21.52 72.7 5
      vertex 28.8 73.7 5
      vertex 21.52 73.7 5
    endloop
  endfacet
  facet normal 0 0 1
    outer loop
      vertex 21.52 73.7 0
      vertex 28.8 73.7 0
      vertex 28.8 75 0
    endloop
  endfacet
  facet normal 0 0 1
    outer loop
      vertex 21.52 73.7 0
      vertex 28.8 75 0
      vertex 21.52 75 0
    endloop
  endfacet
  facet normal 0 0 1
    outer loop
      vertex 28.8 -75 0
      vertex 30.400000000000002 -75 0
      vertex 30.400000000000002 -73.7 0
    endloop
  endfacet
  facet normal 0 0 1
    outer loop
      vertex 28.8 -75 0
      vertex 30.400000000000002 -73.7 0
      vertex 28.8 -73.7 0
    endloop
  endfacet
  facet normal 0 0 1
    outer loop
      vertex 28.8 -73.7 0
      vertex 30.400000000000002 -73.7 0
      vertex 30.400000000000002 -72.7 0
    endloop
  endfacet
  facet normal 0 0 1
    outer loop
      vertex 28.8 -73.7 0
      vertex 30.400000000000002 -72.7 0
      vertex 28.8 -72.7 0
    endloop
  endfacet
  facet normal 0 0 1
    outer loop
      vertex 28.8 -72.7 0
      vertex 30.400000000000002 -72.7 0
      vertex 30.400000000000002 -60 0
    endloop
  endfacet
  facet normal 0 0 1
    outer loop
      vertex 28.8 -72.7 0
      vertex 30.400000000000002 -60 0
      vertex 28.8 -60 0
    endloop
  endfacet
  facet normal 0 0 1
    outer loop
      vertex 28.8 -60 0
      vertex 30.400000000000002 -60 0
      vertex 30.400000000000002 -58.400000000000006 0
    endloop
  endfacet
  facet normal 0 0 1
    outer loop
      vertex 28.8 -60 0
      vertex 30.400000000000002 -58.400000000000006 0
      vertex 28.8 -58.400000000000006 0
    endloop
  endfacet
  facet normal 0 0 1
    outer loop
      vertex 28.8 -58.400000000000006 0
      vertex 30.400000000000002 -58.400000000000006 0
      vertex 30.400000000000002 -45.199999999999996 0
    endloop
  endfacet
  facet normal 0 0 1
    outer loop
      vertex 28.8 -58.400000000000006 0
      vertex 30.400000000000002 -45.199999999999996 0
      vertex 28.8 -45.199999999999996 0
    endloop
  endfacet
  facet normal 0 0 1
    outer loop
      vertex 28.8 -45.199999999999996 0
      vertex 30.400000000000002 -45.199999999999996 0
      vertex 30.400000000000002 -43.6 0
    endloop
  endfacet
  facet normal 0 0 1
    outer loop
      vertex 28.8 -45.199999999999996 0
      vertex 30.400000000000002 -43.6 0
      vertex 28.8 -43.6 0
    endloop
  endfacet
  facet normal 0 0 1
    outer loop
      vertex 28.8 -43.6 0
      vertex 30.400000000000002 -43.6 0
      vertex 30.400000000000002 -30.400000000000002 0
    endloop
  endfacet
  facet normal 0 0 1
    outer loop
      vertex 28.8 -43.6 0
      vertex 30.400000000000002 -30.400000000000002 0
      vertex 28.8 -30.400000000000002 0
    endloop
  endfacet
  facet normal 0 0 1
    outer loop
      vertex 28.8 -30.400000000000002 0
      vertex 30.400000000000002 -30.400000000000002 0
      vertex 30.400000000000002 -28.8 0
    endloop
  endfacet
  facet normal 0 0 1
    outer loop
      vertex 28.8 -30.400000000000002 0
      vertex 30.400000000000002 -28.8 0
      vertex 28.8 -28.8 0
    endloop
  endfacet
  facet normal 0 0 1
    outer loop
      vertex 28.8 -28.8 0
      vertex 30.400000000000002 -28.8 0
      vertex 30.400000000000002 -15.599999999999998 0
    endloop
  endfacet
  facet normal 0 0 1
    outer loop
      vertex 28.8 -28.8 0
      vertex 30.400000000000002 -15.599999999999998 0
      vertex 28.8 -15.599999999999998 0
    endloop
  endfacet
  facet normal 0 0 1
    outer loop
      vertex 28.8 -15.599999999999998 0
      vertex 30.400000000000002 -15.599999999999998 0
      vertex 30.400000000000002 -13.999999999999996 0
    endloop
  endfacet
  facet normal 0 0 1
    outer loop
      vertex 28.8 -15.599999999999998 0
      vertex 30.400000000000002 -13.999999999999996 0
      vertex 28.8 -13.999999999999996 0
    endloop
  endfacet
  facet normal 0 0 1
    outer loop
      vertex 28.8 -13.999999999999996 0
      vertex 30.400000000000002 -13.999999999999996 0
      vertex 30.400000000000002 -0.8 0
    endloop
  endfacet
  facet normal 0 0 1
    outer loop
      vertex 28.8 -13.999999999999996 0
      vertex 30.400000000000002 -0.8 0
      vertex 28.8 -0.8 0
    endloop
  endfacet
  facet normal 0 0 1
    outer loop
      vertex 28.8 -0.8 0
      vertex 30.400000000000002 -0.8 0
      vertex 30.400000000000002 0.8 0
    endloop
  endfacet
  facet normal 0 0 1
    outer loop
      vertex 28.8 -0.8 0
      vertex 30.400000000000002 0.8 0
      vertex 28.8 0.8 0
    endloop
  endfacet
  facet normal 0 0 1
    outer loop
      vertex 28.8 0.8 0
      vertex 30.400000000000002 0.8 0
      vertex 30.400000000000002 13.999999999999996 0
    endloop
  endfacet
  facet normal 0 0 1
    outer loop
      vertex 28.8 0.8 0
      vertex 30.400000000000002 13.999999999999996 0
      vertex 28.8 13.999999999999996 0
    endloop
  endfacet
  facet normal 0 0 1
    outer loop
      vertex 28.8 13.999999999999996 0
      vertex 30.400000000000002 13.999999999999996 0
      vertex 30.400000000000002 15.599999999999998 0
    endloop
  endfacet
  facet normal 0 0 1
    outer loop
      vertex 28.8 13.999999999999996 0
      vertex 30.400000000000002 15.599999999999998 0
      vertex 28.8 15.599999999999998 0
    endloop
  endfacet
  facet normal 0 0 1
    outer loop
      vertex 28.8 15.599999999999998 0
      vertex 30.400000000000002 15.599999999999998 0
      vertex 30.400000000000002 28.799999999999994 0
    endloop
  endfacet
  facet normal 0 0 1
    outer loop
      vertex 28.8 15.599999999999998 0
      vertex 30.400000000000002 28.799999999999994 0
      vertex 28.8 28.799999999999994 0
    endloop
  endfacet
  facet normal 0 0 1
    outer loop
      vertex 28.8 28.799999999999994 0
      vertex 30.400000000000002 28.799999999999994 0
      vertex 30.400000000000002 30.399999999999995 0
    endloop
  endfacet
  facet normal 0 0 1
    outer loop
      vertex 28.8 28.799999999999994 0
      vertex 30.400000000000002 30.399999999999995 0
      vertex 28.8 30.399999999999995 0
    endloop
  endfacet
  facet normal 0 0 1
    outer loop
      vertex 28.8 30.399999999999995 0
      vertex 30.400000000000002 30.399999999999995 0
      vertex 30.400000000000002 43.60000000000001 0
    endloop
  endfacet
  facet normal 0 0 1
    outer loop
      vertex 28.8 30.399999999999995 0
      vertex 30.400000000000002 43.60000000000001 0
      vertex 28.8 43.60000000000001 0
    endloop
  endfacet
  facet normal 0 0 1
    outer loop
      vertex 28.8 43.60000000000001 0
      vertex 30.400000000000002 43.60000000000001 0
      vertex 30.400000000000002 45.2 0
    endloop
  endfacet
  facet normal 0 0 1
    outer loop
      vertex 28.8 43.60000000000001 0
      vertex 30.400000000000002 45.2 0
      vertex 28.8 45.2 0
    endloop
  endfacet
  facet normal 0 0 1
    outer loop
      vertex 28.8 45.2 0
      vertex 30.400000000000002 45.2 0
      vertex 30.400000000000002 58.40000000000002 0
    endloop
  endfacet
  facet normal 0 0 1
    outer loop
      vertex 28.8 45.2 0
      vertex 30.400000000000002 58.40000000000002 0
      vertex 28.8 58.40000000000002 0
    endloop
  endfacet
  facet normal 0 0 1
    outer loop
      vertex 28.8 58.40000000000002 0
      vertex 30.400000000000002 58.40000000000002 0
      vertex 30.400000000000002 60.000000000000014 0
    endloop
  endfacet
  facet normal 0 0 1
    outer loop
      vertex 28.8 58.40000000000002 0
      vertex 30.400000000000002 60.000000000000014 0
      vertex 28.8 60.000000000000014 0
    endloop
  endfacet
  facet normal 0 0 1
    outer loop
      vertex 28.8 60.000000000000014 0
      vertex 30.400000000000002 60.000000000000014 0
      vertex 30.400000000000002 72.7 0
    endloop
  endfacet
  facet normal 0 0 1
    outer loop
      vertex 28.8 60.000000000000014 0
      vertex 30.400000000000002 72.7 0
      vertex 28.8 72.7 0
    endloop
  endfacet
  facet normal 0 0 1
    outer loop
      vertex 28.8 72.7 0
      vertex 30.400000000000002 72.7 0
      vertex 30.400000000000002 73.7 0
    endloop
  endfacet
  facet normal 0 0 1
    outer loop
      vertex 28.8 72.7 0
      vertex 30.400000000000002 73.7 0
      vertex 28.8 73.7 0
    endloop
  endfacet
  facet normal 0 0 1
    outer loop
      vertex 28.8 73.7 0
      vertex 30.400000000000002 73.7 0
      vertex 30.400000000000002 75 0
    endloop
  endfacet
  facet normal 0 0 1
    outer loop
      vertex 28.8 73.7 0
      vertex 30.400000000000002 75 0
      vertex 28.8 75 0
    endloop
  endfacet
  facet normal 0 0 1
    outer loop
      vertex 30.400000000000002 -75 0
      vertex 43.6 -75 0
      vertex 43.6 -73.7 0
    endloop
  endfacet
  facet normal 0 0 1
    outer loop
      vertex 30.400000000000002 -75 0
      vertex 43.6 -73.7 0
      vertex 30.400000000000002 -73.7 0
    endloop
  endfacet
  facet normal 0 0 1
    outer loop
      vertex 30.400000000000002 -73.7 5
      vertex 43.6 -73.7 5
      vertex 43.6 -72.7 5
    endloop
  endfacet
  facet normal 0 0 1
    outer loop
      vertex 30.400000000000002 -73.7 5
      vertex 43.6 -72.7 5
      vertex 30.400000000000002 -72.7 5
    endloop
  endfacet
  facet normal 0 0 1
    outer loop
      vertex 30.400000000000002 -72.7 0
      vertex 43.6 -72.7 0
      vertex 43.6 -60 0
    endloop
  endfacet
  facet normal 0 0 1
    outer loop
      vertex 30.400000000000002 -72.7 0
      vertex 43.6 -60 0
      vertex 30.400000000000002 -60 0
    endloop
  endfacet
  facet normal 0 0 1
    outer loop
      vertex 30.400000000000002 -60 0
      vertex 43.6 -60 0
      vertex 43.6 -58.400000000000006 0
    endloop
  endfacet
  facet normal 0 0 1
    outer loop
      vertex 30.400000000000002 -60 0
      vertex 43.6 -58.400000000000006 0
      vertex 30.400000000000002 -58.400000000000006 0
    endloop
  endfacet
  facet normal 0 0 1
    outer loop
      vertex 30.400000000000002 -58.400000000000006 0
      vertex 43.6 -58.400000000000006 0
      vertex 43.6 -45.199999999999996 0
    endloop
  endfacet
  facet normal 0 0 1
    outer loop
      vertex 30.400000000000002 -58.400000000000006 0
      vertex 43.6 -45.199999999999996 0
      vertex 30.400000000000002 -45.199999999999996 0
    endloop
  endfacet
  facet normal 0 0 1
    outer loop
      vertex 30.400000000000002 -45.199999999999996 0
      vertex 43.6 -45.199999999999996 0
      vertex 43.6 -43.6 0
    endloop
  endfacet
  facet normal 0 0 1
    outer loop
      vertex 30.400000000000002 -45.199999999999996 0
      vertex 43.6 -43.6 0
      vertex 30.400000000000002 -43.6 0
    endloop
  endfacet
  facet normal 0 0 1
    outer loop
      vertex 30.400000000000002 -43.6 0
      vertex 43.6 -43.6 0
      vertex 43.6 -30.400000000000002 0
    endloop
  endfacet
  facet normal 0 0 1
    outer loop
      vertex 30.400000000000002 -43.6 0
      vertex 43.6 -30.400000000000002 0
      vertex 30.400000000000002 -30.400000000000002 0
    endloop
  endfacet
  facet normal 0 0 1
    outer loop
      vertex 30.400000000000002 -30.400000000000002 0
      vertex 43.6 -30.400000000000002 0
      vertex 43.6 -28.8 0
    endloop
  endfacet
  facet normal 0 0 1
    outer loop
      vertex 30.400000000000002 -30.400000000000002 0
      vertex 43.6 -28.8 0
      vertex 30.400000000000002 -28.8 0
    endloop
  endfacet
  facet normal 0 0 1
    outer loop
      vertex 30.400000000000002 -28.8 0
      vertex 43.6 -28.8 0
      vertex 43.6 -15.599999999999998 0
    endloop
  endfacet
  facet normal 0 0 1
    outer loop
      vertex 30.400000000000002 -28.8 0
      vertex 43.6 -15.599999999999998 0
      vertex 30.400000000000002 -15.599999999999998 0
    endloop
  endfacet
  facet normal 0 0 1
    outer loop
      vertex 30.400000000000002 -15.599999999999998 0
      vertex 43.6 -15.599999999999998 0
      vertex 43.6 -13.999999999999996 0
    endloop
  endfacet
  facet normal 0 0 1
    outer loop
      vertex 30.400000000000002 -15.599999999999998 0
      vertex 43.6 -13.999999999999996 0
      vertex 30.400000000000002 -13.999999999999996 0
    endloop
  endfacet
  facet normal 0 0 1
    outer loop
      vertex 30.400000000000002 -13.999999999999996 0
      vertex 43.6 -13.999999999999996 0
      vertex 43.6 -0.8 0
    endloop
  endfacet
  facet normal 0 0 1
    outer loop
      vertex 30.400000000000002 -13.999999999999996 0
      vertex 43.6 -0.8 0
      vertex 30.400000000000002 -0.8 0
    endloop
  endfacet
  facet normal 0 0 1
    outer loop
      vertex 30.400000000000002 -0.8 0
      vertex 43.6 -0.8 0
      vertex 43.6 0.8 0
    endloop
  endfacet
  facet normal 0 0 1
    outer loop
      vertex 30.400000000000002 -0.8 0
      vertex 43.6 0.8 0
      vertex 30.400000000000002 0.8 0
    endloop
  endfacet
  facet normal 0 0 1
    outer loop
      vertex 30.400000000000002 0.8 0
      vertex 43.6 0.8 0
      vertex 43.6 13.999999999999996 0
    endloop
  endfacet
  facet normal 0 0 1
    outer loop
      vertex 30.400000000000002 0.8 0
      vertex 43.6 13.999999999999996 0
      vertex 30.400000000000002 13.999999999999996 0
    endloop
  endfacet
  facet normal 0 0 1
    outer loop
      vertex 30.400000000000002 13.999999999999996 0
      vertex 43.6 13.999999999999996 0
      vertex 43.6 15.599999999999998 0
    endloop
  endfacet
  facet normal 0 0 1
    outer loop
      vertex 30.400000000000002 13.999999999999996 0
      vertex 43.6 15.599999999999998 0
      vertex 30.400000000000002 15.599999999999998 0
    endloop
  endfacet
  facet normal 0 0 1
    outer loop
      vertex 30.400000000000002 15.599999999999998 0
      vertex 43.6 15.599999999999998 0
      vertex 43.6 28.799999999999994 0
    endloop
  endfacet
  facet normal 0 0 1
    outer loop
      vertex 30.400000000000002 15.599999999999998 0
      vertex 43.6 28.799999999999994 0
      vertex 30.400000000000002 28.799999999999994 0
    endloop
  endfacet
  facet normal 0 0 1
    outer loop
      vertex 30.400000000000002 28.799999999999994 0
      vertex 43.6 28.799999999999994 0
      vertex 43.6 30.399999999999995 0
    endloop
  endfacet
  facet normal 0 0 1
    outer loop
      vertex 30.400000000000002 28.799999999999994 0
      vertex 43.6 30.399999999999995 0
      vertex 30.400000000000002 30.399999999999995 0
    endloop
  endfacet
  facet normal 0 0 1
    outer loop
      vertex 30.400000000000002 30.399999999999995 0
      vertex 43.6 30.399999999999995 0
      vertex 43.6 43.60000000000001 0
    endloop
  endfacet
  facet normal 0 0 1
    outer loop
      vertex 30.400000000000002 30.399999999999995 0
      vertex 43.6 43.60000000000001 0
      vertex 30.400000000000002 43.60000000000001 0
    endloop
  endfacet
  facet normal 0 0 1
    outer loop
      vertex 30.400000000000002 43.60000000000001 0
      vertex 43.6 43.60000000000001 0
      vertex 43.6 45.2 0
    endloop
  endfacet
  facet normal 0 0 1
    outer loop
      vertex 30.400000000000002 43.60000000000001 0
      vertex 43.6 45.2 0
      vertex 30.400000000000002 45.2 0
    endloop
  endfacet
  facet normal 0 0 1
    outer loop
      vertex 30.400000000000002 45.2 0
      vertex 43.6 45.2 0
      vertex 43.6 58.40000000000002 0
    endloop
  endfacet
  facet normal 0 0 1
    outer loop
      vertex 30.400000000000002 45.2 0
      vertex 43.6 58.40000000000002 0
      vertex 30.400000000000002 58.40000000000002 0
    endloop
  endfacet
  facet normal 0 0 1
    outer loop
      vertex 30.400000000000002 58.40000000000002 0
      vertex 43.6 58.40000000000002 0
      vertex 43.6 60.000000000000014 0
    endloop
  endfacet
  facet normal 0 0 1
    outer loop
      vertex 30.400000000000002 58.40000000000002 0
      vertex 43.6 60.000000000000014 0
      vertex 30.400000000000002 60.000000000000014 0
    endloop
  endfacet
  facet normal 0 0 1
    outer loop
      vertex 30.400000000000002 60.000000000000014 0
      vertex 43.6 60.000000000000014 0
      vertex 43.6 72.7 0
    endloop
  endfacet
  facet normal 0 0 1
    outer loop
      vertex 30.400000000000002 60.000000000000014 0
      vertex 43.6 72.7 0
      vertex 30.400000000000002 72.7 0
    endloop
  endfacet
  facet normal 0 0 1
    outer loop
      vertex 30.400000000000002 72.7 5
      vertex 43.6 72.7 5
      vertex 43.6 73.7 5
    endloop
  endfacet
  facet normal 0 0 1
    outer loop
      vertex 30.400000000000002 72.7 5
      vertex 43.6 73.7 5
      vertex 30.400000000000002 73.7 5
    endloop
  endfacet
  facet normal 0 0 1
    outer loop
      vertex 30.400000000000002 73.7 0
      vertex 43.6 73.7 0
      vertex 43.6 75 0
    endloop
  endfacet
  facet normal 0 0 1
    outer loop
      vertex 30.400000000000002 73.7 0
      vertex 43.6 75 0
      vertex 30.400000000000002 75 0
    endloop
  endfacet
  facet normal 0 0 1
    outer loop
      vertex 43.6 -75 0
      vertex 45.199999999999996 -75 0
      vertex 45.199999999999996 -73.7 0
    endloop
  endfacet
  facet normal 0 0 1
    outer loop
      vertex 43.6 -75 0
      vertex 45.199999999999996 -73.7 0
      vertex 43.6 -73.7 0
    endloop
  endfacet
  facet normal 0 0 1
    outer loop
      vertex 43.6 -73.7 0
      vertex 45.199999999999996 -73.7 0
      vertex 45.199999999999996 -72.7 0
    endloop
  endfacet
  facet normal 0 0 1
    outer loop
      vertex 43.6 -73.7 0
      vertex 45.199999999999996 -72.7 0
      vertex 43.6 -72.7 0
    endloop
  endfacet
  facet normal 0 0 1
    outer loop
      vertex 43.6 -72.7 0
      vertex 45.199999999999996 -72.7 0
      vertex 45.199999999999996 -60 0
    endloop
  endfacet
  facet normal 0 0 1
    outer loop
      vertex 43.6 -72.7 0
      vertex 45.199999999999996 -60 0
      vertex 43.6 -60 0
    endloop
  endfacet
  facet normal 0 0 1
    outer loop
      vertex 43.6 -60 0
      vertex 45.199999999999996 -60 0
      vertex 45.199999999999996 -58.400000000000006 0
    endloop
  endfacet
  facet normal 0 0 1
    outer loop
      vertex 43.6 -60 0
      vertex 45.199999999999996 -58.400000000000006 0
      vertex 43.6 -58.400000000000006 0
    endloop
  endfacet
  facet normal 0 0 1
    outer loop
      vertex 43.6 -58.400000000000006 0
      vertex 45.199999999999996 -58.400000000000006 0
      vertex 45.199999999999996 -45.199999999999996 0
    endloop
  endfacet
  facet normal 0 0 1
    outer loop
      vertex 43.6 -58.400000000000006 0
      vertex 45.199999999999996 -45.199999999999996 0
      vertex 43.6 -45.199999999999996 0
    endloop
  endfacet
  facet normal 0 0 1
    outer loop
      vertex 43.6 -45.199999999999996 0
      vertex 45.199999999999996 -45.199999999999996 0
      vertex 45.199999999999996 -43.6 0
    endloop
  endfacet
  facet normal 0 0 1
    outer loop
      vertex 43.6 -45.199999999999996 0
      vertex 45.199999999999996 -43.6 0
      vertex 43.6 -43.6 0
    endloop
  endfacet
  facet normal 0 0 1
    outer loop
      vertex 43.6 -43.6 0
      vertex 45.199999999999996 -43.6 0
      vertex 45.199999999999996 -30.400000000000002 0
    endloop
  endfacet
  facet normal 0 0 1
    outer loop
      vertex 43.6 -43.6 0
      vertex 45.199999999999996 -30.400000000000002 0
      vertex 43.6 -30.400000000000002 0
    endloop
  endfacet
  facet normal 0 0 1
    outer loop
      vertex 43.6 -30.400000000000002 0
      vertex 45.199999999999996 -30.400000000000002 0
      vertex 45.199999999999996 -28.8 0
    endloop
  endfacet
  facet normal 0 0 1
    outer loop
      vertex 43.6 -30.400000000000002 0
      vertex 45.199999999999996 -28.8 0
      vertex 43.6 -28.8 0
    endloop
  endfacet
  facet normal 0 0 1
    outer loop
      vertex 43.6 -28.8 0
      vertex 45.199999999999996 -28.8 0
      vertex 45.199999999999996 -15.599999999999998 0
    endloop
  endfacet
  facet normal 0 0 1
    outer loop
      vertex 43.6 -28.8 0
      vertex 45.199999999999996 -15.599999999999998 0
      vertex 43.6 -15.599999999999998 0
    endloop
  endfacet
  facet normal 0 0 1
    outer loop
      vertex 43.6 -15.599999999999998 0
      vertex 45.199999999999996 -15.599999999999998 0
      vertex 45.199999999999996 -13.999999999999996 0
    endloop
  endfacet
  facet normal 0 0 1
    outer loop
      vertex 43.6 -15.599999999999998 0
      vertex 45.199999999999996 -13.999999999999996 0
      vertex 43.6 -13.999999999999996 0
    endloop
  endfacet
  facet normal 0 0 1
    outer loop
      vertex 43.6 -13.999999999999996 0
      vertex 45.199999999999996 -13.999999999999996 0
      vertex 45.199999999999996 -0.8 0
    endloop
  endfacet
  facet normal 0 0 1
    outer loop
      vertex 43.6 -13.999999999999996 0
      vertex 45.199999999999996 -0.8 0
      vertex 43.6 -0.8 0
    endloop
  endfacet
  facet normal 0 0 1
    outer loop
      vertex 43.6 -0.8 0
      vertex 45.199999999999996 -0.8 0
      vertex 45.199999999999996 0.8 0
    endloop
  endfacet
  facet normal 0 0 1
    outer loop
      vertex 43.6 -0.8 0
      vertex 45.199999999999996 0.8 0
      vertex 43.6 0.8 0
    endloop
  endfacet
  facet normal 0 0 1
    outer loop
      vertex 43.6 0.8 0
      vertex 45.199999999999996 0.8 0
      vertex 45.199999999999996 13.999999999999996 0
    endloop
  endfacet
  facet normal 0 0 1
    outer loop
      vertex 43.6 0.8 0
      vertex 45.199999999999996 13.999999999999996 0
      vertex 43.6 13.999999999999996 0
    endloop
  endfacet
  facet normal 0 0 1
    outer loop
      vertex 43.6 13.999999999999996 0
      vertex 45.199999999999996 13.999999999999996 0
      vertex 45.199999999999996 15.599999999999998 0
    endloop
  endfacet
  facet normal 0 0 1
    outer loop
      vertex 43.6 13.999999999999996 0
      vertex 45.199999999999996 15.599999999999998 0
      vertex 43.6 15.599999999999998 0
    endloop
  endfacet
  facet normal 0 0 1
    outer loop
      vertex 43.6 15.599999999999998 0
      vertex 45.199999999999996 15.599999999999998 0
      vertex 45.199999999999996 28.799999999999994 0
    endloop
  endfacet
  facet normal 0 0 1
    outer loop
      vertex 43.6 15.599999999999998 0
      vertex 45.199999999999996 28.799999999999994 0
      vertex 43.6 28.799999999999994 0
    endloop
  endfacet
  facet normal 0 0 1
    outer loop
      vertex 43.6 28.799999999999994 0
      vertex 45.199999999999996 28.799999999999994 0
      vertex 45.199999999999996 30.399999999999995 0
    endloop
  endfacet
  facet normal 0 0 1
    outer loop
      vertex 43.6 28.799999999999994 0
      vertex 45.199999999999996 30.399999999999995 0
      vertex 43.6 30.399999999999995 0
    endloop
  endfacet
  facet normal 0 0 1
    outer loop
      vertex 43.6 30.399999999999995 0
      vertex 45.199999999999996 30.399999999999995 0
      vertex 45.199999999999996 43.60000000000001 0
    endloop
  endfacet
  facet normal 0 0 1
    outer loop
      vertex 43.6 30.399999999999995 0
      vertex 45.199999999999996 43.60000000000001 0
      vertex 43.6 43.60000000000001 0
    endloop
  endfacet
  facet normal 0 0 1
    outer loop
      vertex 43.6 43.60000000000001 0
      vertex 45.199999999999996 43.60000000000001 0
      vertex 45.199999999999996 45.2 0
    endloop
  endfacet
  facet normal 0 0 1
    outer loop
      vertex 43.6 43.60000000000001 0
      vertex 45.199999999999996 45.2 0
      vertex 43.6 45.2 0
    endloop
  endfacet
  facet normal 0 0 1
    outer loop
      vertex 43.6 45.2 0
      vertex 45.199999999999996 45.2 0
      vertex 45.199999999999996 58.40000000000002 0
    endloop
  endfacet
  facet normal 0 0 1
    outer loop
      vertex 43.6 45.2 0
      vertex 45.199999999999996 58.40000000000002 0
      vertex 43.6 58.40000000000002 0
    endloop
  endfacet
  facet normal 0 0 1
    outer loop
      vertex 43.6 58.40000000000002 0
      vertex 45.199999999999996 58.40000000000002 0
      vertex 45.199999999999996 60.000000000000014 0
    endloop
  endfacet
  facet normal 0 0 1
    outer loop
      vertex 43.6 58.40000000000002 0
      vertex 45.199999999999996 60.000000000000014 0
      vertex 43.6 60.000000000000014 0
    endloop
  endfacet
  facet normal 0 0 1
    outer loop
      vertex 43.6 60.000000000000014 0
      vertex 45.199999999999996 60.000000000000014 0
      vertex 45.199999999999996 72.7 0
    endloop
  endfacet
  facet normal 0 0 1
    outer loop
      vertex 43.6 60.000000000000014 0
      vertex 45.199999999999996 72.7 0
      vertex 43.6 72.7 0
    endloop
  endfacet
  facet normal 0 0 1
    outer loop
      vertex 43.6 72.7 0
      vertex 45.199999999999996 72.7 0
      vertex 45.199999999999996 73.7 0
    endloop
  endfacet
  facet normal 0 0 1
    outer loop
      vertex 43.6 72.7 0
      vertex 45.199999999999996 73.7 0
      vertex 43.6 73.7 0
    endloop
  endfacet
  facet normal 0 0 1
    outer loop
      vertex 43.6 73.7 0
      vertex 45.199999999999996 73.7 0
      vertex 45.199999999999996 75 0
    endloop
  endfacet
  facet normal 0 0 1
    outer loop
      vertex 43.6 73.7 0
      vertex 45.199999999999996 75 0
      vertex 43.6 75 0
    endloop
  endfacet
  facet normal 0 0 1
    outer loop
      vertex 45.199999999999996 -75 0
      vertex 59.88 -75 0
      vertex 59.88 -73.7 0
    endloop
  endfacet
  facet normal 0 0 1
    outer loop
      vertex 45.199999999999996 -75 0
      vertex 59.88 -73.7 0
      vertex 45.199999999999996 -73.7 0
    endloop
  endfacet
  facet normal 0 0 1
    outer loop
      vertex 45.199999999999996 -73.7 5
      vertex 59.88 -73.7 5
      vertex 59.88 -72.7 5
    endloop
  endfacet
  facet normal 0 0 1
    outer loop
      vertex 45.199999999999996 -73.7 5
      vertex 59.88 -72.7 5
      vertex 45.199999999999996 -72.7 5
    endloop
  endfacet
  facet normal 0 0 1
    outer loop
      vertex 45.199999999999996 -72.7 0
      vertex 59.88 -72.7 0
      vertex 59.88 -60 0
    endloop
  endfacet
  facet normal 0 0 1
    outer loop
      vertex 45.199999999999996 -72.7 0
      vertex 59.88 -60 0
      vertex 45.199999999999996 -60 0
    endloop
  endfacet
  facet normal 0 0 1
    outer loop
      vertex 45.199999999999996 -60 0
      vertex 59.88 -60 0
      vertex 59.88 -58.400000000000006 0
    endloop
  endfacet
  facet normal 0 0 1
    outer loop
      vertex 45.199999999999996 -60 0
      vertex 59.88 -58.400000000000006 0
      vertex 45.199999999999996 -58.400000000000006 0
    endloop
  endfacet
  facet normal 0 0 1
    outer loop
      vertex 45.199999999999996 -58.400000000000006 0
      vertex 59.88 -58.400000000000006 0
      vertex 59.88 -45.199999999999996 0
    endloop
  endfacet
  facet normal 0 0 1
    outer loop
      vertex 45.199999999999996 -58.400000000000006 0
      vertex 59.88 -45.199999999999996 0
      vertex 45.199999999999996 -45.199999999999996 0
    endloop
  endfacet
  facet normal 0 0 1
    outer loop
      vertex 45.199999999999996 -45.199999999999996 0
      vertex 59.88 -45.199999999999996 0
      vertex 59.88 -43.6 0
    endloop
  endfacet
  facet normal 0 0 1
    outer loop
      vertex 45.199999999999996 -45.199999999999996 0
      vertex 59.88 -43.6 0
      vertex 45.199999999999996 -43.6 0
    endloop
  endfacet
  facet normal 0 0 1
    outer loop
      vertex 45.199999999999996 -43.6 0
      vertex 59.88 -43.6 0
      vertex 59.88 -30.400000000000002 0
    endloop
  endfacet
  facet normal 0 0 1
    outer loop
      vertex 45.199999999999996 -43.6 0
      vertex 59.88 -30.400000000000002 0
      vertex 45.199999999999996 -30.400000000000002 0
    endloop
  endfacet
  facet normal 0 0 1
    outer loop
      vertex 45.199999999999996 -30.400000000000002 0
      vertex 59.88 -30.400000000000002 0
      vertex 59.88 -28.8 0
    endloop
  endfacet
  facet normal 0 0 1
    outer loop
      vertex 45.199999999999996 -30.400000000000002 0
      vertex 59.88 -28.8 0
      vertex 45.199999999999996 -28.8 0
    endloop
  endfacet
  facet normal 0 0 1
    outer loop
      vertex 45.199999999999996 -28.8 0
      vertex 59.88 -28.8 0
      vertex 59.88 -15.599999999999998 0
    endloop
  endfacet
  facet normal 0 0 1
    outer loop
      vertex 45.199999999999996 -28.8 0
      vertex 59.88 -15.599999999999998 0
      vertex 45.199999999999996 -15.599999999999998 0
    endloop
  endfacet
  facet normal 0 0 1
    outer loop
      vertex 45.199999999999996 -15.599999999999998 0
      vertex 59.88 -15.599999999999998 0
      vertex 59.88 -13.999999999999996 0
    endloop
  endfacet
  facet normal 0 0 1
    outer loop
      vertex 45.199999999999996 -15.599999999999998 0
      vertex 59.88 -13.999999999999996 0
      vertex 45.199999999999996 -13.999999999999996 0
    endloop
  endfacet
  facet normal 0 0 1
    outer loop
      vertex 45.199999999999996 -13.999999999999996 0
      vertex 59.88 -13.999999999999996 0
      vertex 59.88 -0.8 0
    endloop
  endfacet
  facet normal 0 0 1
    outer loop
      vertex 45.199999999999996 -13.999999999999996 0
      vertex 59.88 -0.8 0
      vertex 45.199999999999996 -0.8 0
    endloop
  endfacet
  facet normal 0 0 1
    outer loop
      vertex 45.199999999999996 -0.8 0
      vertex 59.88 -0.8 0
      vertex 59.88 0.8 0
    endloop
  endfacet
  facet normal 0 0 1
    outer loop
      vertex 45.199999999999996 -0.8 0
      vertex 59.88 0.8 0
      vertex 45.199999999999996 0.8 0
    endloop
  endfacet
  facet normal 0 0 1
    outer loop
      vertex 45.199999999999996 0.8 0
      vertex 59.88 0.8 0
      vertex 59.88 13.999999999999996 0
    endloop
  endfacet
  facet normal 0 0 1
    outer loop
      vertex 45.199999999999996 0.8 0
      vertex 59.88 13.999999999999996 0
      vertex 45.199999999999996 13.999999999999996 0
    endloop
  endfacet
  facet normal 0 0 1
    outer loop
      vertex 45.199999999999996 13.999999999999996 0
      vertex 59.88 13.999999999999996 0
      vertex 59.88 15.599999999999998 0
    endloop
  endfacet
  facet normal 0 0 1
    outer loop
      vertex 45.199999999999996 13.999999999999996 0
      vertex 59.88 15.599999999999998 0
      vertex 45.199999999999996 15.599999999999998 0
    endloop
  endfacet
  facet normal 0 0 1
    outer loop
      vertex 45.199999999999996 15.599999999999998 0
      vertex 59.88 15.599999999999998 0
      vertex 59.88 28.799999999999994 0
    endloop
  endfacet
  facet normal 0 0 1
    outer loop
      vertex 45.199999999999996 15.599999999999998 0
      vertex 59.88 28.799999999999994 0
      vertex 45.199999999999996 28.799999999999994 0
    endloop
  endfacet
  facet normal 0 0 1
    outer loop
      vertex 45.199999999999996 28.799999999999994 0
      vertex 59.88 28.799999999999994 0
      vertex 59.88 30.399999999999995 0
    endloop
  endfacet
  facet normal 0 0 1
    outer loop
      vertex 45.199999999999996 28.799999999999994 0
      vertex 59.88 30.399999999999995 0
      vertex 45.199999999999996 30.399999999999995 0
    endloop
  endfacet
  facet normal 0 0 1
    outer loop
      vertex 45.199999999999996 30.399999999999995 0
      vertex 59.88 30.399999999999995 0
      vertex 59.88 43.60000000000001 0
    endloop
  endfacet
  facet normal 0 0 1
    outer loop
      vertex 45.199999999999996 30.399999999999995 0
      vertex 59.88 43.60000000000001 0
      vertex 45.199999999999996 43.60000000000001 0
    endloop
  endfacet
  facet normal 0 0 1
    outer loop
      vertex 45.199999999999996 43.60000000000001 0
      vertex 59.88 43.60000000000001 0
      vertex 59.88 45.2 0
    endloop
  endfacet
  facet normal 0 0 1
    outer loop
      vertex 45.199999999999996 43.60000000000001 0
      vertex 59.88 45.2 0
      vertex 45.199999999999996 45.2 0
    endloop
  endfacet
  facet normal 0 0 1
    outer loop
      vertex 45.199999999999996 45.2 0
      vertex 59.88 45.2 0
      vertex 59.88 58.40000000000002 0
    endloop
  endfacet
  facet normal 0 0 1
    outer loop
      vertex 45.199999999999996 45.2 0
      vertex 59.88 58.40000000000002 0
      vertex 45.199999999999996 58.40000000000002 0
    endloop
  endfacet
  facet normal 0 0 1
    outer loop
      vertex 45.199999999999996 58.40000000000002 0
      vertex 59.88 58.40000000000002 0
      vertex 59.88 60.000000000000014 0
    endloop
  endfacet
  facet normal 0 0 1
    outer loop
      vertex 45.199999999999996 58.40000000000002 0
      vertex 59.88 60.000000000000014 0
      vertex 45.199999999999996 60.000000000000014 0
    endloop
  endfacet
  facet normal 0 0 1
    outer loop
      vertex 45.199999999999996 60.000000000000014 0
      vertex 59.88 60.000000000000014 0
      vertex 59.88 72.7 0
    endloop
  endfacet
  facet normal 0 0 1
    outer loop
      vertex 45.199999999999996 60.000000000000014 0
      vertex 59.88 72.7 0
      vertex 45.199999999999996 72.7 0
    endloop
  endfacet
  facet normal 0 0 1
    outer loop
      vertex 45.199999999999996 72.7 5
      vertex 59.88 72.7 5
      vertex 59.88 73.7 5
    endloop
  endfacet
  facet normal 0 0 1
    outer loop
      vertex 45.199999999999996 72.7 5
      vertex 59.88 73.7 5
      vertex 45.199999999999996 73.7 5
    endloop
  endfacet
  facet normal 0 0 1
    outer loop
      vertex 45.199999999999996 73.7 0
      vertex 59.88 73.7 0
      vertex 59.88 75 0
    endloop
  endfacet
  facet normal 0 0 1
    outer loop
      vertex 45.199999999999996 73.7 0
      vertex 59.88 75 0
      vertex 45.199999999999996 75 0
    endloop
  endfacet
  facet normal 0 0 1
    outer loop
      vertex 59.88 -75 0
      vertex 61.48 -75 0
      vertex 61.48 -73.7 0
    endloop
  endfacet
  facet normal 0 0 1
    outer loop
      vertex 59.88 -75 0
      vertex 61.48 -73.7 0
      vertex 59.88 -73.7 0
    endloop
  endfacet
  facet normal 0 0 1
    outer loop
      vertex 59.88 -73.7 0
      vertex 61.48 -73.7 0
      vertex 61.48 -72.7 0
    endloop
  endfacet
  facet normal 0 0 1
    outer loop
      vertex 59.88 -73.7 0
      vertex 61.48 -72.7 0
      vertex 59.88 -72.7 0
    endloop
  endfacet
  facet normal 0 0 1
    outer loop
      vertex 59.88 -72.7 0
      vertex 61.48 -72.7 0
      vertex 61.48 -60 0
    endloop
  endfacet
  facet normal 0 0 1
    outer loop
      vertex 59.88 -72.7 0
      vertex 61.48 -60 0
      vertex 59.88 -60 0
    endloop
  endfacet
  facet normal 0 0 1
    outer loop
      vertex 59.88 -60 0
      vertex 61.48 -60 0
      vertex 61.48 -58.400000000000006 0
    endloop
  endfacet
  facet normal 0 0 1
    outer loop
      vertex 59.88 -60 0
      vertex 61.48 -58.400000000000006 0
      vertex 59.88 -58.400000000000006 0
    endloop
  endfacet
  facet normal 0 0 1
    outer loop
      vertex 59.88 -58.400000000000006 0
      vertex 61.48 -58.400000000000006 0
      vertex 61.48 -45.199999999999996 0
    endloop
  endfacet
  facet normal 0 0 1
    outer loop
      vertex 59.88 -58.400000000000006 0
      vertex 61.48 -45.199999999999996 0
      vertex 59.88 -45.199999999999996 0
    endloop
  endfacet
  facet normal 0 0 1
    outer loop
      vertex 59.88 -45.199999999999996 0
      vertex 61.48 -45.199999999999996 0
      vertex 61.48 -43.6 0
    endloop
  endfacet
  facet normal 0 0 1
    outer loop
      vertex 59.88 -45.199999999999996 0
      vertex 61.48 -43.6 0
      vertex 59.88 -43.6 0
    endloop
  endfacet
  facet normal 0 0 1
    outer loop
      vertex 59.88 -43.6 0
      vertex 61.48 -43.6 0
      vertex 61.48 -30.400000000000002 0
    endloop
  endfacet
  facet normal 0 0 1
    outer loop
      vertex 59.88 -43.6 0
      vertex 61.48 -30.400000000000002 0
      vertex 59.88 -30.400000000000002 0
    endloop
  endfacet
  facet normal 0 0 1
    outer loop
      vertex 59.88 -30.400000000000002 0
      vertex 61.48 -30.400000000000002 0
      vertex 61.48 -28.8 0
    endloop
  endfacet
  facet normal 0 0 1
    outer loop
      vertex 59.88 -30.400000000000002 0
      vertex 61.48 -28.8 0
      vertex 59.88 -28.8 0
    endloop
  endfacet
  facet normal 0 0 1
    outer loop
      vertex 59.88 -28.8 0
      vertex 61.48 -28.8 0
      vertex 61.48 -15.599999999999998 0
    endloop
  endfacet
  facet normal 0 0 1
    outer loop
      vertex 59.88 -28.8 0
      vertex 61.48 -15.599999999999998 0
      vertex 59.88 -15.599999999999998 0
    endloop
  endfacet
  facet normal 0 0 1
    outer loop
      vertex 59.88 -15.599999999999998 0
      vertex 61.48 -15.599999999999998 0
      vertex 61.48 -13.999999999999996 0
    endloop
  endfacet
  facet normal 0 0 1
    outer loop
      vertex 59.88 -15.599999999999998 0
      vertex 61.48 -13.999999999999996 0
      vertex 59.88 -13.999999999999996 0
    endloop
  endfacet
  facet normal 0 0 1
    outer loop
      vertex 59.88 -13.999999999999996 0
      vertex 61.48 -13.999999999999996 0
      vertex 61.48 -0.8 0
    endloop
  endfacet
  facet normal 0 0 1
    outer loop
      vertex 59.88 -13.999999999999996 0
      vertex 61.48 -0.8 0
      vertex 59.88 -0.8 0
    endloop
  endfacet
  facet normal 0 0 1
    outer loop
      vertex 59.88 -0.8 0
      vertex 61.48 -0.8 0
      vertex 61.48 0.8 0
    endloop
  endfacet
  facet normal 0 0 1
    outer loop
      vertex 59.88 -0.8 0
      vertex 61.48 0.8 0
      vertex 59.88 0.8 0
    endloop
  endfacet
  facet normal 0 0 1
    outer loop
      vertex 59.88 0.8 0
      vertex 61.48 0.8 0
      vertex 61.48 13.999999999999996 0
    endloop
  endfacet
  facet normal 0 0 1
    outer loop
      vertex 59.88 0.8 0
      vertex 61.48 13.999999999999996 0
      vertex 59.88 13.999999999999996 0
    endloop
  endfacet
  facet normal 0 0 1
    outer loop
      vertex 59.88 13.999999999999996 0
      vertex 61.48 13.999999999999996 0
      vertex 61.48 15.599999999999998 0
    endloop
  endfacet
  facet normal 0 0 1
    outer loop
      vertex 59.88 13.999999999999996 0
      vertex 61.48 15.599999999999998 0
      vertex 59.88 15.599999999999998 0
    endloop
  endfacet
  facet normal 0 0 1
    outer loop
      vertex 59.88 15.599999999999998 0
      vertex 61.48 15.599999999999998 0
      vertex 61.48 28.799999999999994 0
    endloop
  endfacet
  facet normal 0 0 1
    outer loop
      vertex 59.88 15.599999999999998 0
      vertex 61.48 28.799999999999994 0
      vertex 59.88 28.799999999999994 0
    endloop
  endfacet
  facet normal 0 0 1
    outer loop
      vertex 59.88 28.799999999999994 0
      vertex 61.48 28.799999999999994 0
      vertex 61.48 30.399999999999995 0
    endloop
  endfacet
  facet normal 0 0 1
    outer loop
      vertex 59.88 28.799999999999994 0
      vertex 61.48 30.399999999999995 0
      vertex 59.88 30.399999999999995 0
    endloop
  endfacet
  facet normal 0 0 1
    outer loop
      vertex 59.88 30.399999999999995 0
      vertex 61.48 30.399999999999995 0
      vertex 61.48 43.60000000000001 0
    endloop
  endfacet
  facet normal 0 0 1
    outer loop
      vertex 59.88 30.399999999999995 0
      vertex 61.48 43.60000000000001 0
      vertex 59.88 43.60000000000001 0
    endloop
  endfacet
  facet normal 0 0 1
    outer loop
      vertex 59.88 43.60000000000001 0
      vertex 61.48 43.60000000000001 0
      vertex 61.48 45.2 0
    endloop
  endfacet
  facet normal 0 0 1
    outer loop
      vertex 59.88 43.60000000000001 0
      vertex 61.48 45.2 0
      vertex 59.88 45.2 0
    endloop
  endfacet
  facet normal 0 0 1
    outer loop
      vertex 59.88 45.2 0
      vertex 61.48 45.2 0
      vertex 61.48 58.40000000000002 0
    endloop
  endfacet
  facet normal 0 0 1
    outer loop
      vertex 59.88 45.2 0
      vertex 61.48 58.40000000000002 0
      vertex 59.88 58.40000000000002 0
    endloop
  endfacet
  facet normal 0 0 1
    outer loop
      vertex 59.88 58.40000000000002 0
      vertex 61.48 58.40000000000002 0
      vertex 61.48 60.000000000000014 0
    endloop
  endfacet
  facet normal 0 0 1
    outer loop
      vertex 59.88 58.40000000000002 0
      vertex 61.48 60.000000000000014 0
      vertex 59.88 60.000000000000014 0
    endloop
  endfacet
  facet normal 0 0 1
    outer loop
      vertex 59.88 60.000000000000014 0
      vertex 61.48 60.000000000000014 0
      vertex 61.48 72.7 0
    endloop
  endfacet
  facet normal 0 0 1
    outer loop
      vertex 59.88 60.000000000000014 0
      vertex 61.48 72.7 0
      vertex 59.88 72.7 0
    endloop
  endfacet
  facet normal 0 0 1
    outer loop
      vertex 59.88 72.7 0
      vertex 61.48 72.7 0
      vertex 61.48 73.7 0
    endloop
  endfacet
  facet normal 0 0 1
    outer loop
      vertex 59.88 72.7 0
      vertex 61.48 73.7 0
      vertex 59.88 73.7 0
    endloop
  endfacet
  facet normal 0 0 1
    outer loop
      vertex 59.88 73.7 0
      vertex 61.48 73.7 0
      vertex 61.48 75 0
    endloop
  endfacet
  facet normal 0 0 1
    outer loop
      vertex 59.88 73.7 0
      vertex 61.48 75 0
      vertex 59.88 75 0
    endloop
  endfacet
  facet normal 0 0 1
    outer loop
      vertex 61.48 -75 0
      vertex 72.7 -75 0
      vertex 72.7 -73.7 0
    endloop
  endfacet
  facet normal 0 0 1
    outer loop
      vertex 61.48 -75 0
      vertex 72.7 -73.7 0
      vertex 61.48 -73.7 0
    endloop
  endfacet
  facet normal 0 0 1
    outer loop
      vertex 61.48 -73.7 5
      vertex 72.7 -73.7 5
      vertex 72.7 -72.7 5
    endloop
  endfacet
  facet normal 0 0 1
    outer loop
      vertex 61.48 -73.7 5
      vertex 72.7 -72.7 5
      vertex 61.48 -72.7 5
    endloop
  endfacet
  facet normal 0 0 1
    outer loop
      vertex 61.48 -72.7 0
      vertex 72.7 -72.7 0
      vertex 72.7 -60 0
    endloop
  endfacet
  facet normal 0 0 1
    outer loop
      vertex 61.48 -72.7 0
      vertex 72.7 -60 0
      vertex 61.48 -60 0
    endloop
  endfacet
  facet normal 0 0 1
    outer loop
      vertex 61.48 -60 0
      vertex 72.7 -60 0
      vertex 72.7 -58.400000000000006 0
    endloop
  endfacet
  facet normal 0 0 1
    outer loop
      vertex 61.48 -60 0
      vertex 72.7 -58.400000000000006 0
      vertex 61.48 -58.400000000000006 0
    endloop
  endfacet
  facet normal 0 0 1
    outer loop
      vertex 61.48 -58.400000000000006 0
      vertex 72.7 -58.400000000000006 0
      vertex 72.7 -45.199999999999996 0
    endloop
  endfacet
  facet normal 0 0 1
    outer loop
      vertex 61.48 -58.400000000000006 0
      vertex 72.7 -45.199999999999996 0
      vertex 61.48 -45.199999999999996 0
    endloop
  endfacet
  facet normal 0 0 1
    outer loop
      vertex 61.48 -45.199999999999996 0
      vertex 72.7 -45.199999999999996 0
      vertex 72.7 -43.6 0
    endloop
  endfacet
  facet normal 0 0 1
    outer loop
      vertex 61.48 -45.199999999999996 0
      vertex 72.7 -43.6 0
      vertex 61.48 -43.6 0
    endloop
  endfacet
  facet normal 0 0 1
    outer loop
      vertex 61.48 -43.6 0
      vertex 72.7 -43.6 0
      vertex 72.7 -30.400000000000002 0
    endloop
  endfacet
  facet normal 0 0 1
    outer loop
      vertex 61.48 -43.6 0
      vertex 72.7 -30.400000000000002 0
      vertex 61.48 -30.400000000000002 0
    endloop
  endfacet
  facet normal 0 0 1
    outer loop
      vertex 61.48 -30.400000000000002 0
      vertex 72.7 -30.400000000000002 0
      vertex 72.7 -28.8 0
    endloop
  endfacet
  facet normal 0 0 1
    outer loop
      vertex 61.48 -30.400000000000002 0
      vertex 72.7 -28.8 0
      vertex 61.48 -28.8 0
    endloop
  endfacet
  facet normal 0 0 1
    outer loop
      vertex 61.48 -28.8 0
      vertex 72.7 -28.8 0
      vertex 72.7 -15.599999999999998 0
    endloop
  endfacet
  facet normal 0 0 1
    outer loop
      vertex 61.48 -28.8 0
      vertex 72.7 -15.599999999999998 0
      vertex 61.48 -15.599999999999998 0
    endloop
  endfacet
  facet normal 0 0 1
    outer loop
      vertex 61.48 -15.599999999999998 0
      vertex 72.7 -15.599999999999998 0
      vertex 72.7 -13.999999999999996 0
    endloop
  endfacet
  facet normal 0 0 1
    outer loop
      vertex 61.48 -15.599999999999998 0
      vertex 72.7 -13.999999999999996 0
      vertex 61.48 -13.999999999999996 0
    endloop
  endfacet
  facet normal 0 0 1
    outer loop
      vertex 61.48 -13.999999999999996 0
      vertex 72.7 -13.999999999999996 0
      vertex 72.7 -0.8 0
    endloop
  endfacet
  facet normal 0 0 1
    outer loop
      vertex 61.48 -13.999999999999996 0
      vertex 72.7 -0.8 0
      vertex 61.48 -0.8 0
    endloop
  endfacet
  facet normal 0 0 1
    outer loop
      vertex 61.48 -0.8 0
      vertex 72.7 -0.8 0
      vertex 72.7 0.8 0
    endloop
  endfacet
  facet normal 0 0 1
    outer loop
      vertex 61.48 -0.8 0
      vertex 72.7 0.8 0
      vertex 61.48 0.8 0
    endloop
  endfacet
  facet normal 0 0 1
    outer loop
      vertex 61.48 0.8 0
      vertex 72.7 0.8 0
      vertex 72.7 13.999999999999996 0
    endloop
  endfacet
  facet normal 0 0 1
    outer loop
      vertex 61.48 0.8 0
      vertex 72.7 13.999999999999996 0
      vertex 61.48 13.999999999999996 0
    endloop
  endfacet
  facet normal 0 0 1
    outer loop
      vertex 61.48 13.999999999999996 0
      vertex 72.7 13.999999999999996 0
      vertex 72.7 15.599999999999998 0
    endloop
  endfacet
  facet normal 0 0 1
    outer loop
      vertex 61.48 13.999999999999996 0
      vertex 72.7 15.599999999999998 0
      vertex 61.48 15.599999999999998 0
    endloop
  endfacet
  facet normal 0 0 1
    outer loop
      vertex 61.48 15.599999999999998 0
      vertex 72.7 15.599999999999998 0
      vertex 72.7 28.799999999999994 0
    endloop
  endfacet
  facet normal 0 0 1
    outer loop
      vertex 61.48 15.599999999999998 0
      vertex 72.7 28.799999999999994 0
      vertex 61.48 28.799999999999994 0
    endloop
  endfacet
  facet normal 0 0 1
    outer loop
      vertex 61.48 28.799999999999994 0
      vertex 72.7 28.799999999999994 0
      vertex 72.7 30.399999999999995 0
    endloop
  endfacet
  facet normal 0 0 1
    outer loop
      vertex 61.48 28.799999999999994 0
      vertex 72.7 30.399999999999995 0
      vertex 61.48 30.399999999999995 0
    endloop
  endfacet
  facet normal 0 0 1
    outer loop
      vertex 61.48 30.399999999999995 0
      vertex 72.7 30.399999999999995 0
      vertex 72.7 43.60000000000001 0
    endloop
  endfacet
  facet normal 0 0 1
    outer loop
      vertex 61.48 30.399999999999995 0
      vertex 72.7 43.60000000000001 0
      vertex 61.48 43.60000000000001 0
    endloop
  endfacet
  facet normal 0 0 1
    outer loop
      vertex 61.48 43.60000000000001 0
      vertex 72.7 43.60000000000001 0
      vertex 72.7 45.2 0
    endloop
  endfacet
  facet normal 0 0 1
    outer loop
      vertex 61.48 43.60000000000001 0
      vertex 72.7 45.2 0
      vertex 61.48 45.2 0
    endloop
  endfacet
  facet normal 0 0 1
    outer loop
      vertex 61.48 45.2 0
      vertex 72.7 45.2 0
      vertex 72.7 58.40000000000002 0
    endloop
  endfacet
  facet normal 0 0 1
    outer loop
      vertex 61.48 45.2 0
      vertex 72.7 58.40000000000002 0
      vertex 61.48 58.40000000000002 0
    endloop
  endfacet
  facet normal 0 0 1
    outer loop
      vertex 61.48 58.40000000000002 0
      vertex 72.7 58.40000000000002 0
      vertex 72.7 60.000000000000014 0
    endloop
  endfacet
  facet normal 0 0 1
    outer loop
      vertex 61.48 58.40000000000002 0
      vertex 72.7 60.000000000000014 0
      vertex 61.48 60.000000000000014 0
    endloop
  endfacet
  facet normal 0 0 1
    outer loop
      vertex 61.48 60.000000000000014 0
      vertex 72.7 60.000000000000014 0
      vertex 72.7 72.7 0
    endloop
  endfacet
  facet normal 0 0 1
    outer loop
      vertex 61.48 60.000000000000014 0
      vertex 72.7 72.7 0
      vertex 61.48 72.7 0
    endloop
  endfacet
  facet normal 0 0 1
    outer loop
      vertex 61.48 72.7 5
      vertex 72.7 72.7 5
      vertex 72.7 73.7 5
    endloop
  endfacet
  facet normal 0 0 1
    outer loop
      vertex 61.48 72.7 5
      vertex 72.7 73.7 5
      vertex 61.48 73.7 5
    endloop
  endfacet
  facet normal 0 0 1
    outer loop
      vertex 61.48 73.7 0
      vertex 72.7 73.7 0
      vertex 72.7 75 0
    endloop
  endfacet
  facet normal 0 0 1
    outer loop
      vertex 61.48 73.7 0
      vertex 72.7 75 0
      vertex 61.48 75 0
    endloop
  endfacet
  facet normal 0 0 1
    outer loop
      vertex 72.7 -75 0
      vertex 73.7 -75 0
      vertex 73.7 -73.7 0
    endloop
  endfacet
  facet normal 0 0 1
    outer loop
      vertex 72.7 -75 0
      vertex 73.7 -73.7 0
      vertex 72.7 -73.7 0
    endloop
  endfacet
  facet normal 0 0 1
    outer loop
      vertex 72.7 -73.7 5
      vertex 73.7 -73.7 5
      vertex 73.7 -72.7 5
    endloop
  endfacet
  facet normal 0 0 1
    outer loop
      vertex 72.7 -73.7 5
      vertex 73.7 -72.7 5
      vertex 72.7 -72.7 5
    endloop
  endfacet
  facet normal 0 0 1
    outer loop
      vertex 72.7 -72.7 5
      vertex 73.7 -72.7 5
      vertex 73.7 -60 5
    endloop
  endfacet
  facet normal 0 0 1
    outer loop
      vertex 72.7 -72.7 5
      vertex 73.7 -60 5
      vertex 72.7 -60 5
    endloop
  endfacet
  facet normal 0 0 1
    outer loop
      vertex 72.7 -60 0
      vertex 73.7 -60 0
      vertex 73.7 -58.400000000000006 0
    endloop
  endfacet
  facet normal 0 0 1
    outer loop
      vertex 72.7 -60 0
      vertex 73.7 -58.400000000000006 0
      vertex 72.7 -58.400000000000006 0
    endloop
  endfacet
  facet normal 0 0 1
    outer loop
      vertex 72.7 -58.400000000000006 5
      vertex 73.7 -58.400000000000006 5
      vertex 73.7 -45.199999999999996 5
    endloop
  endfacet
  facet normal 0 0 1
    outer loop
      vertex 72.7 -58.400000000000006 5
      vertex 73.7 -45.199999999999996 5
      vertex 72.7 -45.199999999999996 5
    endloop
  endfacet
  facet normal 0 0 1
    outer loop
      vertex 72.7 -45.199999999999996 0
      vertex 73.7 -45.199999999999996 0
      vertex 73.7 -43.6 0
    endloop
  endfacet
  facet normal 0 0 1
    outer loop
      vertex 72.7 -45.199999999999996 0
      vertex 73.7 -43.6 0
      vertex 72.7 -43.6 0
    endloop
  endfacet
  facet normal 0 0 1
    outer loop
      vertex 72.7 -43.6 5
      vertex 73.7 -43.6 5
      vertex 73.7 -30.400000000000002 5
    endloop
  endfacet
  facet normal 0 0 1
    outer loop
      vertex 72.7 -43.6 5
      vertex 73.7 -30.400000000000002 5
      vertex 72.7 -30.400000000000002 5
    endloop
  endfacet
  facet normal 0 0 1
    outer loop
      vertex 72.7 -30.400000000000002 0
      vertex 73.7 -30.400000000000002 0
      vertex 73.7 -28.8 0
    endloop
  endfacet
  facet normal 0 0 1
    outer loop
      vertex 72.7 -30.400000000000002 0
      vertex 73.7 -28.8 0
      vertex 72.7 -28.8 0
    endloop
  endfacet
  facet normal 0 0 1
    outer loop
      vertex 72.7 -28.8 5
      vertex 73.7 -28.8 5
      vertex 73.7 -15.599999999999998 5
    endloop
  endfacet
  facet normal 0 0 1
    outer loop
      vertex 72.7 -28.8 5
      vertex 73.7 -15.599999999999998 5
      vertex 72.7 -15.599999999999998 5
    endloop
  endfacet
  facet normal 0 0 1
    outer loop
      vertex 72.7 -15.599999999999998 0
      vertex 73.7 -15.599999999999998 0
      vertex 73.7 -13.999999999999996 0
    endloop
  endfacet
  facet normal 0 0 1
    outer loop
      vertex 72.7 -15.599999999999998 0
      vertex 73.7 -13.999999999999996 0
      vertex 72.7 -13.999999999999996 0
    endloop
  endfacet
  facet normal 0 0 1
    outer loop
      vertex 72.7 -13.999999999999996 5
      vertex 73.7 -13.999999999999996 5
      vertex 73.7 -0.8 5
    endloop
  endfacet
  facet normal 0 0 1
    outer loop
      vertex 72.7 -13.999999999999996 5
      vertex 73.7 -0.8 5
      vertex 72.7 -0.8 5
    endloop
  endfacet
  facet normal 0 0 1
    outer loop
      vertex 72.7 -0.8 0
      vertex 73.7 -0.8 0
      vertex 73.7 0.8 0
    endloop
  endfacet
  facet normal 0 0 1
    outer loop
      vertex 72.7 -0.8 0
      vertex 73.7 0.8 0
      vertex 72.7 0.8 0
    endloop
  endfacet
  facet normal 0 0 1
    outer loop
      vertex 72.7 0.8 5
      vertex 73.7 0.8 5
      vertex 73.7 13.999999999999996 5
    endloop
  endfacet
  facet normal 0 0 1
    outer loop
      vertex 72.7 0.8 5
      vertex 73.7 13.999999999999996 5
      vertex 72.7 13.999999999999996 5
    endloop
  endfacet
  facet normal 0 0 1
    outer loop
      vertex 72.7 13.999999999999996 0
      vertex 73.7 13.999999999999996 0
      vertex 73.7 15.599999999999998 0
    endloop
  endfacet
  facet normal 0 0 1
    outer loop
      vertex 72.7 13.999999999999996 0
      vertex 73.7 15.599999999999998 0
      vertex 72.7 15.599999999999998 0
    endloop
  endfacet
  facet normal 0 0 1
    outer loop
      vertex 72.7 15.599999999999998 5
      vertex 73.7 15.599999999999998 5
      vertex 73.7 28.799999999999994 5
    endloop
  endfacet
  facet normal 0 0 1
    outer loop
      vertex 72.7 15.599999999999998 5
      vertex 73.7 28.799999999999994 5
      vertex 72.7 28.799999999999994 5
    endloop
  endfacet
  facet normal 0 0 1
    outer loop
      vertex 72.7 28.799999999999994 0
      vertex 73.7 28.799999999999994 0
      vertex 73.7 30.399999999999995 0
    endloop
  endfacet
  facet normal 0 0 1
    outer loop
      vertex 72.7 28.799999999999994 0
      vertex 73.7 30.399999999999995 0
      vertex 72.7 30.399999999999995 0
    endloop
  endfacet
  facet normal 0 0 1
    outer loop
      vertex 72.7 30.399999999999995 5
      vertex 73.7 30.399999999999995 5
      vertex 73.7 43.60000000000001 5
    endloop
  endfacet
  facet normal 0 0 1
    outer loop
      vertex 72.7 30.399999999999995 5
      vertex 73.7 43.60000000000001 5
      vertex 72.7 43.60000000000001 5
    endloop
  endfacet
  facet normal 0 0 1
    outer loop
      vertex 72.7 43.60000000000001 0
      vertex 73.7 43.60000000000001 0
      vertex 73.7 45.2 0
    endloop
  endfacet
  facet normal 0 0 1
    outer loop
      vertex 72.7 43.60000000000001 0
      vertex 73.7 45.2 0
      vertex 72.7 45.2 0
    endloop
  endfacet
  facet normal 0 0 1
    outer loop
      vertex 72.7 45.2 5
      vertex 73.7 45.2 5
      vertex 73.7 58.40000000000002 5
    endloop
  endfacet
  facet normal 0 0 1
    outer loop
      vertex 72.7 45.2 5
      vertex 73.7 58.40000000000002 5
      vertex 72.7 58.40000000000002 5
    endloop
  endfacet
  facet normal 0 0 1
    outer loop
      vertex 72.7 58.40000000000002 0
      vertex 73.7 58.40000000000002 0
      vertex 73.7 60.000000000000014 0
    endloop
  endfacet
  facet normal 0 0 1
    outer loop
      vertex 72.7 58.40000000000002 0
      vertex 73.7 60.000000000000014 0
      vertex 72.7 60.000000000000014 0
    endloop
  endfacet
  facet normal 0 0 1
    outer loop
      vertex 72.7 60.000000000000014 5
      vertex 73.7 60.000000000000014 5
      vertex 73.7 72.7 5
    endloop
  endfacet
  facet normal 0 0 1
    outer loop
      vertex 72.7 60.000000000000014 5
      vertex 73.7 72.7 5
      vertex 72.7 72.7 5
    endloop
  endfacet
  facet normal 0 0 1
    outer loop
      vertex 72.7 72.7 5
      vertex 73.7 72.7 5
      vertex 73.7 73.7 5
    endloop
  endfacet
  facet normal 0 0 1
    outer loop
      vertex 72.7 72.7 5
      vertex 73.7 73.7 5
      vertex 72.7 73.7 5
    endloop
  endfacet
  facet normal 0 0 1
    outer loop
      vertex 72.7 73.7 0
      vertex 73.7 73.7 0
      vertex 73.7 75 0
    endloop
  endfacet
  facet normal 0 0 1
    outer loop
      vertex 72.7 73.7 0
      vertex 73.7 75 0
      vertex 72.7 75 0
    endloop
  endfacet
  facet normal 0 0 1
    outer loop
      vertex 73.7 -75 0
      vertex 75 -75 0
      vertex 75 -73.7 0
    endloop
  endfacet
  facet normal 0 0 1
    outer loop
      vertex 73.7 -75 0
      vertex 75 -73.7 0
      vertex 73.7 -73.7 0
    endloop
  endfacet
  facet normal 0 0 1
    outer loop
      vertex 73.7 -73.7 0
      vertex 75 -73.7 0
      vertex 75 -72.7 0
    endloop
  endfacet
  facet normal 0 0 1
    outer loop
      vertex 73.7 -73.7 0
      vertex 75 -72.7 0
      vertex 73.7 -72.7 0
    endloop
  endfacet
  facet normal 0 0 1
    outer loop
      vertex 73.7 -72.7 0
      vertex 75 -72.7 0
      vertex 75 -60 0
    endloop
  endfacet
  facet normal 0 0 1
    outer loop
      vertex 73.7 -72.7 0
      vertex 75 -60 0
      vertex 73.7 -60 0
    endloop
  endfacet
  facet normal 0 0 1
    outer loop
      vertex 73.7 -60 0
      vertex 75 -60 0
      vertex 75 -58.400000000000006 0
    endloop
  endfacet
  facet normal 0 0 1
    outer loop
      vertex 73.7 -60 0
      vertex 75 -58.400000000000006 0
      vertex 73.7 -58.400000000000006 0
    endloop
  endfacet
  facet normal 0 0 1
    outer loop
      vertex 73.7 -58.400000000000006 0
      vertex 75 -58.400000000000006 0
      vertex 75 -45.199999999999996 0
    endloop
  endfacet
  facet normal 0 0 1
    outer loop
      vertex 73.7 -58.400000000000006 0
      vertex 75 -45.199999999999996 0
      vertex 73.7 -45.199999999999996 0
    endloop
  endfacet
  facet normal 0 0 1
    outer loop
      vertex 73.7 -45.199999999999996 0
      vertex 75 -45.199999999999996 0
      vertex 75 -43.6 0
    endloop
  endfacet
  facet normal 0 0 1
    outer loop
      vertex 73.7 -45.199999999999996 0
      vertex 75 -43.6 0
      vertex 73.7 -43.6 0
    endloop
  endfacet
  facet normal 0 0 1
    outer loop
      vertex 73.7 -43.6 0
      vertex 75 -43.6 0
      vertex 75 -30.400000000000002 0
    endloop
  endfacet
  facet normal 0 0 1
    outer loop
      vertex 73.7 -43.6 0
      vertex 75 -30.400000000000002 0
      vertex 73.7 -30.400000000000002 0
    endloop
  endfacet
  facet normal 0 0 1
    outer loop
      vertex 73.7 -30.400000000000002 0
      vertex 75 -30.400000000000002 0
      vertex 75 -28.8 0
    endloop
  endfacet
  facet normal 0 0 1
    outer loop
      vertex 73.7 -30.400000000000002 0
      vertex 75 -28.8 0
      vertex 73.7 -28.8 0
    endloop
  endfacet
  facet normal 0 0 1
    outer loop
      vertex 73.7 -28.8 0
      vertex 75 -28.8 0
      vertex 75 -15.599999999999998 0
    endloop
  endfacet
  facet normal 0 0 1
    outer loop
      vertex 73.7 -28.8 0
      vertex 75 -15.599999999999998 0
      vertex 73.7 -15.599999999999998 0
    endloop
  endfacet
  facet normal 0 0 1
    outer loop
      vertex 73.7 -15.599999999999998 0
      vertex 75 -15.599999999999998 0
      vertex 75 -13.999999999999996 0
    endloop
  endfacet
  facet normal 0 0 1
    outer loop
      vertex 73.7 -15.599999999999998 0
      vertex 75 -13.999999999999996 0
      vertex 73.7 -13.999999999999996 0
    endloop
  endfacet
  facet normal 0 0 1
    outer loop
      vertex 73.7 -13.999999999999996 0
      vertex 75 -13.999999999999996 0
      vertex 75 -0.8 0
    endloop
  endfacet
  facet normal 0 0 1
    outer loop
      vertex 73.7 -13.999999999999996 0
      vertex 75 -0.8 0
      vertex 73.7 -0.8 0
    endloop
  endfacet
  facet normal 0 0 1
    outer loop
      vertex 73.7 -0.8 0
      vertex 75 -0.8 0
      vertex 75 0.8 0
    endloop
  endfacet
  facet normal 0 0 1
    outer loop
      vertex 73.7 -0.8 0
      vertex 75 0.8 0
      vertex 73.7 0.8 0
    endloop
  endfacet
  facet normal 0 0 1
    outer loop
      vertex 73.7 0.8 0
      vertex 75 0.8 0
      vertex 75 13.999999999999996 0
    endloop
  endfacet
  facet normal 0 0 1
    outer loop
      vertex 73.7 0.8 0
      vertex 75 13.999999999999996 0
      vertex 73.7 13.999999999999996 0
    endloop
  endfacet
  facet normal 0 0 1
    outer loop
      vertex 73.7 13.999999999999996 0
      vertex 75 13.999999999999996 0
      vertex 75 15.599999999999998 0
    endloop
  endfacet
  facet normal 0 0 1
    outer loop
      vertex 73.7 13.999999999999996 0
      vertex 75 15.599999999999998 0
      vertex 73.7 15.599999999999998 0
    endloop
  endfacet
  facet normal 0 0 1
    outer loop
      vertex 73.7 15.599999999999998 0
      vertex 75 15.599999999999998 0
      vertex 75 28.799999999999994 0
    endloop
  endfacet
  facet normal 0 0 1
    outer loop
      vertex 73.7 15.599999999999998 0
      vertex 75 28.799999999999994 0
      vertex 73.7 28.799999999999994 0
    endloop
  endfacet
  facet normal 0 0 1
    outer loop
      vertex 73.7 28.799999999999994 0
      vertex 75 28.799999999999994 0
      vertex 75 30.399999999999995 0
    endloop
  endfacet
  facet normal 0 0 1
    outer loop
      vertex 73.7 28.799999999999994 0
      vertex 75 30.399999999999995 0
      vertex 73.7 30.399999999999995 0
    endloop
  endfacet
  facet normal 0 0 1
    outer loop
      vertex 73.7 30.399999999999995 0
      vertex 75 30.399999999999995 0
      vertex 75 43.60000000000001 0
    endloop
  endfacet
  facet normal 0 0 1
    outer loop
      vertex 73.7 30.399999999999995 0
      vertex 75 43.60000000000001 0
      vertex 73.7 43.60000000000001 0
    endloop
  endfacet
  facet normal 0 0 1
    outer loop
      vertex 73.7 43.60000000000001 0
      vertex 75 43.60000000000001 0
      vertex 75 45.2 0
    endloop
  endfacet
  facet normal 0 0 1
    outer loop
      vertex 73.7 43.60000000000001 0
      vertex 75 45.2 0
      vertex 73.7 45.2 0
    endloop
  endfacet
  facet normal 0 0 1
    outer loop
      vertex 73.7 45.2 0
      vertex 75 45.2 0
      vertex 75 58.40000000000002 0
    endloop
  endfacet
  facet normal 0 0 1
    outer loop
      vertex 73.7 45.2 0
      vertex 75 58.40000000000002 0
      vertex 73.7 58.40000000000002 0
    endloop
  endfacet
  facet normal 0 0 1
    outer loop
      vertex 73.7 58.40000000000002 0
      vertex 75 58.40000000000002 0
      vertex 75 60.000000000000014 0
    endloop
  endfacet
  facet normal 0 0 1
    outer loop
      vertex 73.7 58.40000000000002 0
      vertex 75 60.000000000000014 0
      vertex 73.7 60.000000000000014 0
    endloop
  endfacet
  facet normal 0 0 1
    outer loop
      vertex 73.7 60.000000000000014 0
      vertex 75 60.000000000000014 0
      vertex 75 72.7 0
    endloop
  endfacet
  facet normal 0 0 1
    outer loop
      vertex 73.7 60.000000000000014 0
      vertex 75 72.7 0
      vertex 73.7 72.7 0
    endloop
  endfacet
  facet normal 0 0 1
    outer loop
      vertex 73.7 72.7 0
      vertex 75 72.7 0
      vertex 75 73.7 0
    endloop
  endfacet
  facet normal 0 0 1
    outer loop
      vertex 73.7 72.7 0
      vertex 75 73.7 0
      vertex 73.7 73.7 0
    endloop
  endfacet
  facet normal 0 0 1
    outer loop
      vertex 73.7 73.7 0
      vertex 75 73.7 0
      vertex 75 75 0
    endloop
  endfacet
  facet normal 0 0 1
    outer loop
      vertex 73.7 73.7 0
      vertex 75 75 0
      vertex 73.7 75 0
    endloop
  endfacet
  facet normal -1 0 0
    outer loop
      vertex -75 -73.7 -1
      vertex -75 -75 -1
      vertex -75 -75 0
    endloop
  endfacet
  facet normal -1 0 0
    outer loop
      vertex -75 -73.7 -1
      vertex -75 -75 0
      vertex -75 -73.7 0
    endloop
  endfacet
  facet normal -1 0 0
    outer loop
      vertex -75 -72.7 -1
      vertex -75 -73.7 -1
      vertex -75 -73.7 0
    endloop
  endfacet
  facet normal -1 0 0
    outer loop
      vertex -75 -72.7 -1
      vertex -75 -73.7 0
      vertex -75 -72.7 0
    endloop
  endfacet
  facet normal -1 0 0
    outer loop
      vertex -75 -60 -1
      vertex -75 -72.7 -1
      vertex -75 -72.7 0
    endloop
  endfacet
  facet normal -1 0 0
    outer loop
      vertex -75 -60 -1
      vertex -75 -72.7 0
      vertex -75 -60 0
    endloop
  endfacet
  facet normal -1 0 0
    outer loop
      vertex -75 -58.400000000000006 -1
      vertex -75 -60 -1
      vertex -75 -60 0
    endloop
  endfacet
  facet normal -1 0 0
    outer loop
      vertex -75 -58.400000000000006 -1
      vertex -75 -60 0
      vertex -75 -58.400000000000006 0
    endloop
  endfacet
  facet normal -1 0 0
    outer loop
      vertex -75 -45.199999999999996 -1
      vertex -75 -58.400000000000006 -1
      vertex -75 -58.400000000000006 0
    endloop
  endfacet
  facet normal -1 0 0
    outer loop
      vertex -75 -45.199999999999996 -1
      vertex -75 -58.400000000000006 0
      vertex -75 -45.199999999999996 0
    endloop
  endfacet
  facet normal -1 0 0
    outer loop
      vertex -75 -43.6 -1
      vertex -75 -45.199999999999996 -1
      vertex -75 -45.199999999999996 0
    endloop
  endfacet
  facet normal -1 0 0
    outer loop
      vertex -75 -43.6 -1
      vertex -75 -45.199999999999996 0
      vertex -75 -43.6 0
    endloop
  endfacet
  facet normal -1 0 0
    outer loop
      vertex -75 -30.400000000000002 -1
      vertex -75 -43.6 -1
      vertex -75 -43.6 0
    endloop
  endfacet
  facet normal -1 0 0
    outer loop
      vertex -75 -30.400000000000002 -1
      vertex -75 -43.6 0
      vertex -75 -30.400000000000002 0
    endloop
  endfacet
  facet normal -1 0 0
    outer loop
      vertex -75 -28.8 -1
      vertex -75 -30.400000000000002 -1
      vertex -75 -30.400000000000002 0
    endloop
  endfacet
  facet normal -1 0 0
    outer loop
      vertex -75 -28.8 -1
      vertex -75 -30.400000000000002 0
      vertex -75 -28.8 0
    endloop
  endfacet
  facet normal -1 0 0
    outer loop
      vertex -75 -15.599999999999998 -1
      vertex -75 -28.8 -1
      vertex -75 -28.8 0
    endloop
  endfacet
  facet normal -1 0 0
    outer loop
      vertex -75 -15.599999999999998 -1
      vertex -75 -28.8 0
      vertex -75 -15.599999999999998 0
    endloop
  endfacet
  facet normal -1 0 0
    outer loop
      vertex -75 -13.999999999999996 -1
      vertex -75 -15.599999999999998 -1
      vertex -75 -15.599999999999998 0
    endloop
  endfacet
  facet normal -1 0 0
    outer loop
      vertex -75 -13.999999999999996 -1
      vertex -75 -15.599999999999998 0
      vertex -75 -13.999999999999996 0
    endloop
  endfacet
  facet normal -1 0 0
    outer loop
      vertex -75 -0.8 -1
      vertex -75 -13.999999999999996 -1
      vertex -75 -13.999999999999996 0
    endloop
  endfacet
  facet normal -1 0 0
    outer loop
      vertex -75 -0.8 -1
      vertex -75 -13.999999999999996 0
      vertex -75 -0.8 0
    endloop
  endfacet
  facet normal -1 0 0
    outer loop
      vertex -75 0.8 -1
      vertex -75 -0.8 -1
      vertex -75 -0.8 0
    endloop
  endfacet
  facet normal -1 0 0
    outer loop
      vertex -75 0.8 -1
      vertex -75 -0.8 0
      vertex -75 0.8 0
    endloop
  endfacet
  facet normal -1 0 0
    outer loop
      vertex -75 13.999999999999996 -1
      vertex -75 0.8 -1
      vertex -75 0.8 0
    endloop
  endfacet
  facet normal -1 0 0
    outer loop
      vertex -75 13.999999999999996 -1
      vertex -75 0.8 0
      vertex -75 13.999999999999996 0
    endloop
  endfacet
  facet normal -1 0 0
    outer loop
      vertex -75 15.599999999999998 -1
      vertex -75 13.999999999999996 -1
      vertex -75 13.999999999999996 0
    endloop
  endfacet
  facet normal -1 0 0
    outer loop
      vertex -75 15.599999999999998 -1
      vertex -75 13.999999999999996 0
      vertex -75 15.599999999999998 0
    endloop
  endfacet
  facet normal -1 0 0
    outer loop
      vertex -75 28.799999999999994 -1
      vertex -75 15.599999999999998 -1
      vertex -75 15.599999999999998 0
    endloop
  endfacet
  facet normal -1 0 0
    outer loop
      vertex -75 28.799999999999994 -1
      vertex -75 15.599999999999998 0
      vertex -75 28.799999999999994 0
    endloop
  endfacet
  facet normal -1 0 0
    outer loop
      vertex -75 30.399999999999995 -1
      vertex -75 28.799999999999994 -1
      vertex -75 28.799999999999994 0
    endloop
  endfacet
  facet normal -1 0 0
    outer loop
      vertex -75 30.399999999999995 -1
      vertex -75 28.799999999999994 0
      vertex -75 30.399999999999995 0
    endloop
  endfacet
  facet normal -1 0 0
    outer loop
      vertex -75 43.60000000000001 -1
      vertex -75 30.399999999999995 -1
      vertex -75 30.399999999999995 0
    endloop
  endfacet
  facet normal -1 0 0
    outer loop
      vertex -75 43.60000000000001 -1
      vertex -75 30.399999999999995 0
      vertex -75 43.60000000000001 0
    endloop
  endfacet
  facet normal -1 0 0
    outer loop
      vertex -75 45.2 -1
      vertex -75 43.60000000000001 -1
      vertex -75 43.60000000000001 0
    endloop
  endfacet
  facet normal -1 0 0
    outer loop
      vertex -75 45.2 -1
      vertex -75 43.60000000000001 0
      vertex -75 45.2 0
    endloop
  endfacet
  facet normal -1 0 0
    outer loop
      vertex -75 58.40000000000002 -1
      vertex -75 45.2 -1
      vertex -75 45.2 0
    endloop
  endfacet
  facet normal -1 0 0
    outer loop
      vertex -75 58.40000000000002 -1
      vertex -75 45.2 0
      vertex -75 58.40000000000002 0
    endloop
  endfacet
  facet normal -1 0 0
    outer loop
      vertex -75 60.000000000000014 -1
      vertex -75 58.40000000000002 -1
      vertex -75 58.40000000000002 0
    endloop
  endfacet
  facet normal -1 0 0
    outer loop
      vertex -75 60.000000000000014 -1
      vertex -75 58.40000000000002 0
      vertex -75 60.000000000000014 0
    endloop
  endfacet
  facet normal -1 0 0
    outer loop
      vertex -75 72.7 -1
      vertex -75 60.000000000000014 -1
      vertex -75 60.000000000000014 0
    endloop
  endfacet
  facet normal -1 0 0
    outer loop
      vertex -75 72.7 -1
      vertex -75 60.000000000000014 0
      vertex -75 72.7 0
    endloop
  endfacet
  facet normal -1 0 0
    outer loop
      vertex -75 73.7 -1
      vertex -75 72.7 -1
      vertex -75 72.7 0
    endloop
  endfacet
  facet normal -1 0 0
    outer loop
      vertex -75 73.7 -1
      vertex -75 72.7 0
      vertex -75 73.7 0
    endloop
  endfacet
  facet normal -1 0 0
    outer loop
      vertex -75 75 -1
      vertex -75 73.7 -1
      vertex -75 73.7 0
    endloop
  endfacet
  facet normal -1 0 0
    outer loop
      vertex -75 75 -1
      vertex -75 73.7 0
      vertex -75 75 0
    endloop
  endfacet
  facet normal 1 0 0
    outer loop
      vertex 75 -75 -1
      vertex 75 -73.7 -1
      vertex 75 -73.7 0
    endloop
  endfacet
  facet normal 1 0 0
    outer loop
      vertex 75 -75 -1
      vertex 75 -73.7 0
      vertex 75 -75 0
    endloop
  endfacet
  facet normal 1 0 0
    outer loop
      vertex 75 -73.7 -1
      vertex 75 -72.7 -1
      vertex 75 -72.7 0
    endloop
  endfacet
  facet normal 1 0 0
    outer loop
      vertex 75 -73.7 -1
      vertex 75 -72.7 0
      vertex 75 -73.7 0
    endloop
  endfacet
  facet normal 1 0 0
    outer loop
      vertex 75 -72.7 -1
      vertex 75 -60 -1
      vertex 75 -60 0
    endloop
  endfacet
  facet normal 1 0 0
    outer loop
      vertex 75 -72.7 -1
      vertex 75 -60 0
      vertex 75 -72.7 0
    endloop
  endfacet
  facet normal 1 0 0
    outer loop
      vertex 75 -60 -1
      vertex 75 -58.400000000000006 -1
      vertex 75 -58.400000000000006 0
    endloop
  endfacet
  facet normal 1 0 0
    outer loop
      vertex 75 -60 -1
      vertex 75 -58.400000000000006 0
      vertex 75 -60 0
    endloop
  endfacet
  facet normal 1 0 0
    outer loop
      vertex 75 -58.400000000000006 -1
      vertex 75 -45.199999999999996 -1
      vertex 75 -45.199999999999996 0
    endloop
  endfacet
  facet normal 1 0 0
    outer loop
      vertex 75 -58.400000000000006 -1
      vertex 75 -45.199999999999996 0
      vertex 75 -58.400000000000006 0
    endloop
  endfacet
  facet normal 1 0 0
    outer loop
      vertex 75 -45.199999999999996 -1
      vertex 75 -43.6 -1
      vertex 75 -43.6 0
    endloop
  endfacet
  facet normal 1 0 0
    outer loop
      vertex 75 -45.199999999999996 -1
      vertex 75 -43.6 0
      vertex 75 -45.199999999999996 0
    endloop
  endfacet
  facet normal 1 0 0
    outer loop
      vertex 75 -43.6 -1
      vertex 75 -30.400000000000002 -1
      vertex 75 -30.400000000000002 0
    endloop
  endfacet
  facet normal 1 0 0
    outer loop
      vertex 75 -43.6 -1
      vertex 75 -30.400000000000002 0
      vertex 75 -43.6 0
    endloop
  endfacet
  facet normal 1 0 0
    outer loop
      vertex 75 -30.400000000000002 -1
      vertex 75 -28.8 -1
      vertex 75 -28.8 0
    endloop
  endfacet
  facet normal 1 0 0
    outer loop
      vertex 75 -30.400000000000002 -1
      vertex 75 -28.8 0
      vertex 75 -30.400000000000002 0
    endloop
  endfacet
  facet normal 1 0 0
    outer loop
      vertex 75 -28.8 -1
      vertex 75 -15.599999999999998 -1
      vertex 75 -15.599999999999998 0
    endloop
  endfacet
  facet normal 1 0 0
    outer loop
      vertex 75 -28.8 -1
      vertex 75 -15.599999999999998 0
      vertex 75 -28.8 0
    endloop
  endfacet
  facet normal 1 0 0
    outer loop
      vertex 75 -15.599999999999998 -1
      vertex 75 -13.999999999999996 -1
      vertex 75 -13.999999999999996 0
    endloop
  endfacet
  facet normal 1 0 0
    outer loop
      vertex 75 -15.599999999999998 -1
      vertex 75 -13.999999999999996 0
      vertex 75 -15.599999999999998 0
    endloop
  endfacet
  facet normal 1 0 0
    outer loop
      vertex 75 -13.999999999999996 -1
      vertex 75 -0.8 -1
      vertex 75 -0.8 0
    endloop
  endfacet
  facet normal 1 0 0
    outer loop
      vertex 75 -13.999999999999996 -1
      vertex 75 -0.8 0
      vertex 75 -13.999999999999996 0
    endloop
  endfacet
  facet normal 1 0 0
    outer loop
      vertex 75 -0.8 -1
      vertex 75 0.8 -1
      vertex 75 0.8 0
    endloop
  endfacet
  facet normal 1 0 0
    outer loop
      vertex 75 -0.8 -1
      vertex 75 0.8 0
      vertex 75 -0.8 0
    endloop
  endfacet
  facet normal 1 0 0
    outer loop
      vertex 75 0.8 -1
      vertex 75 13.999999999999996 -1
      vertex 75 13.999999999999996 0
    endloop
  endfacet
  facet normal 1 0 0
    outer loop
      vertex 75 0.8 -1
      vertex 75 13.999999999999996 0
      vertex 75 0.8 0
    endloop
  endfacet
  facet normal 1 0 0
    outer loop
      vertex 75 13.999999999999996 -1
      vertex 75 15.599999999999998 -1
      vertex 75 15.599999999999998 0
    endloop
  endfacet
  facet normal 1 0 0
    outer loop
      vertex 75 13.999999999999996 -1
      vertex 75 15.599999999999998 0
      vertex 75 13.999999999999996 0
    endloop
  endfacet
  facet normal 1 0 0
    outer loop
      vertex 75 15.599999999999998 -1
      vertex 75 28.799999999999994 -1
      vertex 75 28.799999999999994 0
    endloop
  endfacet
  facet normal 1 0 0
    outer loop
      vertex 75 15.599999999999998 -1
      vertex 75 28.799999999999994 0
      vertex 75 15.599999999999998 0
    endloop
  endfacet
  facet normal 1 0 0
    outer loop
      vertex 75 28.799999999999994 -1
      vertex 75 30.399999999999995 -1
      vertex 75 30.399999999999995 0
    endloop
  endfacet
  facet normal 1 0 0
    outer loop
      vertex 75 28.799999999999994 -1
      vertex 75 30.399999999999995 0
      vertex 75 28.799999999999994 0
    endloop
  endfacet
  facet normal 1 0 0
    outer loop
      vertex 75 30.399999999999995 -1
      vertex 75 43.60000000000001 -1
      vertex 75 43.60000000000001 0
    endloop
  endfacet
  facet normal 1 0 0
    outer loop
      vertex 75 30.399999999999995 -1
      vertex 75 43.60000000000001 0
      vertex 75 30.399999999999995 0
    endloop
  endfacet
  facet normal 1 0 0
    outer loop
      vertex 75 43.60000000000001 -1
      vertex 75 45.2 -1
      vertex 75 45.2 0
    endloop
  endfacet
  facet normal 1 0 0
    outer loop
      vertex 75 43.60000000000001 -1
      vertex 75 45.2 0
      vertex 75 43.60000000000001 0
    endloop
  endfacet
  facet normal 1 0 0
    outer loop
      vertex 75 45.2 -1
      vertex 75 58.40000000000002 -1
      vertex 75 58.40000000000002 0
    endloop
  endfacet
  facet normal 1 0 0
    outer loop
      vertex 75 45.2 -1
      vertex 75 58.40000000000002 0
      vertex 75 45.2 0
    endloop
  endfacet
  facet normal 1 0 0
    outer loop
      vertex 75 58.40000000000002 -1
      vertex 75 60.000000000000014 -1
      vertex 75 60.000000000000014 0
    endloop
  endfacet
  facet normal 1 0 0
    outer loop
      vertex 75 58.40000000000002 -1
      vertex 75 60.000000000000014 0
      vertex 75 58.40000000000002 0
    endloop
  endfacet
  facet normal 1 0 0
    outer loop
      vertex 75 60.000000000000014 -1
      vertex 75 72.7 -1
      vertex 75 72.7 0
    endloop
  endfacet
  facet normal 1 0 0
    outer loop
      vertex 75 60.000000000000014 -1
      vertex 75 72.7 0
      vertex 75 60.000000000000014 0
    endloop
  endfacet
  facet normal 1 0 0
    outer loop
      vertex 75 72.7 -1
      vertex 75 73.7 -1
      vertex 75 73.7 0
    endloop
  endfacet
  facet normal 1 0 0
    outer loop
      vertex 75 72.7 -1
      vertex 75 73.7 0
      vertex 75 72.7 0
    endloop
  endfacet
  facet normal 1 0 0
    outer loop
      vertex 75 73.7 -1
      vertex 75 75 -1
      vertex 75 75 0
    endloop
  endfacet
  facet normal 1 0 0
    outer loop
      vertex 75 73.7 -1
      vertex 75 75 0
      vertex 75 73.7 0
    endloop
  endfacet
  facet normal 0 -1 0
    outer loop
      vertex -75 -75 -1
      vertex -73.7 -75 -1
      vertex -73.7 -75 0
    endloop
  endfacet
  facet normal 0 -1 0
    outer loop
      vertex -75 -75 -1
      vertex -73.7 -75 0
      vertex -75 -75 0
    endloop
  endfacet
  facet normal 0 -1 0
    outer loop
      vertex -73.7 -75 -1
      vertex -72.7 -75 -1
      vertex -72.7 -75 0
    endloop
  endfacet
  facet normal 0 -1 0
    outer loop
      vertex -73.7 -75 -1
      vertex -72.7 -75 0
      vertex -73.7 -75 0
    endloop
  endfacet
  facet normal 0 -1 0
    outer loop
      vertex -72.7 -75 -1
      vertex -61.480000000000004 -75 -1
      vertex -61.480000000000004 -75 0
    endloop
  endfacet
  facet normal 0 -1 0
    outer loop
      vertex -72.7 -75 -1
      vertex -61.480000000000004 -75 0
      vertex -72.7 -75 0
    endloop
  endfacet
  facet normal 0 -1 0
    outer loop
      vertex -61.480000000000004 -75 -1
      vertex -59.88000000000001 -75 -1
      vertex -59.88000000000001 -75 0
    endloop
  endfacet
  facet normal 0 -1 0
    outer loop
      vertex -61.480000000000004 -75 -1
      vertex -59.88000000000001 -75 0
      vertex -61.480000000000004 -75 0
    endloop
  endfacet
  facet normal 0 -1 0
    outer loop
      vertex -59.88000000000001 -75 -1
      vertex -51.11999999999999 -75 -1
      vertex -51.11999999999999 -75 0
    endloop
  endfacet
  facet normal 0 -1 0
    outer loop
      vertex -59.88000000000001 -75 -1
      vertex -51.11999999999999 -75 0
      vertex -59.88000000000001 -75 0
    endloop
  endfacet
  facet normal 0 -1 0
    outer loop
      vertex -51.11999999999999 -75 -1
      vertex -49.519999999999996 -75 -1
      vertex -49.519999999999996 -75 0
    endloop
  endfacet
  facet normal 0 -1 0
    outer loop
      vertex -51.11999999999999 -75 -1
      vertex -49.519999999999996 -75 0
      vertex -51.11999999999999 -75 0
    endloop
  endfacet
  facet normal 0 -1 0
    outer loop
      vertex -49.519999999999996 -75 -1
      vertex -31.88 -75 -1
      vertex -31.88 -75 0
    endloop
  endfacet
  facet normal 0 -1 0
    outer loop
      vertex -49.519999999999996 -75 -1
      vertex -31.88 -75 0
      vertex -49.519999999999996 -75 0
    endloop
  endfacet
  facet normal 0 -1 0
    outer loop
      vertex -31.88 -75 -1
      vertex -30.279999999999998 -75 -1
      vertex -30.279999999999998 -75 0
    endloop
  endfacet
  facet normal 0 -1 0
    outer loop
      vertex -31.88 -75 -1
      vertex -30.279999999999998 -75 0
      vertex -31.88 -75 0
    endloop
  endfacet
  facet normal 0 -1 0
    outer loop
      vertex -30.279999999999998 -75 -1
      vertex -21.52 -75 -1
      vertex -21.52 -75 0
    endloop
  endfacet
  facet normal 0 -1 0
    outer loop
      vertex -30.279999999999998 -75 -1
      vertex -21.52 -75 0
      vertex -30.279999999999998 -75 0
    endloop
  endfacet
  facet normal 0 -1 0
    outer loop
      vertex -21.52 -75 -1
      vertex -19.919999999999998 -75 -1
      vertex -19.919999999999998 -75 0
    endloop
  endfacet
  facet normal 0 -1 0
    outer loop
      vertex -21.52 -75 -1
      vertex -19.919999999999998 -75 0
      vertex -21.52 -75 0
    endloop
  endfacet
  facet normal 0 -1 0
    outer loop
      vertex -19.919999999999998 -75 -1
      vertex -11.16 -75 -1
      vertex -11.16 -75 0
    endloop
  endfacet
  facet normal 0 -1 0
    outer loop
      vertex -19.919999999999998 -75 -1
      vertex -11.16 -75 0
      vertex -19.919999999999998 -75 0
    endloop
  endfacet
  facet normal 0 -1 0
    outer loop
      vertex -11.16 -75 -1
      vertex -9.559999999999999 -75 -1
      vertex -9.559999999999999 -75 0
    endloop
  endfacet
  facet normal 0 -1 0
    outer loop
      vertex -11.16 -75 -1
      vertex -9.559999999999999 -75 0
      vertex -11.16 -75 0
    endloop
  endfacet
  facet normal 0 -1 0
    outer loop
      vertex -9.559999999999999 -75 -1
      vertex 9.559999999999999 -75 -1
      vertex 9.559999999999999 -75 0
    endloop
  endfacet
  facet normal 0 -1 0
    outer loop
      vertex -9.559999999999999 -75 -1
      vertex 9.559999999999999 -75 0
      vertex -9.559999999999999 -75 0
    endloop
  endfacet
  facet normal 0 -1 0
    outer loop
      vertex 9.559999999999999 -75 -1
      vertex 11.16 -75 -1
      vertex 11.16 -75 0
    endloop
  endfacet
  facet normal 0 -1 0
    outer loop
      vertex 9.559999999999999 -75 -1
      vertex 11.16 -75 0
      vertex 9.559999999999999 -75 0
    endloop
  endfacet
  facet normal 0 -1 0
    outer loop
      vertex 11.16 -75 -1
      vertex 19.919999999999998 -75 -1
      vertex 19.919999999999998 -75 0
    endloop
  endfacet
  facet normal 0 -1 0
    outer loop
      vertex 11.16 -75 -1
      vertex 19.919999999999998 -75 0
      vertex 11.16 -75 0
    endloop
  endfacet
  facet normal 0 -1 0
    outer loop
      vertex 19.919999999999998 -75 -1
      vertex 21.52 -75 -1
      vertex 21.52 -75 0
    endloop
  endfacet
  facet normal 0 -1 0
    outer loop
      vertex 19.919999999999998 -75 -1
      vertex 21.52 -75 0
      vertex 19.919999999999998 -75 0
    endloop
  endfacet
  facet normal 0 -1 0
    outer loop
      vertex 21.52 -75 -1
      vertex 28.8 -75 -1
      vertex 28.8 -75 0
    endloop
  endfacet
  facet normal 0 -1 0
    outer loop
      vertex 21.52 -75 -1
      vertex 28.8 -75 0
      vertex 21.52 -75 0
    endloop
  endfacet
  facet normal 0 -1 0
    outer loop
      vertex 28.8 -75 -1
      vertex 30.400000000000002 -75 -1
      vertex 30.400000000000002 -75 0
    endloop
  endfacet
  facet normal 0 -1 0
    outer loop
      vertex 28.8 -75 -1
      vertex 30.400000000000002 -75 0
      vertex 28.8 -75 0
    endloop
  endfacet
  facet normal 0 -1 0
    outer loop
      vertex 30.400000000000002 -75 -1
      vertex 43.6 -75 -1
      vertex 43.6 -75 0
    endloop
  endfacet
  facet normal 0 -1 0
    outer loop
      vertex 30.400000000000002 -75 -1
      vertex 43.6 -75 0
      vertex 30.400000000000002 -75 0
    endloop
  endfacet
  facet normal 0 -1 0
    outer loop
      vertex 43.6 -75 -1
      vertex 45.199999999999996 -75 -1
      vertex 45.199999999999996 -75 0
    endloop
  endfacet
  facet normal 0 -1 0
    outer loop
      vertex 43.6 -75 -1
      vertex 45.199999999999996 -75 0
      vertex 43.6 -75 0
    endloop
  endfacet
  facet normal 0 -1 0
    outer loop
      vertex 45.199999999999996 -75 -1
      vertex 59.88 -75 -1
      vertex 59.88 -75 0
    endloop
  endfacet
  facet normal 0 -1 0
    outer loop
      vertex 45.199999999999996 -75 -1
      vertex 59.88 -75 0
      vertex 45.199999999999996 -75 0
    endloop
  endfacet
  facet normal 0 -1 0
    outer loop
      vertex 59.88 -75 -1
      vertex 61.48 -75 -1
      vertex 61.48 -75 0
    endloop
  endfacet
  facet normal 0 -1 0
    outer loop
      vertex 59.88 -75 -1
      vertex 61.48 -75 0
      vertex 59.88 -75 0
    endloop
  endfacet
  facet normal 0 -1 0
    outer loop
      vertex 61.48 -75 -1
      vertex 72.7 -75 -1
      vertex 72.7 -75 0
    endloop
  endfacet
  facet normal 0 -1 0
    outer loop
      vertex 61.48 -75 -1
      vertex 72.7 -75 0
      vertex 61.48 -75 0
    endloop
  endfacet
  facet normal 0 -1 0
    outer loop
      vertex 72.7 -75 -1
      vertex 73.7 -75 -1
      vertex 73.7 -75 0
    endloop
  endfacet
  facet normal 0 -1 0
    outer loop
      vertex 72.7 -75 -1
      vertex 73.7 -75 0
      vertex 72.7 -75 0
    endloop
  endfacet
  facet normal 0 -1 0
    outer loop
      vertex 73.7 -75 -1
      vertex 75 -75 -1
      vertex 75 -75 0
    endloop
  endfacet
  facet normal 0 -1 0
    outer loop
      vertex 73.7 -75 -1
      vertex 75 -75 0
      vertex 73.7 -75 0
    endloop
  endfacet
  facet normal 0 1 0
    outer loop
      vertex -73.7 75 -1
      vertex -75 75 -1
      vertex -75 75 0
    endloop
  endfacet
  facet normal 0 1 0
    outer loop
      vertex -73.7 75 -1
      vertex -75 75 0
      vertex -73.7 75 0
    endloop
  endfacet
  facet normal 0 1 0
    outer loop
      vertex -72.7 75 -1
      vertex -73.7 75 -1
      vertex -73.7 75 0
    endloop
  endfacet
  facet normal 0 1 0
    outer loop
      vertex -72.7 75 -1
      vertex -73.7 75 0
      vertex -72.7 75 0
    endloop
  endfacet
  facet normal 0 1 0
    outer loop
      vertex -61.480000000000004 75 -1
      vertex -72.7 75 -1
      vertex -72.7 75 0
    endloop
  endfacet
  facet normal 0 1 0
    outer loop
      vertex -61.480000000000004 75 -1
      vertex -72.7 75 0
      vertex -61.480000000000004 75 0
    endloop
  endfacet
  facet normal 0 1 0
    outer loop
      vertex -59.88000000000001 75 -1
      vertex -61.480000000000004 75 -1
      vertex -61.480000000000004 75 0
    endloop
  endfacet
  facet normal 0 1 0
    outer loop
      vertex -59.88000000000001 75 -1
      vertex -61.480000000000004 75 0
      vertex -59.88000000000001 75 0
    endloop
  endfacet
  facet normal 0 1 0
    outer loop
      vertex -51.11999999999999 75 -1
      vertex -59.88000000000001 75 -1
      vertex -59.88000000000001 75 0
    endloop
  endfacet
  facet normal 0 1 0
    outer loop
      vertex -51.11999999999999 75 -1
      vertex -59.88000000000001 75 0
      vertex -51.11999999999999 75 0
    endloop
  endfacet
  facet normal 0 1 0
    outer loop
      vertex -49.519999999999996 75 -1
      vertex -51.11999999999999 75 -1
      vertex -51.11999999999999 75 0
    endloop
  endfacet
  facet normal 0 1 0
    outer loop
      vertex -49.519999999999996 75 -1
      vertex -51.11999999999999 75 0
      vertex -49.519999999999996 75 0
    endloop
  endfacet
  facet normal 0 1 0
    outer loop
      vertex -31.88 75 -1
      vertex -49.519999999999996 75 -1
      vertex -49.519999999999996 75 0
    endloop
  endfacet
  facet normal 0 1 0
    outer loop
      vertex -31.88 75 -1
      vertex -49.519999999999996 75 0
      vertex -31.88 75 0
    endloop
  endfacet
  facet normal 0 1 0
    outer loop
      vertex -30.279999999999998 75 -1
      vertex -31.88 75 -1
      vertex -31.88 75 0
    endloop
  endfacet
  facet normal 0 1 0
    outer loop
      vertex -30.279999999999998 75 -1
      vertex -31.88 75 0
      vertex -30.279999999999998 75 0
    endloop
  endfacet
  facet normal 0 1 0
    outer loop
      vertex -21.52 75 -1
      vertex -30.279999999999998 75 -1
      vertex -30.279999999999998 75 0
    endloop
  endfacet
  facet normal 0 1 0
    outer loop
      vertex -21.52 75 -1
      vertex -30.279999999999998 75 0
      vertex -21.52 75 0
    endloop
  endfacet
  facet normal 0 1 0
    outer loop
      vertex -19.919999999999998 75 -1
      vertex -21.52 75 -1
      vertex -21.52 75 0
    endloop
  endfacet
  facet normal 0 1 0
    outer loop
      vertex -19.919999999999998 75 -1
      vertex -21.52 75 0
      vertex -19.919999999999998 75 0
    endloop
  endfacet
  facet normal 0 1 0
    outer loop
      vertex -11.16 75 -1
      vertex -19.919999999999998 75 -1
      vertex -19.919999999999998 75 0
    endloop
  endfacet
  facet normal 0 1 0
    outer loop
      vertex -11.16 75 -1
      vertex -19.919999999999998 75 0
      vertex -11.16 75 0
    endloop
  endfacet
  facet normal 0 1 0
    outer loop
      vertex -9.559999999999999 75 -1
      vertex -11.16 75 -1
      vertex -11.16 75 0
    endloop
  endfacet
  facet normal 0 1 0
    outer loop
      vertex -9.559999999999999 75 -1
      vertex -11.16 75 0
      vertex -9.559999999999999 75 0
    endloop
  endfacet
  facet normal 0 1 0
    outer loop
      vertex 9.559999999999999 75 -1
      vertex -9.559999999999999 75 -1
      vertex -9.559999999999999 75 0
    endloop
  endfacet
  facet normal 0 1 0
    outer loop
      vertex 9.559999999999999 75 -1
      vertex -9.559999999999999 75 0
      vertex 9.559999999999999 75 0
    endloop
  endfacet
  facet normal 0 1 0
    outer loop
      vertex 11.16 75 -1
      vertex 9.559999999999999 75 -1
      vertex 9.559999999999999 75 0
    endloop
  endfacet
  facet normal 0 1 0
    outer loop
      vertex 11.16 75 -1
      vertex 9.559999999999999 75 0
      vertex 11.16 75 0
    endloop
  endfacet
  facet normal 0 1 0
    outer loop
      vertex 19.919999999999998 75 -1
      vertex 11.16 75 -1
      vertex 11.16 75 0
    endloop
  endfacet
  facet normal 0 1 0
    outer loop
      vertex 19.919999999999998 75 -1
      vertex 11.16 75 0
      vertex 19.919999999999998 75 0
    endloop
  endfacet
  facet normal 0 1 0
    outer loop
      vertex 21.52 75 -1
      vertex 19.919999999999998 75 -1
      vertex 19.919999999999998 75 0
    endloop
  endfacet
  facet normal 0 1 0
    outer loop
      vertex 21.52 75 -1
      vertex 19.919999999999998 75 0
      vertex 21.52 75 0
    endloop
  endfacet
  facet normal 0 1 0
    outer loop
      vertex 28.8 75 -1
      vertex 21.52 75 -1
      vertex 21.52 75 0
    endloop
  endfacet
  facet normal 0 1 0
    outer loop
      vertex 28.8 75 -1
      vertex 21.52 75 0
      vertex 28.8 75 0
    endloop
  endfacet
  facet normal 0 1 0
    outer loop
      vertex 30.400000000000002 75 -1
      vertex 28.8 75 -1
      vertex 28.8 75 0
    endloop
  endfacet
  facet normal 0 1 0
    outer loop
      vertex 30.400000000000002 75 -1
      vertex 28.8 75 0
      vertex 30.400000000000002 75 0
    endloop
  endfacet
  facet normal 0 1 0
    outer loop
      vertex 43.6 75 -1
      vertex 30.400000000000002 75 -1
      vertex 30.400000000000002 75 0
    endloop
  endfacet
  facet normal 0 1 0
    outer loop
      vertex 43.6 75 -1
      vertex 30.400000000000002 75 0
      vertex 43.6 75 0
    endloop
  endfacet
  facet normal 0 1 0
    outer loop
      vertex 45.199999999999996 75 -1
      vertex 43.6 75 -1
      vertex 43.6 75 0
    endloop
  endfacet
  facet normal 0 1 0
    outer loop
      vertex 45.199999999999996 75 -1
      vertex 43.6 75 0
      vertex 45.199999999999996 75 0
    endloop
  endfacet
  facet normal 0 1 0
    outer loop
      vertex 59.88 75 -1
      vertex 45.199999999999996 75 -1
      vertex 45.199999999999996 75 0
    endloop
  endfacet
  facet normal 0 1 0
    outer loop
      vertex 59.88 75 -1
      vertex 45.199999999999996 75 0
      vertex 59.88 75 0
    endloop
  endfacet
  facet normal 0 1 0
    outer loop
      vertex 61.48 75 -1
      vertex 59.88 75 -1
      vertex 59.88 75 0
    endloop
  endfacet
  facet normal 0 1 0
    outer loop
      vertex 61.48 75 -1
      vertex 59.88 75 0
      vertex 61.48 75 0
    endloop
  endfacet
  facet normal 0 1 0
    outer loop
      vertex 72.7 75 -1
      vertex 61.48 75 -1
      vertex 61.48 75 0
    endloop
  endfacet
  facet normal 0 1 0
    outer loop
      vertex 72.7 75 -1
      vertex 61.48 75 0
      vertex 72.7 75 0
    endloop
  endfacet
  facet normal 0 1 0
    outer loop
      vertex 73.7 75 -1
      vertex 72.7 75 -1
      vertex 72.7 75 0
    endloop
  endfacet
  facet normal 0 1 0
    outer loop
      vertex 73.7 75 -1
      vertex 72.7 75 0
      vertex 73.7 75 0
    endloop
  endfacet
  facet normal 0 1 0
    outer loop
      vertex 75 75 -1
      vertex 73.7 75 -1
      vertex 73.7 75 0
    endloop
  endfacet
  facet normal 0 1 0
    outer loop
      vertex 75 75 -1
      vertex 73.7 75 0
      vertex 75 75 0
    endloop
  endfacet
  facet normal -1 0 0
    outer loop
      vertex -73.7 -72.7 0
      vertex -73.7 -73.7 0
      vertex -73.7 -73.7 5
    endloop
  endfacet
  facet normal -1 0 0
    outer loop
      vertex -73.7 -72.7 0
      vertex -73.7 -73.7 5
      vertex -73.7 -72.7 5
    endloop
  endfacet
  facet normal -1 0 0
    outer loop
      vertex -73.7 -60 0
      vertex -73.7 -72.7 0
      vertex -73.7 -72.7 5
    endloop
  endfacet
  facet normal -1 0 0
    outer loop
      vertex -73.7 -60 0
      vertex -73.7 -72.7 5
      vertex -73.7 -60 5
    endloop
  endfacet
  facet normal -1 0 0
    outer loop
      vertex -73.7 -45.199999999999996 0
      vertex -73.7 -58.400000000000006 0
      vertex -73.7 -58.400000000000006 5
    endloop
  endfacet
  facet normal -1 0 0
    outer loop
      vertex -73.7 -45.199999999999996 0
      vertex -73.7 -58.400000000000006 5
      vertex -73.7 -45.199999999999996 5
    endloop
  endfacet
  facet normal -1 0 0
    outer loop
      vertex -73.7 -30.400000000000002 0
      vertex -73.7 -43.6 0
      vertex -73.7 -43.6 5
    endloop
  endfacet
  facet normal -1 0 0
    outer loop
      vertex -73.7 -30.400000000000002 0
      vertex -73.7 -43.6 5
      vertex -73.7 -30.400000000000002 5
    endloop
  endfacet
  facet normal -1 0 0
    outer loop
      vertex -73.7 -15.599999999999998 0
      vertex -73.7 -28.8 0
      vertex -73.7 -28.8 5
    endloop
  endfacet
  facet normal -1 0 0
    outer loop
      vertex -73.7 -15.599999999999998 0
      vertex -73.7 -28.8 5
      vertex -73.7 -15.599999999999998 5
    endloop
  endfacet
  facet normal -1 0 0
    outer loop
      vertex -73.7 -0.8 0
      vertex -73.7 -13.999999999999996 0
      vertex -73.7 -13.999999999999996 5
    endloop
  endfacet
  facet normal -1 0 0
    outer loop
      vertex -73.7 -0.8 0
      vertex -73.7 -13.999999999999996 5
      vertex -73.7 -0.8 5
    endloop
  endfacet
  facet normal -1 0 0
    outer loop
      vertex -73.7 13.999999999999996 0
      vertex -73.7 0.8 0
      vertex -73.7 0.8 5
    endloop
  endfacet
  facet normal -1 0 0
    outer loop
      vertex -73.7 13.999999999999996 0
      vertex -73.7 0.8 5
      vertex -73.7 13.999999999999996 5
    endloop
  endfacet
  facet normal -1 0 0
    outer loop
      vertex -73.7 28.799999999999994 0
      vertex -73.7 15.599999999999998 0
      vertex -73.7 15.599999999999998 5
    endloop
  endfacet
  facet normal -1 0 0
    outer loop
      vertex -73.7 28.799999999999994 0
      vertex -73.7 15.599999999999998 5
      vertex -73.7 28.799999999999994 5
    endloop
  endfacet
  facet normal -1 0 0
    outer loop
      vertex -73.7 43.60000000000001 0
      vertex -73.7 30.399999999999995 0
      vertex -73.7 30.399999999999995 5
    endloop
  endfacet
  facet normal -1 0 0
    outer loop
      vertex -73.7 43.60000000000001 0
      vertex -73.7 30.399999999999995 5
      vertex -73.7 43.60000000000001 5
    endloop
  endfacet
  facet normal -1 0 0
    outer loop
      vertex -73.7 58.40000000000002 0
      vertex -73.7 45.2 0
      vertex -73.7 45.2 5
    endloop
  endfacet
  facet normal -1 0 0
    outer loop
      vertex -73.7 58.40000000000002 0
      vertex -73.7 45.2 5
      vertex -73.7 58.40000000000002 5
    endloop
  endfacet
  facet normal -1 0 0
    outer loop
      vertex -73.7 72.7 0
      vertex -73.7 60.000000000000014 0
      vertex -73.7 60.000000000000014 5
    endloop
  endfacet
  facet normal -1 0 0
    outer loop
      vertex -73.7 72.7 0
      vertex -73.7 60.000000000000014 5
      vertex -73.7 72.7 5
    endloop
  endfacet
  facet normal -1 0 0
    outer loop
      vertex -73.7 73.7 0
      vertex -73.7 72.7 0
      vertex -73.7 72.7 5
    endloop
  endfacet
  facet normal -1 0 0
    outer loop
      vertex -73.7 73.7 0
      vertex -73.7 72.7 5
      vertex -73.7 73.7 5
    endloop
  endfacet
  facet normal 1 0 0
    outer loop
      vertex -72.7 -72.7 0
      vertex -72.7 -60 0
      vertex -72.7 -60 5
    endloop
  endfacet
  facet normal 1 0 0
    outer loop
      vertex -72.7 -72.7 0
      vertex -72.7 -60 5
      vertex -72.7 -72.7 5
    endloop
  endfacet
  facet normal 1 0 0
    outer loop
      vertex -72.7 -58.400000000000006 0
      vertex -72.7 -45.199999999999996 0
      vertex -72.7 -45.199999999999996 5
    endloop
  endfacet
  facet normal 1 0 0
    outer loop
      vertex -72.7 -58.400000000000006 0
      vertex -72.7 -45.199999999999996 5
      vertex -72.7 -58.400000000000006 5
    endloop
  endfacet
  facet normal 1 0 0
    outer loop
      vertex -72.7 -43.6 0
      vertex -72.7 -30.400000000000002 0
      vertex -72.7 -30.400000000000002 5
    endloop
  endfacet
  facet normal 1 0 0
    outer loop
      vertex -72.7 -43.6 0
      vertex -72.7 -30.400000000000002 5
      vertex -72.7 -43.6 5
    endloop
  endfacet
  facet normal 1 0 0
    outer loop
      vertex -72.7 -28.8 0
      vertex -72.7 -15.599999999999998 0
      vertex -72.7 -15.599999999999998 5
    endloop
  endfacet
  facet normal 1 0 0
    outer loop
      vertex -72.7 -28.8 0
      vertex -72.7 -15.599999999999998 5
      vertex -72.7 -28.8 5
    endloop
  endfacet
  facet normal 1 0 0
    outer loop
      vertex -72.7 -13.999999999999996 0
      vertex -72.7 -0.8 0
      vertex -72.7 -0.8 5
    endloop
  endfacet
  facet normal 1 0 0
    outer loop
      vertex -72.7 -13.999999999999996 0
      vertex -72.7 -0.8 5
      vertex -72.7 -13.999999999999996 5
    endloop
  endfacet
  facet normal 1 0 0
    outer loop
      vertex -72.7 0.8 0
      vertex -72.7 13.999999999999996 0
      vertex -72.7 13.999999999999996 5
    endloop
  endfacet
  facet normal 1 0 0
    outer loop
      vertex -72.7 0.8 0
      vertex -72.7 13.999999999999996 5
      vertex -72.7 0.8 5
    endloop
  endfacet
  facet normal 1 0 0
    outer loop
      vertex -72.7 15.599999999999998 0
      vertex -72.7 28.799999999999994 0
      vertex -72.7 28.799999999999994 5
    endloop
  endfacet
  facet normal 1 0 0
    outer loop
      vertex -72.7 15.599999999999998 0
      vertex -72.7 28.799999999999994 5
      vertex -72.7 15.599999999999998 5
    endloop
  endfacet
  facet normal 1 0 0
    outer loop
      vertex -72.7 30.399999999999995 0
      vertex -72.7 43.60000000000001 0
      vertex -72.7 43.60000000000001 5
    endloop
  endfacet
  facet normal 1 0 0
    outer loop
      vertex -72.7 30.399999999999995 0
      vertex -72.7 43.60000000000001 5
      vertex -72.7 30.399999999999995 5
    endloop
  endfacet
  facet normal 1 0 0
    outer loop
      vertex -72.7 45.2 0
      vertex -72.7 58.40000000000002 0
      vertex -72.7 58.40000000000002 5
    endloop
  endfacet
  facet normal 1 0 0
    outer loop
      vertex -72.7 45.2 0
      vertex -72.7 58.40000000000002 5
      vertex -72.7 45.2 5
    endloop
  endfacet
  facet normal 1 0 0
    outer loop
      vertex -72.7 60.000000000000014 0
      vertex -72.7 72.7 0
      vertex -72.7 72.7 5
    endloop
  endfacet
  facet normal 1 0 0
    outer loop
      vertex -72.7 60.000000000000014 0
      vertex -72.7 72.7 5
      vertex -72.7 60.000000000000014 5
    endloop
  endfacet
  facet normal 1 0 0
    outer loop
      vertex -61.480000000000004 -73.7 0
      vertex -61.480000000000004 -72.7 0
      vertex -61.480000000000004 -72.7 5
    endloop
  endfacet
  facet normal 1 0 0
    outer loop
      vertex -61.480000000000004 -73.7 0
      vertex -61.480000000000004 -72.7 5
      vertex -61.480000000000004 -73.7 5
    endloop
  endfacet
  facet normal 1 0 0
    outer loop
      vertex -61.480000000000004 72.7 0
      vertex -61.480000000000004 73.7 0
      vertex -61.480000000000004 73.7 5
    endloop
  endfacet
  facet normal 1 0 0
    outer loop
      vertex -61.480000000000004 72.7 0
      vertex -61.480000000000004 73.7 5
      vertex -61.480000000000004 72.7 5
    endloop
  endfacet
  facet normal -1 0 0
    outer loop
      vertex -59.88000000000001 -72.7 0
      vertex -59.88000000000001 -73.7 0
      vertex -59.88000000000001 -73.7 5
    endloop
  endfacet
  facet normal -1 0 0
    outer loop
      vertex -59.88000000000001 -72.7 0
      vertex -59.88000000000001 -73.7 5
      vertex -59.88000000000001 -72.7 5
    endloop
  endfacet
  facet normal -1 0 0
    outer loop
      vertex -59.88000000000001 73.7 0
      vertex -59.88000000000001 72.7 0
      vertex -59.88000000000001 72.7 5
    endloop
  endfacet
  facet normal -1 0 0
    outer loop
      vertex -59.88000000000001 73.7 0
      vertex -59.88000000000001 72.7 5
      vertex -59.88000000000001 73.7 5
    endloop
  endfacet
  facet normal 1 0 0
    outer loop
      vertex -51.11999999999999 -73.7 0
      vertex -51.11999999999999 -72.7 0
      vertex -51.11999999999999 -72.7 5
    endloop
  endfacet
  facet normal 1 0 0
    outer loop
      vertex -51.11999999999999 -73.7 0
      vertex -51.11999999999999 -72.7 5
      vertex -51.11999999999999 -73.7 5
    endloop
  endfacet
  facet normal 1 0 0
    outer loop
      vertex -51.11999999999999 72.7 0
      vertex -51.11999999999999 73.7 0
      vertex -51.11999999999999 73.7 5
    endloop
  endfacet
  facet normal 1 0 0
    outer loop
      vertex -51.11999999999999 72.7 0
      vertex -51.11999999999999 73.7 5
      vertex -51.11999999999999 72.7 5
    endloop
  endfacet
  facet normal -1 0 0
    outer loop
      vertex -49.519999999999996 -72.7 0
      vertex -49.519999999999996 -73.7 0
      vertex -49.519999999999996 -73.7 5
    endloop
  endfacet
  facet normal -1 0 0
    outer loop
      vertex -49.519999999999996 -72.7 0
      vertex -49.519999999999996 -73.7 5
      vertex -49.519999999999996 -72.7 5
    endloop
  endfacet
  facet normal -1 0 0
    outer loop
      vertex -49.519999999999996 73.7 0
      vertex -49.519999999999996 72.7 0
      vertex -49.519999999999996 72.7 5
    endloop
  endfacet
  facet normal -1 0 0
    outer loop
      vertex -49.519999999999996 73.7 0
      vertex -49.519999999999996 72.7 5
      vertex -49.519999999999996 73.7 5
    endloop
  endfacet
  facet normal 1 0 0
    outer loop
      vertex -31.88 -73.7 0
      vertex -31.88 -72.7 0
      vertex -31.88 -72.7 5
    endloop
  endfacet
  facet normal 1 0 0
    outer loop
      vertex -31.88 -73.7 0
      vertex -31.88 -72.7 5
      vertex -31.88 -73.7 5
    endloop
  endfacet
  facet normal 1 0 0
    outer loop
      vertex -31.88 72.7 0
      vertex -31.88 73.7 0
      vertex -31.88 73.7 5
    endloop
  endfacet
  facet normal 1 0 0
    outer loop
      vertex -31.88 72.7 0
      vertex -31.88 73.7 5
      vertex -31.88 72.7 5
    endloop
  endfacet
  facet normal -1 0 0
    outer loop
      vertex -30.279999999999998 -72.7 0
      vertex -30.279999999999998 -73.7 0
      vertex -30.279999999999998 -73.7 5
    endloop
  endfacet
  facet normal -1 0 0
    outer loop
      vertex -30.279999999999998 -72.7 0
      vertex -30.279999999999998 -73.7 5
      vertex -30.279999999999998 -72.7 5
    endloop
  endfacet
  facet normal -1 0 0
    outer loop
      vertex -30.279999999999998 73.7 0
      vertex -30.279999999999998 72.7 0
      vertex -30.279999999999998 72.7 5
    endloop
  endfacet
  facet normal -1 0 0
    outer loop
      vertex -30.279999999999998 73.7 0
      vertex -30.279999999999998 72.7 5
      vertex -30.279999999999998 73.7 5
    endloop
  endfacet
  facet normal 1 0 0
    outer loop
      vertex -21.52 -73.7 0
      vertex -21.52 -72.7 0
      vertex -21.52 -72.7 5
    endloop
  endfacet
  facet normal 1 0 0
    outer loop
      vertex -21.52 -73.7 0
      vertex -21.52 -72.7 5
      vertex -21.52 -73.7 5
    endloop
  endfacet
  facet normal 1 0 0
    outer loop
      vertex -21.52 72.7 0
      vertex -21.52 73.7 0
      vertex -21.52 73.7 5
    endloop
  endfacet
  facet normal 1 0 0
    outer loop
      vertex -21.52 72.7 0
      vertex -21.52 73.7 5
      vertex -21.52 72.7 5
    endloop
  endfacet
  facet normal -1 0 0
    outer loop
      vertex -19.919999999999998 -72.7 0
      vertex -19.919999999999998 -73.7 0
      vertex -19.919999999999998 -73.7 5
    endloop
  endfacet
  facet normal -1 0 0
    outer loop
      vertex -19.919999999999998 -72.7 0
      vertex -19.919999999999998 -73.7 5
      vertex -19.919999999999998 -72.7 5
    endloop
  endfacet
  facet normal -1 0 0
    outer loop
      vertex -19.919999999999998 73.7 0
      vertex -19.919999999999998 72.7 0
      vertex -19.919999999999998 72.7 5
    endloop
  endfacet
  facet normal -1 0 0
    outer loop
      vertex -19.919999999999998 73.7 0
      vertex -19.919999999999998 72.7 5
      vertex -19.919999999999998 73.7 5
    endloop
  endfacet
  facet normal 1 0 0
    outer loop
      vertex -11.16 -73.7 0
      vertex -11.16 -72.7 0
      vertex -11.16 -72.7 5
    endloop
  endfacet
  facet normal 1 0 0
    outer loop
      vertex -11.16 -73.7 0
      vertex -11.16 -72.7 5
      vertex -11.16 -73.7 5
    endloop
  endfacet
  facet normal 1 0 0
    outer loop
      vertex -11.16 72.7 0
      vertex -11.16 73.7 0
      vertex -11.16 73.7 5
    endloop
  endfacet
  facet normal 1 0 0
    outer loop
      vertex -11.16 72.7 0
      vertex -11.16 73.7 5
      vertex -11.16 72.7 5
    endloop
  endfacet
  facet normal -1 0 0
    outer loop
      vertex -9.559999999999999 -72.7 0
      vertex -9.559999999999999 -73.7 0
      vertex -9.559999999999999 -73.7 5
    endloop
  endfacet
  facet normal -1 0 0
    outer loop
      vertex -9.559999999999999 -72.7 0
      vertex -9.559999999999999 -73.7 5
      vertex -9.559999999999999 -72.7 5
    endloop
  endfacet
  facet normal -1 0 0
    outer loop
      vertex -9.559999999999999 73.7 0
      vertex -9.559999999999999 72.7 0
      vertex -9.559999999999999 72.7 5
    endloop
  endfacet
  facet normal -1 0 0
    outer loop
      vertex -9.559999999999999 73.7 0
      vertex -9.559999999999999 72.7 5
      vertex -9.559999999999999 73.7 5
    endloop
  endfacet
  facet normal 1 0 0
    outer loop
      vertex 9.559999999999999 -73.7 0
      vertex 9.559999999999999 -72.7 0
      vertex 9.559999999999999 -72.7 5
    endloop
  endfacet
  facet normal 1 0 0
    outer loop
      vertex 9.559999999999999 -73.7 0
      vertex 9.559999999999999 -72.7 5
      vertex 9.559999999999999 -73.7 5
    endloop
  endfacet
  facet normal 1 0 0
    outer loop
      vertex 9.559999999999999 72.7 0
      vertex 9.559999999999999 73.7 0
      vertex 9.559999999999999 73.7 5
    endloop
  endfacet
  facet normal 1 0 0
    outer loop
      vertex 9.559999999999999 72.7 0
      vertex 9.559999999999999 73.7 5
      vertex 9.559999999999999 72.7 5
    endloop
  endfacet
  facet normal -1 0 0
    outer loop
      vertex 11.16 -72.7 0
      vertex 11.16 -73.7 0
      vertex 11.16 -73.7 5
    endloop
  endfacet
  facet normal -1 0 0
    outer loop
      vertex 11.16 -72.7 0
      vertex 11.16 -73.7 5
      vertex 11.16 -72.7 5
    endloop
  endfacet
  facet normal -1 0 0
    outer loop
      vertex 11.16 73.7 0
      vertex 11.16 72.7 0
      vertex 11.16 72.7 5
    endloop
  endfacet
  facet normal -1 0 0
    outer loop
      vertex 11.16 73.7 0
      vertex 11.16 72.7 5
      vertex 11.16 73.7 5
    endloop
  endfacet
  facet normal 1 0 0
    outer loop
      vertex 19.919999999999998 -73.7 0
      vertex 19.919999999999998 -72.7 0
      vertex 19.919999999999998 -72.7 5
    endloop
  endfacet
  facet normal 1 0 0
    outer loop
      vertex 19.919999999999998 -73.7 0
      vertex 19.919999999999998 -72.7 5
      vertex 19.919999999999998 -73.7 5
    endloop
  endfacet
  facet normal 1 0 0
    outer loop
      vertex 19.919999999999998 72.7 0
      vertex 19.919999999999998 73.7 0
      vertex 19.919999999999998 73.7 5
    endloop
  endfacet
  facet normal 1 0 0
    outer loop
      vertex 19.919999999999998 72.7 0
      vertex 19.919999999999998 73.7 5
      vertex 19.919999999999998 72.7 5
    endloop
  endfacet
  facet normal -1 0 0
    outer loop
      vertex 21.52 -72.7 0
      vertex 21.52 -73.7 0
      vertex 21.52 -73.7 5
    endloop
  endfacet
  facet normal -1 0 0
    outer loop
      vertex 21.52 -72.7 0
      vertex 21.52 -73.7 5
      vertex 21.52 -72.7 5
    endloop
  endfacet
  facet normal -1 0 0
    outer loop
      vertex 21.52 73.7 0
      vertex 21.52 72.7 0
      vertex 21.52 72.7 5
    endloop
  endfacet
  facet normal -1 0 0
    outer loop
      vertex 21.52 73.7 0
      vertex 21.52 72.7 5
      vertex 21.52 73.7 5
    endloop
  endfacet
  facet normal 1 0 0
    outer loop
      vertex 28.8 -73.7 0
      vertex 28.8 -72.7 0
      vertex 28.8 -72.7 5
    endloop
  endfacet
  facet normal 1 0 0
    outer loop
      vertex 28.8 -73.7 0
      vertex 28.8 -72.7 5
      vertex 28.8 -73.7 5
    endloop
  endfacet
  facet normal 1 0 0
    outer loop
      vertex 28.8 72.7 0
      vertex 28.8 73.7 0
      vertex 28.8 73.7 5
    endloop
  endfacet
  facet normal 1 0 0
    outer loop
      vertex 28.8 72.7 0
      vertex 28.8 73.7 5
      vertex 28.8 72.7 5
    endloop
  endfacet
  facet normal -1 0 0
    outer loop
      vertex 30.400000000000002 -72.7 0
      vertex 30.400000000000002 -73.7 0
      vertex 30.400000000000002 -73.7 5
    endloop
  endfacet
  facet normal -1 0 0
    outer loop
      vertex 30.400000000000002 -72.7 0
      vertex 30.400000000000002 -73.7 5
      vertex 30.400000000000002 -72.7 5
    endloop
  endfacet
  facet normal -1 0 0
    outer loop
      vertex 30.400000000000002 73.7 0
      vertex 30.400000000000002 72.7 0
      vertex 30.400000000000002 72.7 5
    endloop
  endfacet
  facet normal -1 0 0
    outer loop
      vertex 30.400000000000002 73.7 0
      vertex 30.400000000000002 72.7 5
      vertex 30.400000000000002 73.7 5
    endloop
  endfacet
  facet normal 1 0 0
    outer loop
      vertex 43.6 -73.7 0
      vertex 43.6 -72.7 0
      vertex 43.6 -72.7 5
    endloop
  endfacet
  facet normal 1 0 0
    outer loop
      vertex 43.6 -73.7 0
      vertex 43.6 -72.7 5
      vertex 43.6 -73.7 5
    endloop
  endfacet
  facet normal 1 0 0
    outer loop
      vertex 43.6 72.7 0
      vertex 43.6 73.7 0
      vertex 43.6 73.7 5
    endloop
  endfacet
  facet normal 1 0 0
    outer loop
      vertex 43.6 72.7 0
      vertex 43.6 73.7 5
      vertex 43.6 72.7 5
    endloop
  endfacet
  facet normal -1 0 0
    outer loop
      vertex 45.199999999999996 -72.7 0
      vertex 45.199999999999996 -73.7 0
      vertex 45.199999999999996 -73.7 5
    endloop
  endfacet
  facet normal -1 0 0
    outer loop
      vertex 45.199999999999996 -72.7 0
      vertex 45.199999999999996 -73.7 5
      vertex 45.199999999999996 -72.7 5
    endloop
  endfacet
  facet normal -1 0 0
    outer loop
      vertex 45.199999999999996 73.7 0
      vertex 45.199999999999996 72.7 0
      vertex 45.199999999999996 72.7 5
    endloop
  endfacet
  facet normal -1 0 0
    outer loop
      vertex 45.199999999999996 73.7 0
      vertex 45.199999999999996 72.7 5
      vertex 45.199999999999996 73.7 5
    endloop
  endfacet
  facet normal 1 0 0
    outer loop
      vertex 59.88 -73.7 0
      vertex 59.88 -72.7 0
      vertex 59.88 -72.7 5
    endloop
  endfacet
  facet normal 1 0 0
    outer loop
      vertex 59.88 -73.7 0
      vertex 59.88 -72.7 5
      vertex 59.88 -73.7 5
    endloop
  endfacet
  facet normal 1 0 0
    outer loop
      vertex 59.88 72.7 0
      vertex 59.88 73.7 0
      vertex 59.88 73.7 5
    endloop
  endfacet
  facet normal 1 0 0
    outer loop
      vertex 59.88 72.7 0
      vertex 59.88 73.7 5
      vertex 59.88 72.7 5
    endloop
  endfacet
  facet normal -1 0 0
    outer loop
      vertex 61.48 -72.7 0
      vertex 61.48 -73.7 0
      vertex 61.48 -73.7 5
    endloop
  endfacet
  facet normal -1 0 0
    outer loop
      vertex 61.48 -72.7 0
      vertex 61.48 -73.7 5
      vertex 61.48 -72.7 5
    endloop
  endfacet
  facet normal -1 0 0
    outer loop
      vertex 61.48 73.7 0
      vertex 61.48 72.7 0
      vertex 61.48 72.7 5
    endloop
  endfacet
  facet normal -1 0 0
    outer loop
      vertex 61.48 73.7 0
      vertex 61.48 72.7 5
      vertex 61.48 73.7 5
    endloop
  endfacet
  facet normal -1 0 0
    outer loop
      vertex 72.7 -60 0
      vertex 72.7 -72.7 0
      vertex 72.7 -72.7 5
    endloop
  endfacet
  facet normal -1 0 0
    outer loop
      vertex 72.7 -60 0
      vertex 72.7 -72.7 5
      vertex 72.7 -60 5
    endloop
  endfacet
  facet normal -1 0 0
    outer loop
      vertex 72.7 -45.199999999999996 0
      vertex 72.7 -58.400000000000006 0
      vertex 72.7 -58.400000000000006 5
    endloop
  endfacet
  facet normal -1 0 0
    outer loop
      vertex 72.7 -45.199999999999996 0
      vertex 72.7 -58.400000000000006 5
      vertex 72.7 -45.199999999999996 5
    endloop
  endfacet
  facet normal -1 0 0
    outer loop
      vertex 72.7 -30.400000000000002 0
      vertex 72.7 -43.6 0
      vertex 72.7 -43.6 5
    endloop
  endfacet
  facet normal -1 0 0
    outer loop
      vertex 72.7 -30.400000000000002 0
      vertex 72.7 -43.6 5
      vertex 72.7 -30.400000000000002 5
    endloop
  endfacet
  facet normal -1 0 0
    outer loop
      vertex 72.7 -15.599999999999998 0
      vertex 72.7 -28.8 0
      vertex 72.7 -28.8 5
    endloop
  endfacet
  facet normal -1 0 0
    outer loop
      vertex 72.7 -15.599999999999998 0
      vertex 72.7 -28.8 5
      vertex 72.7 -15.599999999999998 5
    endloop
  endfacet
  facet normal -1 0 0
    outer loop
      vertex 72.7 -0.8 0
      vertex 72.7 -13.999999999999996 0
      vertex 72.7 -13.999999999999996 5
    endloop
  endfacet
  facet normal -1 0 0
    outer loop
      vertex 72.7 -0.8 0
      vertex 72.7 -13.999999999999996 5
      vertex 72.7 -0.8 5
    endloop
  endfacet
  facet normal -1 0 0
    outer loop
      vertex 72.7 13.999999999999996 0
      vertex 72.7 0.8 0
      vertex 72.7 0.8 5
    endloop
  endfacet
  facet normal -1 0 0
    outer loop
      vertex 72.7 13.999999999999996 0
      vertex 72.7 0.8 5
      vertex 72.7 13.999999999999996 5
    endloop
  endfacet
  facet normal -1 0 0
    outer loop
      vertex 72.7 28.799999999999994 0
      vertex 72.7 15.599999999999998 0
      vertex 72.7 15.599999999999998 5
    endloop
  endfacet
  facet normal -1 0 0
    outer loop
      vertex 72.7 28.799999999999994 0
      vertex 72.7 15.599999999999998 5
      vertex 72.7 28.799999999999994 5
    endloop
  endfacet
  facet normal -1 0 0
    outer loop
      vertex 72.7 43.60000000000001 0
      vertex 72.7 30.399999999999995 0
      vertex 72.7 30.399999999999995 5
    endloop
  endfacet
  facet normal -1 0 0
    outer loop
      vertex 72.7 43.60000000000001 0
      vertex 72.7 30.399999999999995 5
      vertex 72.7 43.60000000000001 5
    endloop
  endfacet
  facet normal -1 0 0
    outer loop
      vertex 72.7 58.40000000000002 0
      vertex 72.7 45.2 0
      vertex 72.7 45.2 5
    endloop
  endfacet
  facet normal -1 0 0
    outer loop
      vertex 72.7 58.40000000000002 0
      vertex 72.7 45.2 5
      vertex 72.7 58.40000000000002 5
    endloop
  endfacet
  facet normal -1 0 0
    outer loop
      vertex 72.7 72.7 0
      vertex 72.7 60.000000000000014 0
      vertex 72.7 60.000000000000014 5
    endloop
  endfacet
  facet normal -1 0 0
    outer loop
      vertex 72.7 72.7 0
      vertex 72.7 60.000000000000014 5
      vertex 72.7 72.7 5
    endloop
  endfacet
  facet normal 1 0 0
    outer loop
      vertex 73.7 -73.7 0
      vertex 73.7 -72.7 0
      vertex 73.7 -72.7 5
    endloop
  endfacet
  facet normal 1 0 0
    outer loop
      vertex 73.7 -73.7 0
      vertex 73.7 -72.7 5
      vertex 73.7 -73.7 5
    endloop
  endfacet
  facet normal 1 0 0
    outer loop
      vertex 73.7 -72.7 0
      vertex 73.7 -60 0
      vertex 73.7 -60 5
    endloop
  endfacet
  facet normal 1 0 0
    outer loop
      vertex 73.7 -72.7 0
      vertex 73.7 -60 5
      vertex 73.7 -72.7 5
    endloop
  endfacet
  facet normal 1 0 0
    outer loop
      vertex 73.7 -58.400000000000006 0
      vertex 73.7 -45.199999999999996 0
      vertex 73.7 -45.199999999999996 5
    endloop
  endfacet
  facet normal 1 0 0
    outer loop
      vertex 73.7 -58.400000000000006 0
      vertex 73.7 -45.199999999999996 5
      vertex 73.7 -58.400000000000006 5
    endloop
  endfacet
  facet normal 1 0 0
    outer loop
      vertex 73.7 -43.6 0
      vertex 73.7 -30.400000000000002 0
      vertex 73.7 -30.400000000000002 5
    endloop
  endfacet
  facet normal 1 0 0
    outer loop
      vertex 73.7 -43.6 0
      vertex 73.7 -30.400000000000002 5
      vertex 73.7 -43.6 5
    endloop
  endfacet
  facet normal 1 0 0
    outer loop
      vertex 73.7 -28.8 0
      vertex 73.7 -15.599999999999998 0
      vertex 73.7 -15.599999999999998 5
    endloop
  endfacet
  facet normal 1 0 0
    outer loop
      vertex 73.7 -28.8 0
      vertex 73.7 -15.599999999999998 5
      vertex 73.7 -28.8 5
    endloop
  endfacet
  facet normal 1 0 0
    outer loop
      vertex 73.7 -13.999999999999996 0
      vertex 73.7 -0.8 0
      vertex 73.7 -0.8 5
    endloop
  endfacet
  facet normal 1 0 0
    outer loop
      vertex 73.7 -13.999999999999996 0
      vertex 73.7 -0.8 5
      vertex 73.7 -13.999999999999996 5
    endloop
  endfacet
  facet normal 1 0 0
    outer loop
      vertex 73.7 0.8 0
      vertex 73.7 13.999999999999996 0
      vertex 73.7 13.999999999999996 5
    endloop
  endfacet
  facet normal 1 0 0
    outer loop
      vertex 73.7 0.8 0
      vertex 73.7 13.999999999999996 5
      vertex 73.7 0.8 5
    endloop
  endfacet
  facet normal 1 0 0
    outer loop
      vertex 73.7 15.599999999999998 0
      vertex 73.7 28.799999999999994 0
      vertex 73.7 28.799999999999994 5
    endloop
  endfacet
  facet normal 1 0 0
    outer loop
      vertex 73.7 15.599999999999998 0
      vertex 73.7 28.799999999999994 5
      vertex 73.7 15.599999999999998 5
    endloop
  endfacet
  facet normal 1 0 0
    outer loop
      vertex 73.7 30.399999999999995 0
      vertex 73.7 43.60000000000001 0
      vertex 73.7 43.60000000000001 5
    endloop
  endfacet
  facet normal 1 0 0
    outer loop
      vertex 73.7 30.399999999999995 0
      vertex 73.7 43.60000000000001 5
      vertex 73.7 30.399999999999995 5
    endloop
  endfacet
  facet normal 1 0 0
    outer loop
      vertex 73.7 45.2 0
      vertex 73.7 58.40000000000002 0
      vertex 73.7 58.40000000000002 5
    endloop
  endfacet
  facet normal 1 0 0
    outer loop
      vertex 73.7 45.2 0
      vertex 73.7 58.40000000000002 5
      vertex 73.7 45.2 5
    endloop
  endfacet
  facet normal 1 0 0
    outer loop
      vertex 73.7 60.000000000000014 0
      vertex 73.7 72.7 0
      vertex 73.7 72.7 5
    endloop
  endfacet
  facet normal 1 0 0
    outer loop
      vertex 73.7 60.000000000000014 0
      vertex 73.7 72.7 5
      vertex 73.7 60.000000000000014 5
    endloop
  endfacet
  facet normal 1 0 0
    outer loop
      vertex 73.7 72.7 0
      vertex 73.7 73.7 0
      vertex 73.7 73.7 5
    endloop
  endfacet
  facet normal 1 0 0
    outer loop
      vertex 73.7 72.7 0
      vertex 73.7 73.7 5
      vertex 73.7 72.7 5
    endloop
  endfacet
  facet normal 0 -1 0
    outer loop
      vertex -73.7 -73.7 0
      vertex -72.7 -73.7 0
      vertex -72.7 -73.7 5
    endloop
  endfacet
  facet normal 0 -1 0
    outer loop
      vertex -73.7 -73.7 0
      vertex -72.7 -73.7 5
      vertex -73.7 -73.7 5
    endloop
  endfacet
  facet normal 0 1 0
    outer loop
      vertex -72.7 -60 0
      vertex -73.7 -60 0
      vertex -73.7 -60 5
    endloop
  endfacet
  facet normal 0 1 0
    outer loop
      vertex -72.7 -60 0
      vertex -73.7 -60 5
      vertex -72.7 -60 5
    endloop
  endfacet
  facet normal 0 -1 0
    outer loop
      vertex -73.7 -58.400000000000006 0
      vertex -72.7 -58.400000000000006 0
      vertex -72.7 -58.400000000000006 5
    endloop
  endfacet
  facet normal 0 -1 0
    outer loop
      vertex -73.7 -58.400000000000006 0
      vertex -72.7 -58.400000000000006 5
      vertex -73.7 -58.400000000000006 5
    endloop
  endfacet
  facet normal 0 1 0
    outer loop
      vertex -72.7 -45.199999999999996 0
      vertex -73.7 -45.199999999999996 0
      vertex -73.7 -45.199999999999996 5
    endloop
  endfacet
  facet normal 0 1 0
    outer loop
      vertex -72.7 -45.199999999999996 0
      vertex -73.7 -45.199999999999996 5
      vertex -72.7 -45.199999999999996 5
    endloop
  endfacet
  facet normal 0 -1 0
    outer loop
      vertex -73.7 -43.6 0
      vertex -72.7 -43.6 0
      vertex -72.7 -43.6 5
    endloop
  endfacet
  facet normal 0 -1 0
    outer loop
      vertex -73.7 -43.6 0
      vertex -72.7 -43.6 5
      vertex -73.7 -43.6 5
    endloop
  endfacet
  facet normal 0 1 0
    outer loop
      vertex -72.7 -30.400000000000002 0
      vertex -73.7 -30.400000000000002 0
      vertex -73.7 -30.400000000000002 5
    endloop
  endfacet
  facet normal 0 1 0
    outer loop
      vertex -72.7 -30.400000000000002 0
      vertex -73.7 -30.400000000000002 5
      vertex -72.7 -30.400000000000002 5
    endloop
  endfacet
  facet normal 0 -1 0
    outer loop
      vertex -73.7 -28.8 0
      vertex -72.7 -28.8 0
      vertex -72.7 -28.8 5
    endloop
  endfacet
  facet normal 0 -1 0
    outer loop
      vertex -73.7 -28.8 0
      vertex -72.7 -28.8 5
      vertex -73.7 -28.8 5
    endloop
  endfacet
  facet normal 0 1 0
    outer loop
      vertex -72.7 -15.599999999999998 0
      vertex -73.7 -15.599999999999998 0
      vertex -73.7 -15.599999999999998 5
    endloop
  endfacet
  facet normal 0 1 0
    outer loop
      vertex -72.7 -15.599999999999998 0
      vertex -73.7 -15.599999999999998 5
      vertex -72.7 -15.599999999999998 5
    endloop
  endfacet
  facet normal 0 -1 0
    outer loop
      vertex -73.7 -13.999999999999996 0
      vertex -72.7 -13.999999999999996 0
      vertex -72.7 -13.999999999999996 5
    endloop
  endfacet
  facet normal 0 -1 0
    outer loop
      vertex -73.7 -13.999999999999996 0
      vertex -72.7 -13.999999999999996 5
      vertex -73.7 -13.999999999999996 5
    endloop
  endfacet
  facet normal 0 1 0
    outer loop
      vertex -72.7 -0.8 0
      vertex -73.7 -0.8 0
      vertex -73.7 -0.8 5
    endloop
  endfacet
  facet normal 0 1 0
    outer loop
      vertex -72.7 -0.8 0
      vertex -73.7 -0.8 5
      vertex -72.7 -0.8 5
    endloop
  endfacet
  facet normal 0 -1 0
    outer loop
      vertex -73.7 0.8 0
      vertex -72.7 0.8 0
      vertex -72.7 0.8 5
    endloop
  endfacet
  facet normal 0 -1 0
    outer loop
      vertex -73.7 0.8 0
      vertex -72.7 0.8 5
      vertex -73.7 0.8 5
    endloop
  endfacet
  facet normal 0 1 0
    outer loop
      vertex -72.7 13.999999999999996 0
      vertex -73.7 13.999999999999996 0
      vertex -73.7 13.999999999999996 5
    endloop
  endfacet
  facet normal 0 1 0
    outer loop
      vertex -72.7 13.999999999999996 0
      vertex -73.7 13.999999999999996 5
      vertex -72.7 13.999999999999996 5
    endloop
  endfacet
  facet normal 0 -1 0
    outer loop
      vertex -73.7 15.599999999999998 0
      vertex -72.7 15.599999999999998 0
      vertex -72.7 15.599999999999998 5
    endloop
  endfacet
  facet normal 0 -1 0
    outer loop
      vertex -73.7 15.599999999999998 0
      vertex -72.7 15.599999999999998 5
      vertex -73.7 15.599999999999998 5
    endloop
  endfacet
  facet normal 0 1 0
    outer loop
      vertex -72.7 28.799999999999994 0
      vertex -73.7 28.799999999999994 0
      vertex -73.7 28.799999999999994 5
    endloop
  endfacet
  facet normal 0 1 0
    outer loop
      vertex -72.7 28.799999999999994 0
      vertex -73.7 28.799999999999994 5
      vertex -72.7 28.799999999999994 5
    endloop
  endfacet
  facet normal 0 -1 0
    outer loop
      vertex -73.7 30.399999999999995 0
      vertex -72.7 30.399999999999995 0
      vertex -72.7 30.399999999999995 5
    endloop
  endfacet
  facet normal 0 -1 0
    outer loop
      vertex -73.7 30.399999999999995 0
      vertex -72.7 30.399999999999995 5
      vertex -73.7 30.399999999999995 5
    endloop
  endfacet
  facet normal 0 1 0
    outer loop
      vertex -72.7 43.60000000000001 0
      vertex -73.7 43.60000000000001 0
      vertex -73.7 43.60000000000001 5
    endloop
  endfacet
  facet normal 0 1 0
    outer loop
      vertex -72.7 43.60000000000001 0
      vertex -73.7 43.60000000000001 5
      vertex -72.7 43.60000000000001 5
    endloop
  endfacet
  facet normal 0 -1 0
    outer loop
      vertex -73.7 45.2 0
      vertex -72.7 45.2 0
      vertex -72.7 45.2 5
    endloop
  endfacet
  facet normal 0 -1 0
    outer loop
      vertex -73.7 45.2 0
      vertex -72.7 45.2 5
      vertex -73.7 45.2 5
    endloop
  endfacet
  facet normal 0 1 0
    outer loop
      vertex -72.7 58.40000000000002 0
      vertex -73.7 58.40000000000002 0
      vertex -73.7 58.40000000000002 5
    endloop
  endfacet
  facet normal 0 1 0
    outer loop
      vertex -72.7 58.40000000000002 0
      vertex -73.7 58.40000000000002 5
      vertex -72.7 58.40000000000002 5
    endloop
  endfacet
  facet normal 0 -1 0
    outer loop
      vertex -73.7 60.000000000000014 0
      vertex -72.7 60.000000000000014 0
      vertex -72.7 60.000000000000014 5
    endloop
  endfacet
  facet normal 0 -1 0
    outer loop
      vertex -73.7 60.000000000000014 0
      vertex -72.7 60.000000000000014 5
      vertex -73.7 60.000000000000014 5
    endloop
  endfacet
  facet normal 0 1 0
    outer loop
      vertex -72.7 73.7 0
      vertex -73.7 73.7 0
      vertex -73.7 73.7 5
    endloop
  endfacet
  facet normal 0 1 0
    outer loop
      vertex -72.7 73.7 0
      vertex -73.7 73.7 5
      vertex -72.7 73.7 5
    endloop
  endfacet
  facet normal 0 -1 0
    outer loop
      vertex -72.7 -73.7 0
      vertex -61.480000000000004 -73.7 0
      vertex -61.480000000000004 -73.7 5
    endloop
  endfacet
  facet normal 0 -1 0
    outer loop
      vertex -72.7 -73.7 0
      vertex -61.480000000000004 -73.7 5
      vertex -72.7 -73.7 5
    endloop
  endfacet
  facet normal 0 1 0
    outer loop
      vertex -61.480000000000004 -72.7 0
      vertex -72.7 -72.7 0
      vertex -72.7 -72.7 5
    endloop
  endfacet
  facet normal 0 1 0
    outer loop
      vertex -61.480000000000004 -72.7 0
      vertex -72.7 -72.7 5
      vertex -61.480000000000004 -72.7 5
    endloop
  endfacet
  facet normal 0 -1 0
    outer loop
      vertex -72.7 72.7 0
      vertex -61.480000000000004 72.7 0
      vertex -61.480000000000004 72.7 5
    endloop
  endfacet
  facet normal 0 -1 0
    outer loop
      vertex -72.7 72.7 0
      vertex -61.480000000000004 72.7 5
      vertex -72.7 72.7 5
    endloop
  endfacet
  facet normal 0 1 0
    outer loop
      vertex -61.480000000000004 73.7 0
      vertex -72.7 73.7 0
      vertex -72.7 73.7 5
    endloop
  endfacet
  facet normal 0 1 0
    outer loop
      vertex -61.480000000000004 73.7 0
      vertex -72.7 73.7 5
      vertex -61.480000000000004 73.7 5
    endloop
  endfacet
  facet normal 0 -1 0
    outer loop
      vertex -59.88000000000001 -73.7 0
      vertex -51.11999999999999 -73.7 0
      vertex -51.11999999999999 -73.7 5
    endloop
  endfacet
  facet normal 0 -1 0
    outer loop
      vertex -59.88000000000001 -73.7 0
      vertex -51.11999999999999 -73.7 5
      vertex -59.88000000000001 -73.7 5
    endloop
  endfacet
  facet normal 0 1 0
    outer loop
      vertex -51.11999999999999 -72.7 0
      vertex -59.88000000000001 -72.7 0
      vertex -59.88000000000001 -72.7 5
    endloop
  endfacet
  facet normal 0 1 0
    outer loop
      vertex -51.11999999999999 -72.7 0
      vertex -59.88000000000001 -72.7 5
      vertex -51.11999999999999 -72.7 5
    endloop
  endfacet
  facet normal 0 -1 0
    outer loop
      vertex -59.88000000000001 72.7 0
      vertex -51.11999999999999 72.7 0
      vertex -51.11999999999999 72.7 5
    endloop
  endfacet
  facet normal 0 -1 0
    outer loop
      vertex -59.88000000000001 72.7 0
      vertex -51.11999999999999 72.7 5
      vertex -59.88000000000001 72.7 5
    endloop
  endfacet
  facet normal 0 1 0
    outer loop
      vertex -51.11999999999999 73.7 0
      vertex -59.88000000000001 73.7 0
      vertex -59.88000000000001 73.7 5
    endloop
  endfacet
  facet normal 0 1 0
    outer loop
      vertex -51.11999999999999 73.7 0
      vertex -59.88000000000001 73.7 5
      vertex -51.11999999999999 73.7 5
    endloop
  endfacet
  facet normal 0 -1 0
    outer loop
      vertex -49.519999999999996 -73.7 0
      vertex -31.88 -73.7 0
      vertex -31.88 -73.7 5
    endloop
  endfacet
  facet normal 0 -1 0
    outer loop
      vertex -49.519999999999996 -73.7 0
      vertex -31.88 -73.7 5
      vertex -49.519999999999996 -73.7 5
    endloop
  endfacet
  facet normal 0 1 0
    outer loop
      vertex -31.88 -72.7 0
      vertex -49.519999999999996 -72.7 0
      vertex -49.519999999999996 -72.7 5
    endloop
  endfacet
  facet normal 0 1 0
    outer loop
      vertex -31.88 -72.7 0
      vertex -49.519999999999996 -72.7 5
      vertex -31.88 -72.7 5
    endloop
  endfacet
  facet normal 0 -1 0
    outer loop
      vertex -49.519999999999996 72.7 0
      vertex -31.88 72.7 0
      vertex -31.88 72.7 5
    endloop
  endfacet
  facet normal 0 -1 0
    outer loop
      vertex -49.519999999999996 72.7 0
      vertex -31.88 72.7 5
      vertex -49.519999999999996 72.7 5
    endloop
  endfacet
  facet normal 0 1 0
    outer loop
      vertex -31.88 73.7 0
      vertex -49.519999999999996 73.7 0
      vertex -49.519999999999996 73.7 5
    endloop
  endfacet
  facet normal 0 1 0
    outer loop
      vertex -31.88 73.7 0
      vertex -49.519999999999996 73.7 5
      vertex -31.88 73.7 5
    endloop
  endfacet
  facet normal 0 -1 0
    outer loop
      vertex -30.279999999999998 -73.7 0
      vertex -21.52 -73.7 0
      vertex -21.52 -73.7 5
    endloop
  endfacet
  facet normal 0 -1 0
    outer loop
      vertex -30.279999999999998 -73.7 0
      vertex -21.52 -73.7 5
      vertex -30.279999999999998 -73.7 5
    endloop
  endfacet
  facet normal 0 1 0
    outer loop
      vertex -21.52 -72.7 0
      vertex -30.279999999999998 -72.7 0
      vertex -30.279999999999998 -72.7 5
    endloop
  endfacet
  facet normal 0 1 0
    outer loop
      vertex -21.52 -72.7 0
      vertex -30.279999999999998 -72.7 5
      vertex -21.52 -72.7 5
    endloop
  endfacet
  facet normal 0 -1 0
    outer loop
      vertex -30.279999999999998 72.7 0
      vertex -21.52 72.7 0
      vertex -21.52 72.7 5
    endloop
  endfacet
  facet normal 0 -1 0
    outer loop
      vertex -30.279999999999998 72.7 0
      vertex -21.52 72.7 5
      vertex -30.279999999999998 72.7 5
    endloop
  endfacet
  facet normal 0 1 0
    outer loop
      vertex -21.52 73.7 0
      vertex -30.279999999999998 73.7 0
      vertex -30.279999999999998 73.7 5
    endloop
  endfacet
  facet normal 0 1 0
    outer loop
      vertex -21.52 73.7 0
      vertex -30.279999999999998 73.7 5
      vertex -21.52 73.7 5
    endloop
  endfacet
  facet normal 0 -1 0
    outer loop
      vertex -19.919999999999998 -73.7 0
      vertex -11.16 -73.7 0
      vertex -11.16 -73.7 5
    endloop
  endfacet
  facet normal 0 -1 0
    outer loop
      vertex -19.919999999999998 -73.7 0
      vertex -11.16 -73.7 5
      vertex -19.919999999999998 -73.7 5
    endloop
  endfacet
  facet normal 0 1 0
    outer loop
      vertex -11.16 -72.7 0
      vertex -19.919999999999998 -72.7 0
      vertex -19.919999999999998 -72.7 5
    endloop
  endfacet
  facet normal 0 1 0
    outer loop
      vertex -11.16 -72.7 0
      vertex -19.919999999999998 -72.7 5
      vertex -11.16 -72.7 5
    endloop
  endfacet
  facet normal 0 -1 0
    outer loop
      vertex -19.919999999999998 72.7 0
      vertex -11.16 72.7 0
      vertex -11.16 72.7 5
    endloop
  endfacet
  facet normal 0 -1 0
    outer loop
      vertex -19.919999999999998 72.7 0
      vertex -11.16 72.7 5
      vertex -19.919999999999998 72.7 5
    endloop
  endfacet
  facet normal 0 1 0
    outer loop
      vertex -11.16 73.7 0
      vertex -19.919999999999998 73.7 0
      vertex -19.919999999999998 73.7 5
    endloop
  endfacet
  facet normal 0 1 0
    outer loop
      vertex -11.16 73.7 0
      vertex -19.919999999999998 73.7 5
      vertex -11.16 73.7 5
    endloop
  endfacet
  facet normal 0 -1 0
    outer loop
      vertex -9.559999999999999 -73.7 0
      vertex 9.559999999999999 -73.7 0
      vertex 9.559999999999999 -73.7 5
    endloop
  endfacet
  facet normal 0 -1 0
    outer loop
      vertex -9.559999999999999 -73.7 0
      vertex 9.559999999999999 -73.7 5
      vertex -9.559999999999999 -73.7 5
    endloop
  endfacet
  facet normal 0 1 0
    outer loop
      vertex 9.559999999999999 -72.7 0
      vertex -9.559999999999999 -72.7 0
      vertex -9.559999999999999 -72.7 5
    endloop
  endfacet
  facet normal 0 1 0
    outer loop
      vertex 9.559999999999999 -72.7 0
      vertex -9.559999999999999 -72.7 5
      vertex 9.559999999999999 -72.7 5
    endloop
  endfacet
  facet normal 0 -1 0
    outer loop
      vertex -9.559999999999999 72.7 0
      vertex 9.559999999999999 72.7 0
      vertex 9.559999999999999 72.7 5
    endloop
  endfacet
  facet normal 0 -1 0
    outer loop
      vertex -9.559999999999999 72.7 0
      vertex 9.559999999999999 72.7 5
      vertex -9.559999999999999 72.7 5
    endloop
  endfacet
  facet normal 0 1 0
    outer loop
      vertex 9.559999999999999 73.7 0
      vertex -9.559999999999999 73.7 0
      vertex -9.559999999999999 73.7 5
    endloop
  endfacet
  facet normal 0 1 0
    outer loop
      vertex 9.559999999999999 73.7 0
      vertex -9.559999999999999 73.7 5
      vertex 9.559999999999999 73.7 5
    endloop
  endfacet
  facet normal 0 -1 0
    outer loop
      vertex 11.16 -73.7 0
      vertex 19.919999999999998 -73.7 0
      vertex 19.919999999999998 -73.7 5
    endloop
  endfacet
  facet normal 0 -1 0
    outer loop
      vertex 11.16 -73.7 0
      vertex 19.919999999999998 -73.7 5
      vertex 11.16 -73.7 5
    endloop
  endfacet
  facet normal 0 1 0
    outer loop
      vertex 19.919999999999998 -72.7 0
      vertex 11.16 -72.7 0
      vertex 11.16 -72.7 5
    endloop
  endfacet
  facet normal 0 1 0
    outer loop
      vertex 19.919999999999998 -72.7 0
      vertex 11.16 -72.7 5
      vertex 19.919999999999998 -72.7 5
    endloop
  endfacet
  facet normal 0 -1 0
    outer loop
      vertex 11.16 72.7 0
      vertex 19.919999999999998 72.7 0
      vertex 19.919999999999998 72.7 5
    endloop
  endfacet
  facet normal 0 -1 0
    outer loop
      vertex 11.16 72.7 0
      vertex 19.919999999999998 72.7 5
      vertex 11.16 72.7 5
    endloop
  endfacet
  facet normal 0 1 0
    outer loop
      vertex 19.919999999999998 73.7 0
      vertex 11.16 73.7 0
      vertex 11.16 73.7 5
    endloop
  endfacet
  facet normal 0 1 0
    outer loop
      vertex 19.919999999999998 73.7 0
      vertex 11.16 73.7 5
      vertex 19.919999999999998 73.7 5
    endloop
  endfacet
  facet normal 0 -1 0
    outer loop
      vertex 21.52 -73.7 0
      vertex 28.8 -73.7 0
      vertex 28.8 -73.7 5
    endloop
  endfacet
  facet normal 0 -1 0
    outer loop
      vertex 21.52 -73.7 0
      vertex 28.8 -73.7 5
      vertex 21.52 -73.7 5
    endloop
  endfacet
  facet normal 0 1 0
    outer loop
      vertex 28.8 -72.7 0
      vertex 21.52 -72.7 0
      vertex 21.52 -72.7 5
    endloop
  endfacet
  facet normal 0 1 0
    outer loop
      vertex 28.8 -72.7 0
      vertex 21.52 -72.7 5
      vertex 28.8 -72.7 5
    endloop
  endfacet
  facet normal 0 -1 0
    outer loop
      vertex 21.52 72.7 0
      vertex 28.8 72.7 0
      vertex 28.8 72.7 5
    endloop
  endfacet
  facet normal 0 -1 0
    outer loop
      vertex 21.52 72.7 0
      vertex 28.8 72.7 5
      vertex 21.52 72.7 5
    endloop
  endfacet
  facet normal 0 1 0
    outer loop
      vertex 28.8 73.7 0
      vertex 21.52 73.7 0
      vertex 21.52 73.7 5
    endloop
  endfacet
  facet normal 0 1 0
    outer loop
      vertex 28.8 73.7 0
      vertex 21.52 73.7 5
      vertex 28.8 73.7 5
    endloop
  endfacet
  facet normal 0 -1 0
    outer loop
      vertex 30.400000000000002 -73.7 0
      vertex 43.6 -73.7 0
      vertex 43.6 -73.7 5
    endloop
  endfacet
  facet normal 0 -1 0
    outer loop
      vertex 30.400000000000002 -73.7 0
      vertex 43.6 -73.7 5
      vertex 30.400000000000002 -73.7 5
    endloop
  endfacet
  facet normal 0 1 0
    outer loop
      vertex 43.6 -72.7 0
      vertex 30.400000000000002 -72.7 0
      vertex 30.400000000000002 -72.7 5
    endloop
  endfacet
  facet normal 0 1 0
    outer loop
      vertex 43.6 -72.7 0
      vertex 30.400000000000002 -72.7 5
      vertex 43.6 -72.7 5
    endloop
  endfacet
  facet normal 0 -1 0
    outer loop
      vertex 30.400000000000002 72.7 0
      vertex 43.6 72.7 0
      vertex 43.6 72.7 5
    endloop
  endfacet
  facet normal 0 -1 0
    outer loop
      vertex 30.400000000000002 72.7 0
      vertex 43.6 72.7 5
      vertex 30.400000000000002 72.7 5
    endloop
  endfacet
  facet normal 0 1 0
    outer loop
      vertex 43.6 73.7 0
      vertex 30.400000000000002 73.7 0
      vertex 30.400000000000002 73.7 5
    endloop
  endfacet
  facet normal 0 1 0
    outer loop
      vertex 43.6 73.7 0
      vertex 30.400000000000002 73.7 5
      vertex 43.6 73.7 5
    endloop
  endfacet
  facet normal 0 -1 0
    outer loop
      vertex 45.199999999999996 -73.7 0
      vertex 59.88 -73.7 0
      vertex 59.88 -73.7 5
    endloop
  endfacet
  facet normal 0 -1 0
    outer loop
      vertex 45.199999999999996 -73.7 0
      vertex 59.88 -73.7 5
      vertex 45.199999999999996 -73.7 5
    endloop
  endfacet
  facet normal 0 1 0
    outer loop
      vertex 59.88 -72.7 0
      vertex 45.199999999999996 -72.7 0
      vertex 45.199999999999996 -72.7 5
    endloop
  endfacet
  facet normal 0 1 0
    outer loop
      vertex 59.88 -72.7 0
      vertex 45.199999999999996 -72.7 5
      vertex 59.88 -72.7 5
    endloop
  endfacet
  facet normal 0 -1 0
    outer loop
      vertex 45.199999999999996 72.7 0
      vertex 59.88 72.7 0
      vertex 59.88 72.7 5
    endloop
  endfacet
  facet normal 0 -1 0
    outer loop
      vertex 45.199999999999996 72.7 0
      vertex 59.88 72.7 5
      vertex 45.199999999999996 72.7 5
    endloop
  endfacet
  facet normal 0 1 0
    outer loop
      vertex 59.88 73.7 0
      vertex 45.199999999999996 73.7 0
      vertex 45.199999999999996 73.7 5
    endloop
  endfacet
  facet normal 0 1 0
    outer loop
      vertex 59.88 73.7 0
      vertex 45.199999999999996 73.7 5
      vertex 59.88 73.7 5
    endloop
  endfacet
  facet normal 0 -1 0
    outer loop
      vertex 61.48 -73.7 0
      vertex 72.7 -73.7 0
      vertex 72.7 -73.7 5
    endloop
  endfacet
  facet normal 0 -1 0
    outer loop
      vertex 61.48 -73.7 0
      vertex 72.7 -73.7 5
      vertex 61.48 -73.7 5
    endloop
  endfacet
  facet normal 0 1 0
    outer loop
      vertex 72.7 -72.7 0
      vertex 61.48 -72.7 0
      vertex 61.48 -72.7 5
    endloop
  endfacet
  facet normal 0 1 0
    outer loop
      vertex 72.7 -72.7 0
      vertex 61.48 -72.7 5
      vertex 72.7 -72.7 5
    endloop
  endfacet
  facet normal 0 -1 0
    outer loop
      vertex 61.48 72.7 0
      vertex 72.7 72.7 0
      vertex 72.7 72.7 5
    endloop
  endfacet
  facet normal 0 -1 0
    outer loop
      vertex 61.48 72.7 0
      vertex 72.7 72.7 5
      vertex 61.48 72.7 5
    endloop
  endfacet
  facet normal 0 1 0
    outer loop
      vertex 72.7 73.7 0
      vertex 61.48 73.7 0
      vertex 61.48 73.7 5
    endloop
  endfacet
  facet normal 0 1 0
    outer loop
      vertex 72.7 73.7 0
      vertex 61.48 73.7 5
      vertex 72.7 73.7 5
    endloop
  endfacet
  facet normal 0 -1 0
    outer loop
      vertex 72.7 -73.7 0
      vertex 73.7 -73.7 0
      vertex 73.7 -73.7 5
    endloop
  endfacet
  facet normal 0 -1 0
    outer loop
      vertex 72.7 -73.7 0
      vertex 73.7 -73.7 5
      vertex 72.7 -73.7 5
    endloop
  endfacet
  facet normal 0 1 0
    outer loop
      vertex 73.7 -60 0
      vertex 72.7 -60 0
      vertex 72.7 -60 5
    endloop
  endfacet
  facet normal 0 1 0
    outer loop
      vertex 73.7 -60 0
      vertex 72.7 -60 5
      vertex 73.7 -60 5
    endloop
  endfacet
  facet normal 0 -1 0
    outer loop
      vertex 72.7 -58.400000000000006 0
      vertex 73.7 -58.400000000000006 0
      vertex 73.7 -58.400000000000006 5
    endloop
  endfacet
  facet normal 0 -1 0
    outer loop
      vertex 72.7 -58.400000000000006 0
      vertex 73.7 -58.400000000000006 5
      vertex 72.7 -58.400000000000006 5
    endloop
  endfacet
  facet normal 0 1 0
    outer loop
      vertex 73.7 -45.199999999999996 0
      vertex 72.7 -45.199999999999996 0
      vertex 72.7 -45.199999999999996 5
    endloop
  endfacet
  facet normal 0 1 0
    outer loop
      vertex 73.7 -45.199999999999996 0
      vertex 72.7 -45.199999999999996 5
      vertex 73.7 -45.199999999999996 5
    endloop
  endfacet
  facet normal 0 -1 0
    outer loop
      vertex 72.7 -43.6 0
      vertex 73.7 -43.6 0
      vertex 73.7 -43.6 5
    endloop
  endfacet
  facet normal 0 -1 0
    outer loop
      vertex 72.7 -43.6 0
      vertex 73.7 -43.6 5
      vertex 72.7 -43.6 5
    endloop
  endfacet
  facet normal 0 1 0
    outer loop
      vertex 73.7 -30.400000000000002 0
      vertex 72.7 -30.400000000000002 0
      vertex 72.7 -30.400000000000002 5
    endloop
  endfacet
  facet normal 0 1 0
    outer loop
      vertex 73.7 -30.400000000000002 0
      vertex 72.7 -30.400000000000002 5
      vertex 73.7 -30.400000000000002 5
    endloop
  endfacet
  facet normal 0 -1 0
    outer loop
      vertex 72.7 -28.8 0
      vertex 73.7 -28.8 0
      vertex 73.7 -28.8 5
    endloop
  endfacet
  facet normal 0 -1 0
    outer loop
      vertex 72.7 -28.8 0
      vertex 73.7 -28.8 5
      vertex 72.7 -28.8 5
    endloop
  endfacet
  facet normal 0 1 0
    outer loop
      vertex 73.7 -15.599999999999998 0
      vertex 72.7 -15.599999999999998 0
      vertex 72.7 -15.599999999999998 5
    endloop
  endfacet
  facet normal 0 1 0
    outer loop
      vertex 73.7 -15.599999999999998 0
      vertex 72.7 -15.599999999999998 5
      vertex 73.7 -15.599999999999998 5
    endloop
  endfacet
  facet normal 0 -1 0
    outer loop
      vertex 72.7 -13.999999999999996 0
      vertex 73.7 -13.999999999999996 0
      vertex 73.7 -13.999999999999996 5
    endloop
  endfacet
  facet normal 0 -1 0
    outer loop
      vertex 72.7 -13.999999999999996 0
      vertex 73.7 -13.999999999999996 5
      vertex 72.7 -13.999999999999996 5
    endloop
  endfacet
  facet normal 0 1 0
    outer loop
      vertex 73.7 -0.8 0
      vertex 72.7 -0.8 0
      vertex 72.7 -0.8 5
    endloop
  endfacet
  facet normal 0 1 0
    outer loop
      vertex 73.7 -0.8 0
      vertex 72.7 -0.8 5
      vertex 73.7 -0.8 5
    endloop
  endfacet
  facet normal 0 -1 0
    outer loop
      vertex 72.7 0.8 0
      vertex 73.7 0.8 0
      vertex 73.7 0.8 5
    endloop
  endfacet
  facet normal 0 -1 0
    outer loop
      vertex 72.7 0.8 0
      vertex 73.7 0.8 5
      vertex 72.7 0.8 5
    endloop
  endfacet
  facet normal 0 1 0
    outer loop
      vertex 73.7 13.999999999999996 0
      vertex 72.7 13.999999999999996 0
      vertex 72.7 13.999999999999996 5
    endloop
  endfacet
  facet normal 0 1 0
    outer loop
      vertex 73.7 13.999999999999996 0
      vertex 72.7 13.999999999999996 5
      vertex 73.7 13.999999999999996 5
    endloop
  endfacet
  facet normal 0 -1 0
    outer loop
      vertex 72.7 15.599999999999998 0
      vertex 73.7 15.599999999999998 0
      vertex 73.7 15.599999999999998 5
    endloop
  endfacet
  facet normal 0 -1 0
    outer loop
      vertex 72.7 15.599999999999998 0
      vertex 73.7 15.599999999999998 5
      vertex 72.7 15.599999999999998 5
    endloop
  endfacet
  facet normal 0 1 0
    outer loop
      vertex 73.7 28.799999999999994 0
      vertex 72.7 28.799999999999994 0
      vertex 72.7 28.799999999999994 5
    endloop
  endfacet
  facet normal 0 1 0
    outer loop
      vertex 73.7 28.799999999999994 0
      vertex 72.7 28.799999999999994 5
      vertex 73.7 28.799999999999994 5
    endloop
  endfacet
  facet normal 0 -1 0
    outer loop
      vertex 72.7 30.399999999999995 0
      vertex 73.7 30.399999999999995 0
      vertex 73.7 30.399999999999995 5
    endloop
  endfacet
  facet normal 0 -1 0
    outer loop
      vertex 72.7 30.399999999999995 0
      vertex 73.7 30.399999999999995 5
      vertex 72.7 30.399999999999995 5
    endloop
  endfacet
  facet normal 0 1 0
    outer loop
      vertex 73.7 43.60000000000001 0
      vertex 72.7 43.60000000000001 0
      vertex 72.7 43.60000000000001 5
    endloop
  endfacet
  facet normal 0 1 0
    outer loop
      vertex 73.7 43.60000000000001 0
      vertex 72.7 43.60000000000001 5
      vertex 73.7 43.60000000000001 5
    endloop
  endfacet
  facet normal 0 -1 0
    outer loop
      vertex 72.7 45.2 0
      vertex 73.7 45.2 0
      vertex 73.7 45.2 5
    endloop
  endfacet
  facet normal 0 -1 0
    outer loop
      vertex 72.7 45.2 0
      vertex 73.7 45.2 5
      vertex 72.7 45.2 5
    endloop
  endfacet
  facet normal 0 1 0
    outer loop
      vertex 73.7 58.40000000000002 0
      vertex 72.7 58.40000000000002 0
      vertex 72.7 58.40000000000002 5
    endloop
  endfacet
  facet normal 0 1 0
    outer loop
      vertex 73.7 58.40000000000002 0
      vertex 72.7 58.40000000000002 5
      vertex 73.7 58.40000000000002 5
    endloop
  endfacet
  facet normal 0 -1 0
    outer loop
      vertex 72.7 60.000000000000014 0
      vertex 73.7 60.000000000000014 0
      vertex 73.7 60.000000000000014 5
    endloop
  endfacet
  facet normal 0 -1 0
    outer loop
      vertex 72.7 60.000000000000014 0
      vertex 73.7 60.000000000000014 5
      vertex 72.7 60.000000000000014 5
    endloop
  endfacet
  facet normal 0 1 0
    outer loop
      vertex 73.7 73.7 0
      vertex 72.7 73.7 0
      vertex 72.7 73.7 5
    endloop
  endfacet
  facet normal 0 1 0
    outer loop
      vertex 73.7 73.7 0
      vertex 72.7 73.7 5
      vertex 73.7 73.7 5
    endloop
  endfacet
endsolid box
