  0
SECTION
  2
HEADER
  9
$ACADVER
  1
AC1014
  9
$ACADMAINTVER
 70
     9
  9
$DWGCODEPAGE
  3
ANSI_1252
  9
$INSBASE
 10
0.0
 20
0.0
 30
0.0
  9
$EXTMIN
 10
1.000000000000000E+20
 20
1.000000000000000E+20
 30
1.000000000000000E+20
  9
$EXTMAX
 10
-1.000000000000000E+20
 20
-1.000000000000000E+20
 30
-1.000000000000000E+20
  9
$LIMMIN
 10
0.0
 20
0.0
  9
$LIMMAX
 10
12.0
 20
9.0
  9
$ORTHOMODE
 70
     0
  9
$REGENMODE
 70
     1
  9
$FILLMODE
 70
     1
  9
$QTEXTMODE
 70
     0
  9
$MIRRTEXT
 70
     1
  9
$DRAGMODE
 70
     2
  9
$LTSCALE
 40
1.0
  9
$OSMODE
 70
    37
  9
$ATTMODE
 70
     1
  9
$TEXTSIZE
 40
0.2
  9
$TRACEWID
 40
0.05
  9
$TEXTSTYLE
  7
STANDARD
  9
$CLAYER
  8
0
  9
$CELTYPE
  6
BYLAYER
  9
$CECOLOR
 62
   256
  9
$CELTSCALE
 40
1.0
  9
$DELOBJ
 70
     1
  9
$DISPSILH
 70
     0
  9
$DIMSCALE
 40
1.0
  9
$DIMASZ
 40
0.18
  9
$DIMEXO
 40
0.0625
  9
$DIMDLI
 40
0.38
  9
$DIMRND
 40
0.0
  9
$DIMDLE
 40
0.0
  9
$DIMEXE
 40
0.18
  9
$DIMTP
 40
0.0
  9
$DIMTM
 40
0.0
  9
$DIMTXT
 40
0.18
  9
$DIMCEN
 40
0.09
  9
$DIMTSZ
 40
0.0
  9
$DIMTOL
 70
     0
  9
$DIMLIM
 70
     0
  9
$DIMTIH
 70
     1
  9
$DIMTOH
 70
     1
  9
$DIMSE1
 70
     0
  9
$DIMSE2
 70
     0
  9
$DIMTAD
 70
     0
  9
$DIMZIN
 70
     0
  9
$DIMBLK
  1

  9
$DIMASO
 70
     1
  9
$DIMSHO
 70
     1
  9
$DIMPOST
  1

  9
$DIMAPOST
  1

  9
$DIMALT
 70
     0
  9
$DIMALTD
 70
     2
  9
$DIMALTF
 40
25.4
  9
$DIMLFAC
 40
1.0
  9
$DIMTOFL
 70
     0
  9
$DIMTVP
 40
0.0
  9
$DIMTIX
 70
     0
  9
$DIMSOXD
 70
     0
  9
$DIMSAH
 70
     0
  9
$DIMBLK1
  1

  9
$DIMBLK2
  1

  9
$DIMSTYLE
  2
STANDARD
  9
$DIMCLRD
 70
     0
  9
$DIMCLRE
 70
     0
  9
$DIMCLRT
 70
     0
  9
$DIMTFAC
 40
1.0
  9
$DIMGAP
 40
0.09
  9
$DIMJUST
 70
     0
  9
$DIMSD1
 70
     0
  9
$DIMSD2
 70
     0
  9
$DIMTOLJ
 70
     1
  9
$DIMTZIN
 70
     0
  9
$DIMALTZ
 70
     0
  9
$DIMALTTZ
 70
     0
  9
$DIMFIT
 70
     3
  9
$DIMUPT
 70
     0
  9
$DIMUNIT
 70
     2
  9
$DIMDEC
 70
     4
  9
$DIMTDEC
 70
     4
  9
$DIMALTU
 70
     2
  9
$DIMALTTD
 70
     2
  9
$DIMTXSTY
  7
STANDARD
  9
$DIMAUNIT
 70
     0
  9
$LUNITS
 70
     2
  9
$LUPREC
 70
     4
  9
$SKETCHINC
 40
0.1
  9
$FILLETRAD
 40
0.5
  9
$AUNITS
 70
     0
  9
$AUPREC
 70
     0
  9
$MENU
  1
.
  9
$ELEVATION
 40
0.0
  9
$PELEVATION
 40
0.0
  9
$THICKNESS
 40
0.0
  9
$LIMCHECK
 70
     0
  9
$BLIPMODE
 70
     0
  9
$CHAMFERA
 40
0.5
  9
$CHAMFERB
 40
0.5
  9
$CHAMFERC
 40
1.0
  9
$CHAMFERD
 40
0.0
  9
$SKPOLY
 70
     0
  9
$TDCREATE
 40
2452964.734852014
  9
$TDUPDATE
 40
2452964.737807419
  9
$TDINDWG
 40
0.0029613194
  9
$TDUSRTIMER
 40
0.0029570255
  9
$USRTIMER
 70
     1
  9
$ANGBASE
 50
0.0
  9
$ANGDIR
 70
     0
  9
$PDMODE
 70
     0
  9
$PDSIZE
 40
0.0
  9
$PLINEWID
 40
0.0
  9
$COORDS
 70
     1
  9
$SPLFRAME
 70
     0
  9
$SPLINETYPE
 70
     6
  9
$SPLINESEGS
 70
     8
  9
$ATTDIA
 70
     0
  9
$ATTREQ
 70
     1
  9
$HANDLING
 70
  4097
  9
$HANDSEED
  5
52
  9
$SURFTAB1
 70
     6
  9
$SURFTAB2
 70
     6
  9
$SURFTYPE
 70
     6
  9
$SURFU
 70
     6
  9
$SURFV
 70
     6
  9
$UCSNAME
  2

  9
$UCSORG
 10
0.0
 20
0.0
 30
0.0
  9
$UCSXDIR
 10
1.0
 20
0.0
 30
0.0
  9
$UCSYDIR
 10
0.0
 20
1.0
 30
0.0
  9
$PUCSNAME
  2

  9
$PUCSORG
 10
0.0
 20
0.0
 30
0.0
  9
$PUCSXDIR
 10
1.0
 20
0.0
 30
0.0
  9
$PUCSYDIR
 10
0.0
 20
1.0
 30
0.0
  9
$USERI1
 70
     0
  9
$USERI2
 70
     0
  9
$USERI3
 70
     0
  9
$USERI4
 70
     0
  9
$USERI5
 70
     0
  9
$USERR1
 40
0.0
  9
$USERR2
 40
0.0
  9
$USERR3
 40
0.0
  9
$USERR4
 40
0.0
  9
$USERR5
 40
0.0
  9
$WORLDVIEW
 70
     1
  9
$SHADEDGE
 70
     3
  9
$SHADEDIF
 70
    70
  9
$TILEMODE
 70
     1
  9
$MAXACTVP
 70
    64
  9
$PINSBASE
 10
0.0
 20
0.0
 30
0.0
  9
$PLIMCHECK
 70
     0
  9
$PEXTMIN
 10
1.000000000000000E+20
 20
1.000000000000000E+20
 30
1.000000000000000E+20
  9
$PEXTMAX
 10
-1.000000000000000E+20
 20
-1.000000000000000E+20
 30
-1.000000000000000E+20
  9
$PLIMMIN
 10
0.0
 20
0.0
  9
$PLIMMAX
 10
12.0
 20
9.0
  9
$UNITMODE
 70
     0
  9
$VISRETAIN
 70
     1
  9
$PLINEGEN
 70
     0
  9
$PSLTSCALE
 70
     1
  9
$TREEDEPTH
 70
  3020
  9
$PICKSTYLE
 70
     1
  9
$CMLSTYLE
  2
STANDARD
  9
$CMLJUST
 70
     0
  9
$CMLSCALE
 40
1.0
  9
$PROXYGRAPHICS
 70
     1
  9
$MEASUREMENT
 70
     0
  0
ENDSEC
  0
SECTION
  2
CLASSES
  0
CLASS
  1
ACDBDICTIONARYWDFLT
  2
AcDbDictionaryWithDefault
  3
AutoCAD 2000
 90
        0
280
     0
281
     0
  0
CLASS
  1
ACDBPLACEHOLDER
  2
AcDbPlaceHolder
  3
AutoCAD 2000
 90
        0
280
     0
281
     0
  0
CLASS
  1
LAYOUT
  2
AcDbLayout
  3
AutoCAD 2000
 90
        0
280
     0
281
     0
  0
CLASS
  1
LONG_TRANSACTION
  2
AcDbLongTransaction
  3
AutoCAD 2000
 90
        0
280
     0
281
     0
  0
CLASS
  1
LWPOLYLINE
  2
AcDbPolyline
  3
AutoCAD 2000
 90
        0
280
     0
281
     1
  0
CLASS
  1
HATCH
  2
AcDbHatch
  3
AutoCAD 2000
 90
        0
280
     0
281
     1
  0
CLASS
  1
XRECORD
  2
AcDbXrecord
  3
AutoCAD 2000
 90
        0
280
     0
281
     0
  0
ENDSEC
  0
SECTION
  2
TABLES
  0
TABLE
  2
VPORT
  5
8
330
0
100
AcDbSymbolTable
 70
     3
  0
VPORT
  5
2B
330
8
100
AcDbSymbolTableRecord
100
AcDbViewportTableRecord
  2
*ACTIVE
 70
     0
 10
0.0
 20
0.0
 11
1.0
 21
1.0
 12
8.841614906832298
 22
4.5
 13
0.0
 23
0.0
 14
0.5
 24
0.5
 15
0.5
 25
0.5
 16
0.0
 26
0.0
 36
1.0
 17
0.0
 27
0.0
 37
0.0
 40
9.0
 41
1.964803312629399
 42
50.0
 43
0.0
 44
0.0
 50
0.0
 51
0.0
 71
     0
 72
   100
 73
     1
 74
     3
 75
     0
 76
     0
 77
     0
 78
     0
  0
ENDTAB
  0
TABLE
  2
LTYPE
  5
5
330
0
100
AcDbSymbolTable
 70
     1
  0
LTYPE
  5
14
330
5
100
AcDbSymbolTableRecord
100
AcDbLinetypeTableRecord
  2
BYBLOCK
 70
     0
  3

 72
    65
 73
     0
 40
0.0
  0
LTYPE
  5
15
330
5
100
AcDbSymbolTableRecord
100
AcDbLinetypeTableRecord
  2
BYLAYER
 70
     0
  3

 72
    65
 73
     0
 40
0.0
  0
LTYPE
  5
16
330
5
100
AcDbSymbolTableRecord
100
AcDbLinetypeTableRecord
  2
CONTINUOUS
 70
     0
  3
Solid line
 72
    65
 73
     0
 40
0.0
  0
ENDTAB
  0
TABLE
  2
LAYER
  5
2
330
0
100
AcDbSymbolTable
 70
     1
  0
LAYER
  5
10
330
2
100
AcDbSymbolTableRecord
100
AcDbLayerTableRecord
  2
0
 70
     0
 62
     7
  6
CONTINUOUS
  0
ENDTAB
  0
TABLE
  2
STYLE
  5
3
330
0
100
AcDbSymbolTable
 70
     1
  0
STYLE
  5
11
330
3
100
AcDbSymbolTableRecord
100
AcDbTextStyleTableRecord
  2
STANDARD
 70
     0
 40
0.0
 41
1.0
 50
0.0
 71
     0
 42
0.2
  3
txt
  4

  0
ENDTAB
  0
TABLE
  2
VIEW
  5
6
330
0
100
AcDbSymbolTable
 70
     0
  0
ENDTAB
  0
TABLE
  2
UCS
  5
7
330
0
100
AcDbSymbolTable
 70
     0
  0
ENDTAB
  0
TABLE
  2
APPID
  5
9
330
0
100
AcDbSymbolTable
 70
     1
  0
APPID
  5
12
330
9
100
AcDbSymbolTableRecord
100
AcDbRegAppTableRecord
  2
ACAD
 70
     0
  0
ENDTAB
  0
TABLE
  2
DIMSTYLE
  5
A
330
0
100
AcDbSymbolTable
 70
     1
  0
DIMSTYLE
105
27
330
A
100
AcDbSymbolTableRecord
100
AcDbDimStyleTableRecord
  2
STANDARD
 70
     0
  3

  4

  5

  6

  7

 40
1.0
 41
0.18
 42
0.0625
 43
0.38
 44
0.18
 45
0.0
 46
0.0
 47
0.0
 48
0.0
140
0.18
141
0.09
142
0.0
143
25.4
144
1.0
145
0.0
146
1.0
147
0.09
 71
     0
 72
     0
 73
     1
 74
     1
 75
     0
 76
     0
 77
     0
 78
     0
170
     0
171
     2
172
     0
173
     0
174
     0
175
     0
176
     0
177
     0
178
     0
270
     2
271
     4
272
     4
273
     2
274
     2
340
11
275
     0
280
     0
281
     0
282
     0
283
     1
284
     0
285
     0
286
     0
287
     3
288
     0
  0
ENDTAB
  0
TABLE
  2
BLOCK_RECORD
  5
1
330
0
100
AcDbSymbolTable
 70
     1
  0
BLOCK_RECORD
  5
1F
102
{ACAD_XDICTIONARY
360
4E
102
}
330
1
100
AcDbSymbolTableRecord
100
AcDbBlockTableRecord
  2
*MODEL_SPACE
  0
BLOCK_RECORD
  5
1B
102
{ACAD_XDICTIONARY
360
4C
102
}
330
1
100
AcDbSymbolTableRecord
100
AcDbBlockTableRecord
  2
*PAPER_SPACE
  0
ENDTAB
  0
ENDSEC
  0
SECTION
  2
BLOCKS
  0
BLOCK
  5
20
330
1F
100
AcDbEntity
  8
0
100
AcDbBlockBegin
  2
*MODEL_SPACE
 70
     0
 10
0.0
 20
0.0
 30
0.0
  3
*MODEL_SPACE
  1

  0
ENDBLK
  5
21
330
1F
100
AcDbEntity
  8
0
100
AcDbBlockEnd
  0
BLOCK
  5
1C
330
1B
100
AcDbEntity
 67
     1
  8
0
100
AcDbBlockBegin
  2
*PAPER_SPACE
 70
     0
 10
0.0
 20
0.0
 30
0.0
  3
*PAPER_SPACE
  1

  0
ENDBLK
  5
1D
330
1B
100
AcDbEntity
 67
     1
  8
0
100
AcDbBlockEnd
  0
ENDSEC
  0
SECTION
  2
ENTITIES
0
LWPOLYLINE
5
1000
100
AcDbEntity
8
0
100
AcDbPolyline
90
4
70
0
43
0.000000
10
164.260000
20
58.850000
42
1.000000
10
167.460000
20
58.850000
10
167.460000
20
58.850000
42
1.000000
10
164.260000
20
58.850000
0
LWPOLYLINE
5
1001
100
AcDbEntity
8
0
100
AcDbPolyline
90
4
70
0
43
0.000000
10
65.880000
20
58.850000
42
1.000000
10
69.080000
20
58.850000
10
69.080000
20
58.850000
42
1.000000
10
65.880000
20
58.850000
0
LWPOLYLINE
5
1002
100
AcDbEntity
8
0
100
AcDbPolyline
90
16
70
0
43
0.000000
10
130.090000
20
29.050000
42
0.420120
10
129.940000
20
29.210000
10
129.940000
20
29.210000
10
129.630000
20
29.210000
10
129.630000
20
29.210000
42
0.427350
10
129.470000
20
29.050000
10
129.470000
20
29.050000
10
129.470000
20
28.630000
10
129.470000
20
28.630000
42
0.419771
10
129.630000
20
28.470000
10
129.630000
20
28.470000
10
129.940000
20
28.470000
10
129.940000
20
28.470000
42
0.412624
10
130.090000
20
28.630000
10
130.090000
20
28.630000
10
130.090000
20
29.050000
0
LWPOLYLINE
5
1003
100
AcDbEntity
8
0
100
AcDbPolyline
90
16
70
0
43
0.000000
10
129.120000
20
29.030000
42
0.420153
10
128.960000
20
29.180000
10
128.960000
20
29.180000
10
128.540000
20
29.180000
10
128.540000
20
29.180000
42
0.416377
10
128.380000
20
29.030000
10
128.380000
20
29.030000
10
128.380000
20
28.720000
10
128.380000
20
28.720000
42
0.419784
10
128.540000
20
28.560000
10
128.540000
20
28.560000
10
128.960000
20
28.560000
10
128.960000
20
28.560000
42
0.423520
10
129.120000
20
28.720000
10
129.120000
20
28.720000
10
129.120000
20
29.030000
0
LWPOLYLINE
5
1004
100
AcDbEntity
8
0
100
AcDbPolyline
90
16
70
0
43
0.000000
10
127.980000
20
29.030000
42
0.410331
10
127.830000
20
29.180000
10
127.830000
20
29.180000
10
127.400000
20
29.180000
10
127.400000
20
29.180000
42
0.406484
10
127.250000
20
29.030000
10
127.250000
20
29.030000
10
127.250000
20
28.720000
10
127.250000
20
28.720000
42
0.410718
10
127.400000
20
28.560000
10
127.400000
20
28.560000
10
127.830000
20
28.560000
10
127.830000
20
28.560000
42
0.414529
10
127.980000
20
28.720000
10
127.980000
20
28.720000
10
127.980000
20
29.030000
0
LWPOLYLINE
5
1005
100
AcDbEntity
8
0
100
AcDbPolyline
90
16
70
0
43
0.000000
10
133.840000
20
28.880000
42
0.410753
10
133.690000
20
29.040000
10
133.690000
20
29.040000
10
133.380000
20
29.040000
10
133.380000
20
29.040000
42
0.417899
10
133.220000
20
28.880000
10
133.220000
20
28.880000
10
133.220000
20
28.450000
10
133.220000
20
28.450000
42
0.410659
10
133.380000
20
28.300000
10
133.380000
20
28.300000
10
133.690000
20
28.300000
10
133.690000
20
28.300000
42
0.402756
10
133.840000
20
28.450000
10
133.840000
20
28.450000
10
133.840000
20
28.880000
0
LWPOLYLINE
5
1006
100
AcDbEntity
8
0
100
AcDbPolyline
90
16
70
0
43
0.000000
10
132.920000
20
28.880000
42
0.419743
10
132.760000
20
29.040000
10
132.760000
20
29.040000
10
132.450000
20
29.040000
10
132.450000
20
29.040000
42
0.408891
10
132.300000
20
28.880000
10
132.300000
20
28.880000
10
132.300000
20
28.450000
10
132.300000
20
28.450000
42
0.400919
10
132.450000
20
28.300000
10
132.450000
20
28.300000
10
132.760000
20
28.300000
10
132.760000
20
28.300000
42
0.412480
10
132.920000
20
28.450000
10
132.920000
20
28.450000
10
132.920000
20
28.880000
0
LWPOLYLINE
5
1007
100
AcDbEntity
8
0
100
AcDbPolyline
90
16
70
0
43
0.000000
10
131.970000
20
28.880000
42
0.419761
10
131.810000
20
29.040000
10
131.810000
20
29.040000
10
131.500000
20
29.040000
10
131.500000
20
29.040000
42
0.408891
10
131.350000
20
28.880000
10
131.350000
20
28.880000
10
131.350000
20
28.450000
10
131.350000
20
28.450000
42
0.400919
10
131.500000
20
28.300000
10
131.500000
20
28.300000
10
131.810000
20
28.300000
10
131.810000
20
28.300000
42
0.412498
10
131.970000
20
28.450000
10
131.970000
20
28.450000
10
131.970000
20
28.880000
0
LWPOLYLINE
5
1008
100
AcDbEntity
8
0
100
AcDbPolyline
90
16
70
0
43
0.000000
10
131.020000
20
28.880000
42
0.419743
10
130.860000
20
29.040000
10
130.860000
20
29.040000
10
130.550000
20
29.040000
10
130.550000
20
29.040000
42
0.408909
10
130.400000
20
28.880000
10
130.400000
20
28.880000
10
130.400000
20
28.450000
10
130.400000
20
28.450000
42
0.400937
10
130.550000
20
28.300000
10
130.550000
20
28.300000
10
130.860000
20
28.300000
10
130.860000
20
28.300000
42
0.412480
10
131.020000
20
28.450000
10
131.020000
20
28.450000
10
131.020000
20
28.880000
0
LWPOLYLINE
5
1009
100
AcDbEntity
8
0
100
AcDbPolyline
90
16
70
0
43
0.000000
10
136.040000
20
28.830000
42
0.410336
10
135.890000
20
28.980000
10
135.890000
20
28.980000
10
135.460000
20
28.980000
10
135.460000
20
28.980000
42
0.406526
10
135.310000
20
28.830000
10
135.310000
20
28.830000
10
135.310000
20
28.520000
10
135.310000
20
28.520000
42
0.410714
10
135.460000
20
28.360000
10
135.460000
20
28.360000
10
135.890000
20
28.360000
10
135.890000
20
28.360000
42
0.414488
10
136.040000
20
28.520000
10
136.040000
20
28.520000
10
136.040000
20
28.830000
0
LWPOLYLINE
5
1010
100
AcDbEntity
8
0
100
AcDbPolyline
90
16
70
0
43
0.000000
10
134.910000
20
28.830000
42
0.420195
10
134.750000
20
28.980000
10
134.750000
20
28.980000
10
134.330000
20
28.980000
10
134.330000
20
28.980000
42
0.416419
10
134.170000
20
28.830000
10
134.170000
20
28.830000
10
134.170000
20
28.520000
10
134.170000
20
28.520000
42
0.419780
10
134.330000
20
28.360000
10
134.330000
20
28.360000
10
134.750000
20
28.360000
10
134.750000
20
28.360000
42
0.423515
10
134.910000
20
28.520000
10
134.910000
20
28.520000
10
134.910000
20
28.830000
0
LWPOLYLINE
5
1011
100
AcDbEntity
8
0
100
AcDbPolyline
90
16
70
0
43
0.000000
10
130.090000
20
27.920000
42
0.410758
10
129.940000
20
28.080000
10
129.940000
20
28.080000
10
129.630000
20
28.080000
10
129.630000
20
28.080000
42
0.417885
10
129.470000
20
27.920000
10
129.470000
20
27.920000
10
129.470000
20
27.490000
10
129.470000
20
27.490000
42
0.410673
10
129.630000
20
27.340000
10
129.630000
20
27.340000
10
129.940000
20
27.340000
10
129.940000
20
27.340000
42
0.402788
10
130.090000
20
27.490000
10
130.090000
20
27.490000
10
130.090000
20
27.920000
0
LWPOLYLINE
5
1012
100
AcDbEntity
8
0
100
AcDbPolyline
90
16
70
0
43
0.000000
10
127.920000
20
27.870000
42
0.420181
10
127.760000
20
28.020000
10
127.760000
20
28.020000
10
127.340000
20
28.020000
10
127.340000
20
28.020000
42
0.416368
10
127.180000
20
27.870000
10
127.180000
20
27.870000
10
127.180000
20
27.560000
10
127.180000
20
27.560000
42
0.419757
10
127.340000
20
27.400000
10
127.340000
20
27.400000
10
127.760000
20
27.400000
10
127.760000
20
27.400000
42
0.423529
10
127.920000
20
27.560000
10
127.920000
20
27.560000
10
127.920000
20
27.870000
0
LWPOLYLINE
5
1013
100
AcDbEntity
8
0
100
AcDbPolyline
90
16
70
0
43
0.000000
10
126.780000
20
27.870000
42
0.410322
10
126.630000
20
28.020000
10
126.630000
20
28.020000
10
126.200000
20
28.020000
10
126.200000
20
28.020000
42
0.406512
10
126.050000
20
27.870000
10
126.050000
20
27.870000
10
126.050000
20
27.560000
10
126.050000
20
27.560000
42
0.410727
10
126.200000
20
27.400000
10
126.200000
20
27.400000
10
126.630000
20
27.400000
10
126.630000
20
27.400000
42
0.414501
10
126.780000
20
27.560000
10
126.780000
20
27.560000
10
126.780000
20
27.870000
0
LWPOLYLINE
5
1014
100
AcDbEntity
8
0
100
AcDbPolyline
90
16
70
0
43
0.000000
10
133.840000
20
27.740000
42
0.420086
10
133.690000
20
27.900000
10
133.690000
20
27.900000
10
133.380000
20
27.900000
10
133.380000
20
27.900000
42
0.427336
10
133.220000
20
27.740000
10
133.220000
20
27.740000
10
133.220000
20
27.320000
10
133.220000
20
27.320000
42
0.419780
10
133.380000
20
27.160000
10
133.380000
20
27.160000
10
133.690000
20
27.160000
10
133.690000
20
27.160000
42
0.412614
10
133.840000
20
27.320000
10
133.840000
20
27.320000
10
133.840000
20
27.740000
0
LWPOLYLINE
5
1015
100
AcDbEntity
8
0
100
AcDbPolyline
90
16
70
0
43
0.000000
10
132.920000
20
27.740000
42
0.429281
10
132.760000
20
27.900000
10
132.760000
20
27.900000
10
132.450000
20
27.900000
10
132.450000
20
27.900000
42
0.418121
10
132.300000
20
27.740000
10
132.300000
20
27.740000
10
132.300000
20
27.320000
10
132.300000
20
27.320000
42
0.410732
10
132.450000
20
27.160000
10
132.450000
20
27.160000
10
132.760000
20
27.160000
10
132.760000
20
27.160000
42
0.421643
10
132.920000
20
27.320000
10
132.920000
20
27.320000
10
132.920000
20
27.740000
0
LWPOLYLINE
5
1016
100
AcDbEntity
8
0
100
AcDbPolyline
90
16
70
0
43
0.000000
10
131.970000
20
27.740000
42
0.429300
10
131.810000
20
27.900000
10
131.810000
20
27.900000
10
131.500000
20
27.900000
10
131.500000
20
27.900000
42
0.418121
10
131.350000
20
27.740000
10
131.350000
20
27.740000
10
131.350000
20
27.320000
10
131.350000
20
27.320000
42
0.410732
10
131.500000
20
27.160000
10
131.500000
20
27.160000
10
131.810000
20
27.160000
10
131.810000
20
27.160000
42
0.421662
10
131.970000
20
27.320000
10
131.970000
20
27.320000
10
131.970000
20
27.740000
0
LWPOLYLINE
5
1017
100
AcDbEntity
8
0
100
AcDbPolyline
90
16
70
0
43
0.000000
10
131.020000
20
27.740000
42
0.429281
10
130.860000
20
27.900000
10
130.860000
20
27.900000
10
130.550000
20
27.900000
10
130.550000
20
27.900000
42
0.418140
10
130.400000
20
27.740000
10
130.400000
20
27.740000
10
130.400000
20
27.320000
10
130.400000
20
27.320000
42
0.410750
10
130.550000
20
27.160000
10
130.550000
20
27.160000
10
130.860000
20
27.160000
10
130.860000
20
27.160000
42
0.421643
10
131.020000
20
27.320000
10
131.020000
20
27.320000
10
131.020000
20
27.740000
0
LWPOLYLINE
5
1018
100
AcDbEntity
8
0
100
AcDbPolyline
90
16
70
0
43
0.000000
10
129.120000
20
26.880000
42
0.420158
10
128.960000
20
27.030000
10
128.960000
20
27.030000
10
128.540000
20
27.030000
10
128.540000
20
27.030000
42
0.416382
10
128.380000
20
26.880000
10
128.380000
20
26.880000
10
128.380000
20
26.570000
10
128.380000
20
26.570000
42
0.419780
10
128.540000
20
26.410000
10
128.540000
20
26.410000
10
128.960000
20
26.410000
10
128.960000
20
26.410000
42
0.423515
10
129.120000
20
26.570000
10
129.120000
20
26.570000
10
129.120000
20
26.880000
0
LWPOLYLINE
5
1019
100
AcDbEntity
8
0
100
AcDbPolyline
90
16
70
0
43
0.000000
10
127.980000
20
26.880000
42
0.410336
10
127.830000
20
27.030000
10
127.830000
20
27.030000
10
127.400000
20
27.030000
10
127.400000
20
27.030000
42
0.406489
10
127.250000
20
26.880000
10
127.250000
20
26.880000
10
127.250000
20
26.570000
10
127.250000
20
26.570000
42
0.410713
10
127.400000
20
26.410000
10
127.400000
20
26.410000
10
127.830000
20
26.410000
10
127.830000
20
26.410000
42
0.414525
10
127.980000
20
26.570000
10
127.980000
20
26.570000
10
127.980000
20
26.880000
0
LWPOLYLINE
5
1020
100
AcDbEntity
8
0
100
AcDbPolyline
90
16
70
0
43
0.000000
10
136.020000
20
26.800000
42
0.429312
10
135.860000
20
26.960000
10
135.860000
20
26.960000
10
135.440000
20
26.960000
10
135.440000
20
26.960000
42
0.425436
10
135.280000
20
26.800000
10
135.280000
20
26.800000
10
135.280000
20
26.490000
10
135.280000
20
26.490000
42
0.410668
10
135.440000
20
26.340000
10
135.440000
20
26.340000
10
135.860000
20
26.340000
10
135.860000
20
26.340000
42
0.414337
10
136.020000
20
26.490000
10
136.020000
20
26.490000
10
136.020000
20
26.800000
0
LWPOLYLINE
5
1021
100
AcDbEntity
8
0
100
AcDbPolyline
90
16
70
0
43
0.000000
10
134.880000
20
26.800000
42
0.420162
10
134.730000
20
26.960000
10
134.730000
20
26.960000
10
134.300000
20
26.960000
10
134.300000
20
26.960000
42
0.416244
10
134.150000
20
26.800000
10
134.150000
20
26.800000
10
134.150000
20
26.490000
10
134.150000
20
26.490000
42
0.400910
10
134.300000
20
26.340000
10
134.300000
20
26.340000
10
134.730000
20
26.340000
10
134.730000
20
26.340000
42
0.404611
10
134.880000
20
26.490000
10
134.880000
20
26.490000
10
134.880000
20
26.800000
0
LWPOLYLINE
5
1022
100
AcDbEntity
8
0
100
AcDbPolyline
90
16
70
0
43
0.000000
10
129.120000
20
25.900000
42
0.420177
10
128.960000
20
26.050000
10
128.960000
20
26.050000
10
128.540000
20
26.050000
10
128.540000
20
26.050000
42
0.416401
10
128.380000
20
25.900000
10
128.380000
20
25.900000
10
128.380000
20
25.590000
10
128.380000
20
25.590000
42
0.419761
10
128.540000
20
25.430000
10
128.540000
20
25.430000
10
128.960000
20
25.430000
10
128.960000
20
25.430000
42
0.423497
10
129.120000
20
25.590000
10
129.120000
20
25.590000
10
129.120000
20
25.900000
0
LWPOLYLINE
5
1023
100
AcDbEntity
8
0
100
AcDbPolyline
90
16
70
0
43
0.000000
10
127.980000
20
25.900000
42
0.410355
10
127.830000
20
26.050000
10
127.830000
20
26.050000
10
127.400000
20
26.050000
10
127.400000
20
26.050000
42
0.406507
10
127.250000
20
25.900000
10
127.250000
20
25.900000
10
127.250000
20
25.590000
10
127.250000
20
25.590000
42
0.410695
10
127.400000
20
25.430000
10
127.400000
20
25.430000
10
127.830000
20
25.430000
10
127.830000
20
25.430000
42
0.414506
10
127.980000
20
25.590000
10
127.980000
20
25.590000
10
127.980000
20
25.900000
0
LWPOLYLINE
5
1024
100
AcDbEntity
8
0
100
AcDbPolyline
90
16
70
0
43
0.000000
10
136.020000
20
25.830000
42
0.420186
10
135.860000
20
25.980000
10
135.860000
20
25.980000
10
135.440000
20
25.980000
10
135.440000
20
25.980000
42
0.416391
10
135.280000
20
25.830000
10
135.280000
20
25.830000
10
135.280000
20
25.520000
10
135.280000
20
25.520000
42
0.419771
10
135.440000
20
25.360000
10
135.440000
20
25.360000
10
135.860000
20
25.360000
10
135.860000
20
25.360000
42
0.423524
10
136.020000
20
25.520000
10
136.020000
20
25.520000
10
136.020000
20
25.830000
0
LWPOLYLINE
5
1025
100
AcDbEntity
8
0
100
AcDbPolyline
90
16
70
0
43
0.000000
10
134.880000
20
25.830000
42
0.410326
10
134.730000
20
25.980000
10
134.730000
20
25.980000
10
134.300000
20
25.980000
10
134.300000
20
25.980000
42
0.406498
10
134.150000
20
25.830000
10
134.150000
20
25.830000
10
134.150000
20
25.520000
10
134.150000
20
25.520000
42
0.410704
10
134.300000
20
25.360000
10
134.300000
20
25.360000
10
134.730000
20
25.360000
10
134.730000
20
25.360000
42
0.414497
10
134.880000
20
25.520000
10
134.880000
20
25.520000
10
134.880000
20
25.830000
0
LWPOLYLINE
5
1026
100
AcDbEntity
8
0
100
AcDbPolyline
90
16
70
0
43
0.000000
10
129.120000
20
24.910000
42
0.420172
10
128.960000
20
25.060000
10
128.960000
20
25.060000
10
128.540000
20
25.060000
10
128.540000
20
25.060000
42
0.416396
10
128.380000
20
24.910000
10
128.380000
20
24.910000
10
128.380000
20
24.600000
10
128.380000
20
24.600000
42
0.419766
10
128.540000
20
24.440000
10
128.540000
20
24.440000
10
128.960000
20
24.440000
10
128.960000
20
24.440000
42
0.423501
10
129.120000
20
24.600000
10
129.120000
20
24.600000
10
129.120000
20
24.910000
0
LWPOLYLINE
5
1027
100
AcDbEntity
8
0
100
AcDbPolyline
90
16
70
0
43
0.000000
10
127.980000
20
24.910000
42
0.410350
10
127.830000
20
25.060000
10
127.830000
20
25.060000
10
127.400000
20
25.060000
10
127.400000
20
25.060000
42
0.406502
10
127.250000
20
24.910000
10
127.250000
20
24.910000
10
127.250000
20
24.600000
10
127.250000
20
24.600000
42
0.410700
10
127.400000
20
24.440000
10
127.400000
20
24.440000
10
127.830000
20
24.440000
10
127.830000
20
24.440000
42
0.414511
10
127.980000
20
24.600000
10
127.980000
20
24.600000
10
127.980000
20
24.910000
0
LWPOLYLINE
5
1028
100
AcDbEntity
8
0
100
AcDbPolyline
90
16
70
0
43
0.000000
10
136.020000
20
24.850000
42
0.429322
10
135.860000
20
25.010000
10
135.860000
20
25.010000
10
135.440000
20
25.010000
10
135.440000
20
25.010000
42
0.425445
10
135.280000
20
24.850000
10
135.280000
20
24.850000
10
135.280000
20
24.540000
10
135.280000
20
24.540000
42
0.410659
10
135.440000
20
24.390000
10
135.440000
20
24.390000
10
135.860000
20
24.390000
10
135.860000
20
24.390000
42
0.414328
10
136.020000
20
24.540000
10
136.020000
20
24.540000
10
136.020000
20
24.850000
0
LWPOLYLINE
5
1029
100
AcDbEntity
8
0
100
AcDbPolyline
90
16
70
0
43
0.000000
10
134.880000
20
24.850000
42
0.420172
10
134.730000
20
25.010000
10
134.730000
20
25.010000
10
134.300000
20
25.010000
10
134.300000
20
25.010000
42
0.416253
10
134.150000
20
24.850000
10
134.150000
20
24.850000
10
134.150000
20
24.540000
10
134.150000
20
24.540000
42
0.400901
10
134.300000
20
24.390000
10
134.300000
20
24.390000
10
134.730000
20
24.390000
10
134.730000
20
24.390000
42
0.404602
10
134.880000
20
24.540000
10
134.880000
20
24.540000
10
134.880000
20
24.850000
0
LWPOLYLINE
5
1030
100
AcDbEntity
8
0
100
AcDbPolyline
90
16
70
0
43
0.000000
10
129.120000
20
23.930000
42
0.420162
10
128.960000
20
24.080000
10
128.960000
20
24.080000
10
128.540000
20
24.080000
10
128.540000
20
24.080000
42
0.416387
10
128.380000
20
23.930000
10
128.380000
20
23.930000
10
128.380000
20
23.620000
10
128.380000
20
23.620000
42
0.419775
10
128.540000
20
23.460000
10
128.540000
20
23.460000
10
128.960000
20
23.460000
10
128.960000
20
23.460000
42
0.423511
10
129.120000
20
23.620000
10
129.120000
20
23.620000
10
129.120000
20
23.930000
0
LWPOLYLINE
5
1031
100
AcDbEntity
8
0
100
AcDbPolyline
90
16
70
0
43
0.000000
10
127.980000
20
23.930000
42
0.410340
10
127.830000
20
24.080000
10
127.830000
20
24.080000
10
127.400000
20
24.080000
10
127.400000
20
24.080000
42
0.406493
10
127.250000
20
23.930000
10
127.250000
20
23.930000
10
127.250000
20
23.620000
10
127.250000
20
23.620000
42
0.410709
10
127.400000
20
23.460000
10
127.400000
20
23.460000
10
127.830000
20
23.460000
10
127.830000
20
23.460000
42
0.414520
10
127.980000
20
23.620000
10
127.980000
20
23.620000
10
127.980000
20
23.930000
0
LWPOLYLINE
5
1032
100
AcDbEntity
8
0
100
AcDbPolyline
90
16
70
0
43
0.000000
10
136.020000
20
23.880000
42
0.420195
10
135.860000
20
24.030000
10
135.860000
20
24.030000
10
135.440000
20
24.030000
10
135.440000
20
24.030000
42
0.416401
10
135.280000
20
23.880000
10
135.280000
20
23.880000
10
135.280000
20
23.570000
10
135.280000
20
23.570000
42
0.419761
10
135.440000
20
23.410000
10
135.440000
20
23.410000
10
135.860000
20
23.410000
10
135.860000
20
23.410000
42
0.423515
10
136.020000
20
23.570000
10
136.020000
20
23.570000
10
136.020000
20
23.880000
0
LWPOLYLINE
5
1033
100
AcDbEntity
8
0
100
AcDbPolyline
90
16
70
0
43
0.000000
10
134.880000
20
23.880000
42
0.410336
10
134.730000
20
24.030000
10
134.730000
20
24.030000
10
134.300000
20
24.030000
10
134.300000
20
24.030000
42
0.406507
10
134.150000
20
23.880000
10
134.150000
20
23.880000
10
134.150000
20
23.570000
10
134.150000
20
23.570000
42
0.410695
10
134.300000
20
23.410000
10
134.300000
20
23.410000
10
134.730000
20
23.410000
10
134.730000
20
23.410000
42
0.414488
10
134.880000
20
23.570000
10
134.880000
20
23.570000
10
134.880000
20
23.880000
0
LWPOLYLINE
5
1034
100
AcDbEntity
8
0
100
AcDbPolyline
90
16
70
0
43
0.000000
10
129.120000
20
22.930000
42
0.420158
10
128.960000
20
23.080000
10
128.960000
20
23.080000
10
128.540000
20
23.080000
10
128.540000
20
23.080000
42
0.416382
10
128.380000
20
22.930000
10
128.380000
20
22.930000
10
128.380000
20
22.620000
10
128.380000
20
22.620000
42
0.419780
10
128.540000
20
22.460000
10
128.540000
20
22.460000
10
128.960000
20
22.460000
10
128.960000
20
22.460000
42
0.423515
10
129.120000
20
22.620000
10
129.120000
20
22.620000
10
129.120000
20
22.930000
0
LWPOLYLINE
5
1035
100
AcDbEntity
8
0
100
AcDbPolyline
90
16
70
0
43
0.000000
10
127.980000
20
22.930000
42
0.410336
10
127.830000
20
23.080000
10
127.830000
20
23.080000
10
127.400000
20
23.080000
10
127.400000
20
23.080000
42
0.406489
10
127.250000
20
22.930000
10
127.250000
20
22.930000
10
127.250000
20
22.620000
10
127.250000
20
22.620000
42
0.410713
10
127.400000
20
22.460000
10
127.400000
20
22.460000
10
127.830000
20
22.460000
10
127.830000
20
22.460000
42
0.414525
10
127.980000
20
22.620000
10
127.980000
20
22.620000
10
127.980000
20
22.930000
0
LWPOLYLINE
5
1036
100
AcDbEntity
8
0
100
AcDbPolyline
90
16
70
0
43
0.000000
10
136.020000
20
22.890000
42
0.418256
10
135.870000
20
23.050000
10
135.870000
20
23.050000
10
135.440000
20
23.050000
10
135.440000
20
23.050000
42
0.414400
10
135.290000
20
22.890000
10
135.290000
20
22.890000
10
135.290000
20
22.580000
10
135.290000
20
22.580000
42
0.402791
10
135.440000
20
22.430000
10
135.440000
20
22.430000
10
135.870000
20
22.430000
10
135.870000
20
22.430000
42
0.406517
10
136.020000
20
22.580000
10
136.020000
20
22.580000
10
136.020000
20
22.890000
0
LWPOLYLINE
5
1037
100
AcDbEntity
8
0
100
AcDbPolyline
90
16
70
0
43
0.000000
10
134.890000
20
22.890000
42
0.427365
10
134.730000
20
23.050000
10
134.730000
20
23.050000
10
134.310000
20
23.050000
10
134.310000
20
23.050000
42
0.423530
10
134.150000
20
22.890000
10
134.150000
20
22.890000
10
134.150000
20
22.580000
10
134.150000
20
22.580000
42
0.412576
10
134.310000
20
22.430000
10
134.310000
20
22.430000
10
134.730000
20
22.430000
10
134.730000
20
22.430000
42
0.416286
10
134.890000
20
22.580000
10
134.890000
20
22.580000
10
134.890000
20
22.890000
0
LWPOLYLINE
5
1038
100
AcDbEntity
8
0
100
AcDbPolyline
90
16
70
0
43
0.000000
10
129.120000
20
21.930000
42
0.420153
10
128.960000
20
22.080000
10
128.960000
20
22.080000
10
128.540000
20
22.080000
10
128.540000
20
22.080000
42
0.416377
10
128.380000
20
21.930000
10
128.380000
20
21.930000
10
128.380000
20
21.620000
10
128.380000
20
21.620000
42
0.419784
10
128.540000
20
21.460000
10
128.540000
20
21.460000
10
128.960000
20
21.460000
10
128.960000
20
21.460000
42
0.423520
10
129.120000
20
21.620000
10
129.120000
20
21.620000
10
129.120000
20
21.930000
0
LWPOLYLINE
5
1039
100
AcDbEntity
8
0
100
AcDbPolyline
90
16
70
0
43
0.000000
10
127.980000
20
21.930000
42
0.410331
10
127.830000
20
22.080000
10
127.830000
20
22.080000
10
127.400000
20
22.080000
10
127.400000
20
22.080000
42
0.406484
10
127.250000
20
21.930000
10
127.250000
20
21.930000
10
127.250000
20
21.620000
10
127.250000
20
21.620000
42
0.410718
10
127.400000
20
21.460000
10
127.400000
20
21.460000
10
127.830000
20
21.460000
10
127.830000
20
21.460000
42
0.414529
10
127.980000
20
21.620000
10
127.980000
20
21.620000
10
127.980000
20
21.930000
0
LWPOLYLINE
5
1040
100
AcDbEntity
8
0
100
AcDbPolyline
90
16
70
0
43
0.000000
10
136.020000
20
21.910000
42
0.431269
10
135.860000
20
22.070000
10
135.860000
20
22.070000
10
135.440000
20
22.070000
10
135.440000
20
22.070000
42
0.427350
10
135.280000
20
21.910000
10
135.280000
20
21.910000
10
135.280000
20
21.600000
10
135.280000
20
21.600000
42
0.408770
10
135.440000
20
21.450000
10
135.440000
20
21.450000
10
135.860000
20
21.450000
10
135.860000
20
21.450000
42
0.412398
10
136.020000
20
21.600000
10
136.020000
20
21.600000
10
136.020000
20
21.910000
0
LWPOLYLINE
5
1041
100
AcDbEntity
8
0
100
AcDbPolyline
90
16
70
0
43
0.000000
10
134.880000
20
21.910000
42
0.422076
10
134.730000
20
22.070000
10
134.730000
20
22.070000
10
134.300000
20
22.070000
10
134.300000
20
22.070000
42
0.418115
10
134.150000
20
21.910000
10
134.150000
20
21.910000
10
134.150000
20
21.600000
10
134.150000
20
21.600000
42
0.399056
10
134.300000
20
21.450000
10
134.300000
20
21.450000
10
134.730000
20
21.450000
10
134.730000
20
21.450000
42
0.402715
10
134.880000
20
21.600000
10
134.880000
20
21.600000
10
134.880000
20
21.910000
0
LWPOLYLINE
5
1042
100
AcDbEntity
8
0
100
AcDbPolyline
90
16
70
0
43
0.000000
10
130.430000
20
20.770000
42
0.420129
10
130.280000
20
20.930000
10
130.280000
20
20.930000
10
129.970000
20
20.930000
10
129.970000
20
20.930000
42
0.427360
10
129.810000
20
20.770000
10
129.810000
20
20.770000
10
129.810000
20
20.350000
10
129.810000
20
20.350000
42
0.419759
10
129.970000
20
20.190000
10
129.970000
20
20.190000
10
130.280000
20
20.190000
10
130.280000
20
20.190000
42
0.412612
10
130.430000
20
20.350000
10
130.430000
20
20.350000
10
130.430000
20
20.770000
0
LWPOLYLINE
5
1043
100
AcDbEntity
8
0
100
AcDbPolyline
90
16
70
0
43
0.000000
10
132.410000
20
20.770000
42
0.414456
10
132.260000
20
20.930000
10
132.260000
20
20.930000
10
131.950000
20
20.930000
10
131.950000
20
20.930000
42
0.421641
10
131.790000
20
20.770000
10
131.790000
20
20.770000
10
131.790000
20
20.350000
10
131.790000
20
20.350000
42
0.425452
10
131.950000
20
20.190000
10
131.950000
20
20.190000
10
132.260000
20
20.190000
10
132.260000
20
20.190000
42
0.418224
10
132.410000
20
20.350000
10
132.410000
20
20.350000
10
132.410000
20
20.770000
0
LWPOLYLINE
5
1044
100
AcDbEntity
8
0
100
AcDbPolyline
90
16
70
0
43
0.000000
10
131.410000
20
20.770000
42
0.414456
10
131.260000
20
20.930000
10
131.260000
20
20.930000
10
130.950000
20
20.930000
10
130.950000
20
20.930000
42
0.421660
10
130.790000
20
20.770000
10
130.790000
20
20.770000
10
130.790000
20
20.350000
10
130.790000
20
20.350000
42
0.425471
10
130.950000
20
20.190000
10
130.950000
20
20.190000
10
131.260000
20
20.190000
10
131.260000
20
20.190000
42
0.418224
10
131.410000
20
20.350000
10
131.410000
20
20.350000
10
131.410000
20
20.770000
0
LWPOLYLINE
5
1045
100
AcDbEntity
8
0
100
AcDbPolyline
90
16
70
0
43
0.000000
10
130.430000
20
19.640000
42
0.410767
10
130.280000
20
19.800000
10
130.280000
20
19.800000
10
129.970000
20
19.800000
10
129.970000
20
19.800000
42
0.417895
10
129.810000
20
19.640000
10
129.810000
20
19.640000
10
129.810000
20
19.210000
10
129.810000
20
19.210000
42
0.410661
10
129.970000
20
19.060000
10
129.970000
20
19.060000
10
130.280000
20
19.060000
10
130.280000
20
19.060000
42
0.402777
10
130.430000
20
19.210000
10
130.430000
20
19.210000
10
130.430000
20
19.640000
0
LWPOLYLINE
5
1046
100
AcDbEntity
8
0
100
AcDbPolyline
90
16
70
0
43
0.000000
10
132.410000
20
19.640000
42
0.404643
10
132.260000
20
19.790000
10
132.260000
20
19.790000
10
131.950000
20
19.790000
10
131.950000
20
19.790000
42
0.412569
10
131.790000
20
19.640000
10
131.790000
20
19.640000
10
131.790000
20
19.210000
10
131.790000
20
19.210000
42
0.416387
10
131.950000
20
19.060000
10
131.950000
20
19.060000
10
132.260000
20
19.060000
10
132.260000
20
19.060000
42
0.408412
10
132.410000
20
19.210000
10
132.410000
20
19.210000
10
132.410000
20
19.640000
0
LWPOLYLINE
5
1047
100
AcDbEntity
8
0
100
AcDbPolyline
90
16
70
0
43
0.000000
10
131.410000
20
19.640000
42
0.404643
10
131.260000
20
19.790000
10
131.260000
20
19.790000
10
130.950000
20
19.790000
10
130.950000
20
19.790000
42
0.412587
10
130.790000
20
19.640000
10
130.790000
20
19.640000
10
130.790000
20
19.210000
10
130.790000
20
19.210000
42
0.416405
10
130.950000
20
19.060000
10
130.950000
20
19.060000
10
131.260000
20
19.060000
10
131.260000
20
19.060000
42
0.408412
10
131.410000
20
19.210000
10
131.410000
20
19.210000
10
131.410000
20
19.640000
0
LWPOLYLINE
5
1048
100
AcDbEntity
8
0
100
AcDbPolyline
90
4
70
0
43
0.000000
10
89.680000
20
-30.350000
42
1.000000
10
92.880000
20
-30.350000
10
92.880000
20
-30.350000
42
1.000000
10
89.680000
20
-30.350000
0
LWPOLYLINE
5
1049
100
AcDbEntity
8
0
100
AcDbPolyline
90
4
70
0
43
0.000000
10
156.180000
20
-30.380000
42
1.000000
10
159.380000
20
-30.380000
10
159.380000
20
-30.380000
42
1.000000
10
156.180000
20
-30.380000
0
LWPOLYLINE
5
1550
100
AcDbEntity
8
0
100
AcDbPolyline
90
122
70
0
43
0.000000
10
56.860000
20
-62.220000
10
56.580000
20
-62.230000
10
56.580000
20
-62.230000
10
56.320000
20
-62.260000
10
56.320000
20
-62.260000
10
56.080000
20
-62.330000
10
56.080000
20
-62.330000
10
55.850000
20
-62.410000
10
55.850000
20
-62.410000
10
55.650000
20
-62.520000
10
55.650000
20
-62.520000
10
55.460000
20
-62.660000
10
55.460000
20
-62.660000
10
55.290000
20
-62.820000
10
55.290000
20
-62.820000
10
55.150000
20
-62.990000
10
55.150000
20
-62.990000
10
55.030000
20
-63.190000
10
55.030000
20
-63.190000
10
54.920000
20
-63.400000
10
54.920000
20
-63.400000
10
54.850000
20
-63.640000
10
54.850000
20
-63.640000
10
54.790000
20
-63.900000
10
54.790000
20
-63.900000
10
54.760000
20
-64.170000
10
54.760000
20
-64.170000
10
54.740000
20
-64.470000
10
54.740000
20
-64.470000
10
54.760000
20
-64.760000
10
54.760000
20
-64.760000
10
54.790000
20
-65.040000
10
54.790000
20
-65.040000
10
54.850000
20
-65.310000
10
54.850000
20
-65.310000
10
54.920000
20
-65.550000
10
54.920000
20
-65.550000
10
55.030000
20
-65.770000
10
55.030000
20
-65.770000
10
55.150000
20
-65.970000
10
55.150000
20
-65.970000
10
55.290000
20
-66.150000
10
55.290000
20
-66.150000
10
55.460000
20
-66.310000
10
55.460000
20
-66.310000
10
55.650000
20
-66.440000
10
55.650000
20
-66.440000
10
55.850000
20
-66.550000
10
55.850000
20
-66.550000
10
56.070000
20
-66.640000
10
56.070000
20
-66.640000
10
56.310000
20
-66.700000
10
56.310000
20
-66.700000
10
56.570000
20
-66.740000
10
56.570000
20
-66.740000
10
56.840000
20
-66.750000
10
56.840000
20
-66.750000
10
57.030000
20
-66.740000
10
57.030000
20
-66.740000
10
57.210000
20
-66.730000
10
57.210000
20
-66.730000
10
57.380000
20
-66.700000
10
57.380000
20
-66.700000
10
57.540000
20
-66.660000
10
57.540000
20
-66.660000
10
57.690000
20
-66.610000
10
57.690000
20
-66.610000
10
57.840000
20
-66.550000
10
57.840000
20
-66.550000
10
57.980000
20
-66.480000
10
57.980000
20
-66.480000
10
58.110000
20
-66.400000
10
58.110000
20
-66.400000
10
58.240000
20
-66.300000
10
58.240000
20
-66.300000
10
58.350000
20
-66.200000
10
58.350000
20
-66.200000
10
58.550000
20
-65.960000
10
58.550000
20
-65.960000
10
58.640000
20
-65.820000
10
58.640000
20
-65.820000
10
58.710000
20
-65.680000
10
58.710000
20
-65.680000
10
58.780000
20
-65.530000
10
58.780000
20
-65.530000
10
58.840000
20
-65.370000
10
58.840000
20
-65.370000
10
58.890000
20
-65.210000
10
58.890000
20
-65.210000
10
58.930000
20
-65.030000
10
58.930000
20
-65.030000
10
58.960000
20
-64.850000
10
58.960000
20
-64.850000
10
58.980000
20
-64.470000
10
58.980000
20
-64.470000
10
58.970000
20
-64.170000
10
58.970000
20
-64.170000
10
58.930000
20
-63.900000
10
58.930000
20
-63.900000
10
58.870000
20
-63.650000
10
58.870000
20
-63.650000
10
58.790000
20
-63.410000
10
58.790000
20
-63.410000
10
58.690000
20
-63.190000
10
58.690000
20
-63.190000
10
58.560000
20
-63.000000
10
58.560000
20
-63.000000
10
58.410000
20
-62.820000
10
58.410000
20
-62.820000
10
58.240000
20
-62.660000
10
58.240000
20
-62.660000
10
58.060000
20
-62.520000
10
58.060000
20
-62.520000
10
57.860000
20
-62.410000
10
57.860000
20
-62.410000
10
57.640000
20
-62.330000
10
57.640000
20
-62.330000
10
57.400000
20
-62.260000
10
57.400000
20
-62.260000
10
57.140000
20
-62.230000
10
57.140000
20
-62.230000
10
56.860000
20
-62.220000
0
LWPOLYLINE
5
1551
100
AcDbEntity
8
0
100
AcDbPolyline
90
72
70
0
43
0.000000
10
61.650000
20
-62.280000
10
60.180000
20
-62.280000
10
60.180000
20
-62.280000
10
60.180000
20
-66.700000
10
60.180000
20
-66.700000
10
61.800000
20
-66.700000
10
61.800000
20
-66.700000
10
61.980000
20
-66.690000
10
61.980000
20
-66.690000
10
62.150000
20
-66.680000
10
62.150000
20
-66.680000
10
62.310000
20
-66.650000
10
62.310000
20
-66.650000
10
62.470000
20
-66.610000
10
62.470000
20
-66.610000
10
62.620000
20
-66.550000
10
62.620000
20
-66.550000
10
62.760000
20
-66.490000
10
62.760000
20
-66.490000
10
62.900000
20
-66.420000
10
62.900000
20
-66.420000
10
63.160000
20
-66.240000
10
63.160000
20
-66.240000
10
63.270000
20
-66.140000
10
63.270000
20
-66.140000
10
63.380000
20
-66.030000
10
63.380000
20
-66.030000
10
63.470000
20
-65.920000
10
63.470000
20
-65.920000
10
63.560000
20
-65.790000
10
63.560000
20
-65.790000
10
63.630000
20
-65.650000
10
63.630000
20
-65.650000
10
63.700000
20
-65.500000
10
63.700000
20
-65.500000
10
63.760000
20
-65.350000
10
63.760000
20
-65.350000
10
63.810000
20
-65.180000
10
63.810000
20
-65.180000
10
63.850000
20
-65.010000
10
63.850000
20
-65.010000
10
63.880000
20
-64.830000
10
63.880000
20
-64.830000
10
63.900000
20
-64.450000
10
63.900000
20
-64.450000
10
63.890000
20
-64.160000
10
63.890000
20
-64.160000
10
63.850000
20
-63.890000
10
63.850000
20
-63.890000
10
63.790000
20
-63.640000
10
63.790000
20
-63.640000
10
63.710000
20
-63.410000
10
63.710000
20
-63.410000
10
63.600000
20
-63.200000
10
63.600000
20
-63.200000
10
63.470000
20
-63.020000
10
63.470000
20
-63.020000
10
63.320000
20
-62.850000
10
63.320000
20
-62.850000
10
63.140000
20
-62.700000
10
63.140000
20
-62.700000
10
62.950000
20
-62.570000
10
62.950000
20
-62.570000
10
62.730000
20
-62.470000
10
62.730000
20
-62.470000
10
62.490000
20
-62.390000
10
62.490000
20
-62.390000
10
62.230000
20
-62.330000
10
62.230000
20
-62.330000
10
61.950000
20
-62.290000
10
61.950000
20
-62.290000
10
61.650000
20
-62.280000
0
LWPOLYLINE
5
1552
100
AcDbEntity
8
0
100
AcDbPolyline
90
98
70
0
43
0.000000
10
84.110000
20
-62.280000
10
82.860000
20
-62.280000
10
82.860000
20
-62.280000
10
82.860000
20
-66.700000
10
82.860000
20
-66.700000
10
84.300000
20
-66.700000
10
84.300000
20
-66.700000
10
84.510000
20
-66.690000
10
84.510000
20
-66.690000
10
84.720000
20
-66.670000
10
84.720000
20
-66.670000
10
84.900000
20
-66.640000
10
84.900000
20
-66.640000
10
85.080000
20
-66.590000
10
85.080000
20
-66.590000
10
85.240000
20
-66.530000
10
85.240000
20
-66.530000
10
85.380000
20
-66.450000
10
85.380000
20
-66.450000
10
85.510000
20
-66.370000
10
85.510000
20
-66.370000
10
85.630000
20
-66.270000
10
85.630000
20
-66.270000
10
85.730000
20
-66.160000
10
85.730000
20
-66.160000
10
85.820000
20
-66.040000
10
85.820000
20
-66.040000
10
85.880000
20
-65.910000
10
85.880000
20
-65.910000
10
85.930000
20
-65.770000
10
85.930000
20
-65.770000
10
85.950000
20
-65.610000
10
85.950000
20
-65.610000
10
85.960000
20
-65.450000
10
85.960000
20
-65.450000
10
85.960000
20
-65.320000
10
85.960000
20
-65.320000
10
85.940000
20
-65.210000
10
85.940000
20
-65.210000
10
85.910000
20
-65.090000
10
85.910000
20
-65.090000
10
85.810000
20
-64.890000
10
85.810000
20
-64.890000
10
85.740000
20
-64.800000
10
85.740000
20
-64.800000
10
85.580000
20
-64.640000
10
85.580000
20
-64.640000
10
85.480000
20
-64.570000
10
85.480000
20
-64.570000
10
85.380000
20
-64.520000
10
85.380000
20
-64.520000
10
85.260000
20
-64.470000
10
85.260000
20
-64.470000
10
85.140000
20
-64.430000
10
85.140000
20
-64.430000
10
85.010000
20
-64.400000
10
85.010000
20
-64.400000
10
84.860000
20
-64.380000
10
84.860000
20
-64.380000
10
84.970000
20
-64.350000
10
84.970000
20
-64.350000
10
85.080000
20
-64.310000
10
85.080000
20
-64.310000
10
85.170000
20
-64.270000
10
85.170000
20
-64.270000
10
85.260000
20
-64.210000
10
85.260000
20
-64.210000
10
85.340000
20
-64.150000
10
85.340000
20
-64.150000
10
85.410000
20
-64.090000
10
85.410000
20
-64.090000
10
85.480000
20
-64.020000
10
85.480000
20
-64.020000
10
85.540000
20
-63.940000
10
85.540000
20
-63.940000
10
85.590000
20
-63.850000
10
85.590000
20
-63.850000
10
85.630000
20
-63.770000
10
85.630000
20
-63.770000
10
85.660000
20
-63.670000
10
85.660000
20
-63.670000
10
85.680000
20
-63.570000
10
85.680000
20
-63.570000
10
85.700000
20
-63.370000
10
85.700000
20
-63.370000
10
85.660000
20
-63.080000
10
85.660000
20
-63.080000
10
85.570000
20
-62.830000
10
85.570000
20
-62.830000
10
85.410000
20
-62.640000
10
85.410000
20
-62.640000
10
85.180000
20
-62.480000
10
85.180000
20
-62.480000
10
84.890000
20
-62.370000
10
84.890000
20
-62.370000
10
84.530000
20
-62.300000
10
84.530000
20
-62.300000
10
84.110000
20
-62.280000
0
LWPOLYLINE
5
1553
100
AcDbEntity
8
0
100
AcDbPolyline
90
70
70
0
43
0.000000
10
91.490000
20
-62.280000
10
90.110000
20
-62.280000
10
90.110000
20
-62.280000
10
90.110000
20
-66.700000
10
90.110000
20
-66.700000
10
90.860000
20
-66.700000
10
90.860000
20
-66.700000
10
90.860000
20
-65.030000
10
90.860000
20
-65.030000
10
91.660000
20
-65.030000
10
91.660000
20
-65.030000
10
91.790000
20
-65.020000
10
91.790000
20
-65.020000
10
91.910000
20
-65.000000
10
91.910000
20
-65.000000
10
92.150000
20
-64.940000
10
92.150000
20
-64.940000
10
92.250000
20
-64.900000
10
92.250000
20
-64.900000
10
92.360000
20
-64.850000
10
92.360000
20
-64.850000
10
92.450000
20
-64.800000
10
92.450000
20
-64.800000
10
92.630000
20
-64.680000
10
92.630000
20
-64.680000
10
92.700000
20
-64.610000
10
92.700000
20
-64.610000
10
92.770000
20
-64.530000
10
92.770000
20
-64.530000
10
92.890000
20
-64.370000
10
92.890000
20
-64.370000
10
92.940000
20
-64.270000
10
92.940000
20
-64.270000
10
92.990000
20
-64.180000
10
92.990000
20
-64.180000
10
93.020000
20
-64.080000
10
93.020000
20
-64.080000
10
93.050000
20
-63.970000
10
93.050000
20
-63.970000
10
93.090000
20
-63.750000
10
93.090000
20
-63.750000
10
93.090000
20
-63.630000
10
93.090000
20
-63.630000
10
93.080000
20
-63.460000
10
93.080000
20
-63.460000
10
93.060000
20
-63.290000
10
93.060000
20
-63.290000
10
93.010000
20
-63.140000
10
93.010000
20
-63.140000
10
92.950000
20
-63.000000
10
92.950000
20
-63.000000
10
92.880000
20
-62.860000
10
92.880000
20
-62.860000
10
92.780000
20
-62.740000
10
92.780000
20
-62.740000
10
92.670000
20
-62.630000
10
92.670000
20
-62.630000
10
92.550000
20
-62.540000
10
92.550000
20
-62.540000
10
92.410000
20
-62.460000
10
92.410000
20
-62.460000
10
92.250000
20
-62.400000
10
92.250000
20
-62.400000
10
92.080000
20
-62.350000
10
92.080000
20
-62.350000
10
91.900000
20
-62.310000
10
91.900000
20
-62.310000
10
91.700000
20
-62.290000
10
91.700000
20
-62.290000
10
91.490000
20
-62.280000
0
LWPOLYLINE
5
1554
100
AcDbEntity
8
0
100
AcDbPolyline
90
130
70
0
43
0.000000
10
116.490000
20
-63.420000
10
116.310000
20
-63.420000
10
116.310000
20
-63.420000
10
116.100000
20
-63.430000
10
116.100000
20
-63.430000
10
115.920000
20
-63.470000
10
115.920000
20
-63.470000
10
115.750000
20
-63.530000
10
115.750000
20
-63.530000
10
115.600000
20
-63.620000
10
115.600000
20
-63.620000
10
115.470000
20
-63.730000
10
115.470000
20
-63.730000
10
115.350000
20
-63.870000
10
115.350000
20
-63.870000
10
115.260000
20
-64.030000
10
115.260000
20
-64.030000
10
115.240000
20
-64.030000
10
115.240000
20
-64.030000
10
115.240000
20
-63.820000
10
115.240000
20
-63.820000
10
115.230000
20
-63.750000
10
115.230000
20
-63.750000
10
115.220000
20
-63.660000
10
115.220000
20
-63.660000
10
115.220000
20
-63.570000
10
115.220000
20
-63.570000
10
115.210000
20
-63.480000
10
115.210000
20
-63.480000
10
114.510000
20
-63.480000
10
114.510000
20
-63.480000
10
114.520000
20
-63.590000
10
114.520000
20
-63.590000
10
114.520000
20
-63.700000
10
114.520000
20
-63.700000
10
114.530000
20
-63.810000
10
114.530000
20
-63.810000
10
114.540000
20
-63.910000
10
114.540000
20
-63.910000
10
114.540000
20
-67.920000
10
114.540000
20
-67.920000
10
115.260000
20
-67.920000
10
115.260000
20
-67.920000
10
115.260000
20
-66.370000
10
115.260000
20
-66.370000
10
115.250000
20
-66.330000
10
115.250000
20
-66.330000
10
115.250000
20
-66.230000
10
115.250000
20
-66.230000
10
115.240000
20
-66.200000
10
115.240000
20
-66.200000
10
115.260000
20
-66.200000
10
115.260000
20
-66.200000
10
115.300000
20
-66.270000
10
115.300000
20
-66.270000
10
115.400000
20
-66.410000
10
115.400000
20
-66.410000
10
115.510000
20
-66.520000
10
115.510000
20
-66.520000
10
115.580000
20
-66.570000
10
115.580000
20
-66.570000
10
115.640000
20
-66.620000
10
115.640000
20
-66.620000
10
115.720000
20
-66.650000
10
115.720000
20
-66.650000
10
115.790000
20
-66.680000
10
115.790000
20
-66.680000
10
115.880000
20
-66.710000
10
115.880000
20
-66.710000
10
115.970000
20
-66.720000
10
115.970000
20
-66.720000
10
116.060000
20
-66.740000
10
116.060000
20
-66.740000
10
116.160000
20
-66.750000
10
116.160000
20
-66.750000
10
116.260000
20
-66.750000
10
116.260000
20
-66.750000
10
116.440000
20
-66.740000
10
116.440000
20
-66.740000
10
116.610000
20
-66.710000
10
116.610000
20
-66.710000
10
116.760000
20
-66.670000
10
116.760000
20
-66.670000
10
116.910000
20
-66.600000
10
116.910000
20
-66.600000
10
117.040000
20
-66.520000
10
117.040000
20
-66.520000
10
117.160000
20
-66.420000
10
117.160000
20
-66.420000
10
117.270000
20
-66.300000
10
117.270000
20
-66.300000
10
117.370000
20
-66.170000
10
117.370000
20
-66.170000
10
117.450000
20
-66.020000
10
117.450000
20
-66.020000
10
117.520000
20
-65.860000
10
117.520000
20
-65.860000
10
117.570000
20
-65.680000
10
117.570000
20
-65.680000
10
117.610000
20
-65.490000
10
117.610000
20
-65.490000
10
117.630000
20
-65.290000
10
117.630000
20
-65.290000
10
117.640000
20
-65.070000
10
117.640000
20
-65.070000
10
117.630000
20
-64.850000
10
117.630000
20
-64.850000
10
117.610000
20
-64.650000
10
117.610000
20
-64.650000
10
117.580000
20
-64.460000
10
117.580000
20
-64.460000
10
117.530000
20
-64.280000
10
117.530000
20
-64.280000
10
117.470000
20
-64.120000
10
117.470000
20
-64.120000
10
117.400000
20
-63.980000
10
117.400000
20
-63.980000
10
117.310000
20
-63.850000
10
117.310000
20
-63.850000
10
117.200000
20
-63.730000
10
117.200000
20
-63.730000
10
117.080000
20
-63.640000
10
117.080000
20
-63.640000
10
116.950000
20
-63.560000
10
116.950000
20
-63.560000
10
116.810000
20
-63.490000
10
116.810000
20
-63.490000
10
116.650000
20
-63.450000
10
116.650000
20
-63.450000
10
116.490000
20
-63.420000
0
LWPOLYLINE
5
1555
100
AcDbEntity
8
0
100
AcDbPolyline
90
188
70
0
43
0.000000
10
120.140000
20
-63.420000
10
119.810000
20
-63.420000
10
119.810000
20
-63.420000
10
119.670000
20
-63.430000
10
119.670000
20
-63.430000
10
119.540000
20
-63.450000
10
119.540000
20
-63.450000
10
119.300000
20
-63.510000
10
119.300000
20
-63.510000
10
119.200000
20
-63.550000
10
119.200000
20
-63.550000
10
119.110000
20
-63.600000
10
119.110000
20
-63.600000
10
119.030000
20
-63.660000
10
119.030000
20
-63.660000
10
118.960000
20
-63.720000
10
118.960000
20
-63.720000
10
118.890000
20
-63.800000
10
118.890000
20
-63.800000
10
118.840000
20
-63.880000
10
118.840000
20
-63.880000
10
118.790000
20
-63.970000
10
118.790000
20
-63.970000
10
118.750000
20
-64.070000
10
118.750000
20
-64.070000
10
118.710000
20
-64.180000
10
118.710000
20
-64.180000
10
119.410000
20
-64.300000
10
119.410000
20
-64.300000
10
119.430000
20
-64.240000
10
119.430000
20
-64.240000
10
119.450000
20
-64.190000
10
119.450000
20
-64.190000
10
119.470000
20
-64.150000
10
119.470000
20
-64.150000
10
119.490000
20
-64.100000
10
119.490000
20
-64.100000
10
119.520000
20
-64.060000
10
119.520000
20
-64.060000
10
119.580000
20
-64.000000
10
119.580000
20
-64.000000
10
119.620000
20
-63.970000
10
119.620000
20
-63.970000
10
119.700000
20
-63.930000
10
119.700000
20
-63.930000
10
119.760000
20
-63.920000
10
119.760000
20
-63.920000
10
119.810000
20
-63.910000
10
119.810000
20
-63.910000
10
119.880000
20
-63.900000
10
119.880000
20
-63.900000
10
120.030000
20
-63.900000
10
120.030000
20
-63.900000
10
120.100000
20
-63.910000
10
120.100000
20
-63.910000
10
120.170000
20
-63.930000
10
120.170000
20
-63.930000
10
120.230000
20
-63.950000
10
120.230000
20
-63.950000
10
120.280000
20
-63.980000
10
120.280000
20
-63.980000
10
120.330000
20
-64.020000
10
120.330000
20
-64.020000
10
120.390000
20
-64.120000
10
120.390000
20
-64.120000
10
120.420000
20
-64.180000
10
120.420000
20
-64.180000
10
120.440000
20
-64.260000
10
120.440000
20
-64.260000
10
120.460000
20
-64.330000
10
120.460000
20
-64.330000
10
120.480000
20
-64.510000
10
120.480000
20
-64.510000
10
120.480000
20
-64.720000
10
120.480000
20
-64.720000
10
119.930000
20
-64.730000
10
119.930000
20
-64.730000
10
119.740000
20
-64.740000
10
119.740000
20
-64.740000
10
119.560000
20
-64.760000
10
119.560000
20
-64.760000
10
119.400000
20
-64.790000
10
119.400000
20
-64.790000
10
119.250000
20
-64.830000
10
119.250000
20
-64.830000
10
119.110000
20
-64.880000
10
119.110000
20
-64.880000
10
118.990000
20
-64.940000
10
118.990000
20
-64.940000
10
118.880000
20
-65.020000
10
118.880000
20
-65.020000
10
118.790000
20
-65.100000
10
118.790000
20
-65.100000
10
118.710000
20
-65.190000
10
118.710000
20
-65.190000
10
118.640000
20
-65.290000
10
118.640000
20
-65.290000
10
118.590000
20
-65.400000
10
118.590000
20
-65.400000
10
118.560000
20
-65.520000
10
118.560000
20
-65.520000
10
118.540000
20
-65.640000
10
118.540000
20
-65.640000
10
118.530000
20
-65.780000
10
118.530000
20
-65.780000
10
118.530000
20
-65.910000
10
118.530000
20
-65.910000
10
118.550000
20
-66.030000
10
118.550000
20
-66.030000
10
118.580000
20
-66.140000
10
118.580000
20
-66.140000
10
118.610000
20
-66.240000
10
118.610000
20
-66.240000
10
118.660000
20
-66.340000
10
118.660000
20
-66.340000
10
118.710000
20
-66.420000
10
118.710000
20
-66.420000
10
118.780000
20
-66.500000
10
118.780000
20
-66.500000
10
118.860000
20
-66.560000
10
118.860000
20
-66.560000
10
118.950000
20
-66.620000
10
118.950000
20
-66.620000
10
119.050000
20
-66.670000
10
119.050000
20
-66.670000
10
119.160000
20
-66.700000
10
119.160000
20
-66.700000
10
119.280000
20
-66.730000
10
119.280000
20
-66.730000
10
119.410000
20
-66.740000
10
119.410000
20
-66.740000
10
119.550000
20
-66.750000
10
119.550000
20
-66.750000
10
119.640000
20
-66.750000
10
119.640000
20
-66.750000
10
119.800000
20
-66.730000
10
119.800000
20
-66.730000
10
119.960000
20
-66.690000
10
119.960000
20
-66.690000
10
120.100000
20
-66.630000
10
120.100000
20
-66.630000
10
120.160000
20
-66.590000
10
120.160000
20
-66.590000
10
120.220000
20
-66.540000
10
120.220000
20
-66.540000
10
120.270000
20
-66.480000
10
120.270000
20
-66.480000
10
120.330000
20
-66.420000
10
120.330000
20
-66.420000
10
120.380000
20
-66.350000
10
120.380000
20
-66.350000
10
120.430000
20
-66.270000
10
120.430000
20
-66.270000
10
120.470000
20
-66.190000
10
120.470000
20
-66.190000
10
120.480000
20
-66.190000
10
120.480000
20
-66.190000
10
120.500000
20
-66.700000
10
120.500000
20
-66.700000
10
121.200000
20
-66.700000
10
121.200000
20
-66.700000
10
121.200000
20
-64.670000
10
121.200000
20
-64.670000
10
121.190000
20
-64.490000
10
121.190000
20
-64.490000
10
121.170000
20
-64.330000
10
121.170000
20
-64.330000
10
121.140000
20
-64.180000
10
121.140000
20
-64.180000
10
121.100000
20
-64.050000
10
121.100000
20
-64.050000
10
121.040000
20
-63.930000
10
121.040000
20
-63.930000
10
120.980000
20
-63.820000
10
120.980000
20
-63.820000
10
120.900000
20
-63.730000
10
120.900000
20
-63.730000
10
120.800000
20
-63.650000
10
120.800000
20
-63.650000
10
120.700000
20
-63.580000
10
120.700000
20
-63.580000
10
120.580000
20
-63.520000
10
120.580000
20
-63.520000
10
120.440000
20
-63.470000
10
120.440000
20
-63.470000
10
120.300000
20
-63.440000
10
120.300000
20
-63.440000
10
120.140000
20
-63.420000
0
LWPOLYLINE
5
1556
100
AcDbEntity
8
0
100
AcDbPolyline
90
110
70
0
43
0.000000
10
133.340000
20
-63.420000
10
132.900000
20
-63.420000
10
132.900000
20
-63.420000
10
132.710000
20
-63.450000
10
132.710000
20
-63.450000
10
132.520000
20
-63.500000
10
132.520000
20
-63.500000
10
132.350000
20
-63.560000
10
132.350000
20
-63.560000
10
132.190000
20
-63.640000
10
132.190000
20
-63.640000
10
132.050000
20
-63.750000
10
132.050000
20
-63.750000
10
131.920000
20
-63.870000
10
131.920000
20
-63.870000
10
131.800000
20
-64.000000
10
131.800000
20
-64.000000
10
131.700000
20
-64.140000
10
131.700000
20
-64.140000
10
131.620000
20
-64.300000
10
131.620000
20
-64.300000
10
131.560000
20
-64.470000
10
131.560000
20
-64.470000
10
131.520000
20
-64.660000
10
131.520000
20
-64.660000
10
131.490000
20
-64.870000
10
131.490000
20
-64.870000
10
131.480000
20
-65.080000
10
131.480000
20
-65.080000
10
131.490000
20
-65.290000
10
131.490000
20
-65.290000
10
131.520000
20
-65.490000
10
131.520000
20
-65.490000
10
131.560000
20
-65.680000
10
131.560000
20
-65.680000
10
131.620000
20
-65.850000
10
131.620000
20
-65.850000
10
131.700000
20
-66.020000
10
131.700000
20
-66.020000
10
131.800000
20
-66.160000
10
131.800000
20
-66.160000
10
131.920000
20
-66.300000
10
131.920000
20
-66.300000
10
132.040000
20
-66.420000
10
132.040000
20
-66.420000
10
132.180000
20
-66.520000
10
132.180000
20
-66.520000
10
132.340000
20
-66.600000
10
132.340000
20
-66.600000
10
132.510000
20
-66.670000
10
132.510000
20
-66.670000
10
132.690000
20
-66.710000
10
132.690000
20
-66.710000
10
132.890000
20
-66.740000
10
132.890000
20
-66.740000
10
133.100000
20
-66.750000
10
133.100000
20
-66.750000
10
133.320000
20
-66.740000
10
133.320000
20
-66.740000
10
133.520000
20
-66.710000
10
133.520000
20
-66.710000
10
133.710000
20
-66.670000
10
133.710000
20
-66.670000
10
133.890000
20
-66.610000
10
133.890000
20
-66.610000
10
134.050000
20
-66.530000
10
134.050000
20
-66.530000
10
134.200000
20
-66.430000
10
134.200000
20
-66.430000
10
134.330000
20
-66.320000
10
134.330000
20
-66.320000
10
134.450000
20
-66.180000
10
134.450000
20
-66.180000
10
134.550000
20
-66.030000
10
134.550000
20
-66.030000
10
134.620000
20
-65.870000
10
134.620000
20
-65.870000
10
134.690000
20
-65.690000
10
134.690000
20
-65.690000
10
134.730000
20
-65.500000
10
134.730000
20
-65.500000
10
134.760000
20
-65.300000
10
134.760000
20
-65.300000
10
134.770000
20
-65.080000
10
134.770000
20
-65.080000
10
134.760000
20
-64.860000
10
134.760000
20
-64.860000
10
134.730000
20
-64.650000
10
134.730000
20
-64.650000
10
134.690000
20
-64.460000
10
134.690000
20
-64.460000
10
134.630000
20
-64.290000
10
134.630000
20
-64.290000
10
134.550000
20
-64.130000
10
134.550000
20
-64.130000
10
134.460000
20
-63.980000
10
134.460000
20
-63.980000
10
134.350000
20
-63.850000
10
134.350000
20
-63.850000
10
134.220000
20
-63.730000
10
134.220000
20
-63.730000
10
134.070000
20
-63.640000
10
134.070000
20
-63.640000
10
133.910000
20
-63.560000
10
133.910000
20
-63.560000
10
133.730000
20
-63.490000
10
133.730000
20
-63.490000
10
133.540000
20
-63.450000
10
133.540000
20
-63.450000
10
133.340000
20
-63.420000
0
LWPOLYLINE
5
1557
100
AcDbEntity
8
0
100
AcDbPolyline
90
192
70
0
43
0.000000
10
148.640000
20
-63.420000
10
148.320000
20
-63.420000
10
148.320000
20
-63.420000
10
148.180000
20
-63.430000
10
148.180000
20
-63.430000
10
148.040000
20
-63.450000
10
148.040000
20
-63.450000
10
147.920000
20
-63.480000
10
147.920000
20
-63.480000
10
147.810000
20
-63.510000
10
147.810000
20
-63.510000
10
147.710000
20
-63.550000
10
147.710000
20
-63.550000
10
147.620000
20
-63.600000
10
147.620000
20
-63.600000
10
147.460000
20
-63.720000
10
147.460000
20
-63.720000
10
147.340000
20
-63.880000
10
147.340000
20
-63.880000
10
147.290000
20
-63.970000
10
147.290000
20
-63.970000
10
147.250000
20
-64.070000
10
147.250000
20
-64.070000
10
147.220000
20
-64.180000
10
147.220000
20
-64.180000
10
147.920000
20
-64.300000
10
147.920000
20
-64.300000
10
147.940000
20
-64.240000
10
147.940000
20
-64.240000
10
147.950000
20
-64.190000
10
147.950000
20
-64.190000
10
147.970000
20
-64.150000
10
147.970000
20
-64.150000
10
148.000000
20
-64.100000
10
148.000000
20
-64.100000
10
148.020000
20
-64.060000
10
148.020000
20
-64.060000
10
148.050000
20
-64.030000
10
148.050000
20
-64.030000
10
148.090000
20
-64.000000
10
148.090000
20
-64.000000
10
148.120000
20
-63.970000
10
148.120000
20
-63.970000
10
148.160000
20
-63.950000
10
148.160000
20
-63.950000
10
148.210000
20
-63.930000
10
148.210000
20
-63.930000
10
148.260000
20
-63.920000
10
148.260000
20
-63.920000
10
148.380000
20
-63.900000
10
148.380000
20
-63.900000
10
148.530000
20
-63.900000
10
148.530000
20
-63.900000
10
148.610000
20
-63.910000
10
148.610000
20
-63.910000
10
148.680000
20
-63.930000
10
148.680000
20
-63.930000
10
148.740000
20
-63.950000
10
148.740000
20
-63.950000
10
148.790000
20
-63.980000
10
148.790000
20
-63.980000
10
148.830000
20
-64.020000
10
148.830000
20
-64.020000
10
148.870000
20
-64.070000
10
148.870000
20
-64.070000
10
148.900000
20
-64.120000
10
148.900000
20
-64.120000
10
148.930000
20
-64.180000
10
148.930000
20
-64.180000
10
148.950000
20
-64.260000
10
148.950000
20
-64.260000
10
148.960000
20
-64.330000
10
148.960000
20
-64.330000
10
148.980000
20
-64.420000
10
148.980000
20
-64.420000
10
148.980000
20
-64.510000
10
148.980000
20
-64.510000
10
148.990000
20
-64.620000
10
148.990000
20
-64.620000
10
148.990000
20
-64.720000
10
148.990000
20
-64.720000
10
148.440000
20
-64.730000
10
148.440000
20
-64.730000
10
148.250000
20
-64.740000
10
148.250000
20
-64.740000
10
148.070000
20
-64.760000
10
148.070000
20
-64.760000
10
147.910000
20
-64.790000
10
147.910000
20
-64.790000
10
147.760000
20
-64.830000
10
147.760000
20
-64.830000
10
147.620000
20
-64.880000
10
147.620000
20
-64.880000
10
147.500000
20
-64.940000
10
147.500000
20
-64.940000
10
147.390000
20
-65.020000
10
147.390000
20
-65.020000
10
147.290000
20
-65.100000
10
147.290000
20
-65.100000
10
147.210000
20
-65.190000
10
147.210000
20
-65.190000
10
147.150000
20
-65.290000
10
147.150000
20
-65.290000
10
147.100000
20
-65.400000
10
147.100000
20
-65.400000
10
147.060000
20
-65.520000
10
147.060000
20
-65.520000
10
147.040000
20
-65.640000
10
147.040000
20
-65.640000
10
147.040000
20
-65.910000
10
147.040000
20
-65.910000
10
147.060000
20
-66.030000
10
147.060000
20
-66.030000
10
147.080000
20
-66.140000
10
147.080000
20
-66.140000
10
147.160000
20
-66.340000
10
147.160000
20
-66.340000
10
147.220000
20
-66.420000
10
147.220000
20
-66.420000
10
147.290000
20
-66.500000
10
147.290000
20
-66.500000
10
147.370000
20
-66.560000
10
147.370000
20
-66.560000
10
147.460000
20
-66.620000
10
147.460000
20
-66.620000
10
147.560000
20
-66.670000
10
147.560000
20
-66.670000
10
147.670000
20
-66.700000
10
147.670000
20
-66.700000
10
147.790000
20
-66.730000
10
147.790000
20
-66.730000
10
147.910000
20
-66.740000
10
147.910000
20
-66.740000
10
148.050000
20
-66.750000
10
148.050000
20
-66.750000
10
148.140000
20
-66.750000
10
148.140000
20
-66.750000
10
148.230000
20
-66.740000
10
148.230000
20
-66.740000
10
148.310000
20
-66.730000
10
148.310000
20
-66.730000
10
148.390000
20
-66.710000
10
148.390000
20
-66.710000
10
148.460000
20
-66.690000
10
148.460000
20
-66.690000
10
148.600000
20
-66.630000
10
148.600000
20
-66.630000
10
148.660000
20
-66.590000
10
148.660000
20
-66.590000
10
148.720000
20
-66.540000
10
148.720000
20
-66.540000
10
148.780000
20
-66.480000
10
148.780000
20
-66.480000
10
148.830000
20
-66.420000
10
148.830000
20
-66.420000
10
148.890000
20
-66.350000
10
148.890000
20
-66.350000
10
148.940000
20
-66.270000
10
148.940000
20
-66.270000
10
148.980000
20
-66.190000
10
148.980000
20
-66.190000
10
148.990000
20
-66.190000
10
148.990000
20
-66.190000
10
149.000000
20
-66.700000
10
149.000000
20
-66.700000
10
149.700000
20
-66.700000
10
149.700000
20
-66.700000
10
149.700000
20
-64.490000
10
149.700000
20
-64.490000
10
149.680000
20
-64.330000
10
149.680000
20
-64.330000
10
149.650000
20
-64.180000
10
149.650000
20
-64.180000
10
149.600000
20
-64.050000
10
149.600000
20
-64.050000
10
149.550000
20
-63.930000
10
149.550000
20
-63.930000
10
149.480000
20
-63.820000
10
149.480000
20
-63.820000
10
149.400000
20
-63.730000
10
149.400000
20
-63.730000
10
149.310000
20
-63.650000
10
149.310000
20
-63.650000
10
149.200000
20
-63.580000
10
149.200000
20
-63.580000
10
149.080000
20
-63.520000
10
149.080000
20
-63.520000
10
148.950000
20
-63.470000
10
148.950000
20
-63.470000
10
148.800000
20
-63.440000
10
148.800000
20
-63.440000
10
148.640000
20
-63.420000
0
LWPOLYLINE
5
1558
100
AcDbEntity
8
0
100
AcDbPolyline
90
140
70
0
43
0.000000
10
156.580000
20
-62.150000
10
155.860000
20
-62.150000
10
155.860000
20
-62.150000
10
155.860000
20
-63.730000
10
155.860000
20
-63.730000
10
155.870000
20
-63.770000
10
155.870000
20
-63.770000
10
155.870000
20
-63.840000
10
155.870000
20
-63.840000
10
155.880000
20
-63.880000
10
155.880000
20
-63.880000
10
155.880000
20
-63.980000
10
155.880000
20
-63.980000
10
155.860000
20
-63.980000
10
155.860000
20
-63.980000
10
155.760000
20
-63.820000
10
155.760000
20
-63.820000
10
155.710000
20
-63.760000
10
155.710000
20
-63.760000
10
155.650000
20
-63.690000
10
155.650000
20
-63.690000
10
155.530000
20
-63.590000
10
155.530000
20
-63.590000
10
155.390000
20
-63.510000
10
155.390000
20
-63.510000
10
155.310000
20
-63.480000
10
155.310000
20
-63.480000
10
155.230000
20
-63.460000
10
155.230000
20
-63.460000
10
155.140000
20
-63.440000
10
155.140000
20
-63.440000
10
154.960000
20
-63.420000
10
154.960000
20
-63.420000
10
154.680000
20
-63.420000
10
154.680000
20
-63.420000
10
154.510000
20
-63.450000
10
154.510000
20
-63.450000
10
154.350000
20
-63.500000
10
154.350000
20
-63.500000
10
154.200000
20
-63.560000
10
154.200000
20
-63.560000
10
154.060000
20
-63.640000
10
154.060000
20
-63.640000
10
153.940000
20
-63.750000
10
153.940000
20
-63.750000
10
153.830000
20
-63.870000
10
153.830000
20
-63.870000
10
153.740000
20
-64.000000
10
153.740000
20
-64.000000
10
153.660000
20
-64.150000
10
153.660000
20
-64.150000
10
153.590000
20
-64.310000
10
153.590000
20
-64.310000
10
153.540000
20
-64.490000
10
153.540000
20
-64.490000
10
153.510000
20
-64.680000
10
153.510000
20
-64.680000
10
153.490000
20
-64.880000
10
153.490000
20
-64.880000
10
153.480000
20
-65.100000
10
153.480000
20
-65.100000
10
153.490000
20
-65.320000
10
153.490000
20
-65.320000
10
153.510000
20
-65.520000
10
153.510000
20
-65.520000
10
153.540000
20
-65.710000
10
153.540000
20
-65.710000
10
153.590000
20
-65.890000
10
153.590000
20
-65.890000
10
153.660000
20
-66.050000
10
153.660000
20
-66.050000
10
153.740000
20
-66.190000
10
153.740000
20
-66.190000
10
153.830000
20
-66.320000
10
153.830000
20
-66.320000
10
153.940000
20
-66.430000
10
153.940000
20
-66.430000
10
154.050000
20
-66.530000
10
154.050000
20
-66.530000
10
154.180000
20
-66.610000
10
154.180000
20
-66.610000
10
154.330000
20
-66.670000
10
154.330000
20
-66.670000
10
154.480000
20
-66.710000
10
154.480000
20
-66.710000
10
154.650000
20
-66.740000
10
154.650000
20
-66.740000
10
154.830000
20
-66.750000
10
154.830000
20
-66.750000
10
155.030000
20
-66.740000
10
155.030000
20
-66.740000
10
155.210000
20
-66.700000
10
155.210000
20
-66.700000
10
155.370000
20
-66.640000
10
155.370000
20
-66.640000
10
155.520000
20
-66.550000
10
155.520000
20
-66.550000
10
155.650000
20
-66.440000
10
155.650000
20
-66.440000
10
155.760000
20
-66.310000
10
155.760000
20
-66.310000
10
155.850000
20
-66.160000
10
155.850000
20
-66.160000
10
155.860000
20
-66.160000
10
155.860000
20
-66.160000
10
155.860000
20
-66.210000
10
155.860000
20
-66.210000
10
155.870000
20
-66.240000
10
155.870000
20
-66.240000
10
155.870000
20
-66.330000
10
155.870000
20
-66.330000
10
155.880000
20
-66.380000
10
155.880000
20
-66.380000
10
155.880000
20
-66.490000
10
155.880000
20
-66.490000
10
155.890000
20
-66.540000
10
155.890000
20
-66.540000
10
155.890000
20
-66.590000
10
155.890000
20
-66.590000
10
155.900000
20
-66.630000
10
155.900000
20
-66.630000
10
155.900000
20
-66.660000
10
155.900000
20
-66.660000
10
155.910000
20
-66.680000
10
155.910000
20
-66.680000
10
155.910000
20
-66.700000
10
155.910000
20
-66.700000
10
156.610000
20
-66.700000
10
156.610000
20
-66.700000
10
156.600000
20
-66.590000
10
156.600000
20
-66.590000
10
156.600000
20
-66.480000
10
156.600000
20
-66.480000
10
156.590000
20
-66.370000
10
156.590000
20
-66.370000
10
156.590000
20
-66.270000
10
156.590000
20
-66.270000
10
156.580000
20
-66.170000
10
156.580000
20
-66.170000
10
156.580000
20
-62.150000
0
LWPOLYLINE
5
1559
100
AcDbEntity
8
0
100
AcDbPolyline
90
94
70
0
43
0.000000
10
162.210000
20
-62.280000
10
160.960000
20
-62.280000
10
160.960000
20
-62.280000
10
160.960000
20
-66.700000
10
160.960000
20
-66.700000
10
162.390000
20
-66.700000
10
162.390000
20
-66.700000
10
162.610000
20
-66.690000
10
162.610000
20
-66.690000
10
162.810000
20
-66.670000
10
162.810000
20
-66.670000
10
163.000000
20
-66.640000
10
163.000000
20
-66.640000
10
163.170000
20
-66.590000
10
163.170000
20
-66.590000
10
163.330000
20
-66.530000
10
163.330000
20
-66.530000
10
163.480000
20
-66.450000
10
163.480000
20
-66.450000
10
163.610000
20
-66.370000
10
163.610000
20
-66.370000
10
163.730000
20
-66.270000
10
163.730000
20
-66.270000
10
163.830000
20
-66.160000
10
163.830000
20
-66.160000
10
163.910000
20
-66.040000
10
163.910000
20
-66.040000
10
163.970000
20
-65.910000
10
163.970000
20
-65.910000
10
164.020000
20
-65.770000
10
164.020000
20
-65.770000
10
164.050000
20
-65.610000
10
164.050000
20
-65.610000
10
164.060000
20
-65.450000
10
164.060000
20
-65.450000
10
164.050000
20
-65.320000
10
164.050000
20
-65.320000
10
164.030000
20
-65.210000
10
164.030000
20
-65.210000
10
164.000000
20
-65.090000
10
164.000000
20
-65.090000
10
163.960000
20
-64.990000
10
163.960000
20
-64.990000
10
163.900000
20
-64.890000
10
163.900000
20
-64.890000
10
163.840000
20
-64.800000
10
163.840000
20
-64.800000
10
163.760000
20
-64.720000
10
163.760000
20
-64.720000
10
163.670000
20
-64.640000
10
163.670000
20
-64.640000
10
163.580000
20
-64.570000
10
163.580000
20
-64.570000
10
163.360000
20
-64.470000
10
163.360000
20
-64.470000
10
163.230000
20
-64.430000
10
163.230000
20
-64.430000
10
163.100000
20
-64.400000
10
163.100000
20
-64.400000
10
162.960000
20
-64.380000
10
162.960000
20
-64.380000
10
163.070000
20
-64.350000
10
163.070000
20
-64.350000
10
163.270000
20
-64.270000
10
163.270000
20
-64.270000
10
163.510000
20
-64.090000
10
163.510000
20
-64.090000
10
163.570000
20
-64.020000
10
163.570000
20
-64.020000
10
163.630000
20
-63.940000
10
163.630000
20
-63.940000
10
163.680000
20
-63.850000
10
163.680000
20
-63.850000
10
163.720000
20
-63.770000
10
163.720000
20
-63.770000
10
163.750000
20
-63.670000
10
163.750000
20
-63.670000
10
163.790000
20
-63.470000
10
163.790000
20
-63.470000
10
163.790000
20
-63.370000
10
163.790000
20
-63.370000
10
163.760000
20
-63.080000
10
163.760000
20
-63.080000
10
163.660000
20
-62.830000
10
163.660000
20
-62.830000
10
163.500000
20
-62.640000
10
163.500000
20
-62.640000
10
163.270000
20
-62.480000
10
163.270000
20
-62.480000
10
162.980000
20
-62.370000
10
162.980000
20
-62.370000
10
162.630000
20
-62.300000
10
162.630000
20
-62.300000
10
162.210000
20
-62.280000
0
LWPOLYLINE
5
1560
100
AcDbEntity
8
0
100
AcDbPolyline
90
108
70
0
43
0.000000
10
166.770000
20
-63.420000
10
166.330000
20
-63.420000
10
166.330000
20
-63.420000
10
166.130000
20
-63.450000
10
166.130000
20
-63.450000
10
165.950000
20
-63.500000
10
165.950000
20
-63.500000
10
165.780000
20
-63.560000
10
165.780000
20
-63.560000
10
165.620000
20
-63.640000
10
165.620000
20
-63.640000
10
165.480000
20
-63.750000
10
165.480000
20
-63.750000
10
165.340000
20
-63.870000
10
165.340000
20
-63.870000
10
165.230000
20
-64.000000
10
165.230000
20
-64.000000
10
165.130000
20
-64.140000
10
165.130000
20
-64.140000
10
165.050000
20
-64.300000
10
165.050000
20
-64.300000
10
164.990000
20
-64.470000
10
164.990000
20
-64.470000
10
164.950000
20
-64.660000
10
164.950000
20
-64.660000
10
164.920000
20
-64.870000
10
164.920000
20
-64.870000
10
164.910000
20
-65.080000
10
164.910000
20
-65.080000
10
164.920000
20
-65.290000
10
164.920000
20
-65.290000
10
164.950000
20
-65.490000
10
164.950000
20
-65.490000
10
164.990000
20
-65.680000
10
164.990000
20
-65.680000
10
165.050000
20
-65.850000
10
165.050000
20
-65.850000
10
165.130000
20
-66.020000
10
165.130000
20
-66.020000
10
165.230000
20
-66.160000
10
165.230000
20
-66.160000
10
165.340000
20
-66.300000
10
165.340000
20
-66.300000
10
165.470000
20
-66.420000
10
165.470000
20
-66.420000
10
165.610000
20
-66.520000
10
165.610000
20
-66.520000
10
165.770000
20
-66.600000
10
165.770000
20
-66.600000
10
165.940000
20
-66.670000
10
165.940000
20
-66.670000
10
166.120000
20
-66.710000
10
166.120000
20
-66.710000
10
166.320000
20
-66.740000
10
166.320000
20
-66.740000
10
166.530000
20
-66.750000
10
166.530000
20
-66.750000
10
166.740000
20
-66.740000
10
166.740000
20
-66.740000
10
166.950000
20
-66.710000
10
166.950000
20
-66.710000
10
167.140000
20
-66.670000
10
167.140000
20
-66.670000
10
167.310000
20
-66.610000
10
167.310000
20
-66.610000
10
167.480000
20
-66.530000
10
167.480000
20
-66.530000
10
167.630000
20
-66.430000
10
167.630000
20
-66.430000
10
167.760000
20
-66.320000
10
167.760000
20
-66.320000
10
167.880000
20
-66.180000
10
167.880000
20
-66.180000
10
167.970000
20
-66.030000
10
167.970000
20
-66.030000
10
168.050000
20
-65.870000
10
168.050000
20
-65.870000
10
168.110000
20
-65.690000
10
168.110000
20
-65.690000
10
168.160000
20
-65.500000
10
168.160000
20
-65.500000
10
168.190000
20
-65.300000
10
168.190000
20
-65.300000
10
168.190000
20
-64.860000
10
168.190000
20
-64.860000
10
168.160000
20
-64.650000
10
168.160000
20
-64.650000
10
168.120000
20
-64.460000
10
168.120000
20
-64.460000
10
168.060000
20
-64.290000
10
168.060000
20
-64.290000
10
167.980000
20
-64.130000
10
167.980000
20
-64.130000
10
167.890000
20
-63.980000
10
167.890000
20
-63.980000
10
167.780000
20
-63.850000
10
167.780000
20
-63.850000
10
167.650000
20
-63.730000
10
167.650000
20
-63.730000
10
167.500000
20
-63.640000
10
167.500000
20
-63.640000
10
167.340000
20
-63.560000
10
167.340000
20
-63.560000
10
167.160000
20
-63.490000
10
167.160000
20
-63.490000
10
166.970000
20
-63.450000
10
166.970000
20
-63.450000
10
166.770000
20
-63.420000
0
LWPOLYLINE
5
1561
100
AcDbEntity
8
0
100
AcDbPolyline
90
188
70
0
43
0.000000
10
170.660000
20
-63.420000
10
170.330000
20
-63.420000
10
170.330000
20
-63.420000
10
170.190000
20
-63.430000
10
170.190000
20
-63.430000
10
170.060000
20
-63.450000
10
170.060000
20
-63.450000
10
169.820000
20
-63.510000
10
169.820000
20
-63.510000
10
169.720000
20
-63.550000
10
169.720000
20
-63.550000
10
169.630000
20
-63.600000
10
169.630000
20
-63.600000
10
169.550000
20
-63.660000
10
169.550000
20
-63.660000
10
169.480000
20
-63.720000
10
169.480000
20
-63.720000
10
169.410000
20
-63.800000
10
169.410000
20
-63.800000
10
169.360000
20
-63.880000
10
169.360000
20
-63.880000
10
169.310000
20
-63.970000
10
169.310000
20
-63.970000
10
169.270000
20
-64.070000
10
169.270000
20
-64.070000
10
169.230000
20
-64.180000
10
169.230000
20
-64.180000
10
169.930000
20
-64.300000
10
169.930000
20
-64.300000
10
169.950000
20
-64.240000
10
169.950000
20
-64.240000
10
169.970000
20
-64.190000
10
169.970000
20
-64.190000
10
169.990000
20
-64.150000
10
169.990000
20
-64.150000
10
170.010000
20
-64.100000
10
170.010000
20
-64.100000
10
170.040000
20
-64.060000
10
170.040000
20
-64.060000
10
170.100000
20
-64.000000
10
170.100000
20
-64.000000
10
170.140000
20
-63.970000
10
170.140000
20
-63.970000
10
170.220000
20
-63.930000
10
170.220000
20
-63.930000
10
170.280000
20
-63.920000
10
170.280000
20
-63.920000
10
170.330000
20
-63.910000
10
170.330000
20
-63.910000
10
170.400000
20
-63.900000
10
170.400000
20
-63.900000
10
170.550000
20
-63.900000
10
170.550000
20
-63.900000
10
170.620000
20
-63.910000
10
170.620000
20
-63.910000
10
170.690000
20
-63.930000
10
170.690000
20
-63.930000
10
170.750000
20
-63.950000
10
170.750000
20
-63.950000
10
170.800000
20
-63.980000
10
170.800000
20
-63.980000
10
170.850000
20
-64.020000
10
170.850000
20
-64.020000
10
170.910000
20
-64.120000
10
170.910000
20
-64.120000
10
170.940000
20
-64.180000
10
170.940000
20
-64.180000
10
170.960000
20
-64.260000
10
170.960000
20
-64.260000
10
170.980000
20
-64.330000
10
170.980000
20
-64.330000
10
171.000000
20
-64.510000
10
171.000000
20
-64.510000
10
171.000000
20
-64.720000
10
171.000000
20
-64.720000
10
170.450000
20
-64.730000
10
170.450000
20
-64.730000
10
170.260000
20
-64.740000
10
170.260000
20
-64.740000
10
170.080000
20
-64.760000
10
170.080000
20
-64.760000
10
169.920000
20
-64.790000
10
169.920000
20
-64.790000
10
169.770000
20
-64.830000
10
169.770000
20
-64.830000
10
169.630000
20
-64.880000
10
169.630000
20
-64.880000
10
169.510000
20
-64.940000
10
169.510000
20
-64.940000
10
169.400000
20
-65.020000
10
169.400000
20
-65.020000
10
169.310000
20
-65.100000
10
169.310000
20
-65.100000
10
169.230000
20
-65.190000
10
169.230000
20
-65.190000
10
169.160000
20
-65.290000
10
169.160000
20
-65.290000
10
169.110000
20
-65.400000
10
169.110000
20
-65.400000
10
169.080000
20
-65.520000
10
169.080000
20
-65.520000
10
169.060000
20
-65.640000
10
169.060000
20
-65.640000
10
169.050000
20
-65.780000
10
169.050000
20
-65.780000
10
169.050000
20
-65.910000
10
169.050000
20
-65.910000
10
169.070000
20
-66.030000
10
169.070000
20
-66.030000
10
169.100000
20
-66.140000
10
169.100000
20
-66.140000
10
169.130000
20
-66.240000
10
169.130000
20
-66.240000
10
169.180000
20
-66.340000
10
169.180000
20
-66.340000
10
169.230000
20
-66.420000
10
169.230000
20
-66.420000
10
169.300000
20
-66.500000
10
169.300000
20
-66.500000
10
169.380000
20
-66.560000
10
169.380000
20
-66.560000
10
169.470000
20
-66.620000
10
169.470000
20
-66.620000
10
169.570000
20
-66.670000
10
169.570000
20
-66.670000
10
169.680000
20
-66.700000
10
169.680000
20
-66.700000
10
169.800000
20
-66.730000
10
169.800000
20
-66.730000
10
169.930000
20
-66.740000
10
169.930000
20
-66.740000
10
170.070000
20
-66.750000
10
170.070000
20
-66.750000
10
170.160000
20
-66.750000
10
170.160000
20
-66.750000
10
170.320000
20
-66.730000
10
170.320000
20
-66.730000
10
170.480000
20
-66.690000
10
170.480000
20
-66.690000
10
170.620000
20
-66.630000
10
170.620000
20
-66.630000
10
170.680000
20
-66.590000
10
170.680000
20
-66.590000
10
170.740000
20
-66.540000
10
170.740000
20
-66.540000
10
170.790000
20
-66.480000
10
170.790000
20
-66.480000
10
170.850000
20
-66.420000
10
170.850000
20
-66.420000
10
170.900000
20
-66.350000
10
170.900000
20
-66.350000
10
170.950000
20
-66.270000
10
170.950000
20
-66.270000
10
170.990000
20
-66.190000
10
170.990000
20
-66.190000
10
171.000000
20
-66.190000
10
171.000000
20
-66.190000
10
171.020000
20
-66.700000
10
171.020000
20
-66.700000
10
171.720000
20
-66.700000
10
171.720000
20
-66.700000
10
171.720000
20
-64.670000
10
171.720000
20
-64.670000
10
171.710000
20
-64.490000
10
171.710000
20
-64.490000
10
171.690000
20
-64.330000
10
171.690000
20
-64.330000
10
171.660000
20
-64.180000
10
171.660000
20
-64.180000
10
171.620000
20
-64.050000
10
171.620000
20
-64.050000
10
171.560000
20
-63.930000
10
171.560000
20
-63.930000
10
171.500000
20
-63.820000
10
171.500000
20
-63.820000
10
171.420000
20
-63.730000
10
171.420000
20
-63.730000
10
171.320000
20
-63.650000
10
171.320000
20
-63.650000
10
171.220000
20
-63.580000
10
171.220000
20
-63.580000
10
171.100000
20
-63.520000
10
171.100000
20
-63.520000
10
170.960000
20
-63.470000
10
170.960000
20
-63.470000
10
170.820000
20
-63.440000
10
170.820000
20
-63.440000
10
170.660000
20
-63.420000
0
LWPOLYLINE
5
1562
100
AcDbEntity
8
0
100
AcDbPolyline
90
134
70
0
43
0.000000
10
178.590000
20
-62.150000
10
177.880000
20
-62.150000
10
177.880000
20
-62.150000
10
177.880000
20
-63.810000
10
177.880000
20
-63.810000
10
177.890000
20
-63.840000
10
177.890000
20
-63.840000
10
177.890000
20
-63.980000
10
177.890000
20
-63.980000
10
177.880000
20
-63.980000
10
177.880000
20
-63.980000
10
177.780000
20
-63.820000
10
177.780000
20
-63.820000
10
177.720000
20
-63.760000
10
177.720000
20
-63.760000
10
177.660000
20
-63.690000
10
177.660000
20
-63.690000
10
177.540000
20
-63.590000
10
177.540000
20
-63.590000
10
177.480000
20
-63.550000
10
177.480000
20
-63.550000
10
177.400000
20
-63.510000
10
177.400000
20
-63.510000
10
177.330000
20
-63.480000
10
177.330000
20
-63.480000
10
177.240000
20
-63.460000
10
177.240000
20
-63.460000
10
177.160000
20
-63.440000
10
177.160000
20
-63.440000
10
177.070000
20
-63.430000
10
177.070000
20
-63.430000
10
176.970000
20
-63.420000
10
176.970000
20
-63.420000
10
176.690000
20
-63.420000
10
176.690000
20
-63.420000
10
176.520000
20
-63.450000
10
176.520000
20
-63.450000
10
176.360000
20
-63.500000
10
176.360000
20
-63.500000
10
176.210000
20
-63.560000
10
176.210000
20
-63.560000
10
176.080000
20
-63.640000
10
176.080000
20
-63.640000
10
175.950000
20
-63.750000
10
175.950000
20
-63.750000
10
175.840000
20
-63.870000
10
175.840000
20
-63.870000
10
175.750000
20
-64.000000
10
175.750000
20
-64.000000
10
175.670000
20
-64.150000
10
175.670000
20
-64.150000
10
175.610000
20
-64.310000
10
175.610000
20
-64.310000
10
175.560000
20
-64.490000
10
175.560000
20
-64.490000
10
175.520000
20
-64.680000
10
175.520000
20
-64.680000
10
175.500000
20
-64.880000
10
175.500000
20
-64.880000
10
175.490000
20
-65.100000
10
175.490000
20
-65.100000
10
175.500000
20
-65.320000
10
175.500000
20
-65.320000
10
175.520000
20
-65.520000
10
175.520000
20
-65.520000
10
175.560000
20
-65.710000
10
175.560000
20
-65.710000
10
175.610000
20
-65.890000
10
175.610000
20
-65.890000
10
175.670000
20
-66.050000
10
175.670000
20
-66.050000
10
175.750000
20
-66.190000
10
175.750000
20
-66.190000
10
175.840000
20
-66.320000
10
175.840000
20
-66.320000
10
175.950000
20
-66.430000
10
175.950000
20
-66.430000
10
176.070000
20
-66.530000
10
176.070000
20
-66.530000
10
176.200000
20
-66.610000
10
176.200000
20
-66.610000
10
176.340000
20
-66.670000
10
176.340000
20
-66.670000
10
176.500000
20
-66.710000
10
176.500000
20
-66.710000
10
176.660000
20
-66.740000
10
176.660000
20
-66.740000
10
176.840000
20
-66.750000
10
176.840000
20
-66.750000
10
177.040000
20
-66.740000
10
177.040000
20
-66.740000
10
177.220000
20
-66.700000
10
177.220000
20
-66.700000
10
177.380000
20
-66.640000
10
177.380000
20
-66.640000
10
177.530000
20
-66.550000
10
177.530000
20
-66.550000
10
177.660000
20
-66.440000
10
177.660000
20
-66.440000
10
177.780000
20
-66.310000
10
177.780000
20
-66.310000
10
177.870000
20
-66.160000
10
177.870000
20
-66.160000
10
177.880000
20
-66.160000
10
177.880000
20
-66.160000
10
177.880000
20
-66.330000
10
177.880000
20
-66.330000
10
177.890000
20
-66.380000
10
177.890000
20
-66.380000
10
177.890000
20
-66.430000
10
177.890000
20
-66.430000
10
177.900000
20
-66.490000
10
177.900000
20
-66.490000
10
177.900000
20
-66.540000
10
177.900000
20
-66.540000
10
177.910000
20
-66.590000
10
177.910000
20
-66.590000
10
177.910000
20
-66.630000
10
177.910000
20
-66.630000
10
177.920000
20
-66.660000
10
177.920000
20
-66.660000
10
177.920000
20
-66.680000
10
177.920000
20
-66.680000
10
177.930000
20
-66.700000
10
177.930000
20
-66.700000
10
178.630000
20
-66.700000
10
178.630000
20
-66.700000
10
178.600000
20
-66.370000
10
178.600000
20
-66.370000
10
178.600000
20
-66.170000
10
178.600000
20
-66.170000
10
178.590000
20
-66.070000
10
178.590000
20
-66.070000
10
178.590000
20
-62.150000
0
LWPOLYLINE
5
1563
100
AcDbEntity
8
0
100
AcDbPolyline
90
110
70
0
43
0.000000
10
184.220000
20
-62.220000
10
184.070000
20
-62.220000
10
184.070000
20
-62.220000
10
183.930000
20
-62.240000
10
183.930000
20
-62.240000
10
183.800000
20
-62.260000
10
183.800000
20
-62.260000
10
183.560000
20
-62.340000
10
183.560000
20
-62.340000
10
183.450000
20
-62.400000
10
183.450000
20
-62.400000
10
183.350000
20
-62.470000
10
183.350000
20
-62.470000
10
183.270000
20
-62.540000
10
183.270000
20
-62.540000
10
183.180000
20
-62.620000
10
183.180000
20
-62.620000
10
183.110000
20
-62.710000
10
183.110000
20
-62.710000
10
183.030000
20
-62.820000
10
183.030000
20
-62.820000
10
182.970000
20
-62.930000
10
182.970000
20
-62.930000
10
182.910000
20
-63.060000
10
182.910000
20
-63.060000
10
182.850000
20
-63.200000
10
182.850000
20
-63.200000
10
182.810000
20
-63.350000
10
182.810000
20
-63.350000
10
182.770000
20
-63.510000
10
182.770000
20
-63.510000
10
182.740000
20
-63.680000
10
182.740000
20
-63.680000
10
182.720000
20
-63.860000
10
182.720000
20
-63.860000
10
182.700000
20
-64.060000
10
182.700000
20
-64.060000
10
182.690000
20
-64.260000
10
182.690000
20
-64.260000
10
182.690000
20
-64.480000
10
182.690000
20
-64.480000
10
182.720000
20
-65.080000
10
182.720000
20
-65.080000
10
182.810000
20
-65.590000
10
182.810000
20
-65.590000
10
182.960000
20
-66.010000
10
182.960000
20
-66.010000
10
183.180000
20
-66.330000
10
183.180000
20
-66.330000
10
183.460000
20
-66.560000
10
183.460000
20
-66.560000
10
183.800000
20
-66.700000
10
183.800000
20
-66.700000
10
184.200000
20
-66.750000
10
184.200000
20
-66.750000
10
184.410000
20
-66.740000
10
184.410000
20
-66.740000
10
184.600000
20
-66.700000
10
184.600000
20
-66.700000
10
184.780000
20
-66.640000
10
184.780000
20
-66.640000
10
184.940000
20
-66.560000
10
184.940000
20
-66.560000
10
185.090000
20
-66.460000
10
185.090000
20
-66.460000
10
185.220000
20
-66.330000
10
185.220000
20
-66.330000
10
185.340000
20
-66.180000
10
185.340000
20
-66.180000
10
185.440000
20
-66.000000
10
185.440000
20
-66.000000
10
185.520000
20
-65.810000
10
185.520000
20
-65.810000
10
185.590000
20
-65.580000
10
185.590000
20
-65.580000
10
185.650000
20
-65.340000
10
185.650000
20
-65.340000
10
185.690000
20
-65.080000
10
185.690000
20
-65.080000
10
185.710000
20
-64.790000
10
185.710000
20
-64.790000
10
185.720000
20
-64.480000
10
185.720000
20
-64.480000
10
185.710000
20
-64.170000
10
185.710000
20
-64.170000
10
185.690000
20
-63.870000
10
185.690000
20
-63.870000
10
185.650000
20
-63.610000
10
185.650000
20
-63.610000
10
185.600000
20
-63.360000
10
185.600000
20
-63.360000
10
185.530000
20
-63.150000
10
185.530000
20
-63.150000
10
185.450000
20
-62.950000
10
185.450000
20
-62.950000
10
185.350000
20
-62.780000
10
185.350000
20
-62.780000
10
185.240000
20
-62.630000
10
185.240000
20
-62.630000
10
185.110000
20
-62.500000
10
185.110000
20
-62.500000
10
184.970000
20
-62.400000
10
184.970000
20
-62.400000
10
184.800000
20
-62.320000
10
184.800000
20
-62.320000
10
184.620000
20
-62.260000
10
184.620000
20
-62.260000
10
184.430000
20
-62.230000
10
184.430000
20
-62.230000
10
184.220000
20
-62.220000
0
LWPOLYLINE
5
1564
100
AcDbEntity
8
0
100
AcDbPolyline
90
190
70
0
43
0.000000
10
204.850000
20
-62.220000
10
204.650000
20
-62.220000
10
204.650000
20
-62.220000
10
204.470000
20
-62.250000
10
204.470000
20
-62.250000
10
204.300000
20
-62.290000
10
204.300000
20
-62.290000
10
204.140000
20
-62.340000
10
204.140000
20
-62.340000
10
204.000000
20
-62.410000
10
204.000000
20
-62.410000
10
203.870000
20
-62.500000
10
203.870000
20
-62.500000
10
203.750000
20
-62.600000
10
203.750000
20
-62.600000
10
203.650000
20
-62.710000
10
203.650000
20
-62.710000
10
203.560000
20
-62.840000
10
203.560000
20
-62.840000
10
203.490000
20
-62.990000
10
203.490000
20
-62.990000
10
203.440000
20
-63.140000
10
203.440000
20
-63.140000
10
203.400000
20
-63.310000
10
203.400000
20
-63.310000
10
203.370000
20
-63.490000
10
203.370000
20
-63.490000
10
203.370000
20
-63.870000
10
203.370000
20
-63.870000
10
203.390000
20
-64.050000
10
203.390000
20
-64.050000
10
203.430000
20
-64.210000
10
203.430000
20
-64.210000
10
203.480000
20
-64.360000
10
203.480000
20
-64.360000
10
203.540000
20
-64.510000
10
203.540000
20
-64.510000
10
203.620000
20
-64.630000
10
203.620000
20
-64.630000
10
203.720000
20
-64.750000
10
203.720000
20
-64.750000
10
203.820000
20
-64.850000
10
203.820000
20
-64.850000
10
203.930000
20
-64.940000
10
203.930000
20
-64.940000
10
204.050000
20
-65.010000
10
204.050000
20
-65.010000
10
204.180000
20
-65.060000
10
204.180000
20
-65.060000
10
204.320000
20
-65.100000
10
204.320000
20
-65.100000
10
204.470000
20
-65.120000
10
204.470000
20
-65.120000
10
204.630000
20
-65.130000
10
204.630000
20
-65.130000
10
204.730000
20
-65.130000
10
204.730000
20
-65.130000
10
204.830000
20
-65.120000
10
204.830000
20
-65.120000
10
204.920000
20
-65.110000
10
204.920000
20
-65.110000
10
205.010000
20
-65.090000
10
205.010000
20
-65.090000
10
205.250000
20
-65.000000
10
205.250000
20
-65.000000
10
205.320000
20
-64.960000
10
205.320000
20
-64.960000
10
205.390000
20
-64.910000
10
205.390000
20
-64.910000
10
205.510000
20
-64.810000
10
205.510000
20
-64.810000
10
205.560000
20
-64.750000
10
205.560000
20
-64.750000
10
205.610000
20
-64.680000
10
205.610000
20
-64.680000
10
205.640000
20
-64.630000
10
205.640000
20
-64.630000
10
205.650000
20
-64.630000
10
205.650000
20
-64.630000
10
205.620000
20
-65.030000
10
205.620000
20
-65.030000
10
205.560000
20
-65.380000
10
205.560000
20
-65.380000
10
205.470000
20
-65.670000
10
205.470000
20
-65.670000
10
205.340000
20
-65.890000
10
205.340000
20
-65.890000
10
205.190000
20
-66.050000
10
205.190000
20
-66.050000
10
204.990000
20
-66.150000
10
204.990000
20
-66.150000
10
204.770000
20
-66.180000
10
204.770000
20
-66.180000
10
204.630000
20
-66.170000
10
204.630000
20
-66.170000
10
204.500000
20
-66.140000
10
204.500000
20
-66.140000
10
204.390000
20
-66.090000
10
204.390000
20
-66.090000
10
204.300000
20
-66.020000
10
204.300000
20
-66.020000
10
204.220000
20
-65.940000
10
204.220000
20
-65.940000
10
204.150000
20
-65.830000
10
204.150000
20
-65.830000
10
204.100000
20
-65.710000
10
204.100000
20
-65.710000
10
204.030000
20
-65.710000
10
204.030000
20
-65.710000
10
203.420000
20
-65.800000
10
203.420000
20
-65.800000
10
203.460000
20
-65.930000
10
203.460000
20
-65.930000
10
203.560000
20
-66.170000
10
203.560000
20
-66.170000
10
203.630000
20
-66.270000
10
203.630000
20
-66.270000
10
203.700000
20
-66.360000
10
203.700000
20
-66.360000
10
203.780000
20
-66.440000
10
203.780000
20
-66.440000
10
203.870000
20
-66.520000
10
203.870000
20
-66.520000
10
203.970000
20
-66.580000
10
203.970000
20
-66.580000
10
204.070000
20
-66.630000
10
204.070000
20
-66.630000
10
204.190000
20
-66.670000
10
204.190000
20
-66.670000
10
204.320000
20
-66.710000
10
204.320000
20
-66.710000
10
204.450000
20
-66.730000
10
204.450000
20
-66.730000
10
204.750000
20
-66.750000
10
204.750000
20
-66.750000
10
204.970000
20
-66.740000
10
204.970000
20
-66.740000
10
205.170000
20
-66.700000
10
205.170000
20
-66.700000
10
205.360000
20
-66.640000
10
205.360000
20
-66.640000
10
205.530000
20
-66.560000
10
205.530000
20
-66.560000
10
205.690000
20
-66.450000
10
205.690000
20
-66.450000
10
205.830000
20
-66.320000
10
205.830000
20
-66.320000
10
205.950000
20
-66.170000
10
205.950000
20
-66.170000
10
206.060000
20
-65.980000
10
206.060000
20
-65.980000
10
206.150000
20
-65.780000
10
206.150000
20
-65.780000
10
206.230000
20
-65.550000
10
206.230000
20
-65.550000
10
206.290000
20
-65.300000
10
206.290000
20
-65.300000
10
206.330000
20
-65.030000
10
206.330000
20
-65.030000
10
206.360000
20
-64.730000
10
206.360000
20
-64.730000
10
206.370000
20
-64.420000
10
206.370000
20
-64.420000
10
206.360000
20
-64.110000
10
206.360000
20
-64.110000
10
206.330000
20
-63.820000
10
206.330000
20
-63.820000
10
206.300000
20
-63.570000
10
206.300000
20
-63.570000
10
206.240000
20
-63.330000
10
206.240000
20
-63.330000
10
206.170000
20
-63.120000
10
206.170000
20
-63.120000
10
206.080000
20
-62.930000
10
206.080000
20
-62.930000
10
205.980000
20
-62.770000
10
205.980000
20
-62.770000
10
205.870000
20
-62.620000
10
205.870000
20
-62.620000
10
205.730000
20
-62.500000
10
205.730000
20
-62.500000
10
205.590000
20
-62.390000
10
205.590000
20
-62.390000
10
205.430000
20
-62.320000
10
205.430000
20
-62.320000
10
205.250000
20
-62.260000
10
205.250000
20
-62.260000
10
205.060000
20
-62.230000
10
205.060000
20
-62.230000
10
204.850000
20
-62.220000
0
LWPOLYLINE
5
1565
100
AcDbEntity
8
0
100
AcDbPolyline
90
98
70
0
43
0.000000
10
212.360000
20
-62.280000
10
211.110000
20
-62.280000
10
211.110000
20
-62.280000
10
211.110000
20
-66.700000
10
211.110000
20
-66.700000
10
212.540000
20
-66.700000
10
212.540000
20
-66.700000
10
212.760000
20
-66.690000
10
212.760000
20
-66.690000
10
212.960000
20
-66.670000
10
212.960000
20
-66.670000
10
213.150000
20
-66.640000
10
213.150000
20
-66.640000
10
213.320000
20
-66.590000
10
213.320000
20
-66.590000
10
213.480000
20
-66.530000
10
213.480000
20
-66.530000
10
213.630000
20
-66.450000
10
213.630000
20
-66.450000
10
213.760000
20
-66.370000
10
213.760000
20
-66.370000
10
213.880000
20
-66.270000
10
213.880000
20
-66.270000
10
213.980000
20
-66.160000
10
213.980000
20
-66.160000
10
214.060000
20
-66.040000
10
214.060000
20
-66.040000
10
214.130000
20
-65.910000
10
214.130000
20
-65.910000
10
214.170000
20
-65.770000
10
214.170000
20
-65.770000
10
214.200000
20
-65.610000
10
214.200000
20
-65.610000
10
214.210000
20
-65.450000
10
214.210000
20
-65.450000
10
214.200000
20
-65.320000
10
214.200000
20
-65.320000
10
214.190000
20
-65.210000
10
214.190000
20
-65.210000
10
214.150000
20
-65.090000
10
214.150000
20
-65.090000
10
214.110000
20
-64.990000
10
214.110000
20
-64.990000
10
214.060000
20
-64.890000
10
214.060000
20
-64.890000
10
213.990000
20
-64.800000
10
213.990000
20
-64.800000
10
213.910000
20
-64.720000
10
213.910000
20
-64.720000
10
213.820000
20
-64.640000
10
213.820000
20
-64.640000
10
213.730000
20
-64.570000
10
213.730000
20
-64.570000
10
213.510000
20
-64.470000
10
213.510000
20
-64.470000
10
213.390000
20
-64.430000
10
213.390000
20
-64.430000
10
213.250000
20
-64.400000
10
213.250000
20
-64.400000
10
213.110000
20
-64.380000
10
213.110000
20
-64.380000
10
213.220000
20
-64.350000
10
213.220000
20
-64.350000
10
213.420000
20
-64.270000
10
213.420000
20
-64.270000
10
213.510000
20
-64.210000
10
213.510000
20
-64.210000
10
213.590000
20
-64.150000
10
213.590000
20
-64.150000
10
213.660000
20
-64.090000
10
213.660000
20
-64.090000
10
213.730000
20
-64.020000
10
213.730000
20
-64.020000
10
213.780000
20
-63.940000
10
213.780000
20
-63.940000
10
213.830000
20
-63.850000
10
213.830000
20
-63.850000
10
213.870000
20
-63.770000
10
213.870000
20
-63.770000
10
213.930000
20
-63.570000
10
213.930000
20
-63.570000
10
213.940000
20
-63.470000
10
213.940000
20
-63.470000
10
213.940000
20
-63.370000
10
213.940000
20
-63.370000
10
213.910000
20
-63.080000
10
213.910000
20
-63.080000
10
213.810000
20
-62.830000
10
213.810000
20
-62.830000
10
213.650000
20
-62.640000
10
213.650000
20
-62.640000
10
213.430000
20
-62.480000
10
213.430000
20
-62.480000
10
213.140000
20
-62.370000
10
213.140000
20
-62.370000
10
212.780000
20
-62.300000
10
212.780000
20
-62.300000
10
212.360000
20
-62.280000
0
LWPOLYLINE
5
1566
100
AcDbEntity
8
0
100
AcDbPolyline
90
124
70
0
43
0.000000
10
217.210000
20
-62.220000
10
216.930000
20
-62.230000
10
216.930000
20
-62.230000
10
216.670000
20
-62.260000
10
216.670000
20
-62.260000
10
216.430000
20
-62.330000
10
216.430000
20
-62.330000
10
216.210000
20
-62.410000
10
216.210000
20
-62.410000
10
216.000000
20
-62.520000
10
216.000000
20
-62.520000
10
215.810000
20
-62.660000
10
215.810000
20
-62.660000
10
215.650000
20
-62.820000
10
215.650000
20
-62.820000
10
215.500000
20
-62.990000
10
215.500000
20
-62.990000
10
215.380000
20
-63.190000
10
215.380000
20
-63.190000
10
215.280000
20
-63.400000
10
215.280000
20
-63.400000
10
215.200000
20
-63.640000
10
215.200000
20
-63.640000
10
215.140000
20
-63.900000
10
215.140000
20
-63.900000
10
215.110000
20
-64.170000
10
215.110000
20
-64.170000
10
215.100000
20
-64.470000
10
215.100000
20
-64.470000
10
215.110000
20
-64.760000
10
215.110000
20
-64.760000
10
215.140000
20
-65.040000
10
215.140000
20
-65.040000
10
215.200000
20
-65.310000
10
215.200000
20
-65.310000
10
215.280000
20
-65.550000
10
215.280000
20
-65.550000
10
215.380000
20
-65.770000
10
215.380000
20
-65.770000
10
215.500000
20
-65.970000
10
215.500000
20
-65.970000
10
215.650000
20
-66.150000
10
215.650000
20
-66.150000
10
215.810000
20
-66.310000
10
215.810000
20
-66.310000
10
216.000000
20
-66.440000
10
216.000000
20
-66.440000
10
216.200000
20
-66.550000
10
216.200000
20
-66.550000
10
216.420000
20
-66.640000
10
216.420000
20
-66.640000
10
216.660000
20
-66.700000
10
216.660000
20
-66.700000
10
216.920000
20
-66.740000
10
216.920000
20
-66.740000
10
217.200000
20
-66.750000
10
217.200000
20
-66.750000
10
217.560000
20
-66.730000
10
217.560000
20
-66.730000
10
217.730000
20
-66.700000
10
217.730000
20
-66.700000
10
217.890000
20
-66.660000
10
217.890000
20
-66.660000
10
218.050000
20
-66.610000
10
218.050000
20
-66.610000
10
218.190000
20
-66.550000
10
218.190000
20
-66.550000
10
218.330000
20
-66.480000
10
218.330000
20
-66.480000
10
218.460000
20
-66.400000
10
218.460000
20
-66.400000
10
218.590000
20
-66.300000
10
218.590000
20
-66.300000
10
218.700000
20
-66.200000
10
218.700000
20
-66.200000
10
218.810000
20
-66.080000
10
218.810000
20
-66.080000
10
218.900000
20
-65.960000
10
218.900000
20
-65.960000
10
218.990000
20
-65.820000
10
218.990000
20
-65.820000
10
219.060000
20
-65.680000
10
219.060000
20
-65.680000
10
219.140000
20
-65.530000
10
219.140000
20
-65.530000
10
219.200000
20
-65.370000
10
219.200000
20
-65.370000
10
219.240000
20
-65.210000
10
219.240000
20
-65.210000
10
219.280000
20
-65.030000
10
219.280000
20
-65.030000
10
219.310000
20
-64.850000
10
219.310000
20
-64.850000
10
219.330000
20
-64.660000
10
219.330000
20
-64.660000
10
219.330000
20
-64.470000
10
219.330000
20
-64.470000
10
219.320000
20
-64.170000
10
219.320000
20
-64.170000
10
219.280000
20
-63.900000
10
219.280000
20
-63.900000
10
219.230000
20
-63.650000
10
219.230000
20
-63.650000
10
219.150000
20
-63.410000
10
219.150000
20
-63.410000
10
219.040000
20
-63.190000
10
219.040000
20
-63.190000
10
218.910000
20
-63.000000
10
218.910000
20
-63.000000
10
218.760000
20
-62.820000
10
218.760000
20
-62.820000
10
218.600000
20
-62.660000
10
218.600000
20
-62.660000
10
218.410000
20
-62.520000
10
218.410000
20
-62.520000
10
218.210000
20
-62.410000
10
218.210000
20
-62.410000
10
217.990000
20
-62.330000
10
217.990000
20
-62.330000
10
217.750000
20
-62.260000
10
217.750000
20
-62.260000
10
217.490000
20
-62.230000
10
217.490000
20
-62.230000
10
217.210000
20
-62.220000
0
LWPOLYLINE
5
1567
100
AcDbEntity
8
0
100
AcDbPolyline
90
22
70
0
43
0.000000
10
70.590000
20
-69.760000
10
69.750000
20
-69.760000
10
69.750000
20
-69.760000
10
67.940000
20
-72.660000
10
67.940000
20
-72.660000
10
67.940000
20
-73.250000
10
67.940000
20
-73.250000
10
69.890000
20
-73.250000
10
69.890000
20
-73.250000
10
69.890000
20
-74.180000
10
69.890000
20
-74.180000
10
70.590000
20
-74.180000
10
70.590000
20
-74.180000
10
70.590000
20
-73.250000
10
70.590000
20
-73.250000
10
71.220000
20
-73.250000
10
71.220000
20
-73.250000
10
71.220000
20
-72.660000
10
71.220000
20
-72.660000
10
70.590000
20
-72.660000
10
70.590000
20
-72.660000
10
70.590000
20
-69.760000
0
LWPOLYLINE
5
1568
100
AcDbEntity
8
0
100
AcDbPolyline
90
104
70
0
43
0.000000
10
123.250000
20
-69.700000
10
123.110000
20
-69.700000
10
123.110000
20
-69.700000
10
122.830000
20
-69.740000
10
122.830000
20
-69.740000
10
122.590000
20
-69.820000
10
122.590000
20
-69.820000
10
122.490000
20
-69.880000
10
122.490000
20
-69.880000
10
122.390000
20
-69.950000
10
122.390000
20
-69.950000
10
122.300000
20
-70.020000
10
122.300000
20
-70.020000
10
122.220000
20
-70.100000
10
122.220000
20
-70.100000
10
122.140000
20
-70.190000
10
122.140000
20
-70.190000
10
122.000000
20
-70.410000
10
122.000000
20
-70.410000
10
121.940000
20
-70.540000
10
121.940000
20
-70.540000
10
121.890000
20
-70.680000
10
121.890000
20
-70.680000
10
121.840000
20
-70.830000
10
121.840000
20
-70.830000
10
121.810000
20
-70.990000
10
121.810000
20
-70.990000
10
121.780000
20
-71.160000
10
121.780000
20
-71.160000
10
121.750000
20
-71.340000
10
121.750000
20
-71.340000
10
121.730000
20
-71.540000
10
121.730000
20
-71.540000
10
121.720000
20
-71.740000
10
121.720000
20
-71.740000
10
121.720000
20
-71.960000
10
121.720000
20
-71.960000
10
121.750000
20
-72.560000
10
121.750000
20
-72.560000
10
121.850000
20
-73.070000
10
121.850000
20
-73.070000
10
122.000000
20
-73.490000
10
122.000000
20
-73.490000
10
122.220000
20
-73.810000
10
122.220000
20
-73.810000
10
122.500000
20
-74.040000
10
122.500000
20
-74.040000
10
122.840000
20
-74.180000
10
122.840000
20
-74.180000
10
123.240000
20
-74.230000
10
123.240000
20
-74.230000
10
123.440000
20
-74.220000
10
123.440000
20
-74.220000
10
123.640000
20
-74.180000
10
123.640000
20
-74.180000
10
123.810000
20
-74.120000
10
123.810000
20
-74.120000
10
123.980000
20
-74.040000
10
123.980000
20
-74.040000
10
124.120000
20
-73.940000
10
124.120000
20
-73.940000
10
124.250000
20
-73.810000
10
124.250000
20
-73.810000
10
124.370000
20
-73.660000
10
124.370000
20
-73.660000
10
124.470000
20
-73.480000
10
124.470000
20
-73.480000
10
124.560000
20
-73.290000
10
124.560000
20
-73.290000
10
124.630000
20
-73.060000
10
124.630000
20
-73.060000
10
124.680000
20
-72.820000
10
124.680000
20
-72.820000
10
124.720000
20
-72.560000
10
124.720000
20
-72.560000
10
124.750000
20
-72.270000
10
124.750000
20
-72.270000
10
124.750000
20
-71.650000
10
124.750000
20
-71.650000
10
124.720000
20
-71.350000
10
124.720000
20
-71.350000
10
124.690000
20
-71.090000
10
124.690000
20
-71.090000
10
124.630000
20
-70.840000
10
124.630000
20
-70.840000
10
124.570000
20
-70.630000
10
124.570000
20
-70.630000
10
124.490000
20
-70.430000
10
124.490000
20
-70.430000
10
124.390000
20
-70.260000
10
124.390000
20
-70.260000
10
124.270000
20
-70.110000
10
124.270000
20
-70.110000
10
124.150000
20
-69.980000
10
124.150000
20
-69.980000
10
124.000000
20
-69.880000
10
124.000000
20
-69.880000
10
123.840000
20
-69.800000
10
123.840000
20
-69.800000
10
123.660000
20
-69.740000
10
123.660000
20
-69.740000
10
123.470000
20
-69.710000
10
123.470000
20
-69.710000
10
123.250000
20
-69.700000
0
LWPOLYLINE
5
1569
100
AcDbEntity
8
0
100
AcDbPolyline
90
72
70
0
43
0.000000
10
50.190000
20
-77.240000
10
48.720000
20
-77.240000
10
48.720000
20
-77.240000
10
48.720000
20
-81.660000
10
48.720000
20
-81.660000
10
50.340000
20
-81.660000
10
50.340000
20
-81.660000
10
50.520000
20
-81.650000
10
50.520000
20
-81.650000
10
50.690000
20
-81.640000
10
50.690000
20
-81.640000
10
50.850000
20
-81.610000
10
50.850000
20
-81.610000
10
51.010000
20
-81.570000
10
51.010000
20
-81.570000
10
51.160000
20
-81.510000
10
51.160000
20
-81.510000
10
51.300000
20
-81.450000
10
51.300000
20
-81.450000
10
51.440000
20
-81.380000
10
51.440000
20
-81.380000
10
51.700000
20
-81.200000
10
51.700000
20
-81.200000
10
51.810000
20
-81.100000
10
51.810000
20
-81.100000
10
51.920000
20
-80.990000
10
51.920000
20
-80.990000
10
52.010000
20
-80.880000
10
52.010000
20
-80.880000
10
52.100000
20
-80.750000
10
52.100000
20
-80.750000
10
52.170000
20
-80.610000
10
52.170000
20
-80.610000
10
52.240000
20
-80.460000
10
52.240000
20
-80.460000
10
52.300000
20
-80.310000
10
52.300000
20
-80.310000
10
52.350000
20
-80.140000
10
52.350000
20
-80.140000
10
52.390000
20
-79.970000
10
52.390000
20
-79.970000
10
52.420000
20
-79.790000
10
52.420000
20
-79.790000
10
52.440000
20
-79.410000
10
52.440000
20
-79.410000
10
52.430000
20
-79.120000
10
52.430000
20
-79.120000
10
52.390000
20
-78.850000
10
52.390000
20
-78.850000
10
52.330000
20
-78.600000
10
52.330000
20
-78.600000
10
52.250000
20
-78.370000
10
52.250000
20
-78.370000
10
52.140000
20
-78.160000
10
52.140000
20
-78.160000
10
52.010000
20
-77.980000
10
52.010000
20
-77.980000
10
51.860000
20
-77.810000
10
51.860000
20
-77.810000
10
51.680000
20
-77.660000
10
51.680000
20
-77.660000
10
51.490000
20
-77.530000
10
51.490000
20
-77.530000
10
51.270000
20
-77.430000
10
51.270000
20
-77.430000
10
51.030000
20
-77.350000
10
51.030000
20
-77.350000
10
50.770000
20
-77.290000
10
50.770000
20
-77.290000
10
50.490000
20
-77.250000
10
50.490000
20
-77.250000
10
50.190000
20
-77.240000
0
LWPOLYLINE
5
1570
100
AcDbEntity
8
0
100
AcDbPolyline
90
16
70
0
43
0.000000
10
55.690000
20
-77.240000
10
54.810000
20
-77.240000
10
54.810000
20
-77.240000
10
53.160000
20
-81.660000
10
53.160000
20
-81.660000
10
53.930000
20
-81.660000
10
53.930000
20
-81.660000
10
54.360000
20
-80.440000
10
54.360000
20
-80.440000
10
56.130000
20
-80.440000
10
56.130000
20
-80.440000
10
56.580000
20
-81.660000
10
56.580000
20
-81.660000
10
57.330000
20
-81.660000
10
57.330000
20
-81.660000
10
55.690000
20
-77.240000
0
LWPOLYLINE
5
1571
100
AcDbEntity
8
0
100
AcDbPolyline
90
110
70
0
43
0.000000
10
72.920000
20
-77.180000
10
72.770000
20
-77.180000
10
72.770000
20
-77.180000
10
72.630000
20
-77.200000
10
72.630000
20
-77.200000
10
72.500000
20
-77.220000
10
72.500000
20
-77.220000
10
72.260000
20
-77.300000
10
72.260000
20
-77.300000
10
72.150000
20
-77.360000
10
72.150000
20
-77.360000
10
72.050000
20
-77.430000
10
72.050000
20
-77.430000
10
71.970000
20
-77.500000
10
71.970000
20
-77.500000
10
71.880000
20
-77.580000
10
71.880000
20
-77.580000
10
71.810000
20
-77.670000
10
71.810000
20
-77.670000
10
71.730000
20
-77.780000
10
71.730000
20
-77.780000
10
71.670000
20
-77.890000
10
71.670000
20
-77.890000
10
71.610000
20
-78.020000
10
71.610000
20
-78.020000
10
71.550000
20
-78.160000
10
71.550000
20
-78.160000
10
71.510000
20
-78.310000
10
71.510000
20
-78.310000
10
71.470000
20
-78.470000
10
71.470000
20
-78.470000
10
71.440000
20
-78.640000
10
71.440000
20
-78.640000
10
71.420000
20
-78.820000
10
71.420000
20
-78.820000
10
71.400000
20
-79.020000
10
71.400000
20
-79.020000
10
71.390000
20
-79.220000
10
71.390000
20
-79.220000
10
71.390000
20
-79.440000
10
71.390000
20
-79.440000
10
71.420000
20
-80.040000
10
71.420000
20
-80.040000
10
71.510000
20
-80.550000
10
71.510000
20
-80.550000
10
71.660000
20
-80.970000
10
71.660000
20
-80.970000
10
71.880000
20
-81.290000
10
71.880000
20
-81.290000
10
72.160000
20
-81.520000
10
72.160000
20
-81.520000
10
72.500000
20
-81.660000
10
72.500000
20
-81.660000
10
72.900000
20
-81.710000
10
72.900000
20
-81.710000
10
73.110000
20
-81.700000
10
73.110000
20
-81.700000
10
73.300000
20
-81.660000
10
73.300000
20
-81.660000
10
73.480000
20
-81.600000
10
73.480000
20
-81.600000
10
73.640000
20
-81.520000
10
73.640000
20
-81.520000
10
73.790000
20
-81.420000
10
73.790000
20
-81.420000
10
73.920000
20
-81.290000
10
73.920000
20
-81.290000
10
74.040000
20
-81.140000
10
74.040000
20
-81.140000
10
74.140000
20
-80.960000
10
74.140000
20
-80.960000
10
74.220000
20
-80.770000
10
74.220000
20
-80.770000
10
74.290000
20
-80.540000
10
74.290000
20
-80.540000
10
74.350000
20
-80.300000
10
74.350000
20
-80.300000
10
74.390000
20
-80.040000
10
74.390000
20
-80.040000
10
74.410000
20
-79.750000
10
74.410000
20
-79.750000
10
74.420000
20
-79.440000
10
74.420000
20
-79.440000
10
74.410000
20
-79.130000
10
74.410000
20
-79.130000
10
74.390000
20
-78.830000
10
74.390000
20
-78.830000
10
74.350000
20
-78.570000
10
74.350000
20
-78.570000
10
74.300000
20
-78.320000
10
74.300000
20
-78.320000
10
74.230000
20
-78.110000
10
74.230000
20
-78.110000
10
74.150000
20
-77.910000
10
74.150000
20
-77.910000
10
74.050000
20
-77.740000
10
74.050000
20
-77.740000
10
73.940000
20
-77.590000
10
73.940000
20
-77.590000
10
73.810000
20
-77.460000
10
73.810000
20
-77.460000
10
73.670000
20
-77.360000
10
73.670000
20
-77.360000
10
73.500000
20
-77.280000
10
73.500000
20
-77.280000
10
73.330000
20
-77.220000
10
73.330000
20
-77.220000
10
73.130000
20
-77.190000
10
73.130000
20
-77.190000
10
72.920000
20
-77.180000
0
LWPOLYLINE
5
1572
100
AcDbEntity
8
0
100
AcDbPolyline
90
196
70
0
43
0.000000
10
81.000000
20
-77.180000
10
80.860000
20
-77.180000
10
80.860000
20
-77.180000
10
80.640000
20
-77.190000
10
80.640000
20
-77.190000
10
80.430000
20
-77.220000
10
80.430000
20
-77.220000
10
80.240000
20
-77.290000
10
80.240000
20
-77.290000
10
80.070000
20
-77.370000
10
80.070000
20
-77.370000
10
79.910000
20
-77.480000
10
79.910000
20
-77.480000
10
79.770000
20
-77.620000
10
79.770000
20
-77.620000
10
79.650000
20
-77.780000
10
79.650000
20
-77.780000
10
79.540000
20
-77.960000
10
79.540000
20
-77.960000
10
79.450000
20
-78.170000
10
79.450000
20
-78.170000
10
79.380000
20
-78.400000
10
79.380000
20
-78.400000
10
79.320000
20
-78.650000
10
79.320000
20
-78.650000
10
79.280000
20
-78.930000
10
79.280000
20
-78.930000
10
79.250000
20
-79.230000
10
79.250000
20
-79.230000
10
79.250000
20
-79.860000
10
79.250000
20
-79.860000
10
79.280000
20
-80.130000
10
79.280000
20
-80.130000
10
79.320000
20
-80.390000
10
79.320000
20
-80.390000
10
79.380000
20
-80.620000
10
79.380000
20
-80.620000
10
79.450000
20
-80.830000
10
79.450000
20
-80.830000
10
79.540000
20
-81.010000
10
79.540000
20
-81.010000
10
79.650000
20
-81.180000
10
79.650000
20
-81.180000
10
79.770000
20
-81.320000
10
79.770000
20
-81.320000
10
79.900000
20
-81.440000
10
79.900000
20
-81.440000
10
80.050000
20
-81.530000
10
80.050000
20
-81.530000
10
80.220000
20
-81.610000
10
80.220000
20
-81.610000
10
80.400000
20
-81.670000
10
80.400000
20
-81.670000
10
80.590000
20
-81.700000
10
80.590000
20
-81.700000
10
80.800000
20
-81.710000
10
80.800000
20
-81.710000
10
80.980000
20
-81.700000
10
80.980000
20
-81.700000
10
81.150000
20
-81.680000
10
81.150000
20
-81.680000
10
81.320000
20
-81.640000
10
81.320000
20
-81.640000
10
81.470000
20
-81.580000
10
81.470000
20
-81.580000
10
81.600000
20
-81.500000
10
81.600000
20
-81.500000
10
81.730000
20
-81.410000
10
81.730000
20
-81.410000
10
81.850000
20
-81.310000
10
81.850000
20
-81.310000
10
81.950000
20
-81.190000
10
81.950000
20
-81.190000
10
82.030000
20
-81.060000
10
82.030000
20
-81.060000
10
82.100000
20
-80.910000
10
82.100000
20
-80.910000
10
82.160000
20
-80.750000
10
82.160000
20
-80.750000
10
82.200000
20
-80.580000
10
82.200000
20
-80.580000
10
82.220000
20
-80.400000
10
82.220000
20
-80.400000
10
82.230000
20
-80.210000
10
82.230000
20
-80.210000
10
82.220000
20
-80.030000
10
82.220000
20
-80.030000
10
82.200000
20
-79.860000
10
82.200000
20
-79.860000
10
82.170000
20
-79.700000
10
82.170000
20
-79.700000
10
82.120000
20
-79.550000
10
82.120000
20
-79.550000
10
82.050000
20
-79.420000
10
82.050000
20
-79.420000
10
81.970000
20
-79.290000
10
81.970000
20
-79.290000
10
81.880000
20
-79.180000
10
81.880000
20
-79.180000
10
81.770000
20
-79.080000
10
81.770000
20
-79.080000
10
81.660000
20
-79.000000
10
81.660000
20
-79.000000
10
81.540000
20
-78.930000
10
81.540000
20
-78.930000
10
81.400000
20
-78.880000
10
81.400000
20
-78.880000
10
81.260000
20
-78.840000
10
81.260000
20
-78.840000
10
81.110000
20
-78.820000
10
81.110000
20
-78.820000
10
80.950000
20
-78.810000
10
80.950000
20
-78.810000
10
80.850000
20
-78.810000
10
80.850000
20
-78.810000
10
80.760000
20
-78.820000
10
80.760000
20
-78.820000
10
80.680000
20
-78.830000
10
80.680000
20
-78.830000
10
80.590000
20
-78.850000
10
80.590000
20
-78.850000
10
80.510000
20
-78.880000
10
80.510000
20
-78.880000
10
80.440000
20
-78.910000
10
80.440000
20
-78.910000
10
80.360000
20
-78.940000
10
80.360000
20
-78.940000
10
80.290000
20
-78.980000
10
80.290000
20
-78.980000
10
80.220000
20
-79.030000
10
80.220000
20
-79.030000
10
80.100000
20
-79.130000
10
80.100000
20
-79.130000
10
80.040000
20
-79.190000
10
80.040000
20
-79.190000
10
79.990000
20
-79.260000
10
79.990000
20
-79.260000
10
79.960000
20
-79.320000
10
79.960000
20
-79.320000
10
79.950000
20
-79.320000
10
79.950000
20
-79.320000
10
79.970000
20
-78.910000
10
79.970000
20
-78.910000
10
80.030000
20
-78.560000
10
80.030000
20
-78.560000
10
80.120000
20
-78.270000
10
80.120000
20
-78.270000
10
80.250000
20
-78.050000
10
80.250000
20
-78.050000
10
80.410000
20
-77.890000
10
80.410000
20
-77.890000
10
80.610000
20
-77.790000
10
80.610000
20
-77.790000
10
80.850000
20
-77.760000
10
80.850000
20
-77.760000
10
80.970000
20
-77.770000
10
80.970000
20
-77.770000
10
81.080000
20
-77.800000
10
81.080000
20
-77.800000
10
81.180000
20
-77.840000
10
81.180000
20
-77.840000
10
81.260000
20
-77.910000
10
81.260000
20
-77.910000
10
81.340000
20
-77.990000
10
81.340000
20
-77.990000
10
81.400000
20
-78.090000
10
81.400000
20
-78.090000
10
81.450000
20
-78.200000
10
81.450000
20
-78.200000
10
81.520000
20
-78.200000
10
81.520000
20
-78.200000
10
82.110000
20
-78.110000
10
82.110000
20
-78.110000
10
82.070000
20
-77.970000
10
82.070000
20
-77.970000
10
82.020000
20
-77.850000
10
82.020000
20
-77.850000
10
81.960000
20
-77.730000
10
81.960000
20
-77.730000
10
81.900000
20
-77.630000
10
81.900000
20
-77.630000
10
81.830000
20
-77.540000
10
81.830000
20
-77.540000
10
81.750000
20
-77.460000
10
81.750000
20
-77.460000
10
81.660000
20
-77.390000
10
81.660000
20
-77.390000
10
81.570000
20
-77.330000
10
81.570000
20
-77.330000
10
81.480000
20
-77.290000
10
81.480000
20
-77.290000
10
81.370000
20
-77.250000
10
81.370000
20
-77.250000
10
81.130000
20
-77.190000
10
81.130000
20
-77.190000
10
81.000000
20
-77.180000
0
LWPOLYLINE
5
1573
100
AcDbEntity
8
0
100
AcDbPolyline
90
110
70
0
43
0.000000
10
88.190000
20
-77.180000
10
88.040000
20
-77.180000
10
88.040000
20
-77.180000
10
87.900000
20
-77.200000
10
87.900000
20
-77.200000
10
87.770000
20
-77.220000
10
87.770000
20
-77.220000
10
87.530000
20
-77.300000
10
87.530000
20
-77.300000
10
87.420000
20
-77.360000
10
87.420000
20
-77.360000
10
87.320000
20
-77.430000
10
87.320000
20
-77.430000
10
87.240000
20
-77.500000
10
87.240000
20
-77.500000
10
87.150000
20
-77.580000
10
87.150000
20
-77.580000
10
87.080000
20
-77.670000
10
87.080000
20
-77.670000
10
87.000000
20
-77.780000
10
87.000000
20
-77.780000
10
86.940000
20
-77.890000
10
86.940000
20
-77.890000
10
86.880000
20
-78.020000
10
86.880000
20
-78.020000
10
86.820000
20
-78.160000
10
86.820000
20
-78.160000
10
86.780000
20
-78.310000
10
86.780000
20
-78.310000
10
86.740000
20
-78.470000
10
86.740000
20
-78.470000
10
86.710000
20
-78.640000
10
86.710000
20
-78.640000
10
86.690000
20
-78.820000
10
86.690000
20
-78.820000
10
86.670000
20
-79.020000
10
86.670000
20
-79.020000
10
86.660000
20
-79.220000
10
86.660000
20
-79.220000
10
86.660000
20
-79.440000
10
86.660000
20
-79.440000
10
86.690000
20
-80.040000
10
86.690000
20
-80.040000
10
86.780000
20
-80.550000
10
86.780000
20
-80.550000
10
86.930000
20
-80.970000
10
86.930000
20
-80.970000
10
87.150000
20
-81.290000
10
87.150000
20
-81.290000
10
87.430000
20
-81.520000
10
87.430000
20
-81.520000
10
87.770000
20
-81.660000
10
87.770000
20
-81.660000
10
88.170000
20
-81.710000
10
88.170000
20
-81.710000
10
88.380000
20
-81.700000
10
88.380000
20
-81.700000
10
88.570000
20
-81.660000
10
88.570000
20
-81.660000
10
88.750000
20
-81.600000
10
88.750000
20
-81.600000
10
88.910000
20
-81.520000
10
88.910000
20
-81.520000
10
89.060000
20
-81.420000
10
89.060000
20
-81.420000
10
89.190000
20
-81.290000
10
89.190000
20
-81.290000
10
89.310000
20
-81.140000
10
89.310000
20
-81.140000
10
89.410000
20
-80.960000
10
89.410000
20
-80.960000
10
89.490000
20
-80.770000
10
89.490000
20
-80.770000
10
89.560000
20
-80.540000
10
89.560000
20
-80.540000
10
89.620000
20
-80.300000
10
89.620000
20
-80.300000
10
89.660000
20
-80.040000
10
89.660000
20
-80.040000
10
89.680000
20
-79.750000
10
89.680000
20
-79.750000
10
89.690000
20
-79.440000
10
89.690000
20
-79.440000
10
89.680000
20
-79.130000
10
89.680000
20
-79.130000
10
89.660000
20
-78.830000
10
89.660000
20
-78.830000
10
89.620000
20
-78.570000
10
89.620000
20
-78.570000
10
89.570000
20
-78.320000
10
89.570000
20
-78.320000
10
89.500000
20
-78.110000
10
89.500000
20
-78.110000
10
89.420000
20
-77.910000
10
89.420000
20
-77.910000
10
89.320000
20
-77.740000
10
89.320000
20
-77.740000
10
89.210000
20
-77.590000
10
89.210000
20
-77.590000
10
89.080000
20
-77.460000
10
89.080000
20
-77.460000
10
88.940000
20
-77.360000
10
88.940000
20
-77.360000
10
88.770000
20
-77.280000
10
88.770000
20
-77.280000
10
88.600000
20
-77.220000
10
88.600000
20
-77.220000
10
88.400000
20
-77.190000
10
88.400000
20
-77.190000
10
88.190000
20
-77.180000
0
LWPOLYLINE
5
1574
100
AcDbEntity
8
0
100
AcDbPolyline
90
206
70
0
43
0.000000
10
92.250000
20
-77.180000
10
91.880000
20
-77.180000
10
91.880000
20
-77.180000
10
91.710000
20
-77.200000
10
91.710000
20
-77.200000
10
91.560000
20
-77.230000
10
91.560000
20
-77.230000
10
91.410000
20
-77.280000
10
91.410000
20
-77.280000
10
91.280000
20
-77.340000
10
91.280000
20
-77.340000
10
91.160000
20
-77.410000
10
91.160000
20
-77.410000
10
91.040000
20
-77.490000
10
91.040000
20
-77.490000
10
90.950000
20
-77.580000
10
90.950000
20
-77.580000
10
90.860000
20
-77.680000
10
90.860000
20
-77.680000
10
90.800000
20
-77.790000
10
90.800000
20
-77.790000
10
90.750000
20
-77.910000
10
90.750000
20
-77.910000
10
90.710000
20
-78.030000
10
90.710000
20
-78.030000
10
90.690000
20
-78.170000
10
90.690000
20
-78.170000
10
90.680000
20
-78.310000
10
90.680000
20
-78.310000
10
90.680000
20
-78.410000
10
90.680000
20
-78.410000
10
90.690000
20
-78.510000
10
90.690000
20
-78.510000
10
90.710000
20
-78.610000
10
90.710000
20
-78.610000
10
90.740000
20
-78.700000
10
90.740000
20
-78.700000
10
90.820000
20
-78.880000
10
90.820000
20
-78.880000
10
90.940000
20
-79.040000
10
90.940000
20
-79.040000
10
91.010000
20
-79.110000
10
91.010000
20
-79.110000
10
91.090000
20
-79.180000
10
91.090000
20
-79.180000
10
91.170000
20
-79.230000
10
91.170000
20
-79.230000
10
91.260000
20
-79.280000
10
91.260000
20
-79.280000
10
91.440000
20
-79.340000
10
91.440000
20
-79.340000
10
91.330000
20
-79.370000
10
91.330000
20
-79.370000
10
91.130000
20
-79.450000
10
91.130000
20
-79.450000
10
91.040000
20
-79.500000
10
91.040000
20
-79.500000
10
90.960000
20
-79.560000
10
90.960000
20
-79.560000
10
90.880000
20
-79.630000
10
90.880000
20
-79.630000
10
90.810000
20
-79.710000
10
90.810000
20
-79.710000
10
90.750000
20
-79.800000
10
90.750000
20
-79.800000
10
90.700000
20
-79.890000
10
90.700000
20
-79.890000
10
90.650000
20
-79.990000
10
90.650000
20
-79.990000
10
90.620000
20
-80.090000
10
90.620000
20
-80.090000
10
90.580000
20
-80.310000
10
90.580000
20
-80.310000
10
90.580000
20
-80.430000
10
90.580000
20
-80.430000
10
90.590000
20
-80.600000
10
90.590000
20
-80.600000
10
90.610000
20
-80.750000
10
90.610000
20
-80.750000
10
90.650000
20
-80.900000
10
90.650000
20
-80.900000
10
90.700000
20
-81.040000
10
90.700000
20
-81.040000
10
90.770000
20
-81.160000
10
90.770000
20
-81.160000
10
90.860000
20
-81.270000
10
90.860000
20
-81.270000
10
90.960000
20
-81.380000
10
90.960000
20
-81.380000
10
91.080000
20
-81.460000
10
91.080000
20
-81.460000
10
91.220000
20
-81.540000
10
91.220000
20
-81.540000
10
91.360000
20
-81.600000
10
91.360000
20
-81.600000
10
91.520000
20
-81.650000
10
91.520000
20
-81.650000
10
91.690000
20
-81.680000
10
91.690000
20
-81.680000
10
91.880000
20
-81.700000
10
91.880000
20
-81.700000
10
92.080000
20
-81.710000
10
92.080000
20
-81.710000
10
92.280000
20
-81.700000
10
92.280000
20
-81.700000
10
92.470000
20
-81.680000
10
92.470000
20
-81.680000
10
92.640000
20
-81.650000
10
92.640000
20
-81.650000
10
92.800000
20
-81.600000
10
92.800000
20
-81.600000
10
92.950000
20
-81.540000
10
92.950000
20
-81.540000
10
93.080000
20
-81.460000
10
93.080000
20
-81.460000
10
93.190000
20
-81.380000
10
93.190000
20
-81.380000
10
93.300000
20
-81.270000
10
93.300000
20
-81.270000
10
93.380000
20
-81.160000
10
93.380000
20
-81.160000
10
93.450000
20
-81.030000
10
93.450000
20
-81.030000
10
93.510000
20
-80.900000
10
93.510000
20
-80.900000
10
93.550000
20
-80.750000
10
93.550000
20
-80.750000
10
93.570000
20
-80.580000
10
93.570000
20
-80.580000
10
93.580000
20
-80.410000
10
93.580000
20
-80.410000
10
93.560000
20
-80.170000
10
93.560000
20
-80.170000
10
93.540000
20
-80.060000
10
93.540000
20
-80.060000
10
93.500000
20
-79.960000
10
93.500000
20
-79.960000
10
93.460000
20
-79.870000
10
93.460000
20
-79.870000
10
93.410000
20
-79.780000
10
93.410000
20
-79.780000
10
93.340000
20
-79.690000
10
93.340000
20
-79.690000
10
93.200000
20
-79.550000
10
93.200000
20
-79.550000
10
93.110000
20
-79.490000
10
93.110000
20
-79.490000
10
93.020000
20
-79.440000
10
93.020000
20
-79.440000
10
92.930000
20
-79.400000
10
92.930000
20
-79.400000
10
92.710000
20
-79.340000
10
92.710000
20
-79.340000
10
92.710000
20
-79.330000
10
92.710000
20
-79.330000
10
92.810000
20
-79.300000
10
92.810000
20
-79.300000
10
92.900000
20
-79.270000
10
92.900000
20
-79.270000
10
92.980000
20
-79.230000
10
92.980000
20
-79.230000
10
93.060000
20
-79.180000
10
93.060000
20
-79.180000
10
93.130000
20
-79.120000
10
93.130000
20
-79.120000
10
93.200000
20
-79.050000
10
93.200000
20
-79.050000
10
93.260000
20
-78.980000
10
93.260000
20
-78.980000
10
93.320000
20
-78.890000
10
93.320000
20
-78.890000
10
93.370000
20
-78.810000
10
93.370000
20
-78.810000
10
93.410000
20
-78.720000
10
93.410000
20
-78.720000
10
93.440000
20
-78.620000
10
93.440000
20
-78.620000
10
93.460000
20
-78.530000
10
93.460000
20
-78.530000
10
93.480000
20
-78.330000
10
93.480000
20
-78.330000
10
93.470000
20
-78.170000
10
93.470000
20
-78.170000
10
93.450000
20
-78.030000
10
93.450000
20
-78.030000
10
93.410000
20
-77.900000
10
93.410000
20
-77.900000
10
93.360000
20
-77.780000
10
93.360000
20
-77.780000
10
93.290000
20
-77.670000
10
93.290000
20
-77.670000
10
93.210000
20
-77.570000
10
93.210000
20
-77.570000
10
93.110000
20
-77.480000
10
93.110000
20
-77.480000
10
93.000000
20
-77.400000
10
93.000000
20
-77.400000
10
92.870000
20
-77.330000
10
92.870000
20
-77.330000
10
92.730000
20
-77.270000
10
92.730000
20
-77.270000
10
92.580000
20
-77.230000
10
92.580000
20
-77.230000
10
92.420000
20
-77.200000
10
92.420000
20
-77.200000
10
92.250000
20
-77.180000
0
LWPOLYLINE
5
1575
100
AcDbEntity
8
0
100
AcDbPolyline
90
108
70
0
43
0.000000
10
119.200000
20
-77.180000
10
119.050000
20
-77.180000
10
119.050000
20
-77.180000
10
118.910000
20
-77.200000
10
118.910000
20
-77.200000
10
118.780000
20
-77.220000
10
118.780000
20
-77.220000
10
118.540000
20
-77.300000
10
118.540000
20
-77.300000
10
118.430000
20
-77.360000
10
118.430000
20
-77.360000
10
118.330000
20
-77.430000
10
118.330000
20
-77.430000
10
118.250000
20
-77.500000
10
118.250000
20
-77.500000
10
118.160000
20
-77.580000
10
118.160000
20
-77.580000
10
118.090000
20
-77.670000
10
118.090000
20
-77.670000
10
117.950000
20
-77.890000
10
117.950000
20
-77.890000
10
117.890000
20
-78.020000
10
117.890000
20
-78.020000
10
117.830000
20
-78.160000
10
117.830000
20
-78.160000
10
117.790000
20
-78.310000
10
117.790000
20
-78.310000
10
117.750000
20
-78.470000
10
117.750000
20
-78.470000
10
117.720000
20
-78.640000
10
117.720000
20
-78.640000
10
117.700000
20
-78.820000
10
117.700000
20
-78.820000
10
117.680000
20
-79.020000
10
117.680000
20
-79.020000
10
117.670000
20
-79.220000
10
117.670000
20
-79.220000
10
117.670000
20
-79.440000
10
117.670000
20
-79.440000
10
117.700000
20
-80.040000
10
117.700000
20
-80.040000
10
117.790000
20
-80.550000
10
117.790000
20
-80.550000
10
117.950000
20
-80.970000
10
117.950000
20
-80.970000
10
118.160000
20
-81.290000
10
118.160000
20
-81.290000
10
118.440000
20
-81.520000
10
118.440000
20
-81.520000
10
118.780000
20
-81.660000
10
118.780000
20
-81.660000
10
119.180000
20
-81.710000
10
119.180000
20
-81.710000
10
119.390000
20
-81.700000
10
119.390000
20
-81.700000
10
119.580000
20
-81.660000
10
119.580000
20
-81.660000
10
119.760000
20
-81.600000
10
119.760000
20
-81.600000
10
119.920000
20
-81.520000
10
119.920000
20
-81.520000
10
120.070000
20
-81.420000
10
120.070000
20
-81.420000
10
120.200000
20
-81.290000
10
120.200000
20
-81.290000
10
120.320000
20
-81.140000
10
120.320000
20
-81.140000
10
120.420000
20
-80.960000
10
120.420000
20
-80.960000
10
120.510000
20
-80.770000
10
120.510000
20
-80.770000
10
120.580000
20
-80.540000
10
120.580000
20
-80.540000
10
120.630000
20
-80.300000
10
120.630000
20
-80.300000
10
120.670000
20
-80.040000
10
120.670000
20
-80.040000
10
120.690000
20
-79.750000
10
120.690000
20
-79.750000
10
120.700000
20
-79.440000
10
120.700000
20
-79.440000
10
120.690000
20
-79.130000
10
120.690000
20
-79.130000
10
120.670000
20
-78.830000
10
120.670000
20
-78.830000
10
120.630000
20
-78.570000
10
120.630000
20
-78.570000
10
120.580000
20
-78.320000
10
120.580000
20
-78.320000
10
120.510000
20
-78.110000
10
120.510000
20
-78.110000
10
120.430000
20
-77.910000
10
120.430000
20
-77.910000
10
120.330000
20
-77.740000
10
120.330000
20
-77.740000
10
120.220000
20
-77.590000
10
120.220000
20
-77.590000
10
120.090000
20
-77.460000
10
120.090000
20
-77.460000
10
119.950000
20
-77.360000
10
119.950000
20
-77.360000
10
119.780000
20
-77.280000
10
119.780000
20
-77.280000
10
119.610000
20
-77.220000
10
119.610000
20
-77.220000
10
119.410000
20
-77.190000
10
119.410000
20
-77.190000
10
119.200000
20
-77.180000
0
LWPOLYLINE
5
1576
100
AcDbEntity
8
0
100
AcDbPolyline
90
110
70
0
43
0.000000
10
123.110000
20
-77.180000
10
122.960000
20
-77.180000
10
122.960000
20
-77.180000
10
122.820000
20
-77.200000
10
122.820000
20
-77.200000
10
122.690000
20
-77.220000
10
122.690000
20
-77.220000
10
122.560000
20
-77.260000
10
122.560000
20
-77.260000
10
122.450000
20
-77.300000
10
122.450000
20
-77.300000
10
122.340000
20
-77.360000
10
122.340000
20
-77.360000
10
122.240000
20
-77.430000
10
122.240000
20
-77.430000
10
122.150000
20
-77.500000
10
122.150000
20
-77.500000
10
122.070000
20
-77.580000
10
122.070000
20
-77.580000
10
121.990000
20
-77.670000
10
121.990000
20
-77.670000
10
121.920000
20
-77.780000
10
121.920000
20
-77.780000
10
121.860000
20
-77.890000
10
121.860000
20
-77.890000
10
121.790000
20
-78.020000
10
121.790000
20
-78.020000
10
121.740000
20
-78.160000
10
121.740000
20
-78.160000
10
121.700000
20
-78.310000
10
121.700000
20
-78.310000
10
121.660000
20
-78.470000
10
121.660000
20
-78.470000
10
121.630000
20
-78.640000
10
121.630000
20
-78.640000
10
121.600000
20
-78.820000
10
121.600000
20
-78.820000
10
121.580000
20
-79.220000
10
121.580000
20
-79.220000
10
121.570000
20
-79.440000
10
121.570000
20
-79.440000
10
121.600000
20
-80.040000
10
121.600000
20
-80.040000
10
121.700000
20
-80.550000
10
121.700000
20
-80.550000
10
121.850000
20
-80.970000
10
121.850000
20
-80.970000
10
122.070000
20
-81.290000
10
122.070000
20
-81.290000
10
122.350000
20
-81.520000
10
122.350000
20
-81.520000
10
122.690000
20
-81.660000
10
122.690000
20
-81.660000
10
123.090000
20
-81.710000
10
123.090000
20
-81.710000
10
123.300000
20
-81.700000
10
123.300000
20
-81.700000
10
123.490000
20
-81.660000
10
123.490000
20
-81.660000
10
123.670000
20
-81.600000
10
123.670000
20
-81.600000
10
123.830000
20
-81.520000
10
123.830000
20
-81.520000
10
123.970000
20
-81.420000
10
123.970000
20
-81.420000
10
124.110000
20
-81.290000
10
124.110000
20
-81.290000
10
124.220000
20
-81.140000
10
124.220000
20
-81.140000
10
124.320000
20
-80.960000
10
124.320000
20
-80.960000
10
124.410000
20
-80.770000
10
124.410000
20
-80.770000
10
124.480000
20
-80.540000
10
124.480000
20
-80.540000
10
124.540000
20
-80.300000
10
124.540000
20
-80.300000
10
124.570000
20
-80.040000
10
124.570000
20
-80.040000
10
124.600000
20
-79.750000
10
124.600000
20
-79.750000
10
124.610000
20
-79.440000
10
124.610000
20
-79.440000
10
124.600000
20
-79.130000
10
124.600000
20
-79.130000
10
124.580000
20
-78.830000
10
124.580000
20
-78.830000
10
124.540000
20
-78.570000
10
124.540000
20
-78.570000
10
124.490000
20
-78.320000
10
124.490000
20
-78.320000
10
124.420000
20
-78.110000
10
124.420000
20
-78.110000
10
124.340000
20
-77.910000
10
124.340000
20
-77.910000
10
124.240000
20
-77.740000
10
124.240000
20
-77.740000
10
124.130000
20
-77.590000
10
124.130000
20
-77.590000
10
124.000000
20
-77.460000
10
124.000000
20
-77.460000
10
123.850000
20
-77.360000
10
123.850000
20
-77.360000
10
123.690000
20
-77.280000
10
123.690000
20
-77.280000
10
123.510000
20
-77.220000
10
123.510000
20
-77.220000
10
123.320000
20
-77.190000
10
123.320000
20
-77.190000
10
123.110000
20
-77.180000
0
LWPOLYLINE
5
1577
100
AcDbEntity
8
0
100
AcDbPolyline
90
124
70
0
43
0.000000
10
55.840000
20
-84.660000
10
55.560000
20
-84.670000
10
55.560000
20
-84.670000
10
55.300000
20
-84.700000
10
55.300000
20
-84.700000
10
55.060000
20
-84.770000
10
55.060000
20
-84.770000
10
54.840000
20
-84.850000
10
54.840000
20
-84.850000
10
54.630000
20
-84.960000
10
54.630000
20
-84.960000
10
54.440000
20
-85.100000
10
54.440000
20
-85.100000
10
54.280000
20
-85.260000
10
54.280000
20
-85.260000
10
54.130000
20
-85.430000
10
54.130000
20
-85.430000
10
54.010000
20
-85.630000
10
54.010000
20
-85.630000
10
53.910000
20
-85.840000
10
53.910000
20
-85.840000
10
53.830000
20
-86.080000
10
53.830000
20
-86.080000
10
53.770000
20
-86.340000
10
53.770000
20
-86.340000
10
53.740000
20
-86.610000
10
53.740000
20
-86.610000
10
53.730000
20
-86.910000
10
53.730000
20
-86.910000
10
53.740000
20
-87.200000
10
53.740000
20
-87.200000
10
53.770000
20
-87.480000
10
53.770000
20
-87.480000
10
53.830000
20
-87.750000
10
53.830000
20
-87.750000
10
53.910000
20
-87.990000
10
53.910000
20
-87.990000
10
54.010000
20
-88.210000
10
54.010000
20
-88.210000
10
54.130000
20
-88.410000
10
54.130000
20
-88.410000
10
54.280000
20
-88.590000
10
54.280000
20
-88.590000
10
54.440000
20
-88.750000
10
54.440000
20
-88.750000
10
54.630000
20
-88.880000
10
54.630000
20
-88.880000
10
54.830000
20
-88.990000
10
54.830000
20
-88.990000
10
55.050000
20
-89.080000
10
55.050000
20
-89.080000
10
55.290000
20
-89.140000
10
55.290000
20
-89.140000
10
55.550000
20
-89.180000
10
55.550000
20
-89.180000
10
55.830000
20
-89.190000
10
55.830000
20
-89.190000
10
56.190000
20
-89.170000
10
56.190000
20
-89.170000
10
56.360000
20
-89.140000
10
56.360000
20
-89.140000
10
56.520000
20
-89.100000
10
56.520000
20
-89.100000
10
56.680000
20
-89.050000
10
56.680000
20
-89.050000
10
56.820000
20
-88.990000
10
56.820000
20
-88.990000
10
56.960000
20
-88.920000
10
56.960000
20
-88.920000
10
57.090000
20
-88.840000
10
57.090000
20
-88.840000
10
57.220000
20
-88.740000
10
57.220000
20
-88.740000
10
57.330000
20
-88.640000
10
57.330000
20
-88.640000
10
57.440000
20
-88.520000
10
57.440000
20
-88.520000
10
57.530000
20
-88.400000
10
57.530000
20
-88.400000
10
57.620000
20
-88.260000
10
57.620000
20
-88.260000
10
57.690000
20
-88.120000
10
57.690000
20
-88.120000
10
57.770000
20
-87.970000
10
57.770000
20
-87.970000
10
57.830000
20
-87.810000
10
57.830000
20
-87.810000
10
57.870000
20
-87.650000
10
57.870000
20
-87.650000
10
57.910000
20
-87.470000
10
57.910000
20
-87.470000
10
57.940000
20
-87.290000
10
57.940000
20
-87.290000
10
57.960000
20
-87.100000
10
57.960000
20
-87.100000
10
57.960000
20
-86.910000
10
57.960000
20
-86.910000
10
57.950000
20
-86.610000
10
57.950000
20
-86.610000
10
57.910000
20
-86.340000
10
57.910000
20
-86.340000
10
57.860000
20
-86.090000
10
57.860000
20
-86.090000
10
57.780000
20
-85.850000
10
57.780000
20
-85.850000
10
57.670000
20
-85.630000
10
57.670000
20
-85.630000
10
57.540000
20
-85.440000
10
57.540000
20
-85.440000
10
57.390000
20
-85.260000
10
57.390000
20
-85.260000
10
57.230000
20
-85.100000
10
57.230000
20
-85.100000
10
57.040000
20
-84.960000
10
57.040000
20
-84.960000
10
56.840000
20
-84.850000
10
56.840000
20
-84.850000
10
56.620000
20
-84.770000
10
56.620000
20
-84.770000
10
56.380000
20
-84.700000
10
56.380000
20
-84.700000
10
56.120000
20
-84.670000
10
56.120000
20
-84.670000
10
55.840000
20
-84.660000
0
LWPOLYLINE
5
1578
100
AcDbEntity
8
0
100
AcDbPolyline
90
124
70
0
43
0.000000
10
66.780000
20
-84.660000
10
66.500000
20
-84.670000
10
66.500000
20
-84.670000
10
66.230000
20
-84.700000
10
66.230000
20
-84.700000
10
65.990000
20
-84.770000
10
65.990000
20
-84.770000
10
65.770000
20
-84.850000
10
65.770000
20
-84.850000
10
65.560000
20
-84.960000
10
65.560000
20
-84.960000
10
65.380000
20
-85.100000
10
65.380000
20
-85.100000
10
65.210000
20
-85.260000
10
65.210000
20
-85.260000
10
65.060000
20
-85.430000
10
65.060000
20
-85.430000
10
64.940000
20
-85.630000
10
64.940000
20
-85.630000
10
64.840000
20
-85.840000
10
64.840000
20
-85.840000
10
64.760000
20
-86.080000
10
64.760000
20
-86.080000
10
64.700000
20
-86.340000
10
64.700000
20
-86.340000
10
64.670000
20
-86.610000
10
64.670000
20
-86.610000
10
64.660000
20
-86.910000
10
64.660000
20
-86.910000
10
64.670000
20
-87.200000
10
64.670000
20
-87.200000
10
64.700000
20
-87.480000
10
64.700000
20
-87.480000
10
64.760000
20
-87.750000
10
64.760000
20
-87.750000
10
64.840000
20
-87.990000
10
64.840000
20
-87.990000
10
64.940000
20
-88.210000
10
64.940000
20
-88.210000
10
65.060000
20
-88.410000
10
65.060000
20
-88.410000
10
65.210000
20
-88.590000
10
65.210000
20
-88.590000
10
65.380000
20
-88.750000
10
65.380000
20
-88.750000
10
65.560000
20
-88.880000
10
65.560000
20
-88.880000
10
65.760000
20
-88.990000
10
65.760000
20
-88.990000
10
65.990000
20
-89.080000
10
65.990000
20
-89.080000
10
66.220000
20
-89.140000
10
66.220000
20
-89.140000
10
66.480000
20
-89.180000
10
66.480000
20
-89.180000
10
66.760000
20
-89.190000
10
66.760000
20
-89.190000
10
66.950000
20
-89.180000
10
66.950000
20
-89.180000
10
67.120000
20
-89.170000
10
67.120000
20
-89.170000
10
67.290000
20
-89.140000
10
67.290000
20
-89.140000
10
67.460000
20
-89.100000
10
67.460000
20
-89.100000
10
67.610000
20
-89.050000
10
67.610000
20
-89.050000
10
67.760000
20
-88.990000
10
67.760000
20
-88.990000
10
67.890000
20
-88.920000
10
67.890000
20
-88.920000
10
68.030000
20
-88.840000
10
68.030000
20
-88.840000
10
68.150000
20
-88.740000
10
68.150000
20
-88.740000
10
68.260000
20
-88.640000
10
68.260000
20
-88.640000
10
68.370000
20
-88.520000
10
68.370000
20
-88.520000
10
68.460000
20
-88.400000
10
68.460000
20
-88.400000
10
68.550000
20
-88.260000
10
68.550000
20
-88.260000
10
68.630000
20
-88.120000
10
68.630000
20
-88.120000
10
68.700000
20
-87.970000
10
68.700000
20
-87.970000
10
68.760000
20
-87.810000
10
68.760000
20
-87.810000
10
68.810000
20
-87.650000
10
68.810000
20
-87.650000
10
68.870000
20
-87.290000
10
68.870000
20
-87.290000
10
68.890000
20
-87.100000
10
68.890000
20
-87.100000
10
68.890000
20
-86.910000
10
68.890000
20
-86.910000
10
68.880000
20
-86.610000
10
68.880000
20
-86.610000
10
68.850000
20
-86.340000
10
68.850000
20
-86.340000
10
68.790000
20
-86.090000
10
68.790000
20
-86.090000
10
68.710000
20
-85.850000
10
68.710000
20
-85.850000
10
68.600000
20
-85.630000
10
68.600000
20
-85.630000
10
68.480000
20
-85.440000
10
68.480000
20
-85.440000
10
68.330000
20
-85.260000
10
68.330000
20
-85.260000
10
68.160000
20
-85.100000
10
68.160000
20
-85.100000
10
67.980000
20
-84.960000
10
67.980000
20
-84.960000
10
67.770000
20
-84.850000
10
67.770000
20
-84.850000
10
67.550000
20
-84.770000
10
67.550000
20
-84.770000
10
67.310000
20
-84.700000
10
67.310000
20
-84.700000
10
67.050000
20
-84.670000
10
67.050000
20
-84.670000
10
66.780000
20
-84.660000
0
LWPOLYLINE
5
1579
100
AcDbEntity
8
0
100
AcDbPolyline
90
198
70
0
43
0.000000
10
79.410000
20
-84.660000
10
79.270000
20
-84.660000
10
79.270000
20
-84.660000
10
79.050000
20
-84.670000
10
79.050000
20
-84.670000
10
78.840000
20
-84.700000
10
78.840000
20
-84.700000
10
78.650000
20
-84.770000
10
78.650000
20
-84.770000
10
78.480000
20
-84.850000
10
78.480000
20
-84.850000
10
78.320000
20
-84.960000
10
78.320000
20
-84.960000
10
78.180000
20
-85.100000
10
78.180000
20
-85.100000
10
78.060000
20
-85.260000
10
78.060000
20
-85.260000
10
77.950000
20
-85.440000
10
77.950000
20
-85.440000
10
77.860000
20
-85.650000
10
77.860000
20
-85.650000
10
77.790000
20
-85.880000
10
77.790000
20
-85.880000
10
77.730000
20
-86.130000
10
77.730000
20
-86.130000
10
77.690000
20
-86.410000
10
77.690000
20
-86.410000
10
77.670000
20
-86.710000
10
77.670000
20
-86.710000
10
77.660000
20
-87.040000
10
77.660000
20
-87.040000
10
77.670000
20
-87.340000
10
77.670000
20
-87.340000
10
77.690000
20
-87.610000
10
77.690000
20
-87.610000
10
77.730000
20
-87.870000
10
77.730000
20
-87.870000
10
77.790000
20
-88.100000
10
77.790000
20
-88.100000
10
77.860000
20
-88.310000
10
77.860000
20
-88.310000
10
77.950000
20
-88.490000
10
77.950000
20
-88.490000
10
78.060000
20
-88.660000
10
78.060000
20
-88.660000
10
78.180000
20
-88.800000
10
78.180000
20
-88.800000
10
78.320000
20
-88.920000
10
78.320000
20
-88.920000
10
78.470000
20
-89.010000
10
78.470000
20
-89.010000
10
78.630000
20
-89.090000
10
78.630000
20
-89.090000
10
78.810000
20
-89.150000
10
78.810000
20
-89.150000
10
79.000000
20
-89.180000
10
79.000000
20
-89.180000
10
79.210000
20
-89.190000
10
79.210000
20
-89.190000
10
79.390000
20
-89.180000
10
79.390000
20
-89.180000
10
79.570000
20
-89.160000
10
79.570000
20
-89.160000
10
79.730000
20
-89.120000
10
79.730000
20
-89.120000
10
79.880000
20
-89.060000
10
79.880000
20
-89.060000
10
80.020000
20
-88.980000
10
80.020000
20
-88.980000
10
80.140000
20
-88.890000
10
80.140000
20
-88.890000
10
80.260000
20
-88.790000
10
80.260000
20
-88.790000
10
80.360000
20
-88.670000
10
80.360000
20
-88.670000
10
80.450000
20
-88.540000
10
80.450000
20
-88.540000
10
80.520000
20
-88.390000
10
80.520000
20
-88.390000
10
80.570000
20
-88.230000
10
80.570000
20
-88.230000
10
80.610000
20
-88.060000
10
80.610000
20
-88.060000
10
80.630000
20
-87.880000
10
80.630000
20
-87.880000
10
80.640000
20
-87.690000
10
80.640000
20
-87.690000
10
80.630000
20
-87.510000
10
80.630000
20
-87.510000
10
80.610000
20
-87.340000
10
80.610000
20
-87.340000
10
80.580000
20
-87.180000
10
80.580000
20
-87.180000
10
80.530000
20
-87.030000
10
80.530000
20
-87.030000
10
80.460000
20
-86.900000
10
80.460000
20
-86.900000
10
80.380000
20
-86.770000
10
80.380000
20
-86.770000
10
80.290000
20
-86.660000
10
80.290000
20
-86.660000
10
80.190000
20
-86.560000
10
80.190000
20
-86.560000
10
80.070000
20
-86.480000
10
80.070000
20
-86.480000
10
79.950000
20
-86.410000
10
79.950000
20
-86.410000
10
79.820000
20
-86.360000
10
79.820000
20
-86.360000
10
79.670000
20
-86.320000
10
79.670000
20
-86.320000
10
79.520000
20
-86.300000
10
79.520000
20
-86.300000
10
79.360000
20
-86.290000
10
79.360000
20
-86.290000
10
79.260000
20
-86.290000
10
79.260000
20
-86.290000
10
79.170000
20
-86.300000
10
79.170000
20
-86.300000
10
79.090000
20
-86.310000
10
79.090000
20
-86.310000
10
79.000000
20
-86.330000
10
79.000000
20
-86.330000
10
78.920000
20
-86.360000
10
78.920000
20
-86.360000
10
78.850000
20
-86.390000
10
78.850000
20
-86.390000
10
78.770000
20
-86.420000
10
78.770000
20
-86.420000
10
78.700000
20
-86.460000
10
78.700000
20
-86.460000
10
78.630000
20
-86.510000
10
78.630000
20
-86.510000
10
78.510000
20
-86.610000
10
78.510000
20
-86.610000
10
78.450000
20
-86.670000
10
78.450000
20
-86.670000
10
78.400000
20
-86.740000
10
78.400000
20
-86.740000
10
78.370000
20
-86.800000
10
78.370000
20
-86.800000
10
78.360000
20
-86.800000
10
78.360000
20
-86.800000
10
78.380000
20
-86.390000
10
78.380000
20
-86.390000
10
78.440000
20
-86.040000
10
78.440000
20
-86.040000
10
78.530000
20
-85.750000
10
78.530000
20
-85.750000
10
78.660000
20
-85.530000
10
78.660000
20
-85.530000
10
78.820000
20
-85.370000
10
78.820000
20
-85.370000
10
79.020000
20
-85.270000
10
79.020000
20
-85.270000
10
79.260000
20
-85.240000
10
79.260000
20
-85.240000
10
79.380000
20
-85.250000
10
79.380000
20
-85.250000
10
79.490000
20
-85.280000
10
79.490000
20
-85.280000
10
79.590000
20
-85.320000
10
79.590000
20
-85.320000
10
79.670000
20
-85.390000
10
79.670000
20
-85.390000
10
79.750000
20
-85.470000
10
79.750000
20
-85.470000
10
79.810000
20
-85.570000
10
79.810000
20
-85.570000
10
79.860000
20
-85.680000
10
79.860000
20
-85.680000
10
79.930000
20
-85.680000
10
79.930000
20
-85.680000
10
80.520000
20
-85.590000
10
80.520000
20
-85.590000
10
80.480000
20
-85.450000
10
80.480000
20
-85.450000
10
80.380000
20
-85.210000
10
80.380000
20
-85.210000
10
80.310000
20
-85.110000
10
80.310000
20
-85.110000
10
80.240000
20
-85.020000
10
80.240000
20
-85.020000
10
80.160000
20
-84.940000
10
80.160000
20
-84.940000
10
80.070000
20
-84.870000
10
80.070000
20
-84.870000
10
79.980000
20
-84.810000
10
79.980000
20
-84.810000
10
79.890000
20
-84.770000
10
79.890000
20
-84.770000
10
79.780000
20
-84.730000
10
79.780000
20
-84.730000
10
79.670000
20
-84.700000
10
79.670000
20
-84.700000
10
79.540000
20
-84.670000
10
79.540000
20
-84.670000
10
79.410000
20
-84.660000
0
LWPOLYLINE
5
1580
100
AcDbEntity
8
0
100
AcDbPolyline
90
110
70
0
43
0.000000
10
83.050000
20
-84.660000
10
82.900000
20
-84.660000
10
82.900000
20
-84.660000
10
82.760000
20
-84.680000
10
82.760000
20
-84.680000
10
82.630000
20
-84.700000
10
82.630000
20
-84.700000
10
82.500000
20
-84.740000
10
82.500000
20
-84.740000
10
82.390000
20
-84.780000
10
82.390000
20
-84.780000
10
82.280000
20
-84.840000
10
82.280000
20
-84.840000
10
82.180000
20
-84.910000
10
82.180000
20
-84.910000
10
82.090000
20
-84.980000
10
82.090000
20
-84.980000
10
82.010000
20
-85.060000
10
82.010000
20
-85.060000
10
81.930000
20
-85.150000
10
81.930000
20
-85.150000
10
81.860000
20
-85.260000
10
81.860000
20
-85.260000
10
81.800000
20
-85.370000
10
81.800000
20
-85.370000
10
81.730000
20
-85.500000
10
81.730000
20
-85.500000
10
81.680000
20
-85.640000
10
81.680000
20
-85.640000
10
81.640000
20
-85.790000
10
81.640000
20
-85.790000
10
81.600000
20
-85.950000
10
81.600000
20
-85.950000
10
81.570000
20
-86.120000
10
81.570000
20
-86.120000
10
81.540000
20
-86.300000
10
81.540000
20
-86.300000
10
81.520000
20
-86.700000
10
81.520000
20
-86.700000
10
81.510000
20
-86.920000
10
81.510000
20
-86.920000
10
81.540000
20
-87.520000
10
81.540000
20
-87.520000
10
81.640000
20
-88.030000
10
81.640000
20
-88.030000
10
81.790000
20
-88.450000
10
81.790000
20
-88.450000
10
82.010000
20
-88.770000
10
82.010000
20
-88.770000
10
82.290000
20
-89.000000
10
82.290000
20
-89.000000
10
82.630000
20
-89.140000
10
82.630000
20
-89.140000
10
83.030000
20
-89.190000
10
83.030000
20
-89.190000
10
83.240000
20
-89.180000
10
83.240000
20
-89.180000
10
83.430000
20
-89.140000
10
83.430000
20
-89.140000
10
83.610000
20
-89.080000
10
83.610000
20
-89.080000
10
83.770000
20
-89.000000
10
83.770000
20
-89.000000
10
83.910000
20
-88.900000
10
83.910000
20
-88.900000
10
84.050000
20
-88.770000
10
84.050000
20
-88.770000
10
84.160000
20
-88.620000
10
84.160000
20
-88.620000
10
84.260000
20
-88.440000
10
84.260000
20
-88.440000
10
84.350000
20
-88.250000
10
84.350000
20
-88.250000
10
84.420000
20
-88.020000
10
84.420000
20
-88.020000
10
84.480000
20
-87.780000
10
84.480000
20
-87.780000
10
84.510000
20
-87.520000
10
84.510000
20
-87.520000
10
84.540000
20
-87.230000
10
84.540000
20
-87.230000
10
84.550000
20
-86.920000
10
84.550000
20
-86.920000
10
84.540000
20
-86.610000
10
84.540000
20
-86.610000
10
84.520000
20
-86.310000
10
84.520000
20
-86.310000
10
84.480000
20
-86.050000
10
84.480000
20
-86.050000
10
84.430000
20
-85.800000
10
84.430000
20
-85.800000
10
84.360000
20
-85.590000
10
84.360000
20
-85.590000
10
84.280000
20
-85.390000
10
84.280000
20
-85.390000
10
84.180000
20
-85.220000
10
84.180000
20
-85.220000
10
84.070000
20
-85.070000
10
84.070000
20
-85.070000
10
83.940000
20
-84.940000
10
83.940000
20
-84.940000
10
83.790000
20
-84.840000
10
83.790000
20
-84.840000
10
83.630000
20
-84.760000
10
83.630000
20
-84.760000
10
83.450000
20
-84.700000
10
83.450000
20
-84.700000
10
83.260000
20
-84.670000
10
83.260000
20
-84.670000
10
83.050000
20
-84.660000
0
LWPOLYLINE
5
1581
100
AcDbEntity
8
0
100
AcDbPolyline
90
206
70
0
43
0.000000
10
87.100000
20
-84.660000
10
86.740000
20
-84.660000
10
86.740000
20
-84.660000
10
86.570000
20
-84.680000
10
86.570000
20
-84.680000
10
86.410000
20
-84.710000
10
86.410000
20
-84.710000
10
86.270000
20
-84.760000
10
86.270000
20
-84.760000
10
86.130000
20
-84.820000
10
86.130000
20
-84.820000
10
86.010000
20
-84.890000
10
86.010000
20
-84.890000
10
85.900000
20
-84.970000
10
85.900000
20
-84.970000
10
85.800000
20
-85.060000
10
85.800000
20
-85.060000
10
85.720000
20
-85.160000
10
85.720000
20
-85.160000
10
85.650000
20
-85.270000
10
85.650000
20
-85.270000
10
85.600000
20
-85.390000
10
85.600000
20
-85.390000
10
85.560000
20
-85.510000
10
85.560000
20
-85.510000
10
85.540000
20
-85.650000
10
85.540000
20
-85.650000
10
85.530000
20
-85.790000
10
85.530000
20
-85.790000
10
85.550000
20
-85.990000
10
85.550000
20
-85.990000
10
85.570000
20
-86.090000
10
85.570000
20
-86.090000
10
85.600000
20
-86.180000
10
85.600000
20
-86.180000
10
85.680000
20
-86.360000
10
85.680000
20
-86.360000
10
85.730000
20
-86.440000
10
85.730000
20
-86.440000
10
85.800000
20
-86.520000
10
85.800000
20
-86.520000
10
85.940000
20
-86.660000
10
85.940000
20
-86.660000
10
86.030000
20
-86.710000
10
86.030000
20
-86.710000
10
86.110000
20
-86.760000
10
86.110000
20
-86.760000
10
86.200000
20
-86.790000
10
86.200000
20
-86.790000
10
86.300000
20
-86.820000
10
86.300000
20
-86.820000
10
86.190000
20
-86.850000
10
86.190000
20
-86.850000
10
85.990000
20
-86.930000
10
85.990000
20
-86.930000
10
85.900000
20
-86.980000
10
85.900000
20
-86.980000
10
85.810000
20
-87.040000
10
85.810000
20
-87.040000
10
85.740000
20
-87.110000
10
85.740000
20
-87.110000
10
85.670000
20
-87.190000
10
85.670000
20
-87.190000
10
85.550000
20
-87.370000
10
85.550000
20
-87.370000
10
85.510000
20
-87.470000
10
85.510000
20
-87.470000
10
85.480000
20
-87.570000
10
85.480000
20
-87.570000
10
85.450000
20
-87.680000
10
85.450000
20
-87.680000
10
85.440000
20
-87.790000
10
85.440000
20
-87.790000
10
85.430000
20
-87.910000
10
85.430000
20
-87.910000
10
85.440000
20
-88.080000
10
85.440000
20
-88.080000
10
85.500000
20
-88.380000
10
85.500000
20
-88.380000
10
85.560000
20
-88.520000
10
85.560000
20
-88.520000
10
85.630000
20
-88.640000
10
85.630000
20
-88.640000
10
85.720000
20
-88.750000
10
85.720000
20
-88.750000
10
85.820000
20
-88.860000
10
85.820000
20
-88.860000
10
85.940000
20
-88.940000
10
85.940000
20
-88.940000
10
86.070000
20
-89.020000
10
86.070000
20
-89.020000
10
86.220000
20
-89.080000
10
86.220000
20
-89.080000
10
86.380000
20
-89.130000
10
86.380000
20
-89.130000
10
86.550000
20
-89.160000
10
86.550000
20
-89.160000
10
86.740000
20
-89.180000
10
86.740000
20
-89.180000
10
86.930000
20
-89.190000
10
86.930000
20
-89.190000
10
87.140000
20
-89.180000
10
87.140000
20
-89.180000
10
87.330000
20
-89.160000
10
87.330000
20
-89.160000
10
87.500000
20
-89.130000
10
87.500000
20
-89.130000
10
87.660000
20
-89.080000
10
87.660000
20
-89.080000
10
87.800000
20
-89.020000
10
87.800000
20
-89.020000
10
87.930000
20
-88.940000
10
87.930000
20
-88.940000
10
88.050000
20
-88.860000
10
88.050000
20
-88.860000
10
88.150000
20
-88.750000
10
88.150000
20
-88.750000
10
88.240000
20
-88.640000
10
88.240000
20
-88.640000
10
88.310000
20
-88.510000
10
88.310000
20
-88.510000
10
88.360000
20
-88.380000
10
88.360000
20
-88.380000
10
88.400000
20
-88.230000
10
88.400000
20
-88.230000
10
88.430000
20
-88.060000
10
88.430000
20
-88.060000
10
88.430000
20
-87.770000
10
88.430000
20
-87.770000
10
88.420000
20
-87.650000
10
88.420000
20
-87.650000
10
88.390000
20
-87.540000
10
88.390000
20
-87.540000
10
88.360000
20
-87.440000
10
88.360000
20
-87.440000
10
88.320000
20
-87.350000
10
88.320000
20
-87.350000
10
88.200000
20
-87.170000
10
88.200000
20
-87.170000
10
88.130000
20
-87.100000
10
88.130000
20
-87.100000
10
88.050000
20
-87.030000
10
88.050000
20
-87.030000
10
87.970000
20
-86.970000
10
87.970000
20
-86.970000
10
87.880000
20
-86.920000
10
87.880000
20
-86.920000
10
87.780000
20
-86.880000
10
87.780000
20
-86.880000
10
87.680000
20
-86.850000
10
87.680000
20
-86.850000
10
87.570000
20
-86.820000
10
87.570000
20
-86.820000
10
87.570000
20
-86.810000
10
87.570000
20
-86.810000
10
87.660000
20
-86.780000
10
87.660000
20
-86.780000
10
87.760000
20
-86.750000
10
87.760000
20
-86.750000
10
87.840000
20
-86.710000
10
87.840000
20
-86.710000
10
87.920000
20
-86.660000
10
87.920000
20
-86.660000
10
87.990000
20
-86.600000
10
87.990000
20
-86.600000
10
88.060000
20
-86.530000
10
88.060000
20
-86.530000
10
88.120000
20
-86.460000
10
88.120000
20
-86.460000
10
88.180000
20
-86.370000
10
88.180000
20
-86.370000
10
88.220000
20
-86.290000
10
88.220000
20
-86.290000
10
88.260000
20
-86.200000
10
88.260000
20
-86.200000
10
88.290000
20
-86.100000
10
88.290000
20
-86.100000
10
88.320000
20
-86.010000
10
88.320000
20
-86.010000
10
88.330000
20
-85.910000
10
88.330000
20
-85.910000
10
88.330000
20
-85.650000
10
88.330000
20
-85.650000
10
88.300000
20
-85.510000
10
88.300000
20
-85.510000
10
88.270000
20
-85.380000
10
88.270000
20
-85.380000
10
88.210000
20
-85.260000
10
88.210000
20
-85.260000
10
88.150000
20
-85.150000
10
88.150000
20
-85.150000
10
88.070000
20
-85.050000
10
88.070000
20
-85.050000
10
87.970000
20
-84.960000
10
87.970000
20
-84.960000
10
87.850000
20
-84.880000
10
87.850000
20
-84.880000
10
87.730000
20
-84.810000
10
87.730000
20
-84.810000
10
87.590000
20
-84.750000
10
87.590000
20
-84.750000
10
87.440000
20
-84.710000
10
87.440000
20
-84.710000
10
87.280000
20
-84.680000
10
87.280000
20
-84.680000
10
87.100000
20
-84.660000
0
LWPOLYLINE
5
1582
100
AcDbEntity
8
0
100
AcDbPolyline
90
22
70
0
43
0.000000
10
95.740000
20
-84.720000
10
94.910000
20
-84.720000
10
94.910000
20
-84.720000
10
93.090000
20
-87.620000
10
93.090000
20
-87.620000
10
93.090000
20
-88.210000
10
93.090000
20
-88.210000
10
95.040000
20
-88.210000
10
95.040000
20
-88.210000
10
95.040000
20
-89.140000
10
95.040000
20
-89.140000
10
95.740000
20
-89.140000
10
95.740000
20
-89.140000
10
95.740000
20
-88.210000
10
95.740000
20
-88.210000
10
96.380000
20
-88.210000
10
96.380000
20
-88.210000
10
96.380000
20
-87.620000
10
96.380000
20
-87.620000
10
95.740000
20
-87.620000
10
95.740000
20
-87.620000
10
95.740000
20
-84.720000
0
LWPOLYLINE
5
1583
100
AcDbEntity
8
0
100
AcDbPolyline
90
110
70
0
43
0.000000
10
98.670000
20
-84.660000
10
98.520000
20
-84.660000
10
98.520000
20
-84.660000
10
98.380000
20
-84.680000
10
98.380000
20
-84.680000
10
98.250000
20
-84.700000
10
98.250000
20
-84.700000
10
98.120000
20
-84.740000
10
98.120000
20
-84.740000
10
98.010000
20
-84.780000
10
98.010000
20
-84.780000
10
97.900000
20
-84.840000
10
97.900000
20
-84.840000
10
97.800000
20
-84.910000
10
97.800000
20
-84.910000
10
97.710000
20
-84.980000
10
97.710000
20
-84.980000
10
97.630000
20
-85.060000
10
97.630000
20
-85.060000
10
97.550000
20
-85.150000
10
97.550000
20
-85.150000
10
97.480000
20
-85.260000
10
97.480000
20
-85.260000
10
97.420000
20
-85.370000
10
97.420000
20
-85.370000
10
97.350000
20
-85.500000
10
97.350000
20
-85.500000
10
97.300000
20
-85.640000
10
97.300000
20
-85.640000
10
97.260000
20
-85.790000
10
97.260000
20
-85.790000
10
97.220000
20
-85.950000
10
97.220000
20
-85.950000
10
97.190000
20
-86.120000
10
97.190000
20
-86.120000
10
97.160000
20
-86.300000
10
97.160000
20
-86.300000
10
97.140000
20
-86.700000
10
97.140000
20
-86.700000
10
97.130000
20
-86.920000
10
97.130000
20
-86.920000
10
97.160000
20
-87.520000
10
97.160000
20
-87.520000
10
97.260000
20
-88.030000
10
97.260000
20
-88.030000
10
97.410000
20
-88.450000
10
97.410000
20
-88.450000
10
97.630000
20
-88.770000
10
97.630000
20
-88.770000
10
97.910000
20
-89.000000
10
97.910000
20
-89.000000
10
98.250000
20
-89.140000
10
98.250000
20
-89.140000
10
98.650000
20
-89.190000
10
98.650000
20
-89.190000
10
98.860000
20
-89.180000
10
98.860000
20
-89.180000
10
99.050000
20
-89.140000
10
99.050000
20
-89.140000
10
99.230000
20
-89.080000
10
99.230000
20
-89.080000
10
99.390000
20
-89.000000
10
99.390000
20
-89.000000
10
99.530000
20
-88.900000
10
99.530000
20
-88.900000
10
99.670000
20
-88.770000
10
99.670000
20
-88.770000
10
99.780000
20
-88.620000
10
99.780000
20
-88.620000
10
99.880000
20
-88.440000
10
99.880000
20
-88.440000
10
99.970000
20
-88.250000
10
99.970000
20
-88.250000
10
100.040000
20
-88.020000
10
100.040000
20
-88.020000
10
100.100000
20
-87.780000
10
100.100000
20
-87.780000
10
100.130000
20
-87.520000
10
100.130000
20
-87.520000
10
100.160000
20
-87.230000
10
100.160000
20
-87.230000
10
100.170000
20
-86.920000
10
100.170000
20
-86.920000
10
100.160000
20
-86.610000
10
100.160000
20
-86.610000
10
100.140000
20
-86.310000
10
100.140000
20
-86.310000
10
100.100000
20
-86.050000
10
100.100000
20
-86.050000
10
100.050000
20
-85.800000
10
100.050000
20
-85.800000
10
99.980000
20
-85.590000
10
99.980000
20
-85.590000
10
99.900000
20
-85.390000
10
99.900000
20
-85.390000
10
99.800000
20
-85.220000
10
99.800000
20
-85.220000
10
99.690000
20
-85.070000
10
99.690000
20
-85.070000
10
99.560000
20
-84.940000
10
99.560000
20
-84.940000
10
99.410000
20
-84.840000
10
99.410000
20
-84.840000
10
99.250000
20
-84.760000
10
99.250000
20
-84.760000
10
99.070000
20
-84.700000
10
99.070000
20
-84.700000
10
98.880000
20
-84.670000
10
98.880000
20
-84.670000
10
98.670000
20
-84.660000
0
LWPOLYLINE
5
1584
100
AcDbEntity
8
0
100
AcDbPolyline
90
198
70
0
43
0.000000
10
102.840000
20
-84.660000
10
102.700000
20
-84.660000
10
102.700000
20
-84.660000
10
102.480000
20
-84.670000
10
102.480000
20
-84.670000
10
102.270000
20
-84.700000
10
102.270000
20
-84.700000
10
102.080000
20
-84.770000
10
102.080000
20
-84.770000
10
101.910000
20
-84.850000
10
101.910000
20
-84.850000
10
101.750000
20
-84.960000
10
101.750000
20
-84.960000
10
101.610000
20
-85.100000
10
101.610000
20
-85.100000
10
101.490000
20
-85.260000
10
101.490000
20
-85.260000
10
101.380000
20
-85.440000
10
101.380000
20
-85.440000
10
101.290000
20
-85.650000
10
101.290000
20
-85.650000
10
101.220000
20
-85.880000
10
101.220000
20
-85.880000
10
101.160000
20
-86.130000
10
101.160000
20
-86.130000
10
101.120000
20
-86.410000
10
101.120000
20
-86.410000
10
101.100000
20
-86.710000
10
101.100000
20
-86.710000
10
101.090000
20
-87.040000
10
101.090000
20
-87.040000
10
101.100000
20
-87.340000
10
101.100000
20
-87.340000
10
101.120000
20
-87.610000
10
101.120000
20
-87.610000
10
101.160000
20
-87.870000
10
101.160000
20
-87.870000
10
101.220000
20
-88.100000
10
101.220000
20
-88.100000
10
101.290000
20
-88.310000
10
101.290000
20
-88.310000
10
101.380000
20
-88.490000
10
101.380000
20
-88.490000
10
101.490000
20
-88.660000
10
101.490000
20
-88.660000
10
101.610000
20
-88.800000
10
101.610000
20
-88.800000
10
101.750000
20
-88.920000
10
101.750000
20
-88.920000
10
101.900000
20
-89.010000
10
101.900000
20
-89.010000
10
102.060000
20
-89.090000
10
102.060000
20
-89.090000
10
102.240000
20
-89.150000
10
102.240000
20
-89.150000
10
102.430000
20
-89.180000
10
102.430000
20
-89.180000
10
102.640000
20
-89.190000
10
102.640000
20
-89.190000
10
102.820000
20
-89.180000
10
102.820000
20
-89.180000
10
103.000000
20
-89.160000
10
103.000000
20
-89.160000
10
103.160000
20
-89.120000
10
103.160000
20
-89.120000
10
103.310000
20
-89.060000
10
103.310000
20
-89.060000
10
103.450000
20
-88.980000
10
103.450000
20
-88.980000
10
103.570000
20
-88.890000
10
103.570000
20
-88.890000
10
103.690000
20
-88.790000
10
103.690000
20
-88.790000
10
103.790000
20
-88.670000
10
103.790000
20
-88.670000
10
103.880000
20
-88.540000
10
103.880000
20
-88.540000
10
103.950000
20
-88.390000
10
103.950000
20
-88.390000
10
104.000000
20
-88.230000
10
104.000000
20
-88.230000
10
104.040000
20
-88.060000
10
104.040000
20
-88.060000
10
104.060000
20
-87.880000
10
104.060000
20
-87.880000
10
104.070000
20
-87.690000
10
104.070000
20
-87.690000
10
104.060000
20
-87.510000
10
104.060000
20
-87.510000
10
104.040000
20
-87.340000
10
104.040000
20
-87.340000
10
104.010000
20
-87.180000
10
104.010000
20
-87.180000
10
103.960000
20
-87.030000
10
103.960000
20
-87.030000
10
103.890000
20
-86.900000
10
103.890000
20
-86.900000
10
103.810000
20
-86.770000
10
103.810000
20
-86.770000
10
103.720000
20
-86.660000
10
103.720000
20
-86.660000
10
103.620000
20
-86.560000
10
103.620000
20
-86.560000
10
103.500000
20
-86.480000
10
103.500000
20
-86.480000
10
103.380000
20
-86.410000
10
103.380000
20
-86.410000
10
103.250000
20
-86.360000
10
103.250000
20
-86.360000
10
103.100000
20
-86.320000
10
103.100000
20
-86.320000
10
102.950000
20
-86.300000
10
102.950000
20
-86.300000
10
102.790000
20
-86.290000
10
102.790000
20
-86.290000
10
102.690000
20
-86.290000
10
102.690000
20
-86.290000
10
102.600000
20
-86.300000
10
102.600000
20
-86.300000
10
102.520000
20
-86.310000
10
102.520000
20
-86.310000
10
102.430000
20
-86.330000
10
102.430000
20
-86.330000
10
102.350000
20
-86.360000
10
102.350000
20
-86.360000
10
102.280000
20
-86.390000
10
102.280000
20
-86.390000
10
102.200000
20
-86.420000
10
102.200000
20
-86.420000
10
102.130000
20
-86.460000
10
102.130000
20
-86.460000
10
102.060000
20
-86.510000
10
102.060000
20
-86.510000
10
101.940000
20
-86.610000
10
101.940000
20
-86.610000
10
101.880000
20
-86.670000
10
101.880000
20
-86.670000
10
101.830000
20
-86.740000
10
101.830000
20
-86.740000
10
101.800000
20
-86.800000
10
101.800000
20
-86.800000
10
101.790000
20
-86.800000
10
101.790000
20
-86.800000
10
101.810000
20
-86.390000
10
101.810000
20
-86.390000
10
101.870000
20
-86.040000
10
101.870000
20
-86.040000
10
101.960000
20
-85.750000
10
101.960000
20
-85.750000
10
102.090000
20
-85.530000
10
102.090000
20
-85.530000
10
102.250000
20
-85.370000
10
102.250000
20
-85.370000
10
102.450000
20
-85.270000
10
102.450000
20
-85.270000
10
102.690000
20
-85.240000
10
102.690000
20
-85.240000
10
102.810000
20
-85.250000
10
102.810000
20
-85.250000
10
102.920000
20
-85.280000
10
102.920000
20
-85.280000
10
103.020000
20
-85.320000
10
103.020000
20
-85.320000
10
103.100000
20
-85.390000
10
103.100000
20
-85.390000
10
103.180000
20
-85.470000
10
103.180000
20
-85.470000
10
103.240000
20
-85.570000
10
103.240000
20
-85.570000
10
103.290000
20
-85.680000
10
103.290000
20
-85.680000
10
103.360000
20
-85.680000
10
103.360000
20
-85.680000
10
103.950000
20
-85.590000
10
103.950000
20
-85.590000
10
103.910000
20
-85.450000
10
103.910000
20
-85.450000
10
103.810000
20
-85.210000
10
103.810000
20
-85.210000
10
103.740000
20
-85.110000
10
103.740000
20
-85.110000
10
103.670000
20
-85.020000
10
103.670000
20
-85.020000
10
103.590000
20
-84.940000
10
103.590000
20
-84.940000
10
103.500000
20
-84.870000
10
103.500000
20
-84.870000
10
103.410000
20
-84.810000
10
103.410000
20
-84.810000
10
103.320000
20
-84.770000
10
103.320000
20
-84.770000
10
103.210000
20
-84.730000
10
103.210000
20
-84.730000
10
103.100000
20
-84.700000
10
103.100000
20
-84.700000
10
102.970000
20
-84.670000
10
102.970000
20
-84.670000
10
102.840000
20
-84.660000
0
LWPOLYLINE
5
1585
100
AcDbEntity
8
0
100
AcDbPolyline
90
210
70
0
43
0.000000
10
134.290000
20
-84.660000
10
133.920000
20
-84.660000
10
133.920000
20
-84.660000
10
133.760000
20
-84.680000
10
133.760000
20
-84.680000
10
133.600000
20
-84.710000
10
133.600000
20
-84.710000
10
133.450000
20
-84.760000
10
133.450000
20
-84.760000
10
133.320000
20
-84.820000
10
133.320000
20
-84.820000
10
133.200000
20
-84.890000
10
133.200000
20
-84.890000
10
133.090000
20
-84.970000
10
133.090000
20
-84.970000
10
132.990000
20
-85.060000
10
132.990000
20
-85.060000
10
132.910000
20
-85.160000
10
132.910000
20
-85.160000
10
132.840000
20
-85.270000
10
132.840000
20
-85.270000
10
132.790000
20
-85.390000
10
132.790000
20
-85.390000
10
132.750000
20
-85.510000
10
132.750000
20
-85.510000
10
132.730000
20
-85.650000
10
132.730000
20
-85.650000
10
132.720000
20
-85.790000
10
132.720000
20
-85.790000
10
132.740000
20
-85.990000
10
132.740000
20
-85.990000
10
132.760000
20
-86.090000
10
132.760000
20
-86.090000
10
132.820000
20
-86.270000
10
132.820000
20
-86.270000
10
132.870000
20
-86.360000
10
132.870000
20
-86.360000
10
132.920000
20
-86.440000
10
132.920000
20
-86.440000
10
132.990000
20
-86.520000
10
132.990000
20
-86.520000
10
133.130000
20
-86.660000
10
133.130000
20
-86.660000
10
133.210000
20
-86.710000
10
133.210000
20
-86.710000
10
133.300000
20
-86.760000
10
133.300000
20
-86.760000
10
133.390000
20
-86.790000
10
133.390000
20
-86.790000
10
133.490000
20
-86.820000
10
133.490000
20
-86.820000
10
133.380000
20
-86.850000
10
133.380000
20
-86.850000
10
133.270000
20
-86.890000
10
133.270000
20
-86.890000
10
133.180000
20
-86.930000
10
133.180000
20
-86.930000
10
133.090000
20
-86.980000
10
133.090000
20
-86.980000
10
133.000000
20
-87.040000
10
133.000000
20
-87.040000
10
132.920000
20
-87.110000
10
132.920000
20
-87.110000
10
132.850000
20
-87.190000
10
132.850000
20
-87.190000
10
132.790000
20
-87.280000
10
132.790000
20
-87.280000
10
132.740000
20
-87.370000
10
132.740000
20
-87.370000
10
132.660000
20
-87.570000
10
132.660000
20
-87.570000
10
132.640000
20
-87.680000
10
132.640000
20
-87.680000
10
132.630000
20
-87.790000
10
132.630000
20
-87.790000
10
132.620000
20
-87.910000
10
132.620000
20
-87.910000
10
132.630000
20
-88.080000
10
132.630000
20
-88.080000
10
132.650000
20
-88.230000
10
132.650000
20
-88.230000
10
132.690000
20
-88.380000
10
132.690000
20
-88.380000
10
132.750000
20
-88.520000
10
132.750000
20
-88.520000
10
132.820000
20
-88.640000
10
132.820000
20
-88.640000
10
132.900000
20
-88.750000
10
132.900000
20
-88.750000
10
133.000000
20
-88.860000
10
133.000000
20
-88.860000
10
133.260000
20
-89.020000
10
133.260000
20
-89.020000
10
133.410000
20
-89.080000
10
133.410000
20
-89.080000
10
133.570000
20
-89.130000
10
133.570000
20
-89.130000
10
133.740000
20
-89.160000
10
133.740000
20
-89.160000
10
133.920000
20
-89.180000
10
133.920000
20
-89.180000
10
134.120000
20
-89.190000
10
134.120000
20
-89.190000
10
134.320000
20
-89.180000
10
134.320000
20
-89.180000
10
134.510000
20
-89.160000
10
134.510000
20
-89.160000
10
134.690000
20
-89.130000
10
134.690000
20
-89.130000
10
134.850000
20
-89.080000
10
134.850000
20
-89.080000
10
134.990000
20
-89.020000
10
134.990000
20
-89.020000
10
135.120000
20
-88.940000
10
135.120000
20
-88.940000
10
135.240000
20
-88.860000
10
135.240000
20
-88.860000
10
135.340000
20
-88.750000
10
135.340000
20
-88.750000
10
135.430000
20
-88.640000
10
135.430000
20
-88.640000
10
135.500000
20
-88.510000
10
135.500000
20
-88.510000
10
135.550000
20
-88.380000
10
135.550000
20
-88.380000
10
135.590000
20
-88.230000
10
135.590000
20
-88.230000
10
135.610000
20
-88.060000
10
135.610000
20
-88.060000
10
135.620000
20
-87.890000
10
135.620000
20
-87.890000
10
135.620000
20
-87.770000
10
135.620000
20
-87.770000
10
135.600000
20
-87.650000
10
135.600000
20
-87.650000
10
135.580000
20
-87.540000
10
135.580000
20
-87.540000
10
135.550000
20
-87.440000
10
135.550000
20
-87.440000
10
135.450000
20
-87.260000
10
135.450000
20
-87.260000
10
135.390000
20
-87.170000
10
135.390000
20
-87.170000
10
135.320000
20
-87.100000
10
135.320000
20
-87.100000
10
135.240000
20
-87.030000
10
135.240000
20
-87.030000
10
135.160000
20
-86.970000
10
135.160000
20
-86.970000
10
135.070000
20
-86.920000
10
135.070000
20
-86.920000
10
134.970000
20
-86.880000
10
134.970000
20
-86.880000
10
134.870000
20
-86.850000
10
134.870000
20
-86.850000
10
134.750000
20
-86.820000
10
134.750000
20
-86.820000
10
134.750000
20
-86.810000
10
134.750000
20
-86.810000
10
134.850000
20
-86.780000
10
134.850000
20
-86.780000
10
134.940000
20
-86.750000
10
134.940000
20
-86.750000
10
135.030000
20
-86.710000
10
135.030000
20
-86.710000
10
135.110000
20
-86.660000
10
135.110000
20
-86.660000
10
135.180000
20
-86.600000
10
135.180000
20
-86.600000
10
135.300000
20
-86.460000
10
135.300000
20
-86.460000
10
135.360000
20
-86.370000
10
135.360000
20
-86.370000
10
135.410000
20
-86.290000
10
135.410000
20
-86.290000
10
135.450000
20
-86.200000
10
135.450000
20
-86.200000
10
135.480000
20
-86.100000
10
135.480000
20
-86.100000
10
135.500000
20
-86.010000
10
135.500000
20
-86.010000
10
135.520000
20
-85.910000
10
135.520000
20
-85.910000
10
135.520000
20
-85.810000
10
135.520000
20
-85.810000
10
135.510000
20
-85.650000
10
135.510000
20
-85.650000
10
135.490000
20
-85.510000
10
135.490000
20
-85.510000
10
135.450000
20
-85.380000
10
135.450000
20
-85.380000
10
135.400000
20
-85.260000
10
135.400000
20
-85.260000
10
135.330000
20
-85.150000
10
135.330000
20
-85.150000
10
135.250000
20
-85.050000
10
135.250000
20
-85.050000
10
135.150000
20
-84.960000
10
135.150000
20
-84.960000
10
135.040000
20
-84.880000
10
135.040000
20
-84.880000
10
134.910000
20
-84.810000
10
134.910000
20
-84.810000
10
134.770000
20
-84.750000
10
134.770000
20
-84.750000
10
134.620000
20
-84.710000
10
134.620000
20
-84.710000
10
134.460000
20
-84.680000
10
134.460000
20
-84.680000
10
134.290000
20
-84.660000
0
LWPOLYLINE
5
1586
100
AcDbEntity
8
0
100
AcDbPolyline
90
190
70
0
43
0.000000
10
141.900000
20
-84.660000
10
141.700000
20
-84.660000
10
141.700000
20
-84.660000
10
141.520000
20
-84.690000
10
141.520000
20
-84.690000
10
141.340000
20
-84.730000
10
141.340000
20
-84.730000
10
141.190000
20
-84.780000
10
141.190000
20
-84.780000
10
141.040000
20
-84.850000
10
141.040000
20
-84.850000
10
140.910000
20
-84.940000
10
140.910000
20
-84.940000
10
140.800000
20
-85.040000
10
140.800000
20
-85.040000
10
140.700000
20
-85.150000
10
140.700000
20
-85.150000
10
140.610000
20
-85.280000
10
140.610000
20
-85.280000
10
140.540000
20
-85.430000
10
140.540000
20
-85.430000
10
140.480000
20
-85.580000
10
140.480000
20
-85.580000
10
140.450000
20
-85.750000
10
140.450000
20
-85.750000
10
140.420000
20
-85.930000
10
140.420000
20
-85.930000
10
140.410000
20
-86.120000
10
140.410000
20
-86.120000
10
140.420000
20
-86.310000
10
140.420000
20
-86.310000
10
140.440000
20
-86.490000
10
140.440000
20
-86.490000
10
140.480000
20
-86.650000
10
140.480000
20
-86.650000
10
140.530000
20
-86.800000
10
140.530000
20
-86.800000
10
140.590000
20
-86.950000
10
140.590000
20
-86.950000
10
140.670000
20
-87.070000
10
140.670000
20
-87.070000
10
140.760000
20
-87.190000
10
140.760000
20
-87.190000
10
140.860000
20
-87.290000
10
140.860000
20
-87.290000
10
140.980000
20
-87.380000
10
140.980000
20
-87.380000
10
141.100000
20
-87.450000
10
141.100000
20
-87.450000
10
141.230000
20
-87.500000
10
141.230000
20
-87.500000
10
141.370000
20
-87.540000
10
141.370000
20
-87.540000
10
141.520000
20
-87.560000
10
141.520000
20
-87.560000
10
141.680000
20
-87.570000
10
141.680000
20
-87.570000
10
141.780000
20
-87.570000
10
141.780000
20
-87.570000
10
141.870000
20
-87.560000
10
141.870000
20
-87.560000
10
141.970000
20
-87.550000
10
141.970000
20
-87.550000
10
142.050000
20
-87.530000
10
142.050000
20
-87.530000
10
142.140000
20
-87.500000
10
142.140000
20
-87.500000
10
142.300000
20
-87.440000
10
142.300000
20
-87.440000
10
142.370000
20
-87.400000
10
142.370000
20
-87.400000
10
142.440000
20
-87.350000
10
142.440000
20
-87.350000
10
142.560000
20
-87.250000
10
142.560000
20
-87.250000
10
142.610000
20
-87.190000
10
142.610000
20
-87.190000
10
142.660000
20
-87.120000
10
142.660000
20
-87.120000
10
142.690000
20
-87.070000
10
142.690000
20
-87.070000
10
142.700000
20
-87.070000
10
142.700000
20
-87.070000
10
142.670000
20
-87.470000
10
142.670000
20
-87.470000
10
142.610000
20
-87.820000
10
142.610000
20
-87.820000
10
142.520000
20
-88.110000
10
142.520000
20
-88.110000
10
142.390000
20
-88.330000
10
142.390000
20
-88.330000
10
142.230000
20
-88.490000
10
142.230000
20
-88.490000
10
142.040000
20
-88.590000
10
142.040000
20
-88.590000
10
141.810000
20
-88.620000
10
141.810000
20
-88.620000
10
141.670000
20
-88.610000
10
141.670000
20
-88.610000
10
141.550000
20
-88.580000
10
141.550000
20
-88.580000
10
141.440000
20
-88.530000
10
141.440000
20
-88.530000
10
141.340000
20
-88.460000
10
141.340000
20
-88.460000
10
141.260000
20
-88.380000
10
141.260000
20
-88.380000
10
141.200000
20
-88.270000
10
141.200000
20
-88.270000
10
141.150000
20
-88.150000
10
141.150000
20
-88.150000
10
141.080000
20
-88.150000
10
141.080000
20
-88.150000
10
140.460000
20
-88.240000
10
140.460000
20
-88.240000
10
140.510000
20
-88.370000
10
140.510000
20
-88.370000
10
140.610000
20
-88.610000
10
140.610000
20
-88.610000
10
140.680000
20
-88.710000
10
140.680000
20
-88.710000
10
140.750000
20
-88.800000
10
140.750000
20
-88.800000
10
140.910000
20
-88.960000
10
140.910000
20
-88.960000
10
141.010000
20
-89.020000
10
141.010000
20
-89.020000
10
141.120000
20
-89.070000
10
141.120000
20
-89.070000
10
141.240000
20
-89.110000
10
141.240000
20
-89.110000
10
141.370000
20
-89.150000
10
141.370000
20
-89.150000
10
141.500000
20
-89.170000
10
141.500000
20
-89.170000
10
141.800000
20
-89.190000
10
141.800000
20
-89.190000
10
142.020000
20
-89.180000
10
142.020000
20
-89.180000
10
142.220000
20
-89.140000
10
142.220000
20
-89.140000
10
142.410000
20
-89.080000
10
142.410000
20
-89.080000
10
142.580000
20
-89.000000
10
142.580000
20
-89.000000
10
142.740000
20
-88.890000
10
142.740000
20
-88.890000
10
142.880000
20
-88.760000
10
142.880000
20
-88.760000
10
143.000000
20
-88.610000
10
143.000000
20
-88.610000
10
143.110000
20
-88.420000
10
143.110000
20
-88.420000
10
143.200000
20
-88.220000
10
143.200000
20
-88.220000
10
143.280000
20
-87.990000
10
143.280000
20
-87.990000
10
143.340000
20
-87.740000
10
143.340000
20
-87.740000
10
143.380000
20
-87.470000
10
143.380000
20
-87.470000
10
143.410000
20
-87.170000
10
143.410000
20
-87.170000
10
143.410000
20
-86.550000
10
143.410000
20
-86.550000
10
143.380000
20
-86.260000
10
143.380000
20
-86.260000
10
143.340000
20
-86.010000
10
143.340000
20
-86.010000
10
143.290000
20
-85.770000
10
143.290000
20
-85.770000
10
143.220000
20
-85.560000
10
143.220000
20
-85.560000
10
143.130000
20
-85.370000
10
143.130000
20
-85.370000
10
143.030000
20
-85.210000
10
143.030000
20
-85.210000
10
142.910000
20
-85.060000
10
142.910000
20
-85.060000
10
142.780000
20
-84.940000
10
142.780000
20
-84.940000
10
142.640000
20
-84.830000
10
142.640000
20
-84.830000
10
142.470000
20
-84.760000
10
142.470000
20
-84.760000
10
142.300000
20
-84.700000
10
142.300000
20
-84.700000
10
142.100000
20
-84.670000
10
142.100000
20
-84.670000
10
141.900000
20
-84.660000
0
LWPOLYLINE
5
1587
100
AcDbEntity
8
0
100
AcDbPolyline
90
198
70
0
43
0.000000
10
145.800000
20
-84.660000
10
145.600000
20
-84.660000
10
145.600000
20
-84.660000
10
145.420000
20
-84.690000
10
145.420000
20
-84.690000
10
145.250000
20
-84.730000
10
145.250000
20
-84.730000
10
145.090000
20
-84.780000
10
145.090000
20
-84.780000
10
144.950000
20
-84.850000
10
144.950000
20
-84.850000
10
144.820000
20
-84.940000
10
144.820000
20
-84.940000
10
144.700000
20
-85.040000
10
144.700000
20
-85.040000
10
144.600000
20
-85.150000
10
144.600000
20
-85.150000
10
144.520000
20
-85.280000
10
144.520000
20
-85.280000
10
144.440000
20
-85.430000
10
144.440000
20
-85.430000
10
144.390000
20
-85.580000
10
144.390000
20
-85.580000
10
144.350000
20
-85.750000
10
144.350000
20
-85.750000
10
144.330000
20
-85.930000
10
144.330000
20
-85.930000
10
144.320000
20
-86.120000
10
144.320000
20
-86.120000
10
144.330000
20
-86.310000
10
144.330000
20
-86.310000
10
144.350000
20
-86.490000
10
144.350000
20
-86.490000
10
144.380000
20
-86.650000
10
144.380000
20
-86.650000
10
144.430000
20
-86.800000
10
144.430000
20
-86.800000
10
144.500000
20
-86.950000
10
144.500000
20
-86.950000
10
144.580000
20
-87.070000
10
144.580000
20
-87.070000
10
144.670000
20
-87.190000
10
144.670000
20
-87.190000
10
144.770000
20
-87.290000
10
144.770000
20
-87.290000
10
144.880000
20
-87.380000
10
144.880000
20
-87.380000
10
145.000000
20
-87.450000
10
145.000000
20
-87.450000
10
145.130000
20
-87.500000
10
145.130000
20
-87.500000
10
145.270000
20
-87.540000
10
145.270000
20
-87.540000
10
145.420000
20
-87.560000
10
145.420000
20
-87.560000
10
145.590000
20
-87.570000
10
145.590000
20
-87.570000
10
145.680000
20
-87.570000
10
145.680000
20
-87.570000
10
145.780000
20
-87.560000
10
145.780000
20
-87.560000
10
145.870000
20
-87.550000
10
145.870000
20
-87.550000
10
145.960000
20
-87.530000
10
145.960000
20
-87.530000
10
146.040000
20
-87.500000
10
146.040000
20
-87.500000
10
146.130000
20
-87.470000
10
146.130000
20
-87.470000
10
146.200000
20
-87.440000
10
146.200000
20
-87.440000
10
146.280000
20
-87.400000
10
146.280000
20
-87.400000
10
146.340000
20
-87.350000
10
146.340000
20
-87.350000
10
146.410000
20
-87.300000
10
146.410000
20
-87.300000
10
146.520000
20
-87.190000
10
146.520000
20
-87.190000
10
146.560000
20
-87.120000
10
146.560000
20
-87.120000
10
146.590000
20
-87.070000
10
146.590000
20
-87.070000
10
146.600000
20
-87.070000
10
146.600000
20
-87.070000
10
146.580000
20
-87.470000
10
146.580000
20
-87.470000
10
146.520000
20
-87.820000
10
146.520000
20
-87.820000
10
146.420000
20
-88.110000
10
146.420000
20
-88.110000
10
146.300000
20
-88.330000
10
146.300000
20
-88.330000
10
146.140000
20
-88.490000
10
146.140000
20
-88.490000
10
145.950000
20
-88.590000
10
145.950000
20
-88.590000
10
145.720000
20
-88.620000
10
145.720000
20
-88.620000
10
145.580000
20
-88.610000
10
145.580000
20
-88.610000
10
145.450000
20
-88.580000
10
145.450000
20
-88.580000
10
145.340000
20
-88.530000
10
145.340000
20
-88.530000
10
145.250000
20
-88.460000
10
145.250000
20
-88.460000
10
145.170000
20
-88.380000
10
145.170000
20
-88.380000
10
145.100000
20
-88.270000
10
145.100000
20
-88.270000
10
145.050000
20
-88.150000
10
145.050000
20
-88.150000
10
144.980000
20
-88.150000
10
144.980000
20
-88.150000
10
144.370000
20
-88.240000
10
144.370000
20
-88.240000
10
144.410000
20
-88.370000
10
144.410000
20
-88.370000
10
144.460000
20
-88.490000
10
144.460000
20
-88.490000
10
144.520000
20
-88.610000
10
144.520000
20
-88.610000
10
144.580000
20
-88.710000
10
144.580000
20
-88.710000
10
144.650000
20
-88.800000
10
144.650000
20
-88.800000
10
144.730000
20
-88.880000
10
144.730000
20
-88.880000
10
144.820000
20
-88.960000
10
144.820000
20
-88.960000
10
144.920000
20
-89.020000
10
144.920000
20
-89.020000
10
145.030000
20
-89.070000
10
145.030000
20
-89.070000
10
145.270000
20
-89.150000
10
145.270000
20
-89.150000
10
145.410000
20
-89.170000
10
145.410000
20
-89.170000
10
145.550000
20
-89.180000
10
145.550000
20
-89.180000
10
145.700000
20
-89.190000
10
145.700000
20
-89.190000
10
145.920000
20
-89.180000
10
145.920000
20
-89.180000
10
146.130000
20
-89.140000
10
146.130000
20
-89.140000
10
146.320000
20
-89.080000
10
146.320000
20
-89.080000
10
146.490000
20
-89.000000
10
146.490000
20
-89.000000
10
146.640000
20
-88.890000
10
146.640000
20
-88.890000
10
146.780000
20
-88.760000
10
146.780000
20
-88.760000
10
146.900000
20
-88.610000
10
146.900000
20
-88.610000
10
147.010000
20
-88.420000
10
147.010000
20
-88.420000
10
147.110000
20
-88.220000
10
147.110000
20
-88.220000
10
147.180000
20
-87.990000
10
147.180000
20
-87.990000
10
147.240000
20
-87.740000
10
147.240000
20
-87.740000
10
147.290000
20
-87.470000
10
147.290000
20
-87.470000
10
147.310000
20
-87.170000
10
147.310000
20
-87.170000
10
147.320000
20
-86.860000
10
147.320000
20
-86.860000
10
147.310000
20
-86.550000
10
147.310000
20
-86.550000
10
147.290000
20
-86.260000
10
147.290000
20
-86.260000
10
147.250000
20
-86.010000
10
147.250000
20
-86.010000
10
147.190000
20
-85.770000
10
147.190000
20
-85.770000
10
147.120000
20
-85.560000
10
147.120000
20
-85.560000
10
147.040000
20
-85.370000
10
147.040000
20
-85.370000
10
146.940000
20
-85.210000
10
146.940000
20
-85.210000
10
146.820000
20
-85.060000
10
146.820000
20
-85.060000
10
146.690000
20
-84.940000
10
146.690000
20
-84.940000
10
146.540000
20
-84.830000
10
146.540000
20
-84.830000
10
146.380000
20
-84.760000
10
146.380000
20
-84.760000
10
146.200000
20
-84.700000
10
146.200000
20
-84.700000
10
146.010000
20
-84.670000
10
146.010000
20
-84.670000
10
145.800000
20
-84.660000
0
LWPOLYLINE
5
1588
100
AcDbEntity
8
0
100
AcDbPolyline
90
16
70
0
43
0.000000
10
158.370000
20
-84.720000
10
157.480000
20
-84.720000
10
157.480000
20
-84.720000
10
155.830000
20
-89.140000
10
155.830000
20
-89.140000
10
156.600000
20
-89.140000
10
156.600000
20
-89.140000
10
157.030000
20
-87.920000
10
157.030000
20
-87.920000
10
158.800000
20
-87.920000
10
158.800000
20
-87.920000
10
159.250000
20
-89.140000
10
159.250000
20
-89.140000
10
160.000000
20
-89.140000
10
160.000000
20
-89.140000
10
158.370000
20
-84.720000
0
LWPOLYLINE
5
1589
100
AcDbEntity
8
0
100
AcDbPolyline
90
134
70
0
43
0.000000
10
184.390000
20
-80.110000
10
184.880000
20
-79.870000
10
184.880000
20
-79.870000
10
184.870000
20
-79.640000
10
184.870000
20
-79.640000
10
184.870000
20
-79.430000
10
184.870000
20
-79.430000
10
184.860000
20
-79.240000
10
184.860000
20
-79.240000
10
184.860000
20
-79.080000
10
184.860000
20
-79.080000
10
184.860000
20
-78.930000
10
184.860000
20
-78.930000
10
184.860000
20
-78.810000
10
184.860000
20
-78.810000
10
184.860000
20
-78.710000
10
184.860000
20
-78.710000
10
184.860000
20
-73.000000
10
184.860000
20
-73.000000
10
187.720000
20
-73.000000
10
187.720000
20
-73.000000
10
187.720000
20
-79.180000
10
187.720000
20
-79.180000
10
187.720000
20
-79.220000
10
187.720000
20
-79.220000
10
187.710000
20
-79.250000
10
187.710000
20
-79.250000
10
187.690000
20
-79.280000
10
187.690000
20
-79.280000
10
187.670000
20
-79.300000
10
187.670000
20
-79.300000
10
187.640000
20
-79.320000
10
187.640000
20
-79.320000
10
187.610000
20
-79.340000
10
187.610000
20
-79.340000
10
187.570000
20
-79.360000
10
187.570000
20
-79.360000
10
187.510000
20
-79.360000
10
187.510000
20
-79.360000
10
187.420000
20
-79.360000
10
187.420000
20
-79.360000
10
187.310000
20
-79.350000
10
187.310000
20
-79.350000
10
187.170000
20
-79.340000
10
187.170000
20
-79.340000
10
187.010000
20
-79.320000
10
187.010000
20
-79.320000
10
186.810000
20
-79.300000
10
186.810000
20
-79.300000
10
186.590000
20
-79.270000
10
186.590000
20
-79.270000
10
186.590000
20
-79.420000
10
186.590000
20
-79.420000
10
186.820000
20
-79.490000
10
186.820000
20
-79.490000
10
187.020000
20
-79.560000
10
187.020000
20
-79.560000
10
187.200000
20
-79.650000
10
187.200000
20
-79.650000
10
187.340000
20
-79.750000
10
187.340000
20
-79.750000
10
187.450000
20
-79.860000
10
187.450000
20
-79.860000
10
187.540000
20
-79.980000
10
187.540000
20
-79.980000
10
187.590000
20
-80.110000
10
187.590000
20
-80.110000
10
187.680000
20
-80.070000
10
187.680000
20
-80.070000
10
187.750000
20
-80.030000
10
187.750000
20
-80.030000
10
187.830000
20
-79.980000
10
187.830000
20
-79.980000
10
187.890000
20
-79.930000
10
187.890000
20
-79.930000
10
187.950000
20
-79.880000
10
187.950000
20
-79.880000
10
188.010000
20
-79.820000
10
188.010000
20
-79.820000
10
188.060000
20
-79.760000
10
188.060000
20
-79.760000
10
188.090000
20
-79.700000
10
188.090000
20
-79.700000
10
188.120000
20
-79.640000
10
188.120000
20
-79.640000
10
188.150000
20
-79.580000
10
188.150000
20
-79.580000
10
188.170000
20
-79.510000
10
188.170000
20
-79.510000
10
188.180000
20
-79.450000
10
188.180000
20
-79.450000
10
188.190000
20
-79.380000
10
188.190000
20
-79.380000
10
188.190000
20
-79.310000
10
188.190000
20
-79.310000
10
188.190000
20
-73.130000
10
188.190000
20
-73.130000
10
188.430000
20
-72.960000
10
188.430000
20
-72.960000
10
187.970000
20
-72.510000
10
187.970000
20
-72.510000
10
187.660000
20
-72.820000
10
187.660000
20
-72.820000
10
184.860000
20
-72.820000
10
184.860000
20
-72.820000
10
184.390000
20
-72.510000
10
184.390000
20
-72.510000
10
184.400000
20
-72.940000
10
184.400000
20
-72.940000
10
184.410000
20
-73.400000
10
184.410000
20
-73.400000
10
184.420000
20
-73.900000
10
184.420000
20
-73.900000
10
184.430000
20
-74.430000
10
184.430000
20
-74.430000
10
184.430000
20
-75.000000
10
184.430000
20
-75.000000
10
184.430000
20
-75.590000
10
184.430000
20
-75.590000
10
184.430000
20
-76.220000
10
184.430000
20
-76.220000
10
184.430000
20
-76.850000
10
184.430000
20
-76.850000
10
184.430000
20
-77.460000
10
184.430000
20
-77.460000
10
184.430000
20
-78.040000
10
184.430000
20
-78.040000
10
184.420000
20
-78.590000
10
184.420000
20
-78.590000
10
184.410000
20
-79.120000
10
184.410000
20
-79.120000
10
184.400000
20
-79.630000
10
184.400000
20
-79.630000
10
184.390000
20
-80.110000
0
LWPOLYLINE
5
1590
100
AcDbEntity
8
0
100
AcDbPolyline
90
150
70
0
43
0.000000
10
182.570000
20
-78.890000
10
182.570000
20
-76.890000
10
182.570000
20
-76.890000
10
184.230000
20
-76.890000
10
184.230000
20
-76.890000
10
183.680000
20
-76.330000
10
183.680000
20
-76.330000
10
183.280000
20
-76.710000
10
183.280000
20
-76.710000
10
182.570000
20
-76.710000
10
182.570000
20
-76.710000
10
182.570000
20
-75.290000
10
182.570000
20
-75.290000
10
183.920000
20
-75.290000
10
183.920000
20
-75.290000
10
183.390000
20
-74.760000
10
183.390000
20
-74.760000
10
183.060000
20
-75.110000
10
183.060000
20
-75.110000
10
181.480000
20
-75.110000
10
181.480000
20
-75.110000
10
181.560000
20
-74.980000
10
181.560000
20
-74.980000
10
181.650000
20
-74.830000
10
181.650000
20
-74.830000
10
181.730000
20
-74.680000
10
181.730000
20
-74.680000
10
181.820000
20
-74.510000
10
181.820000
20
-74.510000
10
181.910000
20
-74.330000
10
181.910000
20
-74.330000
10
182.010000
20
-74.140000
10
182.010000
20
-74.140000
10
182.100000
20
-73.930000
10
182.100000
20
-73.930000
10
184.230000
20
-73.930000
10
184.230000
20
-73.930000
10
183.680000
20
-73.380000
10
183.680000
20
-73.380000
10
183.280000
20
-73.760000
10
183.280000
20
-73.760000
10
182.170000
20
-73.760000
10
182.170000
20
-73.760000
10
182.230000
20
-73.610000
10
182.230000
20
-73.610000
10
182.290000
20
-73.470000
10
182.290000
20
-73.470000
10
182.350000
20
-73.340000
10
182.350000
20
-73.340000
10
182.410000
20
-73.210000
10
182.410000
20
-73.210000
10
182.460000
20
-73.080000
10
182.460000
20
-73.080000
10
182.520000
20
-72.960000
10
182.520000
20
-72.960000
10
182.570000
20
-72.850000
10
182.570000
20
-72.850000
10
182.830000
20
-72.600000
10
182.830000
20
-72.600000
10
182.150000
20
-72.220000
10
182.150000
20
-72.220000
10
181.990000
20
-72.850000
10
181.990000
20
-72.850000
10
181.820000
20
-73.450000
10
181.820000
20
-73.450000
10
181.610000
20
-74.020000
10
181.610000
20
-74.020000
10
181.380000
20
-74.570000
10
181.380000
20
-74.570000
10
181.130000
20
-75.100000
10
181.130000
20
-75.100000
10
180.850000
20
-75.610000
10
180.850000
20
-75.610000
10
180.550000
20
-76.090000
10
180.550000
20
-76.090000
10
180.660000
20
-76.160000
10
180.660000
20
-76.160000
10
180.760000
20
-76.040000
10
180.760000
20
-76.040000
10
180.870000
20
-75.910000
10
180.870000
20
-75.910000
10
180.980000
20
-75.790000
10
180.980000
20
-75.790000
10
181.080000
20
-75.670000
10
181.080000
20
-75.670000
10
181.180000
20
-75.540000
10
181.180000
20
-75.540000
10
181.290000
20
-75.420000
10
181.290000
20
-75.420000
10
181.390000
20
-75.290000
10
181.390000
20
-75.290000
10
182.080000
20
-75.290000
10
182.080000
20
-75.290000
10
182.080000
20
-76.710000
10
182.080000
20
-76.710000
10
180.660000
20
-76.710000
10
180.660000
20
-76.710000
10
180.920000
20
-76.980000
10
180.920000
20
-76.980000
10
181.010000
20
-76.960000
10
181.010000
20
-76.960000
10
181.110000
20
-76.940000
10
181.110000
20
-76.940000
10
181.200000
20
-76.920000
10
181.200000
20
-76.920000
10
181.300000
20
-76.910000
10
181.300000
20
-76.910000
10
181.400000
20
-76.900000
10
181.400000
20
-76.900000
10
181.510000
20
-76.890000
10
181.510000
20
-76.890000
10
181.610000
20
-76.890000
10
181.610000
20
-76.890000
10
182.080000
20
-76.890000
10
182.080000
20
-76.890000
10
182.080000
20
-78.800000
10
182.080000
20
-78.800000
10
182.080000
20
-78.890000
10
182.080000
20
-78.890000
10
182.070000
20
-78.980000
10
182.070000
20
-78.980000
10
182.050000
20
-79.060000
10
182.050000
20
-79.060000
10
182.030000
20
-79.130000
10
182.030000
20
-79.130000
10
182.010000
20
-79.200000
10
182.010000
20
-79.200000
10
181.980000
20
-79.260000
10
181.980000
20
-79.260000
10
181.950000
20
-79.310000
10
181.950000
20
-79.310000
10
182.350000
20
-79.820000
10
182.350000
20
-79.820000
10
182.500000
20
-79.630000
10
182.500000
20
-79.630000
10
182.690000
20
-79.410000
10
182.690000
20
-79.410000
10
182.910000
20
-79.170000
10
182.910000
20
-79.170000
10
183.170000
20
-78.910000
10
183.170000
20
-78.910000
10
183.450000
20
-78.630000
10
183.450000
20
-78.630000
10
183.770000
20
-78.330000
10
183.770000
20
-78.330000
10
184.120000
20
-78.000000
10
184.120000
20
-78.000000
10
184.060000
20
-77.890000
10
184.060000
20
-77.890000
10
182.570000
20
-78.890000
0
LWPOLYLINE
5
1591
100
AcDbEntity
8
0
100
AcDbPolyline
90
162
70
0
43
0.000000
10
185.170000
20
-74.070000
10
185.100000
20
-74.180000
10
185.100000
20
-74.180000
10
185.300000
20
-74.470000
10
185.300000
20
-74.470000
10
185.490000
20
-74.750000
10
185.490000
20
-74.750000
10
185.660000
20
-75.010000
10
185.660000
20
-75.010000
10
185.820000
20
-75.260000
10
185.820000
20
-75.260000
10
185.970000
20
-75.490000
10
185.970000
20
-75.490000
10
186.100000
20
-75.710000
10
186.100000
20
-75.710000
10
186.210000
20
-75.910000
10
186.210000
20
-75.910000
10
186.120000
20
-76.200000
10
186.120000
20
-76.200000
10
186.000000
20
-76.500000
10
186.000000
20
-76.500000
10
185.860000
20
-76.820000
10
185.860000
20
-76.820000
10
185.690000
20
-77.150000
10
185.690000
20
-77.150000
10
185.500000
20
-77.500000
10
185.500000
20
-77.500000
10
185.290000
20
-77.870000
10
185.290000
20
-77.870000
10
185.060000
20
-78.250000
10
185.060000
20
-78.250000
10
185.170000
20
-78.310000
10
185.170000
20
-78.310000
10
185.370000
20
-78.060000
10
185.370000
20
-78.060000
10
185.570000
20
-77.800000
10
185.570000
20
-77.800000
10
185.760000
20
-77.530000
10
185.760000
20
-77.530000
10
185.950000
20
-77.240000
10
185.950000
20
-77.240000
10
186.120000
20
-76.940000
10
186.120000
20
-76.940000
10
186.290000
20
-76.620000
10
186.290000
20
-76.620000
10
186.460000
20
-76.290000
10
186.460000
20
-76.290000
10
186.530000
20
-76.450000
10
186.530000
20
-76.450000
10
186.600000
20
-76.620000
10
186.600000
20
-76.620000
10
186.660000
20
-76.790000
10
186.660000
20
-76.790000
10
186.720000
20
-76.960000
10
186.720000
20
-76.960000
10
186.770000
20
-77.140000
10
186.770000
20
-77.140000
10
186.820000
20
-77.320000
10
186.820000
20
-77.320000
10
186.860000
20
-77.510000
10
186.860000
20
-77.510000
10
186.890000
20
-77.680000
10
186.890000
20
-77.680000
10
186.930000
20
-77.820000
10
186.930000
20
-77.820000
10
186.960000
20
-77.920000
10
186.960000
20
-77.920000
10
187.010000
20
-77.990000
10
187.010000
20
-77.990000
10
187.050000
20
-78.040000
10
187.050000
20
-78.040000
10
187.100000
20
-78.050000
10
187.100000
20
-78.050000
10
187.150000
20
-78.020000
10
187.150000
20
-78.020000
10
187.190000
20
-77.980000
10
187.190000
20
-77.980000
10
187.230000
20
-77.930000
10
187.230000
20
-77.930000
10
187.270000
20
-77.880000
10
187.270000
20
-77.880000
10
187.300000
20
-77.820000
10
187.300000
20
-77.820000
10
187.320000
20
-77.750000
10
187.320000
20
-77.750000
10
187.340000
20
-77.680000
10
187.340000
20
-77.680000
10
187.350000
20
-77.600000
10
187.350000
20
-77.600000
10
187.350000
20
-77.520000
10
187.350000
20
-77.520000
10
187.350000
20
-77.440000
10
187.350000
20
-77.440000
10
187.340000
20
-77.340000
10
187.340000
20
-77.340000
10
187.320000
20
-77.250000
10
187.320000
20
-77.250000
10
187.300000
20
-77.140000
10
187.300000
20
-77.140000
10
187.260000
20
-77.030000
10
187.260000
20
-77.030000
10
187.210000
20
-76.910000
10
187.210000
20
-76.910000
10
187.160000
20
-76.790000
10
187.160000
20
-76.790000
10
187.090000
20
-76.650000
10
187.090000
20
-76.650000
10
187.010000
20
-76.510000
10
187.010000
20
-76.510000
10
186.930000
20
-76.360000
10
186.930000
20
-76.360000
10
186.830000
20
-76.200000
10
186.830000
20
-76.200000
10
186.730000
20
-76.030000
10
186.730000
20
-76.030000
10
186.610000
20
-75.850000
10
186.610000
20
-75.850000
10
186.680000
20
-75.670000
10
186.680000
20
-75.670000
10
186.750000
20
-75.470000
10
186.750000
20
-75.470000
10
186.820000
20
-75.250000
10
186.820000
20
-75.250000
10
186.900000
20
-75.010000
10
186.900000
20
-75.010000
10
186.990000
20
-74.760000
10
186.990000
20
-74.760000
10
187.070000
20
-74.490000
10
187.070000
20
-74.490000
10
187.170000
20
-74.200000
10
187.170000
20
-74.200000
10
187.390000
20
-74.020000
10
187.390000
20
-74.020000
10
186.770000
20
-73.650000
10
186.770000
20
-73.650000
10
186.730000
20
-73.860000
10
186.730000
20
-73.860000
10
186.690000
20
-74.100000
10
186.690000
20
-74.100000
10
186.640000
20
-74.340000
10
186.640000
20
-74.340000
10
186.580000
20
-74.610000
10
186.580000
20
-74.610000
10
186.510000
20
-74.890000
10
186.510000
20
-74.890000
10
186.430000
20
-75.180000
10
186.430000
20
-75.180000
10
186.350000
20
-75.490000
10
186.350000
20
-75.490000
10
186.160000
20
-75.250000
10
186.160000
20
-75.250000
10
185.980000
20
-75.020000
10
185.980000
20
-75.020000
10
185.800000
20
-74.800000
10
185.800000
20
-74.800000
10
185.630000
20
-74.600000
10
185.630000
20
-74.600000
10
185.470000
20
-74.410000
10
185.470000
20
-74.410000
10
185.320000
20
-74.230000
10
185.320000
20
-74.230000
10
185.170000
20
-74.070000
0
LWPOLYLINE
5
1592
100
AcDbEntity
8
0
100
AcDbPolyline
90
148
70
0
43
0.000000
10
192.390000
20
-74.980000
10
197.830000
20
-74.980000
10
197.830000
20
-74.980000
10
197.210000
20
-74.270000
10
197.210000
20
-74.270000
10
196.680000
20
-74.800000
10
196.680000
20
-74.800000
10
195.260000
20
-74.800000
10
195.260000
20
-74.800000
10
195.260000
20
-72.780000
10
195.260000
20
-72.780000
10
195.550000
20
-72.510000
10
195.550000
20
-72.510000
10
194.750000
20
-72.130000
10
194.750000
20
-72.130000
10
194.750000
20
-72.410000
10
194.750000
20
-72.410000
10
194.760000
20
-72.720000
10
194.760000
20
-72.720000
10
194.760000
20
-73.060000
10
194.760000
20
-73.060000
10
194.760000
20
-73.440000
10
194.760000
20
-73.440000
10
194.770000
20
-73.860000
10
194.770000
20
-73.860000
10
194.770000
20
-74.310000
10
194.770000
20
-74.310000
10
194.770000
20
-74.800000
10
194.770000
20
-74.800000
10
192.390000
20
-74.800000
10
192.390000
20
-74.800000
10
192.390000
20
-73.130000
10
192.390000
20
-73.130000
10
192.700000
20
-72.890000
10
192.700000
20
-72.890000
10
191.860000
20
-72.470000
10
191.860000
20
-72.470000
10
191.870000
20
-72.780000
10
191.870000
20
-72.780000
10
191.880000
20
-73.110000
10
191.880000
20
-73.110000
10
191.880000
20
-73.470000
10
191.880000
20
-73.470000
10
191.890000
20
-73.850000
10
191.890000
20
-73.850000
10
191.890000
20
-74.250000
10
191.890000
20
-74.250000
10
191.880000
20
-74.680000
10
191.880000
20
-74.680000
10
191.880000
20
-75.130000
10
191.880000
20
-75.130000
10
191.870000
20
-75.580000
10
191.870000
20
-75.580000
10
191.850000
20
-76.000000
10
191.850000
20
-76.000000
10
191.810000
20
-76.400000
10
191.810000
20
-76.400000
10
191.770000
20
-76.770000
10
191.770000
20
-76.770000
10
191.720000
20
-77.130000
10
191.720000
20
-77.130000
10
191.660000
20
-77.450000
10
191.660000
20
-77.450000
10
191.590000
20
-77.760000
10
191.590000
20
-77.760000
10
191.490000
20
-78.050000
10
191.490000
20
-78.050000
10
191.360000
20
-78.350000
10
191.360000
20
-78.350000
10
191.190000
20
-78.650000
10
191.190000
20
-78.650000
10
190.990000
20
-78.970000
10
190.990000
20
-78.970000
10
190.760000
20
-79.300000
10
190.760000
20
-79.300000
10
190.490000
20
-79.630000
10
190.490000
20
-79.630000
10
190.190000
20
-79.980000
10
190.190000
20
-79.980000
10
190.260000
20
-80.070000
10
190.260000
20
-80.070000
10
190.760000
20
-79.690000
10
190.760000
20
-79.690000
10
191.190000
20
-79.270000
10
191.190000
20
-79.270000
10
191.560000
20
-78.820000
10
191.560000
20
-78.820000
10
191.850000
20
-78.340000
10
191.850000
20
-78.340000
10
192.070000
20
-77.820000
10
192.070000
20
-77.820000
10
192.220000
20
-77.260000
10
192.220000
20
-77.260000
10
192.300000
20
-76.670000
10
192.300000
20
-76.670000
10
195.260000
20
-76.670000
10
195.260000
20
-76.670000
10
195.260000
20
-77.360000
10
195.260000
20
-77.360000
10
195.250000
20
-77.990000
10
195.250000
20
-77.990000
10
195.250000
20
-78.570000
10
195.250000
20
-78.570000
10
195.250000
20
-79.080000
10
195.250000
20
-79.080000
10
195.240000
20
-79.530000
10
195.240000
20
-79.530000
10
195.240000
20
-79.920000
10
195.240000
20
-79.920000
10
195.230000
20
-80.250000
10
195.230000
20
-80.250000
10
195.790000
20
-80.050000
10
195.790000
20
-80.050000
10
195.780000
20
-79.760000
10
195.780000
20
-79.760000
10
195.770000
20
-79.410000
10
195.770000
20
-79.410000
10
195.760000
20
-79.000000
10
195.760000
20
-79.000000
10
195.750000
20
-78.540000
10
195.750000
20
-78.540000
10
195.750000
20
-78.020000
10
195.750000
20
-78.020000
10
195.750000
20
-77.440000
10
195.750000
20
-77.440000
10
195.750000
20
-76.800000
10
195.750000
20
-76.800000
10
196.030000
20
-76.580000
10
196.030000
20
-76.580000
10
195.390000
20
-76.110000
10
195.390000
20
-76.110000
10
195.170000
20
-76.490000
10
195.170000
20
-76.490000
10
192.300000
20
-76.490000
10
192.300000
20
-76.490000
10
192.320000
20
-76.300000
10
192.320000
20
-76.300000
10
192.340000
20
-76.100000
10
192.340000
20
-76.100000
10
192.360000
20
-75.900000
10
192.360000
20
-75.900000
10
192.370000
20
-75.680000
10
192.370000
20
-75.680000
10
192.380000
20
-75.460000
10
192.380000
20
-75.460000
10
192.390000
20
-75.220000
10
192.390000
20
-75.220000
10
192.390000
20
-74.980000
0
LWPOLYLINE
5
1593
100
AcDbEntity
8
0
100
AcDbPolyline
90
152
70
0
43
0.000000
10
50.810000
20
-64.880000
10
49.740000
20
-62.280000
10
49.740000
20
-62.280000
10
48.710000
20
-62.280000
10
48.710000
20
-62.280000
10
48.710000
20
-66.700000
10
48.710000
20
-66.700000
10
49.410000
20
-66.700000
10
49.410000
20
-66.700000
10
49.410000
20
-63.770000
10
49.410000
20
-63.770000
10
49.410000
20
-63.710000
10
49.410000
20
-63.710000
10
49.400000
20
-63.650000
10
49.400000
20
-63.650000
10
49.400000
20
-63.600000
10
49.400000
20
-63.600000
10
49.400000
20
-63.540000
10
49.400000
20
-63.540000
10
49.400000
20
-63.490000
10
49.400000
20
-63.490000
10
49.390000
20
-63.430000
10
49.390000
20
-63.430000
10
49.390000
20
-63.380000
10
49.390000
20
-63.380000
10
49.390000
20
-63.330000
10
49.390000
20
-63.330000
10
49.390000
20
-63.270000
10
49.390000
20
-63.270000
10
49.390000
20
-63.210000
10
49.390000
20
-63.210000
10
49.390000
20
-63.160000
10
49.390000
20
-63.160000
10
49.390000
20
-63.100000
10
49.390000
20
-63.100000
10
49.390000
20
-63.050000
10
49.390000
20
-63.050000
10
49.390000
20
-63.000000
10
49.390000
20
-63.000000
10
49.420000
20
-63.100000
10
49.420000
20
-63.100000
10
49.460000
20
-63.210000
10
49.460000
20
-63.210000
10
49.500000
20
-63.320000
10
49.500000
20
-63.320000
10
49.540000
20
-63.440000
10
49.540000
20
-63.440000
10
49.590000
20
-63.560000
10
49.590000
20
-63.560000
10
49.640000
20
-63.680000
10
49.640000
20
-63.680000
10
49.690000
20
-63.820000
10
49.690000
20
-63.820000
10
50.840000
20
-66.700000
10
50.840000
20
-66.700000
10
51.420000
20
-66.700000
10
51.420000
20
-66.700000
10
52.540000
20
-63.850000
10
52.540000
20
-63.850000
10
52.580000
20
-63.740000
10
52.580000
20
-63.740000
10
52.620000
20
-63.640000
10
52.620000
20
-63.640000
10
52.650000
20
-63.550000
10
52.650000
20
-63.550000
10
52.680000
20
-63.480000
10
52.680000
20
-63.480000
10
52.700000
20
-63.410000
10
52.700000
20
-63.410000
10
52.720000
20
-63.360000
10
52.720000
20
-63.360000
10
52.740000
20
-63.320000
10
52.740000
20
-63.320000
10
52.750000
20
-63.280000
10
52.750000
20
-63.280000
10
52.770000
20
-63.240000
10
52.770000
20
-63.240000
10
52.790000
20
-63.200000
10
52.790000
20
-63.200000
10
52.800000
20
-63.150000
10
52.800000
20
-63.150000
10
52.820000
20
-63.110000
10
52.820000
20
-63.110000
10
52.840000
20
-63.050000
10
52.840000
20
-63.050000
10
52.860000
20
-63.000000
10
52.860000
20
-63.000000
10
52.860000
20
-63.050000
10
52.860000
20
-63.050000
10
52.860000
20
-63.100000
10
52.860000
20
-63.100000
10
52.860000
20
-63.160000
10
52.860000
20
-63.160000
10
52.860000
20
-63.210000
10
52.860000
20
-63.210000
10
52.860000
20
-63.270000
10
52.860000
20
-63.270000
10
52.860000
20
-63.330000
10
52.860000
20
-63.330000
10
52.860000
20
-63.380000
10
52.860000
20
-63.380000
10
52.850000
20
-63.440000
10
52.850000
20
-63.440000
10
52.850000
20
-63.490000
10
52.850000
20
-63.490000
10
52.850000
20
-63.550000
10
52.850000
20
-63.550000
10
52.840000
20
-63.610000
10
52.840000
20
-63.610000
10
52.840000
20
-63.660000
10
52.840000
20
-63.660000
10
52.840000
20
-63.710000
10
52.840000
20
-63.710000
10
52.840000
20
-63.770000
10
52.840000
20
-63.770000
10
52.840000
20
-66.700000
10
52.840000
20
-66.700000
10
53.540000
20
-66.700000
10
53.540000
20
-66.700000
10
53.540000
20
-62.280000
10
53.540000
20
-62.280000
10
52.510000
20
-62.280000
10
52.510000
20
-62.280000
10
51.490000
20
-64.880000
10
51.490000
20
-64.880000
10
51.420000
20
-65.060000
10
51.420000
20
-65.060000
10
51.350000
20
-65.220000
10
51.350000
20
-65.220000
10
51.290000
20
-65.360000
10
51.290000
20
-65.360000
10
51.240000
20
-65.500000
10
51.240000
20
-65.500000
10
51.200000
20
-65.620000
10
51.200000
20
-65.620000
10
51.170000
20
-65.720000
10
51.170000
20
-65.720000
10
51.140000
20
-65.820000
10
51.140000
20
-65.820000
10
51.070000
20
-65.610000
10
51.070000
20
-65.610000
10
51.000000
20
-65.430000
10
51.000000
20
-65.430000
10
50.950000
20
-65.280000
10
50.950000
20
-65.280000
10
50.900000
20
-65.140000
10
50.900000
20
-65.140000
10
50.860000
20
-65.030000
10
50.860000
20
-65.030000
10
50.830000
20
-64.950000
10
50.830000
20
-64.950000
10
50.810000
20
-64.880000
0
LWPOLYLINE
5
1594
100
AcDbEntity
8
0
100
AcDbPolyline
90
24
70
0
43
0.000000
10
65.100000
20
-66.700000
10
67.640000
20
-66.700000
10
67.640000
20
-66.700000
10
67.640000
20
-66.100000
10
67.640000
20
-66.100000
10
65.870000
20
-66.100000
10
65.870000
20
-66.100000
10
65.870000
20
-64.750000
10
65.870000
20
-64.750000
10
67.320000
20
-64.750000
10
67.320000
20
-64.750000
10
67.320000
20
-64.150000
10
67.320000
20
-64.150000
10
65.870000
20
-64.150000
10
65.870000
20
-64.150000
10
65.870000
20
-62.900000
10
65.870000
20
-62.900000
10
67.500000
20
-62.900000
10
67.500000
20
-62.900000
10
67.500000
20
-62.280000
10
67.500000
20
-62.280000
10
65.100000
20
-62.280000
10
65.100000
20
-62.280000
10
65.100000
20
-66.700000
0
LWPOLYLINE
5
1595
100
AcDbEntity
8
0
100
AcDbPolyline
90
12
70
0
43
0.000000
10
69.540000
20
-66.080000
10
69.540000
20
-62.280000
10
69.540000
20
-62.280000
10
68.780000
20
-62.280000
10
68.780000
20
-62.280000
10
68.780000
20
-66.700000
10
68.780000
20
-66.700000
10
71.240000
20
-66.700000
10
71.240000
20
-66.700000
10
71.240000
20
-66.080000
10
71.240000
20
-66.080000
10
69.540000
20
-66.080000
0
LWPOLYLINE
5
1596
100
AcDbEntity
8
0
100
AcDbPolyline
90
8
70
0
43
0.000000
10
72.110000
20
-65.930000
10
72.110000
20
-66.700000
10
72.110000
20
-66.700000
10
72.860000
20
-66.700000
10
72.860000
20
-66.700000
10
72.860000
20
-65.930000
10
72.860000
20
-65.930000
10
72.110000
20
-65.930000
0
LWPOLYLINE
5
1597
100
AcDbEntity
8
0
100
AcDbPolyline
90
8
70
0
43
0.000000
10
72.110000
20
-63.500000
10
72.110000
20
-64.270000
10
72.110000
20
-64.270000
10
72.860000
20
-64.270000
10
72.860000
20
-64.270000
10
72.860000
20
-63.500000
10
72.860000
20
-63.500000
10
72.110000
20
-63.500000
0
LWPOLYLINE
5
1598
100
AcDbEntity
8
0
100
AcDbPolyline
90
124
70
0
43
0.000000
10
75.600000
20
-66.740000
10
75.840000
20
-66.750000
10
75.840000
20
-66.750000
10
76.080000
20
-66.740000
10
76.080000
20
-66.740000
10
76.310000
20
-66.710000
10
76.310000
20
-66.710000
10
76.520000
20
-66.670000
10
76.520000
20
-66.670000
10
76.710000
20
-66.600000
10
76.710000
20
-66.600000
10
76.890000
20
-66.520000
10
76.890000
20
-66.520000
10
77.040000
20
-66.420000
10
77.040000
20
-66.420000
10
77.190000
20
-66.300000
10
77.190000
20
-66.300000
10
77.310000
20
-66.160000
10
77.310000
20
-66.160000
10
77.410000
20
-66.010000
10
77.410000
20
-66.010000
10
77.500000
20
-65.840000
10
77.500000
20
-65.840000
10
77.570000
20
-65.660000
10
77.570000
20
-65.660000
10
77.610000
20
-65.460000
10
77.610000
20
-65.460000
10
77.640000
20
-65.250000
10
77.640000
20
-65.250000
10
77.650000
20
-65.020000
10
77.650000
20
-65.020000
10
77.650000
20
-62.280000
10
77.650000
20
-62.280000
10
76.900000
20
-62.280000
10
76.900000
20
-62.280000
10
76.900000
20
-64.970000
10
76.900000
20
-64.970000
10
76.900000
20
-65.120000
10
76.900000
20
-65.120000
10
76.880000
20
-65.270000
10
76.880000
20
-65.270000
10
76.850000
20
-65.410000
10
76.850000
20
-65.410000
10
76.820000
20
-65.530000
10
76.820000
20
-65.530000
10
76.770000
20
-65.650000
10
76.770000
20
-65.650000
10
76.710000
20
-65.750000
10
76.710000
20
-65.750000
10
76.640000
20
-65.850000
10
76.640000
20
-65.850000
10
76.560000
20
-65.930000
10
76.560000
20
-65.930000
10
76.460000
20
-66.000000
10
76.460000
20
-66.000000
10
76.360000
20
-66.050000
10
76.360000
20
-66.050000
10
76.260000
20
-66.090000
10
76.260000
20
-66.090000
10
76.140000
20
-66.120000
10
76.140000
20
-66.120000
10
76.010000
20
-66.140000
10
76.010000
20
-66.140000
10
75.870000
20
-66.150000
10
75.870000
20
-66.150000
10
75.740000
20
-66.140000
10
75.740000
20
-66.140000
10
75.610000
20
-66.120000
10
75.610000
20
-66.120000
10
75.500000
20
-66.090000
10
75.500000
20
-66.090000
10
75.390000
20
-66.050000
10
75.390000
20
-66.050000
10
75.290000
20
-66.000000
10
75.290000
20
-66.000000
10
75.200000
20
-65.930000
10
75.200000
20
-65.930000
10
75.120000
20
-65.850000
10
75.120000
20
-65.850000
10
75.050000
20
-65.760000
10
75.050000
20
-65.760000
10
74.990000
20
-65.660000
10
74.990000
20
-65.660000
10
74.940000
20
-65.550000
10
74.940000
20
-65.550000
10
74.900000
20
-65.430000
10
74.900000
20
-65.430000
10
74.870000
20
-65.300000
10
74.870000
20
-65.300000
10
74.860000
20
-65.160000
10
74.860000
20
-65.160000
10
74.850000
20
-65.020000
10
74.850000
20
-65.020000
10
74.850000
20
-62.280000
10
74.850000
20
-62.280000
10
74.100000
20
-62.280000
10
74.100000
20
-62.280000
10
74.100000
20
-65.070000
10
74.100000
20
-65.070000
10
74.110000
20
-65.290000
10
74.110000
20
-65.290000
10
74.140000
20
-65.510000
10
74.140000
20
-65.510000
10
74.180000
20
-65.700000
10
74.180000
20
-65.700000
10
74.240000
20
-65.880000
10
74.240000
20
-65.880000
10
74.320000
20
-66.040000
10
74.320000
20
-66.040000
10
74.420000
20
-66.190000
10
74.420000
20
-66.190000
10
74.540000
20
-66.320000
10
74.540000
20
-66.320000
10
74.670000
20
-66.430000
10
74.670000
20
-66.430000
10
74.830000
20
-66.530000
10
74.830000
20
-66.530000
10
75.000000
20
-66.610000
10
75.000000
20
-66.610000
10
75.180000
20
-66.670000
10
75.180000
20
-66.670000
10
75.380000
20
-66.710000
10
75.380000
20
-66.710000
10
75.600000
20
-66.740000
0
LWPOLYLINE
5
1599
100
AcDbEntity
8
0
100
AcDbPolyline
90
382
70
0
43
0.000000
10
81.770000
20
-65.620000
10
81.770000
20
-65.450000
10
81.770000
20
-65.450000
10
81.770000
20
-65.380000
10
81.770000
20
-65.380000
10
81.770000
20
-65.310000
10
81.770000
20
-65.310000
10
81.760000
20
-65.240000
10
81.760000
20
-65.240000
10
81.750000
20
-65.180000
10
81.750000
20
-65.180000
10
81.740000
20
-65.120000
10
81.740000
20
-65.120000
10
81.730000
20
-65.060000
10
81.730000
20
-65.060000
10
81.710000
20
-65.000000
10
81.710000
20
-65.000000
10
81.690000
20
-64.940000
10
81.690000
20
-64.940000
10
81.660000
20
-64.890000
10
81.660000
20
-64.890000
10
81.640000
20
-64.840000
10
81.640000
20
-64.840000
10
81.610000
20
-64.790000
10
81.610000
20
-64.790000
10
81.580000
20
-64.750000
10
81.580000
20
-64.750000
10
81.540000
20
-64.700000
10
81.540000
20
-64.700000
10
81.510000
20
-64.670000
10
81.510000
20
-64.670000
10
81.470000
20
-64.620000
10
81.470000
20
-64.620000
10
81.420000
20
-64.580000
10
81.420000
20
-64.580000
10
81.380000
20
-64.540000
10
81.380000
20
-64.540000
10
81.330000
20
-64.500000
10
81.330000
20
-64.500000
10
81.270000
20
-64.470000
10
81.270000
20
-64.470000
10
81.220000
20
-64.430000
10
81.220000
20
-64.430000
10
81.160000
20
-64.400000
10
81.160000
20
-64.400000
10
81.090000
20
-64.360000
10
81.090000
20
-64.360000
10
81.010000
20
-64.320000
10
81.010000
20
-64.320000
10
80.920000
20
-64.280000
10
80.920000
20
-64.280000
10
80.810000
20
-64.240000
10
80.810000
20
-64.240000
10
80.700000
20
-64.200000
10
80.700000
20
-64.200000
10
80.570000
20
-64.160000
10
80.570000
20
-64.160000
10
80.420000
20
-64.120000
10
80.420000
20
-64.120000
10
80.310000
20
-64.080000
10
80.310000
20
-64.080000
10
80.200000
20
-64.040000
10
80.200000
20
-64.040000
10
80.110000
20
-64.010000
10
80.110000
20
-64.010000
10
80.020000
20
-63.970000
10
80.020000
20
-63.970000
10
79.950000
20
-63.940000
10
79.950000
20
-63.940000
10
79.890000
20
-63.910000
10
79.890000
20
-63.910000
10
79.840000
20
-63.880000
10
79.840000
20
-63.880000
10
79.800000
20
-63.860000
10
79.800000
20
-63.860000
10
79.760000
20
-63.830000
10
79.760000
20
-63.830000
10
79.720000
20
-63.800000
10
79.720000
20
-63.800000
10
79.690000
20
-63.770000
10
79.690000
20
-63.770000
10
79.660000
20
-63.740000
10
79.660000
20
-63.740000
10
79.630000
20
-63.700000
10
79.630000
20
-63.700000
10
79.610000
20
-63.670000
10
79.610000
20
-63.670000
10
79.590000
20
-63.630000
10
79.590000
20
-63.630000
10
79.580000
20
-63.590000
10
79.580000
20
-63.590000
10
79.560000
20
-63.550000
10
79.560000
20
-63.550000
10
79.550000
20
-63.510000
10
79.550000
20
-63.510000
10
79.550000
20
-63.460000
10
79.550000
20
-63.460000
10
79.540000
20
-63.420000
10
79.540000
20
-63.420000
10
79.540000
20
-63.370000
10
79.540000
20
-63.370000
10
79.540000
20
-63.290000
10
79.540000
20
-63.290000
10
79.550000
20
-63.210000
10
79.550000
20
-63.210000
10
79.570000
20
-63.150000
10
79.570000
20
-63.150000
10
79.600000
20
-63.080000
10
79.600000
20
-63.080000
10
79.630000
20
-63.030000
10
79.630000
20
-63.030000
10
79.660000
20
-62.980000
10
79.660000
20
-62.980000
10
79.710000
20
-62.930000
10
79.710000
20
-62.930000
10
79.760000
20
-62.890000
10
79.760000
20
-62.890000
10
79.820000
20
-62.860000
10
79.820000
20
-62.860000
10
79.880000
20
-62.830000
10
79.880000
20
-62.830000
10
79.950000
20
-62.810000
10
79.950000
20
-62.810000
10
80.020000
20
-62.790000
10
80.020000
20
-62.790000
10
80.100000
20
-62.780000
10
80.100000
20
-62.780000
10
80.190000
20
-62.780000
10
80.190000
20
-62.780000
10
80.360000
20
-62.790000
10
80.360000
20
-62.790000
10
80.500000
20
-62.830000
10
80.500000
20
-62.830000
10
80.630000
20
-62.890000
10
80.630000
20
-62.890000
10
80.740000
20
-62.980000
10
80.740000
20
-62.980000
10
80.830000
20
-63.090000
10
80.830000
20
-63.090000
10
80.890000
20
-63.220000
10
80.890000
20
-63.220000
10
80.940000
20
-63.380000
10
80.940000
20
-63.380000
10
81.660000
20
-63.250000
10
81.660000
20
-63.250000
10
81.620000
20
-63.100000
10
81.620000
20
-63.100000
10
81.560000
20
-62.970000
10
81.560000
20
-62.970000
10
81.500000
20
-62.840000
10
81.500000
20
-62.840000
10
81.430000
20
-62.730000
10
81.430000
20
-62.730000
10
81.360000
20
-62.630000
10
81.360000
20
-62.630000
10
81.270000
20
-62.540000
10
81.270000
20
-62.540000
10
81.170000
20
-62.470000
10
81.170000
20
-62.470000
10
81.070000
20
-62.400000
10
81.070000
20
-62.400000
10
80.950000
20
-62.340000
10
80.950000
20
-62.340000
10
80.820000
20
-62.300000
10
80.820000
20
-62.300000
10
80.680000
20
-62.260000
10
80.680000
20
-62.260000
10
80.530000
20
-62.240000
10
80.530000
20
-62.240000
10
80.370000
20
-62.220000
10
80.370000
20
-62.220000
10
80.190000
20
-62.220000
10
80.190000
20
-62.220000
10
80.010000
20
-62.220000
10
80.010000
20
-62.220000
10
79.840000
20
-62.240000
10
79.840000
20
-62.240000
10
79.690000
20
-62.270000
10
79.690000
20
-62.270000
10
79.540000
20
-62.320000
10
79.540000
20
-62.320000
10
79.410000
20
-62.380000
10
79.410000
20
-62.380000
10
79.290000
20
-62.450000
10
79.290000
20
-62.450000
10
79.170000
20
-62.530000
10
79.170000
20
-62.530000
10
79.080000
20
-62.630000
10
79.080000
20
-62.630000
10
78.990000
20
-62.730000
10
78.990000
20
-62.730000
10
78.930000
20
-62.850000
10
78.930000
20
-62.850000
10
78.880000
20
-62.970000
10
78.880000
20
-62.970000
10
78.840000
20
-63.100000
10
78.840000
20
-63.100000
10
78.820000
20
-63.250000
10
78.820000
20
-63.250000
10
78.810000
20
-63.400000
10
78.810000
20
-63.400000
10
78.810000
20
-63.500000
10
78.810000
20
-63.500000
10
78.820000
20
-63.590000
10
78.820000
20
-63.590000
10
78.830000
20
-63.680000
10
78.830000
20
-63.680000
10
78.850000
20
-63.770000
10
78.850000
20
-63.770000
10
78.870000
20
-63.850000
10
78.870000
20
-63.850000
10
78.890000
20
-63.930000
10
78.890000
20
-63.930000
10
78.920000
20
-64.000000
10
78.920000
20
-64.000000
10
78.960000
20
-64.060000
10
78.960000
20
-64.060000
10
79.000000
20
-64.130000
10
79.000000
20
-64.130000
10
79.050000
20
-64.190000
10
79.050000
20
-64.190000
10
79.100000
20
-64.240000
10
79.100000
20
-64.240000
10
79.150000
20
-64.300000
10
79.150000
20
-64.300000
10
79.210000
20
-64.350000
10
79.210000
20
-64.350000
10
79.270000
20
-64.400000
10
79.270000
20
-64.400000
10
79.350000
20
-64.440000
10
79.350000
20
-64.440000
10
79.430000
20
-64.480000
10
79.430000
20
-64.480000
10
79.530000
20
-64.530000
10
79.530000
20
-64.530000
10
79.630000
20
-64.570000
10
79.630000
20
-64.570000
10
79.750000
20
-64.610000
10
79.750000
20
-64.610000
10
79.880000
20
-64.660000
10
79.880000
20
-64.660000
10
80.020000
20
-64.700000
10
80.020000
20
-64.700000
10
80.090000
20
-64.720000
10
80.090000
20
-64.720000
10
80.150000
20
-64.740000
10
80.150000
20
-64.740000
10
80.200000
20
-64.750000
10
80.200000
20
-64.750000
10
80.260000
20
-64.770000
10
80.260000
20
-64.770000
10
80.320000
20
-64.790000
10
80.320000
20
-64.790000
10
80.370000
20
-64.800000
10
80.370000
20
-64.800000
10
80.420000
20
-64.820000
10
80.420000
20
-64.820000
10
80.480000
20
-64.830000
10
80.480000
20
-64.830000
10
80.530000
20
-64.850000
10
80.530000
20
-64.850000
10
80.570000
20
-64.880000
10
80.570000
20
-64.880000
10
80.620000
20
-64.900000
10
80.620000
20
-64.900000
10
80.660000
20
-64.920000
10
80.660000
20
-64.920000
10
80.700000
20
-64.940000
10
80.700000
20
-64.940000
10
80.740000
20
-64.970000
10
80.740000
20
-64.970000
10
80.780000
20
-64.990000
10
80.780000
20
-64.990000
10
80.810000
20
-65.020000
10
80.810000
20
-65.020000
10
80.850000
20
-65.040000
10
80.850000
20
-65.040000
10
80.880000
20
-65.070000
10
80.880000
20
-65.070000
10
80.910000
20
-65.100000
10
80.910000
20
-65.100000
10
80.930000
20
-65.130000
10
80.930000
20
-65.130000
10
80.960000
20
-65.170000
10
80.960000
20
-65.170000
10
80.980000
20
-65.200000
10
80.980000
20
-65.200000
10
81.000000
20
-65.250000
10
81.000000
20
-65.250000
10
81.010000
20
-65.290000
10
81.010000
20
-65.290000
10
81.030000
20
-65.340000
10
81.030000
20
-65.340000
10
81.030000
20
-65.390000
10
81.030000
20
-65.390000
10
81.040000
20
-65.440000
10
81.040000
20
-65.440000
10
81.040000
20
-65.500000
10
81.040000
20
-65.500000
10
81.020000
20
-65.680000
10
81.020000
20
-65.680000
10
80.980000
20
-65.830000
10
80.980000
20
-65.830000
10
80.890000
20
-65.960000
10
80.890000
20
-65.960000
10
80.780000
20
-66.060000
10
80.780000
20
-66.060000
10
80.630000
20
-66.130000
10
80.630000
20
-66.130000
10
80.450000
20
-66.170000
10
80.450000
20
-66.170000
10
80.240000
20
-66.180000
10
80.240000
20
-66.180000
10
80.040000
20
-66.170000
10
80.040000
20
-66.170000
10
79.870000
20
-66.120000
10
79.870000
20
-66.120000
10
79.720000
20
-66.050000
10
79.720000
20
-66.050000
10
79.590000
20
-65.950000
10
79.590000
20
-65.950000
10
79.490000
20
-65.820000
10
79.490000
20
-65.820000
10
79.410000
20
-65.660000
10
79.410000
20
-65.660000
10
79.360000
20
-65.470000
10
79.360000
20
-65.470000
10
78.660000
20
-65.580000
10
78.660000
20
-65.580000
10
78.700000
20
-65.740000
10
78.700000
20
-65.740000
10
78.750000
20
-65.890000
10
78.750000
20
-65.890000
10
78.810000
20
-66.030000
10
78.810000
20
-66.030000
10
78.880000
20
-66.160000
10
78.880000
20
-66.160000
10
78.960000
20
-66.270000
10
78.960000
20
-66.270000
10
79.050000
20
-66.370000
10
79.050000
20
-66.370000
10
79.160000
20
-66.470000
10
79.160000
20
-66.470000
10
79.270000
20
-66.540000
10
79.270000
20
-66.540000
10
79.400000
20
-66.600000
10
79.400000
20
-66.600000
10
79.540000
20
-66.660000
10
79.540000
20
-66.660000
10
79.690000
20
-66.700000
10
79.690000
20
-66.700000
10
79.850000
20
-66.730000
10
79.850000
20
-66.730000
10
80.020000
20
-66.740000
10
80.020000
20
-66.740000
10
80.210000
20
-66.750000
10
80.210000
20
-66.750000
10
80.420000
20
-66.740000
10
80.420000
20
-66.740000
10
80.610000
20
-66.720000
10
80.610000
20
-66.720000
10
80.790000
20
-66.690000
10
80.790000
20
-66.690000
10
80.950000
20
-66.640000
10
80.950000
20
-66.640000
10
81.100000
20
-66.580000
10
81.100000
20
-66.580000
10
81.240000
20
-66.500000
10
81.240000
20
-66.500000
10
81.360000
20
-66.420000
10
81.360000
20
-66.420000
10
81.470000
20
-66.310000
10
81.470000
20
-66.310000
10
81.560000
20
-66.200000
10
81.560000
20
-66.200000
10
81.640000
20
-66.070000
10
81.640000
20
-66.070000
10
81.700000
20
-65.940000
10
81.700000
20
-65.940000
10
81.740000
20
-65.790000
10
81.740000
20
-65.790000
10
81.770000
20
-65.620000
0
LWPOLYLINE
5
1600
100
AcDbEntity
8
0
100
AcDbPolyline
90
8
70
0
43
0.000000
10
86.480000
20
-67.250000
10
86.480000
20
-67.530000
10
86.480000
20
-67.530000
10
89.250000
20
-67.530000
10
89.250000
20
-67.530000
10
89.250000
20
-67.250000
10
89.250000
20
-67.250000
10
86.480000
20
-67.250000
0
LWPOLYLINE
5
1601
100
AcDbEntity
8
0
100
AcDbPolyline
90
214
70
0
43
0.000000
10
95.580000
20
-66.740000
10
95.830000
20
-66.750000
10
95.830000
20
-66.750000
10
96.160000
20
-66.720000
10
96.160000
20
-66.720000
10
96.450000
20
-66.650000
10
96.450000
20
-66.650000
10
96.720000
20
-66.530000
10
96.720000
20
-66.530000
10
96.950000
20
-66.370000
10
96.950000
20
-66.370000
10
97.150000
20
-66.150000
10
97.150000
20
-66.150000
10
97.320000
20
-65.890000
10
97.320000
20
-65.890000
10
97.460000
20
-65.580000
10
97.460000
20
-65.580000
10
96.790000
20
-65.330000
10
96.790000
20
-65.330000
10
96.760000
20
-65.440000
10
96.760000
20
-65.440000
10
96.720000
20
-65.540000
10
96.720000
20
-65.540000
10
96.670000
20
-65.630000
10
96.670000
20
-65.630000
10
96.620000
20
-65.720000
10
96.620000
20
-65.720000
10
96.560000
20
-65.790000
10
96.560000
20
-65.790000
10
96.500000
20
-65.870000
10
96.500000
20
-65.870000
10
96.430000
20
-65.930000
10
96.430000
20
-65.930000
10
96.350000
20
-65.990000
10
96.350000
20
-65.990000
10
96.280000
20
-66.040000
10
96.280000
20
-66.040000
10
96.200000
20
-66.080000
10
96.200000
20
-66.080000
10
96.110000
20
-66.110000
10
96.110000
20
-66.110000
10
96.020000
20
-66.130000
10
96.020000
20
-66.130000
10
95.930000
20
-66.140000
10
95.930000
20
-66.140000
10
95.830000
20
-66.150000
10
95.830000
20
-66.150000
10
95.690000
20
-66.140000
10
95.690000
20
-66.140000
10
95.550000
20
-66.110000
10
95.550000
20
-66.110000
10
95.430000
20
-66.070000
10
95.430000
20
-66.070000
10
95.310000
20
-66.000000
10
95.310000
20
-66.000000
10
95.210000
20
-65.920000
10
95.210000
20
-65.920000
10
95.110000
20
-65.820000
10
95.110000
20
-65.820000
10
95.030000
20
-65.700000
10
95.030000
20
-65.700000
10
94.950000
20
-65.560000
10
94.950000
20
-65.560000
10
94.880000
20
-65.410000
10
94.880000
20
-65.410000
10
94.830000
20
-65.250000
10
94.830000
20
-65.250000
10
94.780000
20
-65.080000
10
94.780000
20
-65.080000
10
94.750000
20
-64.890000
10
94.750000
20
-64.890000
10
94.730000
20
-64.680000
10
94.730000
20
-64.680000
10
94.730000
20
-64.470000
10
94.730000
20
-64.470000
10
94.730000
20
-64.250000
10
94.730000
20
-64.250000
10
94.750000
20
-64.050000
10
94.750000
20
-64.050000
10
94.780000
20
-63.860000
10
94.780000
20
-63.860000
10
94.820000
20
-63.680000
10
94.820000
20
-63.680000
10
94.870000
20
-63.520000
10
94.870000
20
-63.520000
10
94.940000
20
-63.380000
10
94.940000
20
-63.380000
10
95.010000
20
-63.250000
10
95.010000
20
-63.250000
10
95.100000
20
-63.140000
10
95.100000
20
-63.140000
10
95.190000
20
-63.040000
10
95.190000
20
-63.040000
10
95.300000
20
-62.970000
10
95.300000
20
-62.970000
10
95.420000
20
-62.910000
10
95.420000
20
-62.910000
10
95.540000
20
-62.870000
10
95.540000
20
-62.870000
10
95.680000
20
-62.840000
10
95.680000
20
-62.840000
10
95.830000
20
-62.830000
10
95.830000
20
-62.830000
10
95.930000
20
-62.840000
10
95.930000
20
-62.840000
10
96.020000
20
-62.850000
10
96.020000
20
-62.850000
10
96.110000
20
-62.870000
10
96.110000
20
-62.870000
10
96.200000
20
-62.890000
10
96.200000
20
-62.890000
10
96.280000
20
-62.930000
10
96.280000
20
-62.930000
10
96.350000
20
-62.970000
10
96.350000
20
-62.970000
10
96.430000
20
-63.020000
10
96.430000
20
-63.020000
10
96.490000
20
-63.080000
10
96.490000
20
-63.080000
10
96.550000
20
-63.140000
10
96.550000
20
-63.140000
10
96.610000
20
-63.220000
10
96.610000
20
-63.220000
10
96.660000
20
-63.300000
10
96.660000
20
-63.300000
10
96.700000
20
-63.390000
10
96.700000
20
-63.390000
10
96.740000
20
-63.480000
10
96.740000
20
-63.480000
10
96.780000
20
-63.580000
10
96.780000
20
-63.580000
10
97.440000
20
-63.350000
10
97.440000
20
-63.350000
10
97.380000
20
-63.190000
10
97.380000
20
-63.190000
10
97.310000
20
-63.040000
10
97.310000
20
-63.040000
10
97.230000
20
-62.910000
10
97.230000
20
-62.910000
10
97.150000
20
-62.790000
10
97.150000
20
-62.790000
10
97.050000
20
-62.680000
10
97.050000
20
-62.680000
10
96.940000
20
-62.580000
10
96.940000
20
-62.580000
10
96.830000
20
-62.500000
10
96.830000
20
-62.500000
10
96.710000
20
-62.420000
10
96.710000
20
-62.420000
10
96.580000
20
-62.360000
10
96.580000
20
-62.360000
10
96.450000
20
-62.310000
10
96.450000
20
-62.310000
10
96.300000
20
-62.270000
10
96.300000
20
-62.270000
10
96.150000
20
-62.240000
10
96.150000
20
-62.240000
10
95.980000
20
-62.220000
10
95.980000
20
-62.220000
10
95.810000
20
-62.220000
10
95.810000
20
-62.220000
10
95.570000
20
-62.230000
10
95.570000
20
-62.230000
10
95.340000
20
-62.260000
10
95.340000
20
-62.260000
10
95.130000
20
-62.330000
10
95.130000
20
-62.330000
10
94.930000
20
-62.410000
10
94.930000
20
-62.410000
10
94.750000
20
-62.520000
10
94.750000
20
-62.520000
10
94.590000
20
-62.660000
10
94.590000
20
-62.660000
10
94.440000
20
-62.820000
10
94.440000
20
-62.820000
10
94.320000
20
-62.990000
10
94.320000
20
-62.990000
10
94.210000
20
-63.190000
10
94.210000
20
-63.190000
10
94.120000
20
-63.400000
10
94.120000
20
-63.400000
10
94.050000
20
-63.640000
10
94.050000
20
-63.640000
10
94.000000
20
-63.900000
10
94.000000
20
-63.900000
10
93.970000
20
-64.170000
10
93.970000
20
-64.170000
10
93.960000
20
-64.470000
10
93.960000
20
-64.470000
10
93.970000
20
-64.760000
10
93.970000
20
-64.760000
10
94.000000
20
-65.040000
10
94.000000
20
-65.040000
10
94.050000
20
-65.310000
10
94.050000
20
-65.310000
10
94.120000
20
-65.550000
10
94.120000
20
-65.550000
10
94.210000
20
-65.770000
10
94.210000
20
-65.770000
10
94.320000
20
-65.970000
10
94.320000
20
-65.970000
10
94.440000
20
-66.150000
10
94.440000
20
-66.150000
10
94.600000
20
-66.310000
10
94.600000
20
-66.310000
10
94.760000
20
-66.440000
10
94.760000
20
-66.440000
10
94.940000
20
-66.550000
10
94.940000
20
-66.550000
10
95.140000
20
-66.640000
10
95.140000
20
-66.640000
10
95.350000
20
-66.700000
10
95.350000
20
-66.700000
10
95.580000
20
-66.740000
0
LWPOLYLINE
5
1602
100
AcDbEntity
8
0
100
AcDbPolyline
90
8
70
0
43
0.000000
10
98.520000
20
-66.700000
10
99.270000
20
-66.700000
10
99.270000
20
-66.700000
10
99.270000
20
-62.280000
10
99.270000
20
-62.280000
10
98.520000
20
-62.280000
10
98.520000
20
-62.280000
10
98.520000
20
-66.700000
0
LWPOLYLINE
5
1603
100
AcDbEntity
8
0
100
AcDbPolyline
90
24
70
0
43
0.000000
10
100.720000
20
-66.700000
10
103.250000
20
-66.700000
10
103.250000
20
-66.700000
10
103.250000
20
-66.100000
10
103.250000
20
-66.100000
10
101.490000
20
-66.100000
10
101.490000
20
-66.100000
10
101.490000
20
-64.750000
10
101.490000
20
-64.750000
10
102.940000
20
-64.750000
10
102.940000
20
-64.750000
10
102.940000
20
-64.150000
10
102.940000
20
-64.150000
10
101.490000
20
-64.150000
10
101.490000
20
-64.150000
10
101.490000
20
-62.900000
10
101.490000
20
-62.900000
10
103.120000
20
-62.900000
10
103.120000
20
-62.900000
10
103.120000
20
-62.280000
10
103.120000
20
-62.280000
10
100.720000
20
-62.280000
10
100.720000
20
-62.280000
10
100.720000
20
-66.700000
0
LWPOLYLINE
5
1604
100
AcDbEntity
8
0
100
AcDbPolyline
90
8
70
0
43
0.000000
10
103.790000
20
-67.250000
10
103.790000
20
-67.530000
10
103.790000
20
-67.530000
10
106.560000
20
-67.530000
10
106.560000
20
-67.530000
10
106.560000
20
-67.250000
10
106.560000
20
-67.250000
10
103.790000
20
-67.250000
0
LWPOLYLINE
5
1605
100
AcDbEntity
8
0
100
AcDbPolyline
90
24
70
0
43
0.000000
10
107.400000
20
-66.700000
10
109.930000
20
-66.700000
10
109.930000
20
-66.700000
10
109.930000
20
-66.100000
10
109.930000
20
-66.100000
10
108.160000
20
-66.100000
10
108.160000
20
-66.100000
10
108.160000
20
-64.750000
10
108.160000
20
-64.750000
10
109.610000
20
-64.750000
10
109.610000
20
-64.750000
10
109.610000
20
-64.150000
10
109.610000
20
-64.150000
10
108.160000
20
-64.150000
10
108.160000
20
-64.150000
10
108.160000
20
-62.900000
10
108.160000
20
-62.900000
10
109.800000
20
-62.900000
10
109.800000
20
-62.900000
10
109.800000
20
-62.280000
10
109.800000
20
-62.280000
10
107.400000
20
-62.280000
10
107.400000
20
-62.280000
10
107.400000
20
-66.700000
0
LWPOLYLINE
5
1606
100
AcDbEntity
8
0
100
AcDbPolyline
90
24
70
0
43
0.000000
10
112.850000
20
-63.480000
10
112.120000
20
-64.670000
10
112.120000
20
-64.670000
10
111.390000
20
-63.480000
10
111.390000
20
-63.480000
10
110.600000
20
-63.480000
10
110.600000
20
-63.480000
10
111.720000
20
-65.050000
10
111.720000
20
-65.050000
10
110.550000
20
-66.700000
10
110.550000
20
-66.700000
10
111.320000
20
-66.700000
10
111.320000
20
-66.700000
10
112.120000
20
-65.470000
10
112.120000
20
-65.470000
10
112.920000
20
-66.700000
10
112.920000
20
-66.700000
10
113.700000
20
-66.700000
10
113.700000
20
-66.700000
10
112.540000
20
-65.030000
10
112.540000
20
-65.030000
10
113.640000
20
-63.480000
10
113.640000
20
-63.480000
10
112.850000
20
-63.480000
0
LWPOLYLINE
5
1607
100
AcDbEntity
8
0
100
AcDbPolyline
90
156
70
0
43
0.000000
10
124.550000
20
-64.900000
10
124.550000
20
-66.700000
10
124.550000
20
-66.700000
10
125.280000
20
-66.700000
10
125.280000
20
-66.700000
10
125.280000
20
-64.720000
10
125.280000
20
-64.720000
10
125.280000
20
-64.530000
10
125.280000
20
-64.530000
10
125.260000
20
-64.360000
10
125.260000
20
-64.360000
10
125.240000
20
-64.210000
10
125.240000
20
-64.210000
10
125.200000
20
-64.070000
10
125.200000
20
-64.070000
10
125.150000
20
-63.940000
10
125.150000
20
-63.940000
10
125.090000
20
-63.830000
10
125.090000
20
-63.830000
10
125.020000
20
-63.730000
10
125.020000
20
-63.730000
10
124.940000
20
-63.650000
10
124.940000
20
-63.650000
10
124.840000
20
-63.580000
10
124.840000
20
-63.580000
10
124.740000
20
-63.520000
10
124.740000
20
-63.520000
10
124.630000
20
-63.470000
10
124.630000
20
-63.470000
10
124.500000
20
-63.440000
10
124.500000
20
-63.440000
10
124.360000
20
-63.420000
10
124.360000
20
-63.420000
10
124.220000
20
-63.420000
10
124.220000
20
-63.420000
10
124.110000
20
-63.420000
10
124.110000
20
-63.420000
10
124.010000
20
-63.430000
10
124.010000
20
-63.430000
10
123.910000
20
-63.450000
10
123.910000
20
-63.450000
10
123.820000
20
-63.470000
10
123.820000
20
-63.470000
10
123.740000
20
-63.500000
10
123.740000
20
-63.500000
10
123.660000
20
-63.540000
10
123.660000
20
-63.540000
10
123.580000
20
-63.580000
10
123.580000
20
-63.580000
10
123.510000
20
-63.630000
10
123.510000
20
-63.630000
10
123.450000
20
-63.690000
10
123.450000
20
-63.690000
10
123.380000
20
-63.760000
10
123.380000
20
-63.760000
10
123.320000
20
-63.830000
10
123.320000
20
-63.830000
10
123.260000
20
-63.910000
10
123.260000
20
-63.910000
10
123.200000
20
-64.000000
10
123.200000
20
-64.000000
10
123.150000
20
-64.100000
10
123.150000
20
-64.100000
10
123.130000
20
-64.100000
10
123.130000
20
-64.100000
10
123.130000
20
-64.050000
10
123.130000
20
-64.050000
10
123.130000
20
-63.990000
10
123.130000
20
-63.990000
10
123.130000
20
-63.910000
10
123.130000
20
-63.910000
10
123.120000
20
-63.820000
10
123.120000
20
-63.820000
10
123.120000
20
-63.720000
10
123.120000
20
-63.720000
10
123.110000
20
-63.610000
10
123.110000
20
-63.610000
10
123.100000
20
-63.480000
10
123.100000
20
-63.480000
10
122.420000
20
-63.480000
10
122.420000
20
-63.480000
10
122.430000
20
-63.590000
10
122.430000
20
-63.590000
10
122.430000
20
-63.690000
10
122.430000
20
-63.690000
10
122.440000
20
-63.800000
10
122.440000
20
-63.800000
10
122.450000
20
-63.910000
10
122.450000
20
-63.910000
10
122.450000
20
-64.010000
10
122.450000
20
-64.010000
10
122.450000
20
-64.120000
10
122.450000
20
-64.120000
10
122.450000
20
-64.230000
10
122.450000
20
-64.230000
10
122.450000
20
-66.700000
10
122.450000
20
-66.700000
10
123.170000
20
-66.700000
10
123.170000
20
-66.700000
10
123.170000
20
-65.000000
10
123.170000
20
-65.000000
10
123.170000
20
-64.870000
10
123.170000
20
-64.870000
10
123.180000
20
-64.750000
10
123.180000
20
-64.750000
10
123.200000
20
-64.640000
10
123.200000
20
-64.640000
10
123.230000
20
-64.530000
10
123.230000
20
-64.530000
10
123.270000
20
-64.430000
10
123.270000
20
-64.430000
10
123.310000
20
-64.350000
10
123.310000
20
-64.350000
10
123.370000
20
-64.270000
10
123.370000
20
-64.270000
10
123.430000
20
-64.190000
10
123.430000
20
-64.190000
10
123.500000
20
-64.130000
10
123.500000
20
-64.130000
10
123.570000
20
-64.070000
10
123.570000
20
-64.070000
10
123.650000
20
-64.030000
10
123.650000
20
-64.030000
10
123.740000
20
-64.010000
10
123.740000
20
-64.010000
10
123.830000
20
-63.990000
10
123.830000
20
-63.990000
10
123.930000
20
-63.980000
10
123.930000
20
-63.980000
10
124.020000
20
-63.990000
10
124.020000
20
-63.990000
10
124.100000
20
-64.000000
10
124.100000
20
-64.000000
10
124.180000
20
-64.020000
10
124.180000
20
-64.020000
10
124.240000
20
-64.050000
10
124.240000
20
-64.050000
10
124.300000
20
-64.090000
10
124.300000
20
-64.090000
10
124.350000
20
-64.140000
10
124.350000
20
-64.140000
10
124.400000
20
-64.200000
10
124.400000
20
-64.200000
10
124.440000
20
-64.270000
10
124.440000
20
-64.270000
10
124.470000
20
-64.340000
10
124.470000
20
-64.340000
10
124.500000
20
-64.430000
10
124.500000
20
-64.430000
10
124.520000
20
-64.530000
10
124.520000
20
-64.530000
10
124.540000
20
-64.640000
10
124.540000
20
-64.640000
10
124.550000
20
-64.770000
10
124.550000
20
-64.770000
10
124.550000
20
-64.900000
0
LWPOLYLINE
5
1608
100
AcDbEntity
8
0
100
AcDbPolyline
90
382
70
0
43
0.000000
10
128.600000
20
-65.890000
10
128.610000
20
-65.770000
10
128.610000
20
-65.770000
10
128.600000
20
-65.690000
10
128.600000
20
-65.690000
10
128.600000
20
-65.620000
10
128.600000
20
-65.620000
10
128.590000
20
-65.550000
10
128.590000
20
-65.550000
10
128.580000
20
-65.490000
10
128.580000
20
-65.490000
10
128.560000
20
-65.430000
10
128.560000
20
-65.430000
10
128.550000
20
-65.370000
10
128.550000
20
-65.370000
10
128.520000
20
-65.320000
10
128.520000
20
-65.320000
10
128.490000
20
-65.270000
10
128.490000
20
-65.270000
10
128.460000
20
-65.220000
10
128.460000
20
-65.220000
10
128.420000
20
-65.180000
10
128.420000
20
-65.180000
10
128.390000
20
-65.140000
10
128.390000
20
-65.140000
10
128.350000
20
-65.100000
10
128.350000
20
-65.100000
10
128.300000
20
-65.070000
10
128.300000
20
-65.070000
10
128.260000
20
-65.030000
10
128.260000
20
-65.030000
10
128.200000
20
-65.000000
10
128.200000
20
-65.000000
10
128.130000
20
-64.970000
10
128.130000
20
-64.970000
10
128.060000
20
-64.930000
10
128.060000
20
-64.930000
10
127.980000
20
-64.900000
10
127.980000
20
-64.900000
10
127.880000
20
-64.870000
10
127.880000
20
-64.870000
10
127.780000
20
-64.830000
10
127.780000
20
-64.830000
10
127.670000
20
-64.800000
10
127.670000
20
-64.800000
10
127.570000
20
-64.770000
10
127.570000
20
-64.770000
10
127.480000
20
-64.740000
10
127.480000
20
-64.740000
10
127.400000
20
-64.710000
10
127.400000
20
-64.710000
10
127.340000
20
-64.690000
10
127.340000
20
-64.690000
10
127.280000
20
-64.670000
10
127.280000
20
-64.670000
10
127.230000
20
-64.650000
10
127.230000
20
-64.650000
10
127.190000
20
-64.630000
10
127.190000
20
-64.630000
10
127.160000
20
-64.610000
10
127.160000
20
-64.610000
10
127.140000
20
-64.590000
10
127.140000
20
-64.590000
10
127.110000
20
-64.570000
10
127.110000
20
-64.570000
10
127.090000
20
-64.560000
10
127.090000
20
-64.560000
10
127.070000
20
-64.540000
10
127.070000
20
-64.540000
10
127.050000
20
-64.520000
10
127.050000
20
-64.520000
10
127.040000
20
-64.500000
10
127.040000
20
-64.500000
10
127.020000
20
-64.470000
10
127.020000
20
-64.470000
10
127.010000
20
-64.450000
10
127.010000
20
-64.450000
10
126.990000
20
-64.420000
10
126.990000
20
-64.420000
10
126.990000
20
-64.390000
10
126.990000
20
-64.390000
10
126.980000
20
-64.350000
10
126.980000
20
-64.350000
10
126.970000
20
-64.320000
10
126.970000
20
-64.320000
10
126.970000
20
-64.280000
10
126.970000
20
-64.280000
10
126.980000
20
-64.180000
10
126.980000
20
-64.180000
10
127.010000
20
-64.090000
10
127.010000
20
-64.090000
10
127.060000
20
-64.020000
10
127.060000
20
-64.020000
10
127.120000
20
-63.970000
10
127.120000
20
-63.970000
10
127.200000
20
-63.930000
10
127.200000
20
-63.930000
10
127.300000
20
-63.910000
10
127.300000
20
-63.910000
10
127.420000
20
-63.900000
10
127.420000
20
-63.900000
10
127.480000
20
-63.900000
10
127.480000
20
-63.900000
10
127.530000
20
-63.900000
10
127.530000
20
-63.900000
10
127.580000
20
-63.910000
10
127.580000
20
-63.910000
10
127.620000
20
-63.920000
10
127.620000
20
-63.920000
10
127.670000
20
-63.930000
10
127.670000
20
-63.930000
10
127.700000
20
-63.950000
10
127.700000
20
-63.950000
10
127.740000
20
-63.970000
10
127.740000
20
-63.970000
10
127.770000
20
-63.990000
10
127.770000
20
-63.990000
10
127.800000
20
-64.020000
10
127.800000
20
-64.020000
10
127.820000
20
-64.060000
10
127.820000
20
-64.060000
10
127.850000
20
-64.090000
10
127.850000
20
-64.090000
10
127.860000
20
-64.140000
10
127.860000
20
-64.140000
10
127.880000
20
-64.180000
10
127.880000
20
-64.180000
10
127.890000
20
-64.230000
10
127.890000
20
-64.230000
10
128.510000
20
-64.170000
10
128.510000
20
-64.170000
10
128.480000
20
-64.060000
10
128.480000
20
-64.060000
10
128.450000
20
-63.960000
10
128.450000
20
-63.960000
10
128.410000
20
-63.870000
10
128.410000
20
-63.870000
10
128.360000
20
-63.790000
10
128.360000
20
-63.790000
10
128.310000
20
-63.720000
10
128.310000
20
-63.720000
10
128.240000
20
-63.660000
10
128.240000
20
-63.660000
10
128.170000
20
-63.600000
10
128.170000
20
-63.600000
10
128.090000
20
-63.550000
10
128.090000
20
-63.550000
10
128.000000
20
-63.510000
10
128.000000
20
-63.510000
10
127.900000
20
-63.480000
10
127.900000
20
-63.480000
10
127.790000
20
-63.450000
10
127.790000
20
-63.450000
10
127.670000
20
-63.430000
10
127.670000
20
-63.430000
10
127.540000
20
-63.420000
10
127.540000
20
-63.420000
10
127.410000
20
-63.420000
10
127.410000
20
-63.420000
10
127.260000
20
-63.420000
10
127.260000
20
-63.420000
10
127.120000
20
-63.440000
10
127.120000
20
-63.440000
10
126.990000
20
-63.460000
10
126.990000
20
-63.460000
10
126.880000
20
-63.500000
10
126.880000
20
-63.500000
10
126.770000
20
-63.540000
10
126.770000
20
-63.540000
10
126.680000
20
-63.600000
10
126.680000
20
-63.600000
10
126.590000
20
-63.670000
10
126.590000
20
-63.670000
10
126.520000
20
-63.740000
10
126.520000
20
-63.740000
10
126.460000
20
-63.820000
10
126.460000
20
-63.820000
10
126.410000
20
-63.920000
10
126.410000
20
-63.920000
10
126.370000
20
-64.020000
10
126.370000
20
-64.020000
10
126.340000
20
-64.120000
10
126.340000
20
-64.120000
10
126.330000
20
-64.240000
10
126.330000
20
-64.240000
10
126.320000
20
-64.370000
10
126.320000
20
-64.370000
10
126.320000
20
-64.440000
10
126.320000
20
-64.440000
10
126.330000
20
-64.500000
10
126.330000
20
-64.500000
10
126.340000
20
-64.570000
10
126.340000
20
-64.570000
10
126.350000
20
-64.630000
10
126.350000
20
-64.630000
10
126.370000
20
-64.690000
10
126.370000
20
-64.690000
10
126.380000
20
-64.740000
10
126.380000
20
-64.740000
10
126.410000
20
-64.800000
10
126.410000
20
-64.800000
10
126.440000
20
-64.850000
10
126.440000
20
-64.850000
10
126.470000
20
-64.890000
10
126.470000
20
-64.890000
10
126.500000
20
-64.930000
10
126.500000
20
-64.930000
10
126.540000
20
-64.970000
10
126.540000
20
-64.970000
10
126.580000
20
-65.010000
10
126.580000
20
-65.010000
10
126.630000
20
-65.050000
10
126.630000
20
-65.050000
10
126.670000
20
-65.080000
10
126.670000
20
-65.080000
10
126.720000
20
-65.110000
10
126.720000
20
-65.110000
10
126.780000
20
-65.150000
10
126.780000
20
-65.150000
10
126.850000
20
-65.180000
10
126.850000
20
-65.180000
10
126.920000
20
-65.200000
10
126.920000
20
-65.200000
10
127.000000
20
-65.230000
10
127.000000
20
-65.230000
10
127.080000
20
-65.260000
10
127.080000
20
-65.260000
10
127.170000
20
-65.280000
10
127.170000
20
-65.280000
10
127.280000
20
-65.310000
10
127.280000
20
-65.310000
10
127.370000
20
-65.340000
10
127.370000
20
-65.340000
10
127.450000
20
-65.360000
10
127.450000
20
-65.360000
10
127.520000
20
-65.390000
10
127.520000
20
-65.390000
10
127.580000
20
-65.410000
10
127.580000
20
-65.410000
10
127.630000
20
-65.430000
10
127.630000
20
-65.430000
10
127.670000
20
-65.450000
10
127.670000
20
-65.450000
10
127.710000
20
-65.470000
10
127.710000
20
-65.470000
10
127.740000
20
-65.490000
10
127.740000
20
-65.490000
10
127.770000
20
-65.510000
10
127.770000
20
-65.510000
10
127.800000
20
-65.540000
10
127.800000
20
-65.540000
10
127.830000
20
-65.560000
10
127.830000
20
-65.560000
10
127.850000
20
-65.590000
10
127.850000
20
-65.590000
10
127.870000
20
-65.620000
10
127.870000
20
-65.620000
10
127.890000
20
-65.640000
10
127.890000
20
-65.640000
10
127.910000
20
-65.670000
10
127.910000
20
-65.670000
10
127.920000
20
-65.700000
10
127.920000
20
-65.700000
10
127.930000
20
-65.730000
10
127.930000
20
-65.730000
10
127.930000
20
-65.770000
10
127.930000
20
-65.770000
10
127.940000
20
-65.810000
10
127.940000
20
-65.810000
10
127.940000
20
-65.850000
10
127.940000
20
-65.850000
10
127.940000
20
-65.910000
10
127.940000
20
-65.910000
10
127.930000
20
-65.970000
10
127.930000
20
-65.970000
10
127.910000
20
-66.020000
10
127.910000
20
-66.020000
10
127.890000
20
-66.070000
10
127.890000
20
-66.070000
10
127.860000
20
-66.110000
10
127.860000
20
-66.110000
10
127.830000
20
-66.150000
10
127.830000
20
-66.150000
10
127.790000
20
-66.180000
10
127.790000
20
-66.180000
10
127.750000
20
-66.210000
10
127.750000
20
-66.210000
10
127.700000
20
-66.230000
10
127.700000
20
-66.230000
10
127.650000
20
-66.250000
10
127.650000
20
-66.250000
10
127.590000
20
-66.260000
10
127.590000
20
-66.260000
10
127.530000
20
-66.270000
10
127.530000
20
-66.270000
10
127.470000
20
-66.280000
10
127.470000
20
-66.280000
10
127.410000
20
-66.280000
10
127.410000
20
-66.280000
10
127.330000
20
-66.280000
10
127.330000
20
-66.280000
10
127.260000
20
-66.270000
10
127.260000
20
-66.270000
10
127.200000
20
-66.260000
10
127.200000
20
-66.260000
10
127.140000
20
-66.250000
10
127.140000
20
-66.250000
10
127.080000
20
-66.230000
10
127.080000
20
-66.230000
10
127.030000
20
-66.210000
10
127.030000
20
-66.210000
10
126.990000
20
-66.180000
10
126.990000
20
-66.180000
10
126.950000
20
-66.160000
10
126.950000
20
-66.160000
10
126.920000
20
-66.120000
10
126.920000
20
-66.120000
10
126.890000
20
-66.090000
10
126.890000
20
-66.090000
10
126.860000
20
-66.040000
10
126.860000
20
-66.040000
10
126.840000
20
-65.990000
10
126.840000
20
-65.990000
10
126.820000
20
-65.940000
10
126.820000
20
-65.940000
10
126.810000
20
-65.880000
10
126.810000
20
-65.880000
10
126.190000
20
-65.980000
10
126.190000
20
-65.980000
10
126.220000
20
-66.090000
10
126.220000
20
-66.090000
10
126.250000
20
-66.190000
10
126.250000
20
-66.190000
10
126.300000
20
-66.280000
10
126.300000
20
-66.280000
10
126.350000
20
-66.370000
10
126.350000
20
-66.370000
10
126.410000
20
-66.440000
10
126.410000
20
-66.440000
10
126.480000
20
-66.510000
10
126.480000
20
-66.510000
10
126.560000
20
-66.570000
10
126.560000
20
-66.570000
10
126.640000
20
-66.610000
10
126.640000
20
-66.610000
10
126.740000
20
-66.660000
10
126.740000
20
-66.660000
10
126.850000
20
-66.690000
10
126.850000
20
-66.690000
10
126.970000
20
-66.710000
10
126.970000
20
-66.710000
10
127.110000
20
-66.730000
10
127.110000
20
-66.730000
10
127.260000
20
-66.740000
10
127.260000
20
-66.740000
10
127.420000
20
-66.750000
10
127.420000
20
-66.750000
10
127.580000
20
-66.740000
10
127.580000
20
-66.740000
10
127.720000
20
-66.730000
10
127.720000
20
-66.730000
10
127.860000
20
-66.700000
10
127.860000
20
-66.700000
10
127.980000
20
-66.670000
10
127.980000
20
-66.670000
10
128.100000
20
-66.620000
10
128.100000
20
-66.620000
10
128.200000
20
-66.560000
10
128.200000
20
-66.560000
10
128.290000
20
-66.500000
10
128.290000
20
-66.500000
10
128.370000
20
-66.420000
10
128.370000
20
-66.420000
10
128.440000
20
-66.330000
10
128.440000
20
-66.330000
10
128.500000
20
-66.230000
10
128.500000
20
-66.230000
10
128.550000
20
-66.130000
10
128.550000
20
-66.130000
10
128.580000
20
-66.020000
10
128.580000
20
-66.020000
10
128.600000
20
-65.890000
0
LWPOLYLINE
5
1609
100
AcDbEntity
8
0
100
AcDbPolyline
90
8
70
0
43
0.000000
10
129.680000
20
-63.480000
10
129.680000
20
-66.700000
10
129.680000
20
-66.700000
10
130.390000
20
-66.700000
10
130.390000
20
-66.700000
10
130.390000
20
-63.480000
10
130.390000
20
-63.480000
10
129.680000
20
-63.480000
0
LWPOLYLINE
5
1610
100
AcDbEntity
8
0
100
AcDbPolyline
90
8
70
0
43
0.000000
10
129.680000
20
-62.150000
10
129.680000
20
-62.770000
10
129.680000
20
-62.770000
10
130.390000
20
-62.770000
10
130.390000
20
-62.770000
10
130.390000
20
-62.150000
10
130.390000
20
-62.150000
10
129.680000
20
-62.150000
0
LWPOLYLINE
5
1611
100
AcDbEntity
8
0
100
AcDbPolyline
90
156
70
0
43
0.000000
10
137.950000
20
-64.900000
10
137.950000
20
-66.700000
10
137.950000
20
-66.700000
10
138.690000
20
-66.700000
10
138.690000
20
-66.700000
10
138.690000
20
-64.720000
10
138.690000
20
-64.720000
10
138.680000
20
-64.530000
10
138.680000
20
-64.530000
10
138.670000
20
-64.360000
10
138.670000
20
-64.360000
10
138.640000
20
-64.210000
10
138.640000
20
-64.210000
10
138.600000
20
-64.070000
10
138.600000
20
-64.070000
10
138.550000
20
-63.940000
10
138.550000
20
-63.940000
10
138.490000
20
-63.830000
10
138.490000
20
-63.830000
10
138.420000
20
-63.730000
10
138.420000
20
-63.730000
10
138.340000
20
-63.650000
10
138.340000
20
-63.650000
10
138.250000
20
-63.580000
10
138.250000
20
-63.580000
10
138.140000
20
-63.520000
10
138.140000
20
-63.520000
10
138.030000
20
-63.470000
10
138.030000
20
-63.470000
10
137.900000
20
-63.440000
10
137.900000
20
-63.440000
10
137.770000
20
-63.420000
10
137.770000
20
-63.420000
10
137.620000
20
-63.420000
10
137.620000
20
-63.420000
10
137.510000
20
-63.420000
10
137.510000
20
-63.420000
10
137.410000
20
-63.430000
10
137.410000
20
-63.430000
10
137.320000
20
-63.450000
10
137.320000
20
-63.450000
10
137.230000
20
-63.470000
10
137.230000
20
-63.470000
10
137.140000
20
-63.500000
10
137.140000
20
-63.500000
10
137.060000
20
-63.540000
10
137.060000
20
-63.540000
10
136.990000
20
-63.580000
10
136.990000
20
-63.580000
10
136.920000
20
-63.630000
10
136.920000
20
-63.630000
10
136.850000
20
-63.690000
10
136.850000
20
-63.690000
10
136.790000
20
-63.760000
10
136.790000
20
-63.760000
10
136.720000
20
-63.830000
10
136.720000
20
-63.830000
10
136.660000
20
-63.910000
10
136.660000
20
-63.910000
10
136.610000
20
-64.000000
10
136.610000
20
-64.000000
10
136.550000
20
-64.100000
10
136.550000
20
-64.100000
10
136.540000
20
-64.100000
10
136.540000
20
-64.100000
10
136.540000
20
-64.050000
10
136.540000
20
-64.050000
10
136.540000
20
-63.990000
10
136.540000
20
-63.990000
10
136.530000
20
-63.910000
10
136.530000
20
-63.910000
10
136.530000
20
-63.820000
10
136.530000
20
-63.820000
10
136.520000
20
-63.720000
10
136.520000
20
-63.720000
10
136.510000
20
-63.610000
10
136.510000
20
-63.610000
10
136.500000
20
-63.480000
10
136.500000
20
-63.480000
10
135.820000
20
-63.480000
10
135.820000
20
-63.480000
10
135.830000
20
-63.590000
10
135.830000
20
-63.590000
10
135.840000
20
-63.690000
10
135.840000
20
-63.690000
10
135.840000
20
-63.800000
10
135.840000
20
-63.800000
10
135.850000
20
-63.910000
10
135.850000
20
-63.910000
10
135.850000
20
-64.010000
10
135.850000
20
-64.010000
10
135.850000
20
-64.120000
10
135.850000
20
-64.120000
10
135.850000
20
-64.230000
10
135.850000
20
-64.230000
10
135.850000
20
-66.700000
10
135.850000
20
-66.700000
10
136.570000
20
-66.700000
10
136.570000
20
-66.700000
10
136.570000
20
-65.000000
10
136.570000
20
-65.000000
10
136.580000
20
-64.870000
10
136.580000
20
-64.870000
10
136.590000
20
-64.750000
10
136.590000
20
-64.750000
10
136.610000
20
-64.640000
10
136.610000
20
-64.640000
10
136.640000
20
-64.530000
10
136.640000
20
-64.530000
10
136.670000
20
-64.430000
10
136.670000
20
-64.430000
10
136.720000
20
-64.350000
10
136.720000
20
-64.350000
10
136.770000
20
-64.270000
10
136.770000
20
-64.270000
10
136.830000
20
-64.190000
10
136.830000
20
-64.190000
10
136.900000
20
-64.130000
10
136.900000
20
-64.130000
10
136.970000
20
-64.070000
10
136.970000
20
-64.070000
10
137.050000
20
-64.030000
10
137.050000
20
-64.030000
10
137.140000
20
-64.010000
10
137.140000
20
-64.010000
10
137.240000
20
-63.990000
10
137.240000
20
-63.990000
10
137.340000
20
-63.980000
10
137.340000
20
-63.980000
10
137.420000
20
-63.990000
10
137.420000
20
-63.990000
10
137.510000
20
-64.000000
10
137.510000
20
-64.000000
10
137.580000
20
-64.020000
10
137.580000
20
-64.020000
10
137.650000
20
-64.050000
10
137.650000
20
-64.050000
10
137.710000
20
-64.090000
10
137.710000
20
-64.090000
10
137.760000
20
-64.140000
10
137.760000
20
-64.140000
10
137.800000
20
-64.200000
10
137.800000
20
-64.200000
10
137.840000
20
-64.270000
10
137.840000
20
-64.270000
10
137.880000
20
-64.340000
10
137.880000
20
-64.340000
10
137.910000
20
-64.430000
10
137.910000
20
-64.430000
10
137.930000
20
-64.530000
10
137.930000
20
-64.530000
10
137.940000
20
-64.640000
10
137.940000
20
-64.640000
10
137.950000
20
-64.770000
10
137.950000
20
-64.770000
10
137.950000
20
-64.900000
0
LWPOLYLINE
5
1612
100
AcDbEntity
8
0
100
AcDbPolyline
90
8
70
0
43
0.000000
10
139.410000
20
-67.250000
10
139.410000
20
-67.530000
10
139.410000
20
-67.530000
10
142.180000
20
-67.530000
10
142.180000
20
-67.530000
10
142.180000
20
-67.250000
10
142.180000
20
-67.250000
10
139.410000
20
-67.250000
0
LWPOLYLINE
5
1613
100
AcDbEntity
8
0
100
AcDbPolyline
90
214
70
0
43
0.000000
10
144.420000
20
-66.740000
10
144.660000
20
-66.750000
10
144.660000
20
-66.750000
10
144.990000
20
-66.720000
10
144.990000
20
-66.720000
10
145.290000
20
-66.650000
10
145.290000
20
-66.650000
10
145.550000
20
-66.530000
10
145.550000
20
-66.530000
10
145.790000
20
-66.370000
10
145.790000
20
-66.370000
10
145.990000
20
-66.150000
10
145.990000
20
-66.150000
10
146.160000
20
-65.890000
10
146.160000
20
-65.890000
10
146.300000
20
-65.580000
10
146.300000
20
-65.580000
10
145.630000
20
-65.330000
10
145.630000
20
-65.330000
10
145.600000
20
-65.440000
10
145.600000
20
-65.440000
10
145.550000
20
-65.540000
10
145.550000
20
-65.540000
10
145.510000
20
-65.630000
10
145.510000
20
-65.630000
10
145.450000
20
-65.720000
10
145.450000
20
-65.720000
10
145.400000
20
-65.790000
10
145.400000
20
-65.790000
10
145.330000
20
-65.870000
10
145.330000
20
-65.870000
10
145.260000
20
-65.930000
10
145.260000
20
-65.930000
10
145.190000
20
-65.990000
10
145.190000
20
-65.990000
10
145.110000
20
-66.040000
10
145.110000
20
-66.040000
10
145.030000
20
-66.080000
10
145.030000
20
-66.080000
10
144.950000
20
-66.110000
10
144.950000
20
-66.110000
10
144.860000
20
-66.130000
10
144.860000
20
-66.130000
10
144.760000
20
-66.140000
10
144.760000
20
-66.140000
10
144.660000
20
-66.150000
10
144.660000
20
-66.150000
10
144.520000
20
-66.140000
10
144.520000
20
-66.140000
10
144.390000
20
-66.110000
10
144.390000
20
-66.110000
10
144.260000
20
-66.070000
10
144.260000
20
-66.070000
10
144.150000
20
-66.000000
10
144.150000
20
-66.000000
10
144.050000
20
-65.920000
10
144.050000
20
-65.920000
10
143.950000
20
-65.820000
10
143.950000
20
-65.820000
10
143.860000
20
-65.700000
10
143.860000
20
-65.700000
10
143.780000
20
-65.560000
10
143.780000
20
-65.560000
10
143.720000
20
-65.410000
10
143.720000
20
-65.410000
10
143.660000
20
-65.250000
10
143.660000
20
-65.250000
10
143.620000
20
-65.080000
10
143.620000
20
-65.080000
10
143.590000
20
-64.890000
10
143.590000
20
-64.890000
10
143.570000
20
-64.680000
10
143.570000
20
-64.680000
10
143.560000
20
-64.470000
10
143.560000
20
-64.470000
10
143.570000
20
-64.250000
10
143.570000
20
-64.250000
10
143.590000
20
-64.050000
10
143.590000
20
-64.050000
10
143.620000
20
-63.860000
10
143.620000
20
-63.860000
10
143.660000
20
-63.680000
10
143.660000
20
-63.680000
10
143.710000
20
-63.520000
10
143.710000
20
-63.520000
10
143.770000
20
-63.380000
10
143.770000
20
-63.380000
10
143.850000
20
-63.250000
10
143.850000
20
-63.250000
10
143.930000
20
-63.140000
10
143.930000
20
-63.140000
10
144.030000
20
-63.040000
10
144.030000
20
-63.040000
10
144.140000
20
-62.970000
10
144.140000
20
-62.970000
10
144.250000
20
-62.910000
10
144.250000
20
-62.910000
10
144.380000
20
-62.870000
10
144.380000
20
-62.870000
10
144.520000
20
-62.840000
10
144.520000
20
-62.840000
10
144.660000
20
-62.830000
10
144.660000
20
-62.830000
10
144.760000
20
-62.840000
10
144.760000
20
-62.840000
10
144.860000
20
-62.850000
10
144.860000
20
-62.850000
10
144.950000
20
-62.870000
10
144.950000
20
-62.870000
10
145.030000
20
-62.890000
10
145.030000
20
-62.890000
10
145.110000
20
-62.930000
10
145.110000
20
-62.930000
10
145.190000
20
-62.970000
10
145.190000
20
-62.970000
10
145.260000
20
-63.020000
10
145.260000
20
-63.020000
10
145.330000
20
-63.080000
10
145.330000
20
-63.080000
10
145.390000
20
-63.140000
10
145.390000
20
-63.140000
10
145.440000
20
-63.220000
10
145.440000
20
-63.220000
10
145.490000
20
-63.300000
10
145.490000
20
-63.300000
10
145.540000
20
-63.390000
10
145.540000
20
-63.390000
10
145.580000
20
-63.480000
10
145.580000
20
-63.480000
10
145.610000
20
-63.580000
10
145.610000
20
-63.580000
10
146.280000
20
-63.350000
10
146.280000
20
-63.350000
10
146.220000
20
-63.190000
10
146.220000
20
-63.190000
10
146.150000
20
-63.040000
10
146.150000
20
-63.040000
10
146.070000
20
-62.910000
10
146.070000
20
-62.910000
10
145.980000
20
-62.790000
10
145.980000
20
-62.790000
10
145.880000
20
-62.680000
10
145.880000
20
-62.680000
10
145.780000
20
-62.580000
10
145.780000
20
-62.580000
10
145.660000
20
-62.500000
10
145.660000
20
-62.500000
10
145.550000
20
-62.420000
10
145.550000
20
-62.420000
10
145.420000
20
-62.360000
10
145.420000
20
-62.360000
10
145.280000
20
-62.310000
10
145.280000
20
-62.310000
10
145.140000
20
-62.270000
10
145.140000
20
-62.270000
10
144.980000
20
-62.240000
10
144.980000
20
-62.240000
10
144.820000
20
-62.220000
10
144.820000
20
-62.220000
10
144.650000
20
-62.220000
10
144.650000
20
-62.220000
10
144.400000
20
-62.230000
10
144.400000
20
-62.230000
10
144.180000
20
-62.260000
10
144.180000
20
-62.260000
10
143.960000
20
-62.330000
10
143.960000
20
-62.330000
10
143.770000
20
-62.410000
10
143.770000
20
-62.410000
10
143.590000
20
-62.520000
10
143.590000
20
-62.520000
10
143.430000
20
-62.660000
10
143.430000
20
-62.660000
10
143.280000
20
-62.820000
10
143.280000
20
-62.820000
10
143.150000
20
-62.990000
10
143.150000
20
-62.990000
10
143.040000
20
-63.190000
10
143.040000
20
-63.190000
10
142.960000
20
-63.400000
10
142.960000
20
-63.400000
10
142.890000
20
-63.640000
10
142.890000
20
-63.640000
10
142.840000
20
-63.900000
10
142.840000
20
-63.900000
10
142.810000
20
-64.170000
10
142.810000
20
-64.170000
10
142.800000
20
-64.470000
10
142.800000
20
-64.470000
10
142.810000
20
-64.760000
10
142.810000
20
-64.760000
10
142.840000
20
-65.040000
10
142.840000
20
-65.040000
10
142.890000
20
-65.310000
10
142.890000
20
-65.310000
10
142.960000
20
-65.550000
10
142.960000
20
-65.550000
10
143.040000
20
-65.770000
10
143.040000
20
-65.770000
10
143.150000
20
-65.970000
10
143.150000
20
-65.970000
10
143.280000
20
-66.150000
10
143.280000
20
-66.150000
10
143.430000
20
-66.310000
10
143.430000
20
-66.310000
10
143.600000
20
-66.440000
10
143.600000
20
-66.440000
10
143.780000
20
-66.550000
10
143.780000
20
-66.550000
10
143.980000
20
-66.640000
10
143.980000
20
-66.640000
10
144.190000
20
-66.700000
10
144.190000
20
-66.700000
10
144.420000
20
-66.740000
0
LWPOLYLINE
5
1614
100
AcDbEntity
8
0
100
AcDbPolyline
90
124
70
0
43
0.000000
10
152.340000
20
-64.020000
10
152.440000
20
-64.020000
10
152.440000
20
-64.020000
10
152.490000
20
-64.020000
10
152.490000
20
-64.020000
10
152.540000
20
-64.020000
10
152.540000
20
-64.020000
10
152.580000
20
-64.020000
10
152.580000
20
-64.020000
10
152.630000
20
-64.030000
10
152.630000
20
-64.030000
10
152.680000
20
-64.030000
10
152.680000
20
-64.030000
10
152.730000
20
-64.040000
10
152.730000
20
-64.040000
10
152.770000
20
-64.050000
10
152.770000
20
-64.050000
10
152.770000
20
-63.470000
10
152.770000
20
-63.470000
10
152.740000
20
-63.450000
10
152.740000
20
-63.450000
10
152.710000
20
-63.440000
10
152.710000
20
-63.440000
10
152.680000
20
-63.430000
10
152.680000
20
-63.430000
10
152.640000
20
-63.420000
10
152.640000
20
-63.420000
10
152.610000
20
-63.420000
10
152.610000
20
-63.420000
10
152.570000
20
-63.420000
10
152.570000
20
-63.420000
10
152.520000
20
-63.420000
10
152.520000
20
-63.420000
10
152.440000
20
-63.420000
10
152.440000
20
-63.420000
10
152.350000
20
-63.430000
10
152.350000
20
-63.430000
10
152.270000
20
-63.450000
10
152.270000
20
-63.450000
10
152.200000
20
-63.480000
10
152.200000
20
-63.480000
10
152.130000
20
-63.510000
10
152.130000
20
-63.510000
10
152.070000
20
-63.550000
10
152.070000
20
-63.550000
10
152.010000
20
-63.600000
10
152.010000
20
-63.600000
10
151.950000
20
-63.650000
10
151.950000
20
-63.650000
10
151.900000
20
-63.720000
10
151.900000
20
-63.720000
10
151.850000
20
-63.790000
10
151.850000
20
-63.790000
10
151.800000
20
-63.880000
10
151.800000
20
-63.880000
10
151.750000
20
-63.980000
10
151.750000
20
-63.980000
10
151.700000
20
-64.090000
10
151.700000
20
-64.090000
10
151.660000
20
-64.220000
10
151.660000
20
-64.220000
10
151.640000
20
-64.220000
10
151.640000
20
-64.220000
10
151.640000
20
-64.110000
10
151.640000
20
-64.110000
10
151.640000
20
-64.010000
10
151.640000
20
-64.010000
10
151.640000
20
-63.910000
10
151.640000
20
-63.910000
10
151.630000
20
-63.800000
10
151.630000
20
-63.800000
10
151.620000
20
-63.700000
10
151.620000
20
-63.700000
10
151.620000
20
-63.590000
10
151.620000
20
-63.590000
10
151.610000
20
-63.480000
10
151.610000
20
-63.480000
10
150.920000
20
-63.480000
10
150.920000
20
-63.480000
10
150.930000
20
-63.570000
10
150.930000
20
-63.570000
10
150.940000
20
-63.660000
10
150.940000
20
-63.660000
10
150.950000
20
-63.770000
10
150.950000
20
-63.770000
10
150.950000
20
-63.880000
10
150.950000
20
-63.880000
10
150.960000
20
-64.010000
10
150.960000
20
-64.010000
10
150.960000
20
-64.140000
10
150.960000
20
-64.140000
10
150.960000
20
-64.280000
10
150.960000
20
-64.280000
10
150.960000
20
-66.700000
10
150.960000
20
-66.700000
10
151.670000
20
-66.700000
10
151.670000
20
-66.700000
10
151.670000
20
-65.150000
10
151.670000
20
-65.150000
10
151.680000
20
-65.010000
10
151.680000
20
-65.010000
10
151.690000
20
-64.870000
10
151.690000
20
-64.870000
10
151.710000
20
-64.750000
10
151.710000
20
-64.750000
10
151.740000
20
-64.630000
10
151.740000
20
-64.630000
10
151.780000
20
-64.520000
10
151.780000
20
-64.520000
10
151.820000
20
-64.420000
10
151.820000
20
-64.420000
10
151.870000
20
-64.330000
10
151.870000
20
-64.330000
10
151.940000
20
-64.250000
10
151.940000
20
-64.250000
10
152.010000
20
-64.180000
10
152.010000
20
-64.180000
10
152.080000
20
-64.120000
10
152.080000
20
-64.120000
10
152.170000
20
-64.070000
10
152.170000
20
-64.070000
10
152.250000
20
-64.040000
10
152.250000
20
-64.040000
10
152.340000
20
-64.020000
0
LWPOLYLINE
5
1615
100
AcDbEntity
8
0
100
AcDbPolyline
90
8
70
0
43
0.000000
10
157.350000
20
-67.250000
10
157.350000
20
-67.530000
10
157.350000
20
-67.530000
10
160.120000
20
-67.530000
10
160.120000
20
-67.530000
10
160.120000
20
-67.250000
10
160.120000
20
-67.250000
10
157.350000
20
-67.250000
0
LWPOLYLINE
5
1616
100
AcDbEntity
8
0
100
AcDbPolyline
90
124
70
0
43
0.000000
10
174.360000
20
-64.020000
10
174.450000
20
-64.020000
10
174.450000
20
-64.020000
10
174.500000
20
-64.020000
10
174.500000
20
-64.020000
10
174.550000
20
-64.020000
10
174.550000
20
-64.020000
10
174.600000
20
-64.020000
10
174.600000
20
-64.020000
10
174.650000
20
-64.030000
10
174.650000
20
-64.030000
10
174.690000
20
-64.030000
10
174.690000
20
-64.030000
10
174.740000
20
-64.040000
10
174.740000
20
-64.040000
10
174.790000
20
-64.050000
10
174.790000
20
-64.050000
10
174.790000
20
-63.470000
10
174.790000
20
-63.470000
10
174.760000
20
-63.450000
10
174.760000
20
-63.450000
10
174.730000
20
-63.440000
10
174.730000
20
-63.440000
10
174.690000
20
-63.430000
10
174.690000
20
-63.430000
10
174.660000
20
-63.420000
10
174.660000
20
-63.420000
10
174.620000
20
-63.420000
10
174.620000
20
-63.420000
10
174.580000
20
-63.420000
10
174.580000
20
-63.420000
10
174.540000
20
-63.420000
10
174.540000
20
-63.420000
10
174.450000
20
-63.420000
10
174.450000
20
-63.420000
10
174.370000
20
-63.430000
10
174.370000
20
-63.430000
10
174.290000
20
-63.450000
10
174.290000
20
-63.450000
10
174.210000
20
-63.480000
10
174.210000
20
-63.480000
10
174.150000
20
-63.510000
10
174.150000
20
-63.510000
10
174.080000
20
-63.550000
10
174.080000
20
-63.550000
10
174.020000
20
-63.600000
10
174.020000
20
-63.600000
10
173.970000
20
-63.650000
10
173.970000
20
-63.650000
10
173.910000
20
-63.720000
10
173.910000
20
-63.720000
10
173.860000
20
-63.790000
10
173.860000
20
-63.790000
10
173.810000
20
-63.880000
10
173.810000
20
-63.880000
10
173.760000
20
-63.980000
10
173.760000
20
-63.980000
10
173.720000
20
-64.090000
10
173.720000
20
-64.090000
10
173.670000
20
-64.220000
10
173.670000
20
-64.220000
10
173.650000
20
-64.220000
10
173.650000
20
-64.220000
10
173.650000
20
-64.110000
10
173.650000
20
-64.110000
10
173.650000
20
-64.010000
10
173.650000
20
-64.010000
10
173.650000
20
-63.910000
10
173.650000
20
-63.910000
10
173.640000
20
-63.800000
10
173.640000
20
-63.800000
10
173.640000
20
-63.700000
10
173.640000
20
-63.700000
10
173.630000
20
-63.590000
10
173.630000
20
-63.590000
10
173.620000
20
-63.480000
10
173.620000
20
-63.480000
10
172.940000
20
-63.480000
10
172.940000
20
-63.480000
10
172.950000
20
-63.570000
10
172.950000
20
-63.570000
10
172.950000
20
-63.660000
10
172.950000
20
-63.660000
10
172.960000
20
-63.770000
10
172.960000
20
-63.770000
10
172.970000
20
-63.880000
10
172.970000
20
-63.880000
10
172.970000
20
-64.010000
10
172.970000
20
-64.010000
10
172.970000
20
-64.140000
10
172.970000
20
-64.140000
10
172.970000
20
-64.280000
10
172.970000
20
-64.280000
10
172.970000
20
-66.700000
10
172.970000
20
-66.700000
10
173.690000
20
-66.700000
10
173.690000
20
-66.700000
10
173.690000
20
-65.150000
10
173.690000
20
-65.150000
10
173.690000
20
-65.010000
10
173.690000
20
-65.010000
10
173.700000
20
-64.870000
10
173.700000
20
-64.870000
10
173.720000
20
-64.750000
10
173.720000
20
-64.750000
10
173.750000
20
-64.630000
10
173.750000
20
-64.630000
10
173.790000
20
-64.520000
10
173.790000
20
-64.520000
10
173.830000
20
-64.420000
10
173.830000
20
-64.420000
10
173.890000
20
-64.330000
10
173.890000
20
-64.330000
10
173.950000
20
-64.250000
10
173.950000
20
-64.250000
10
174.020000
20
-64.180000
10
174.020000
20
-64.180000
10
174.100000
20
-64.120000
10
174.100000
20
-64.120000
10
174.180000
20
-64.070000
10
174.180000
20
-64.070000
10
174.270000
20
-64.040000
10
174.270000
20
-64.040000
10
174.360000
20
-64.020000
0
LWPOLYLINE
5
1617
100
AcDbEntity
8
0
100
AcDbPolyline
90
8
70
0
43
0.000000
10
179.360000
20
-67.250000
10
179.360000
20
-67.530000
10
179.360000
20
-67.530000
10
182.130000
20
-67.530000
10
182.130000
20
-67.530000
10
182.130000
20
-67.250000
10
182.130000
20
-67.250000
10
179.360000
20
-67.250000
0
LWPOLYLINE
5
1618
100
AcDbEntity
8
0
100
AcDbPolyline
90
8
70
0
43
0.000000
10
186.720000
20
-65.870000
10
186.720000
20
-66.700000
10
186.720000
20
-66.700000
10
187.470000
20
-66.700000
10
187.470000
20
-66.700000
10
187.470000
20
-65.870000
10
187.470000
20
-65.870000
10
186.720000
20
-65.870000
0
LWPOLYLINE
5
1619
100
AcDbEntity
8
0
100
AcDbPolyline
90
22
70
0
43
0.000000
10
189.830000
20
-66.120000
10
188.700000
20
-66.120000
10
188.700000
20
-66.120000
10
188.700000
20
-66.700000
10
188.700000
20
-66.700000
10
191.510000
20
-66.700000
10
191.510000
20
-66.700000
10
191.510000
20
-66.120000
10
191.510000
20
-66.120000
10
190.550000
20
-66.120000
10
190.550000
20
-66.120000
10
190.550000
20
-62.280000
10
190.550000
20
-62.280000
10
189.880000
20
-62.280000
10
189.880000
20
-62.280000
10
188.800000
20
-63.000000
10
188.800000
20
-63.000000
10
188.800000
20
-63.600000
10
188.800000
20
-63.600000
10
189.830000
20
-62.950000
10
189.830000
20
-62.950000
10
189.830000
20
-66.120000
0
LWPOLYLINE
5
1620
100
AcDbEntity
8
0
100
AcDbPolyline
90
8
70
0
43
0.000000
10
192.080000
20
-67.250000
10
192.080000
20
-67.530000
10
192.080000
20
-67.530000
10
194.850000
20
-67.530000
10
194.850000
20
-67.530000
10
194.850000
20
-67.250000
10
194.850000
20
-67.250000
10
192.080000
20
-67.250000
0
LWPOLYLINE
5
1621
100
AcDbEntity
8
0
100
AcDbPolyline
90
18
70
0
43
0.000000
10
198.040000
20
-62.280000
10
197.010000
20
-64.270000
10
197.010000
20
-64.270000
10
195.970000
20
-62.280000
10
195.970000
20
-62.280000
10
195.160000
20
-62.280000
10
195.160000
20
-62.280000
10
196.620000
20
-64.880000
10
196.620000
20
-64.880000
10
196.620000
20
-66.700000
10
196.620000
20
-66.700000
10
197.370000
20
-66.700000
10
197.370000
20
-66.700000
10
197.370000
20
-64.880000
10
197.370000
20
-64.880000
10
198.840000
20
-62.280000
10
198.840000
20
-62.280000
10
198.040000
20
-62.280000
0
LWPOLYLINE
5
1622
100
AcDbEntity
8
0
100
AcDbPolyline
90
22
70
0
43
0.000000
10
200.790000
20
-66.120000
10
199.660000
20
-66.120000
10
199.660000
20
-66.120000
10
199.660000
20
-66.700000
10
199.660000
20
-66.700000
10
202.480000
20
-66.700000
10
202.480000
20
-66.700000
10
202.480000
20
-66.120000
10
202.480000
20
-66.120000
10
201.510000
20
-66.120000
10
201.510000
20
-66.120000
10
201.510000
20
-62.280000
10
201.510000
20
-62.280000
10
200.840000
20
-62.280000
10
200.840000
20
-62.280000
10
199.760000
20
-63.000000
10
199.760000
20
-63.000000
10
199.760000
20
-63.600000
10
199.760000
20
-63.600000
10
200.790000
20
-62.950000
10
200.790000
20
-62.950000
10
200.790000
20
-66.120000
0
LWPOLYLINE
5
1623
100
AcDbEntity
8
0
100
AcDbPolyline
90
8
70
0
43
0.000000
10
207.700000
20
-64.750000
10
207.700000
20
-65.380000
10
207.700000
20
-65.380000
10
209.520000
20
-65.380000
10
209.520000
20
-65.380000
10
209.520000
20
-64.750000
10
209.520000
20
-64.750000
10
207.700000
20
-64.750000
0
LWPOLYLINE
5
1624
100
AcDbEntity
8
0
100
AcDbPolyline
90
16
70
0
43
0.000000
10
223.440000
20
-62.900000
10
223.440000
20
-62.280000
10
223.440000
20
-62.280000
10
220.050000
20
-62.280000
10
220.050000
20
-62.280000
10
220.050000
20
-62.900000
10
220.050000
20
-62.900000
10
221.350000
20
-62.900000
10
221.350000
20
-62.900000
10
221.350000
20
-66.700000
10
221.350000
20
-66.700000
10
222.120000
20
-66.700000
10
222.120000
20
-66.700000
10
222.120000
20
-62.900000
10
222.120000
20
-62.900000
10
223.440000
20
-62.900000
0
LWPOLYLINE
5
1625
100
AcDbEntity
8
0
100
AcDbPolyline
90
382
70
0
43
0.000000
10
51.450000
20
-73.100000
10
51.460000
20
-72.930000
10
51.460000
20
-72.930000
10
51.450000
20
-72.860000
10
51.450000
20
-72.860000
10
51.450000
20
-72.790000
10
51.450000
20
-72.790000
10
51.440000
20
-72.720000
10
51.440000
20
-72.720000
10
51.430000
20
-72.660000
10
51.430000
20
-72.660000
10
51.420000
20
-72.600000
10
51.420000
20
-72.600000
10
51.410000
20
-72.540000
10
51.410000
20
-72.540000
10
51.390000
20
-72.480000
10
51.390000
20
-72.480000
10
51.370000
20
-72.420000
10
51.370000
20
-72.420000
10
51.350000
20
-72.370000
10
51.350000
20
-72.370000
10
51.320000
20
-72.320000
10
51.320000
20
-72.320000
10
51.290000
20
-72.270000
10
51.290000
20
-72.270000
10
51.260000
20
-72.230000
10
51.260000
20
-72.230000
10
51.230000
20
-72.180000
10
51.230000
20
-72.180000
10
51.190000
20
-72.150000
10
51.190000
20
-72.150000
10
51.150000
20
-72.100000
10
51.150000
20
-72.100000
10
51.110000
20
-72.060000
10
51.110000
20
-72.060000
10
51.060000
20
-72.020000
10
51.060000
20
-72.020000
10
51.010000
20
-71.980000
10
51.010000
20
-71.980000
10
50.960000
20
-71.950000
10
50.960000
20
-71.950000
10
50.900000
20
-71.910000
10
50.900000
20
-71.910000
10
50.840000
20
-71.880000
10
50.840000
20
-71.880000
10
50.770000
20
-71.840000
10
50.770000
20
-71.840000
10
50.690000
20
-71.800000
10
50.690000
20
-71.800000
10
50.600000
20
-71.760000
10
50.600000
20
-71.760000
10
50.490000
20
-71.720000
10
50.490000
20
-71.720000
10
50.380000
20
-71.680000
10
50.380000
20
-71.680000
10
50.250000
20
-71.640000
10
50.250000
20
-71.640000
10
50.110000
20
-71.600000
10
50.110000
20
-71.600000
10
49.990000
20
-71.560000
10
49.990000
20
-71.560000
10
49.880000
20
-71.520000
10
49.880000
20
-71.520000
10
49.790000
20
-71.490000
10
49.790000
20
-71.490000
10
49.700000
20
-71.450000
10
49.700000
20
-71.450000
10
49.630000
20
-71.420000
10
49.630000
20
-71.420000
10
49.570000
20
-71.390000
10
49.570000
20
-71.390000
10
49.520000
20
-71.360000
10
49.520000
20
-71.360000
10
49.480000
20
-71.340000
10
49.480000
20
-71.340000
10
49.440000
20
-71.310000
10
49.440000
20
-71.310000
10
49.410000
20
-71.280000
10
49.410000
20
-71.280000
10
49.370000
20
-71.250000
10
49.370000
20
-71.250000
10
49.340000
20
-71.220000
10
49.340000
20
-71.220000
10
49.310000
20
-71.180000
10
49.310000
20
-71.180000
10
49.290000
20
-71.150000
10
49.290000
20
-71.150000
10
49.270000
20
-71.110000
10
49.270000
20
-71.110000
10
49.260000
20
-71.070000
10
49.260000
20
-71.070000
10
49.240000
20
-71.030000
10
49.240000
20
-71.030000
10
49.240000
20
-70.990000
10
49.240000
20
-70.990000
10
49.230000
20
-70.940000
10
49.230000
20
-70.940000
10
49.220000
20
-70.900000
10
49.220000
20
-70.900000
10
49.220000
20
-70.850000
10
49.220000
20
-70.850000
10
49.230000
20
-70.770000
10
49.230000
20
-70.770000
10
49.240000
20
-70.690000
10
49.240000
20
-70.690000
10
49.250000
20
-70.630000
10
49.250000
20
-70.630000
10
49.280000
20
-70.560000
10
49.280000
20
-70.560000
10
49.310000
20
-70.510000
10
49.310000
20
-70.510000
10
49.350000
20
-70.460000
10
49.350000
20
-70.460000
10
49.390000
20
-70.410000
10
49.390000
20
-70.410000
10
49.440000
20
-70.370000
10
49.440000
20
-70.370000
10
49.500000
20
-70.340000
10
49.500000
20
-70.340000
10
49.560000
20
-70.310000
10
49.560000
20
-70.310000
10
49.630000
20
-70.290000
10
49.630000
20
-70.290000
10
49.700000
20
-70.270000
10
49.700000
20
-70.270000
10
49.790000
20
-70.260000
10
49.790000
20
-70.260000
10
49.870000
20
-70.260000
10
49.870000
20
-70.260000
10
50.040000
20
-70.270000
10
50.040000
20
-70.270000
10
50.190000
20
-70.310000
10
50.190000
20
-70.310000
10
50.310000
20
-70.370000
10
50.310000
20
-70.370000
10
50.420000
20
-70.460000
10
50.420000
20
-70.460000
10
50.510000
20
-70.570000
10
50.510000
20
-70.570000
10
50.570000
20
-70.700000
10
50.570000
20
-70.700000
10
50.620000
20
-70.860000
10
50.620000
20
-70.860000
10
51.340000
20
-70.730000
10
51.340000
20
-70.730000
10
51.300000
20
-70.580000
10
51.300000
20
-70.580000
10
51.250000
20
-70.450000
10
51.250000
20
-70.450000
10
51.190000
20
-70.320000
10
51.190000
20
-70.320000
10
51.120000
20
-70.210000
10
51.120000
20
-70.210000
10
51.040000
20
-70.110000
10
51.040000
20
-70.110000
10
50.950000
20
-70.020000
10
50.950000
20
-70.020000
10
50.860000
20
-69.950000
10
50.860000
20
-69.950000
10
50.750000
20
-69.880000
10
50.750000
20
-69.880000
10
50.630000
20
-69.820000
10
50.630000
20
-69.820000
10
50.500000
20
-69.780000
10
50.500000
20
-69.780000
10
50.360000
20
-69.740000
10
50.360000
20
-69.740000
10
50.210000
20
-69.720000
10
50.210000
20
-69.720000
10
50.050000
20
-69.700000
10
50.050000
20
-69.700000
10
49.870000
20
-69.700000
10
49.870000
20
-69.700000
10
49.690000
20
-69.700000
10
49.690000
20
-69.700000
10
49.520000
20
-69.720000
10
49.520000
20
-69.720000
10
49.370000
20
-69.750000
10
49.370000
20
-69.750000
10
49.220000
20
-69.800000
10
49.220000
20
-69.800000
10
49.090000
20
-69.860000
10
49.090000
20
-69.860000
10
48.970000
20
-69.930000
10
48.970000
20
-69.930000
10
48.860000
20
-70.010000
10
48.860000
20
-70.010000
10
48.760000
20
-70.110000
10
48.760000
20
-70.110000
10
48.680000
20
-70.210000
10
48.680000
20
-70.210000
10
48.610000
20
-70.330000
10
48.610000
20
-70.330000
10
48.560000
20
-70.450000
10
48.560000
20
-70.450000
10
48.520000
20
-70.580000
10
48.520000
20
-70.580000
10
48.500000
20
-70.730000
10
48.500000
20
-70.730000
10
48.490000
20
-70.880000
10
48.490000
20
-70.880000
10
48.490000
20
-70.980000
10
48.490000
20
-70.980000
10
48.500000
20
-71.070000
10
48.500000
20
-71.070000
10
48.510000
20
-71.160000
10
48.510000
20
-71.160000
10
48.530000
20
-71.250000
10
48.530000
20
-71.250000
10
48.550000
20
-71.330000
10
48.550000
20
-71.330000
10
48.580000
20
-71.410000
10
48.580000
20
-71.410000
10
48.610000
20
-71.480000
10
48.610000
20
-71.480000
10
48.640000
20
-71.540000
10
48.640000
20
-71.540000
10
48.680000
20
-71.610000
10
48.680000
20
-71.610000
10
48.730000
20
-71.670000
10
48.730000
20
-71.670000
10
48.780000
20
-71.720000
10
48.780000
20
-71.720000
10
48.830000
20
-71.780000
10
48.830000
20
-71.780000
10
48.890000
20
-71.830000
10
48.890000
20
-71.830000
10
48.960000
20
-71.880000
10
48.960000
20
-71.880000
10
49.030000
20
-71.920000
10
49.030000
20
-71.920000
10
49.110000
20
-71.960000
10
49.110000
20
-71.960000
10
49.210000
20
-72.010000
10
49.210000
20
-72.010000
10
49.320000
20
-72.050000
10
49.320000
20
-72.050000
10
49.430000
20
-72.090000
10
49.430000
20
-72.090000
10
49.560000
20
-72.140000
10
49.560000
20
-72.140000
10
49.710000
20
-72.180000
10
49.710000
20
-72.180000
10
49.770000
20
-72.200000
10
49.770000
20
-72.200000
10
49.830000
20
-72.220000
10
49.830000
20
-72.220000
10
49.890000
20
-72.230000
10
49.890000
20
-72.230000
10
49.940000
20
-72.250000
10
49.940000
20
-72.250000
10
50.000000
20
-72.270000
10
50.000000
20
-72.270000
10
50.050000
20
-72.280000
10
50.050000
20
-72.280000
10
50.110000
20
-72.300000
10
50.110000
20
-72.300000
10
50.160000
20
-72.310000
10
50.160000
20
-72.310000
10
50.210000
20
-72.330000
10
50.210000
20
-72.330000
10
50.250000
20
-72.360000
10
50.250000
20
-72.360000
10
50.300000
20
-72.380000
10
50.300000
20
-72.380000
10
50.340000
20
-72.400000
10
50.340000
20
-72.400000
10
50.380000
20
-72.420000
10
50.380000
20
-72.420000
10
50.420000
20
-72.450000
10
50.420000
20
-72.450000
10
50.460000
20
-72.470000
10
50.460000
20
-72.470000
10
50.500000
20
-72.500000
10
50.500000
20
-72.500000
10
50.530000
20
-72.520000
10
50.530000
20
-72.520000
10
50.560000
20
-72.550000
10
50.560000
20
-72.550000
10
50.590000
20
-72.580000
10
50.590000
20
-72.580000
10
50.610000
20
-72.610000
10
50.610000
20
-72.610000
10
50.640000
20
-72.650000
10
50.640000
20
-72.650000
10
50.660000
20
-72.680000
10
50.660000
20
-72.680000
10
50.680000
20
-72.730000
10
50.680000
20
-72.730000
10
50.700000
20
-72.770000
10
50.700000
20
-72.770000
10
50.710000
20
-72.820000
10
50.710000
20
-72.820000
10
50.720000
20
-72.870000
10
50.720000
20
-72.870000
10
50.720000
20
-72.920000
10
50.720000
20
-72.920000
10
50.720000
20
-72.980000
10
50.720000
20
-72.980000
10
50.710000
20
-73.160000
10
50.710000
20
-73.160000
10
50.660000
20
-73.310000
10
50.660000
20
-73.310000
10
50.580000
20
-73.440000
10
50.580000
20
-73.440000
10
50.460000
20
-73.540000
10
50.460000
20
-73.540000
10
50.310000
20
-73.610000
10
50.310000
20
-73.610000
10
50.140000
20
-73.650000
10
50.140000
20
-73.650000
10
49.920000
20
-73.660000
10
49.920000
20
-73.660000
10
49.730000
20
-73.650000
10
49.730000
20
-73.650000
10
49.550000
20
-73.600000
10
49.550000
20
-73.600000
10
49.400000
20
-73.530000
10
49.400000
20
-73.530000
10
49.280000
20
-73.430000
10
49.280000
20
-73.430000
10
49.170000
20
-73.300000
10
49.170000
20
-73.300000
10
49.090000
20
-73.140000
10
49.090000
20
-73.140000
10
49.040000
20
-72.950000
10
49.040000
20
-72.950000
10
48.340000
20
-73.060000
10
48.340000
20
-73.060000
10
48.380000
20
-73.220000
10
48.380000
20
-73.220000
10
48.430000
20
-73.370000
10
48.430000
20
-73.370000
10
48.490000
20
-73.510000
10
48.490000
20
-73.510000
10
48.560000
20
-73.640000
10
48.560000
20
-73.640000
10
48.640000
20
-73.750000
10
48.640000
20
-73.750000
10
48.740000
20
-73.850000
10
48.740000
20
-73.850000
10
48.840000
20
-73.950000
10
48.840000
20
-73.950000
10
48.950000
20
-74.020000
10
48.950000
20
-74.020000
10
49.080000
20
-74.080000
10
49.080000
20
-74.080000
10
49.220000
20
-74.140000
10
49.220000
20
-74.140000
10
49.370000
20
-74.180000
10
49.370000
20
-74.180000
10
49.530000
20
-74.210000
10
49.530000
20
-74.210000
10
49.700000
20
-74.220000
10
49.700000
20
-74.220000
10
49.890000
20
-74.230000
10
49.890000
20
-74.230000
10
50.100000
20
-74.220000
10
50.100000
20
-74.220000
10
50.290000
20
-74.200000
10
50.290000
20
-74.200000
10
50.470000
20
-74.170000
10
50.470000
20
-74.170000
10
50.630000
20
-74.120000
10
50.630000
20
-74.120000
10
50.780000
20
-74.060000
10
50.780000
20
-74.060000
10
50.920000
20
-73.980000
10
50.920000
20
-73.980000
10
51.040000
20
-73.900000
10
51.040000
20
-73.900000
10
51.150000
20
-73.790000
10
51.150000
20
-73.790000
10
51.240000
20
-73.680000
10
51.240000
20
-73.680000
10
51.320000
20
-73.550000
10
51.320000
20
-73.550000
10
51.380000
20
-73.420000
10
51.380000
20
-73.420000
10
51.420000
20
-73.270000
10
51.420000
20
-73.270000
10
51.450000
20
-73.100000
0
LWPOLYLINE
5
1626
100
AcDbEntity
8
0
100
AcDbPolyline
90
8
70
0
43
0.000000
10
52.560000
20
-74.180000
10
53.310000
20
-74.180000
10
53.310000
20
-74.180000
10
53.310000
20
-69.760000
10
53.310000
20
-69.760000
10
52.560000
20
-69.760000
10
52.560000
20
-69.760000
10
52.560000
20
-74.180000
0
LWPOLYLINE
5
1627
100
AcDbEntity
8
0
100
AcDbPolyline
90
20
70
0
43
0.000000
10
54.380000
20
-73.630000
10
54.380000
20
-74.180000
10
54.380000
20
-74.180000
10
57.830000
20
-74.180000
10
57.830000
20
-74.180000
10
57.830000
20
-73.560000
10
57.830000
20
-73.560000
10
55.250000
20
-73.560000
10
55.250000
20
-73.560000
10
57.670000
20
-70.310000
10
57.670000
20
-70.310000
10
57.670000
20
-69.760000
10
57.670000
20
-69.760000
10
54.630000
20
-69.760000
10
54.630000
20
-69.760000
10
54.630000
20
-70.380000
10
54.630000
20
-70.380000
10
56.820000
20
-70.380000
10
56.820000
20
-70.380000
10
54.380000
20
-73.630000
0
LWPOLYLINE
5
1628
100
AcDbEntity
8
0
100
AcDbPolyline
90
24
70
0
43
0.000000
10
58.870000
20
-74.180000
10
61.400000
20
-74.180000
10
61.400000
20
-74.180000
10
61.400000
20
-73.580000
10
61.400000
20
-73.580000
10
59.640000
20
-73.580000
10
59.640000
20
-73.580000
10
59.640000
20
-72.230000
10
59.640000
20
-72.230000
10
61.090000
20
-72.230000
10
61.090000
20
-72.230000
10
61.090000
20
-71.630000
10
61.090000
20
-71.630000
10
59.640000
20
-71.630000
10
59.640000
20
-71.630000
10
59.640000
20
-70.380000
10
59.640000
20
-70.380000
10
61.270000
20
-70.380000
10
61.270000
20
-70.380000
10
61.270000
20
-69.760000
10
61.270000
20
-69.760000
10
58.870000
20
-69.760000
10
58.870000
20
-69.760000
10
58.870000
20
-74.180000
0
LWPOLYLINE
5
1629
100
AcDbEntity
8
0
100
AcDbPolyline
90
8
70
0
43
0.000000
10
62.390000
20
-73.410000
10
62.390000
20
-74.180000
10
62.390000
20
-74.180000
10
63.140000
20
-74.180000
10
63.140000
20
-74.180000
10
63.140000
20
-73.410000
10
63.140000
20
-73.410000
10
62.390000
20
-73.410000
0
LWPOLYLINE
5
1630
100
AcDbEntity
8
0
100
AcDbPolyline
90
8
70
0
43
0.000000
10
62.390000
20
-70.980000
10
62.390000
20
-71.750000
10
62.390000
20
-71.750000
10
63.140000
20
-71.750000
10
63.140000
20
-71.750000
10
63.140000
20
-70.980000
10
63.140000
20
-70.980000
10
62.390000
20
-70.980000
0
LWPOLYLINE
5
1631
100
AcDbEntity
8
0
100
AcDbPolyline
90
22
70
0
43
0.000000
10
65.500000
20
-73.600000
10
64.360000
20
-73.600000
10
64.360000
20
-73.600000
10
64.360000
20
-74.180000
10
64.360000
20
-74.180000
10
67.180000
20
-74.180000
10
67.180000
20
-74.180000
10
67.180000
20
-73.600000
10
67.180000
20
-73.600000
10
66.210000
20
-73.600000
10
66.210000
20
-73.600000
10
66.210000
20
-69.760000
10
66.210000
20
-69.760000
10
65.550000
20
-69.760000
10
65.550000
20
-69.760000
10
64.460000
20
-70.480000
10
64.460000
20
-70.480000
10
64.460000
20
-71.080000
10
64.460000
20
-71.080000
10
65.500000
20
-70.430000
10
65.500000
20
-70.430000
10
65.500000
20
-73.600000
0
LWPOLYLINE
5
1632
100
AcDbEntity
8
0
100
AcDbPolyline
90
24
70
0
43
0.000000
10
76.160000
20
-70.960000
10
75.430000
20
-72.150000
10
75.430000
20
-72.150000
10
74.700000
20
-70.960000
10
74.700000
20
-70.960000
10
73.910000
20
-70.960000
10
73.910000
20
-70.960000
10
75.030000
20
-72.530000
10
75.030000
20
-72.530000
10
73.860000
20
-74.180000
10
73.860000
20
-74.180000
10
74.630000
20
-74.180000
10
74.630000
20
-74.180000
10
75.430000
20
-72.950000
10
75.430000
20
-72.950000
10
76.230000
20
-74.180000
10
76.230000
20
-74.180000
10
77.010000
20
-74.180000
10
77.010000
20
-74.180000
10
75.850000
20
-72.510000
10
75.850000
20
-72.510000
10
76.950000
20
-70.960000
10
76.950000
20
-70.960000
10
76.160000
20
-70.960000
0
LWPOLYLINE
5
1633
100
AcDbEntity
8
0
100
AcDbPolyline
90
22
70
0
43
0.000000
10
81.110000
20
-73.600000
10
79.970000
20
-73.600000
10
79.970000
20
-73.600000
10
79.970000
20
-74.180000
10
79.970000
20
-74.180000
10
82.790000
20
-74.180000
10
82.790000
20
-74.180000
10
82.790000
20
-73.600000
10
82.790000
20
-73.600000
10
81.820000
20
-73.600000
10
81.820000
20
-73.600000
10
81.820000
20
-69.760000
10
81.820000
20
-69.760000
10
81.160000
20
-69.760000
10
81.160000
20
-69.760000
10
80.070000
20
-70.480000
10
80.070000
20
-70.480000
10
80.070000
20
-71.080000
10
80.070000
20
-71.080000
10
81.110000
20
-70.430000
10
81.110000
20
-70.430000
10
81.110000
20
-73.600000
0
LWPOLYLINE
5
1634
100
AcDbEntity
8
0
100
AcDbPolyline
90
334
70
0
43
0.000000
10
86.670000
20
-73.120000
10
86.680000
20
-72.950000
10
86.680000
20
-72.950000
10
86.670000
20
-72.830000
10
86.670000
20
-72.830000
10
86.650000
20
-72.720000
10
86.650000
20
-72.720000
10
86.630000
20
-72.610000
10
86.630000
20
-72.610000
10
86.590000
20
-72.510000
10
86.590000
20
-72.510000
10
86.530000
20
-72.420000
10
86.530000
20
-72.420000
10
86.470000
20
-72.330000
10
86.470000
20
-72.330000
10
86.390000
20
-72.250000
10
86.390000
20
-72.250000
10
86.310000
20
-72.170000
10
86.310000
20
-72.170000
10
86.220000
20
-72.110000
10
86.220000
20
-72.110000
10
86.130000
20
-72.060000
10
86.130000
20
-72.060000
10
86.020000
20
-72.010000
10
86.020000
20
-72.010000
10
85.900000
20
-71.970000
10
85.900000
20
-71.970000
10
85.780000
20
-71.950000
10
85.780000
20
-71.950000
10
85.640000
20
-71.930000
10
85.640000
20
-71.930000
10
85.640000
20
-71.910000
10
85.640000
20
-71.910000
10
85.770000
20
-71.880000
10
85.770000
20
-71.880000
10
85.890000
20
-71.840000
10
85.890000
20
-71.840000
10
86.000000
20
-71.800000
10
86.000000
20
-71.800000
10
86.100000
20
-71.740000
10
86.100000
20
-71.740000
10
86.180000
20
-71.680000
10
86.180000
20
-71.680000
10
86.260000
20
-71.620000
10
86.260000
20
-71.620000
10
86.330000
20
-71.550000
10
86.330000
20
-71.550000
10
86.390000
20
-71.460000
10
86.390000
20
-71.460000
10
86.440000
20
-71.380000
10
86.440000
20
-71.380000
10
86.490000
20
-71.280000
10
86.490000
20
-71.280000
10
86.520000
20
-71.190000
10
86.520000
20
-71.190000
10
86.540000
20
-71.090000
10
86.540000
20
-71.090000
10
86.560000
20
-70.990000
10
86.560000
20
-70.990000
10
86.560000
20
-70.880000
10
86.560000
20
-70.880000
10
86.550000
20
-70.720000
10
86.550000
20
-70.720000
10
86.530000
20
-70.580000
10
86.530000
20
-70.580000
10
86.490000
20
-70.440000
10
86.490000
20
-70.440000
10
86.440000
20
-70.320000
10
86.440000
20
-70.320000
10
86.370000
20
-70.210000
10
86.370000
20
-70.210000
10
86.290000
20
-70.100000
10
86.290000
20
-70.100000
10
86.190000
20
-70.010000
10
86.190000
20
-70.010000
10
86.090000
20
-69.930000
10
86.090000
20
-69.930000
10
85.970000
20
-69.860000
10
85.970000
20
-69.860000
10
85.840000
20
-69.800000
10
85.840000
20
-69.800000
10
85.690000
20
-69.750000
10
85.690000
20
-69.750000
10
85.530000
20
-69.720000
10
85.530000
20
-69.720000
10
85.360000
20
-69.700000
10
85.360000
20
-69.700000
10
85.180000
20
-69.700000
10
85.180000
20
-69.700000
10
85.010000
20
-69.700000
10
85.010000
20
-69.700000
10
84.840000
20
-69.720000
10
84.840000
20
-69.720000
10
84.690000
20
-69.750000
10
84.690000
20
-69.750000
10
84.550000
20
-69.800000
10
84.550000
20
-69.800000
10
84.420000
20
-69.860000
10
84.420000
20
-69.860000
10
84.290000
20
-69.930000
10
84.290000
20
-69.930000
10
84.180000
20
-70.010000
10
84.180000
20
-70.010000
10
84.070000
20
-70.110000
10
84.070000
20
-70.110000
10
83.980000
20
-70.210000
10
83.980000
20
-70.210000
10
83.910000
20
-70.330000
10
83.910000
20
-70.330000
10
83.840000
20
-70.450000
10
83.840000
20
-70.450000
10
83.790000
20
-70.580000
10
83.790000
20
-70.580000
10
83.750000
20
-70.730000
10
83.750000
20
-70.730000
10
83.730000
20
-70.880000
10
83.730000
20
-70.880000
10
84.440000
20
-70.930000
10
84.440000
20
-70.930000
10
84.480000
20
-70.760000
10
84.480000
20
-70.760000
10
84.530000
20
-70.610000
10
84.530000
20
-70.610000
10
84.610000
20
-70.490000
10
84.610000
20
-70.490000
10
84.710000
20
-70.400000
10
84.710000
20
-70.400000
10
84.840000
20
-70.330000
10
84.840000
20
-70.330000
10
84.990000
20
-70.290000
10
84.990000
20
-70.290000
10
85.160000
20
-70.280000
10
85.160000
20
-70.280000
10
85.250000
20
-70.280000
10
85.250000
20
-70.280000
10
85.330000
20
-70.290000
10
85.330000
20
-70.290000
10
85.410000
20
-70.310000
10
85.410000
20
-70.310000
10
85.480000
20
-70.330000
10
85.480000
20
-70.330000
10
85.550000
20
-70.360000
10
85.550000
20
-70.360000
10
85.610000
20
-70.400000
10
85.610000
20
-70.400000
10
85.660000
20
-70.450000
10
85.660000
20
-70.450000
10
85.710000
20
-70.500000
10
85.710000
20
-70.500000
10
85.740000
20
-70.560000
10
85.740000
20
-70.560000
10
85.770000
20
-70.620000
10
85.770000
20
-70.620000
10
85.800000
20
-70.700000
10
85.800000
20
-70.700000
10
85.810000
20
-70.780000
10
85.810000
20
-70.780000
10
85.820000
20
-70.870000
10
85.820000
20
-70.870000
10
85.830000
20
-70.960000
10
85.830000
20
-70.960000
10
85.820000
20
-71.050000
10
85.820000
20
-71.050000
10
85.810000
20
-71.130000
10
85.810000
20
-71.130000
10
85.790000
20
-71.210000
10
85.790000
20
-71.210000
10
85.760000
20
-71.280000
10
85.760000
20
-71.280000
10
85.720000
20
-71.350000
10
85.720000
20
-71.350000
10
85.670000
20
-71.410000
10
85.670000
20
-71.410000
10
85.610000
20
-71.460000
10
85.610000
20
-71.460000
10
85.540000
20
-71.510000
10
85.540000
20
-71.510000
10
85.460000
20
-71.540000
10
85.460000
20
-71.540000
10
85.380000
20
-71.570000
10
85.380000
20
-71.570000
10
85.280000
20
-71.600000
10
85.280000
20
-71.600000
10
85.180000
20
-71.610000
10
85.180000
20
-71.610000
10
85.080000
20
-71.630000
10
85.080000
20
-71.630000
10
84.960000
20
-71.630000
10
84.960000
20
-71.630000
10
84.660000
20
-71.630000
10
84.660000
20
-71.630000
10
84.660000
20
-72.230000
10
84.660000
20
-72.230000
10
84.980000
20
-72.230000
10
84.980000
20
-72.230000
10
85.110000
20
-72.230000
10
85.110000
20
-72.230000
10
85.230000
20
-72.240000
10
85.230000
20
-72.240000
10
85.340000
20
-72.260000
10
85.340000
20
-72.260000
10
85.440000
20
-72.290000
10
85.440000
20
-72.290000
10
85.530000
20
-72.320000
10
85.530000
20
-72.320000
10
85.620000
20
-72.360000
10
85.620000
20
-72.360000
10
85.690000
20
-72.410000
10
85.690000
20
-72.410000
10
85.760000
20
-72.470000
10
85.760000
20
-72.470000
10
85.810000
20
-72.530000
10
85.810000
20
-72.530000
10
85.850000
20
-72.590000
10
85.850000
20
-72.590000
10
85.890000
20
-72.660000
10
85.890000
20
-72.660000
10
85.910000
20
-72.740000
10
85.910000
20
-72.740000
10
85.920000
20
-72.820000
10
85.920000
20
-72.820000
10
85.930000
20
-72.910000
10
85.930000
20
-72.910000
10
85.920000
20
-73.010000
10
85.920000
20
-73.010000
10
85.910000
20
-73.110000
10
85.910000
20
-73.110000
10
85.890000
20
-73.190000
10
85.890000
20
-73.190000
10
85.870000
20
-73.270000
10
85.870000
20
-73.270000
10
85.830000
20
-73.340000
10
85.830000
20
-73.340000
10
85.790000
20
-73.410000
10
85.790000
20
-73.410000
10
85.740000
20
-73.460000
10
85.740000
20
-73.460000
10
85.680000
20
-73.510000
10
85.680000
20
-73.510000
10
85.620000
20
-73.550000
10
85.620000
20
-73.550000
10
85.540000
20
-73.590000
10
85.540000
20
-73.590000
10
85.460000
20
-73.610000
10
85.460000
20
-73.610000
10
85.370000
20
-73.630000
10
85.370000
20
-73.630000
10
85.280000
20
-73.640000
10
85.280000
20
-73.640000
10
85.180000
20
-73.650000
10
85.180000
20
-73.650000
10
85.080000
20
-73.640000
10
85.080000
20
-73.640000
10
84.980000
20
-73.630000
10
84.980000
20
-73.630000
10
84.890000
20
-73.610000
10
84.890000
20
-73.610000
10
84.810000
20
-73.590000
10
84.810000
20
-73.590000
10
84.740000
20
-73.560000
10
84.740000
20
-73.560000
10
84.670000
20
-73.520000
10
84.670000
20
-73.520000
10
84.610000
20
-73.480000
10
84.610000
20
-73.480000
10
84.560000
20
-73.430000
10
84.560000
20
-73.430000
10
84.510000
20
-73.370000
10
84.510000
20
-73.370000
10
84.470000
20
-73.300000
10
84.470000
20
-73.300000
10
84.430000
20
-73.220000
10
84.430000
20
-73.220000
10
84.400000
20
-73.140000
10
84.400000
20
-73.140000
10
84.380000
20
-73.050000
10
84.380000
20
-73.050000
10
84.360000
20
-72.950000
10
84.360000
20
-72.950000
10
83.630000
20
-73.010000
10
83.630000
20
-73.010000
10
83.660000
20
-73.180000
10
83.660000
20
-73.180000
10
83.700000
20
-73.340000
10
83.700000
20
-73.340000
10
83.750000
20
-73.480000
10
83.750000
20
-73.480000
10
83.820000
20
-73.610000
10
83.820000
20
-73.610000
10
83.900000
20
-73.730000
10
83.900000
20
-73.730000
10
83.990000
20
-73.840000
10
83.990000
20
-73.840000
10
84.090000
20
-73.930000
10
84.090000
20
-73.930000
10
84.210000
20
-74.010000
10
84.210000
20
-74.010000
10
84.350000
20
-74.080000
10
84.350000
20
-74.080000
10
84.490000
20
-74.130000
10
84.490000
20
-74.130000
10
84.640000
20
-74.170000
10
84.640000
20
-74.170000
10
84.810000
20
-74.200000
10
84.810000
20
-74.200000
10
84.990000
20
-74.220000
10
84.990000
20
-74.220000
10
85.180000
20
-74.230000
10
85.180000
20
-74.230000
10
85.380000
20
-74.220000
10
85.380000
20
-74.220000
10
85.560000
20
-74.200000
10
85.560000
20
-74.200000
10
85.730000
20
-74.170000
10
85.730000
20
-74.170000
10
85.890000
20
-74.130000
10
85.890000
20
-74.130000
10
86.040000
20
-74.070000
10
86.040000
20
-74.070000
10
86.170000
20
-74.000000
10
86.170000
20
-74.000000
10
86.290000
20
-73.910000
10
86.290000
20
-73.910000
10
86.400000
20
-73.810000
10
86.400000
20
-73.810000
10
86.480000
20
-73.700000
10
86.480000
20
-73.700000
10
86.550000
20
-73.570000
10
86.550000
20
-73.570000
10
86.610000
20
-73.430000
10
86.610000
20
-73.430000
10
86.650000
20
-73.280000
10
86.650000
20
-73.280000
10
86.670000
20
-73.120000
0
LWPOLYLINE
5
1635
100
AcDbEntity
8
0
100
AcDbPolyline
90
214
70
0
43
0.000000
10
91.390000
20
-74.220000
10
91.640000
20
-74.230000
10
91.640000
20
-74.230000
10
91.970000
20
-74.200000
10
91.970000
20
-74.200000
10
92.260000
20
-74.130000
10
92.260000
20
-74.130000
10
92.530000
20
-74.010000
10
92.530000
20
-74.010000
10
92.760000
20
-73.850000
10
92.760000
20
-73.850000
10
92.960000
20
-73.630000
10
92.960000
20
-73.630000
10
93.130000
20
-73.370000
10
93.130000
20
-73.370000
10
93.270000
20
-73.060000
10
93.270000
20
-73.060000
10
92.600000
20
-72.810000
10
92.600000
20
-72.810000
10
92.570000
20
-72.920000
10
92.570000
20
-72.920000
10
92.530000
20
-73.020000
10
92.530000
20
-73.020000
10
92.480000
20
-73.110000
10
92.480000
20
-73.110000
10
92.430000
20
-73.200000
10
92.430000
20
-73.200000
10
92.370000
20
-73.270000
10
92.370000
20
-73.270000
10
92.310000
20
-73.350000
10
92.310000
20
-73.350000
10
92.240000
20
-73.410000
10
92.240000
20
-73.410000
10
92.160000
20
-73.470000
10
92.160000
20
-73.470000
10
92.090000
20
-73.520000
10
92.090000
20
-73.520000
10
92.010000
20
-73.560000
10
92.010000
20
-73.560000
10
91.920000
20
-73.590000
10
91.920000
20
-73.590000
10
91.830000
20
-73.610000
10
91.830000
20
-73.610000
10
91.740000
20
-73.620000
10
91.740000
20
-73.620000
10
91.640000
20
-73.630000
10
91.640000
20
-73.630000
10
91.500000
20
-73.620000
10
91.500000
20
-73.620000
10
91.360000
20
-73.590000
10
91.360000
20
-73.590000
10
91.240000
20
-73.550000
10
91.240000
20
-73.550000
10
91.120000
20
-73.480000
10
91.120000
20
-73.480000
10
91.020000
20
-73.400000
10
91.020000
20
-73.400000
10
90.920000
20
-73.300000
10
90.920000
20
-73.300000
10
90.840000
20
-73.180000
10
90.840000
20
-73.180000
10
90.760000
20
-73.040000
10
90.760000
20
-73.040000
10
90.690000
20
-72.890000
10
90.690000
20
-72.890000
10
90.640000
20
-72.730000
10
90.640000
20
-72.730000
10
90.590000
20
-72.560000
10
90.590000
20
-72.560000
10
90.560000
20
-72.370000
10
90.560000
20
-72.370000
10
90.540000
20
-72.160000
10
90.540000
20
-72.160000
10
90.540000
20
-71.950000
10
90.540000
20
-71.950000
10
90.540000
20
-71.730000
10
90.540000
20
-71.730000
10
90.560000
20
-71.530000
10
90.560000
20
-71.530000
10
90.590000
20
-71.340000
10
90.590000
20
-71.340000
10
90.630000
20
-71.160000
10
90.630000
20
-71.160000
10
90.680000
20
-71.000000
10
90.680000
20
-71.000000
10
90.750000
20
-70.860000
10
90.750000
20
-70.860000
10
90.820000
20
-70.730000
10
90.820000
20
-70.730000
10
90.910000
20
-70.620000
10
90.910000
20
-70.620000
10
91.000000
20
-70.520000
10
91.000000
20
-70.520000
10
91.110000
20
-70.450000
10
91.110000
20
-70.450000
10
91.230000
20
-70.390000
10
91.230000
20
-70.390000
10
91.350000
20
-70.350000
10
91.350000
20
-70.350000
10
91.490000
20
-70.320000
10
91.490000
20
-70.320000
10
91.640000
20
-70.310000
10
91.640000
20
-70.310000
10
91.740000
20
-70.320000
10
91.740000
20
-70.320000
10
91.830000
20
-70.330000
10
91.830000
20
-70.330000
10
91.920000
20
-70.350000
10
91.920000
20
-70.350000
10
92.010000
20
-70.370000
10
92.010000
20
-70.370000
10
92.090000
20
-70.410000
10
92.090000
20
-70.410000
10
92.160000
20
-70.450000
10
92.160000
20
-70.450000
10
92.240000
20
-70.500000
10
92.240000
20
-70.500000
10
92.300000
20
-70.560000
10
92.300000
20
-70.560000
10
92.360000
20
-70.620000
10
92.360000
20
-70.620000
10
92.420000
20
-70.700000
10
92.420000
20
-70.700000
10
92.470000
20
-70.780000
10
92.470000
20
-70.780000
10
92.510000
20
-70.870000
10
92.510000
20
-70.870000
10
92.550000
20
-70.960000
10
92.550000
20
-70.960000
10
92.590000
20
-71.060000
10
92.590000
20
-71.060000
10
93.250000
20
-70.830000
10
93.250000
20
-70.830000
10
93.190000
20
-70.670000
10
93.190000
20
-70.670000
10
93.120000
20
-70.520000
10
93.120000
20
-70.520000
10
93.040000
20
-70.390000
10
93.040000
20
-70.390000
10
92.960000
20
-70.270000
10
92.960000
20
-70.270000
10
92.860000
20
-70.160000
10
92.860000
20
-70.160000
10
92.750000
20
-70.060000
10
92.750000
20
-70.060000
10
92.640000
20
-69.980000
10
92.640000
20
-69.980000
10
92.520000
20
-69.900000
10
92.520000
20
-69.900000
10
92.390000
20
-69.840000
10
92.390000
20
-69.840000
10
92.260000
20
-69.790000
10
92.260000
20
-69.790000
10
92.110000
20
-69.750000
10
92.110000
20
-69.750000
10
91.960000
20
-69.720000
10
91.960000
20
-69.720000
10
91.790000
20
-69.700000
10
91.790000
20
-69.700000
10
91.620000
20
-69.700000
10
91.620000
20
-69.700000
10
91.380000
20
-69.710000
10
91.380000
20
-69.710000
10
91.150000
20
-69.740000
10
91.150000
20
-69.740000
10
90.940000
20
-69.810000
10
90.940000
20
-69.810000
10
90.740000
20
-69.890000
10
90.740000
20
-69.890000
10
90.560000
20
-70.000000
10
90.560000
20
-70.000000
10
90.400000
20
-70.140000
10
90.400000
20
-70.140000
10
90.250000
20
-70.300000
10
90.250000
20
-70.300000
10
90.130000
20
-70.470000
10
90.130000
20
-70.470000
10
90.020000
20
-70.670000
10
90.020000
20
-70.670000
10
89.930000
20
-70.880000
10
89.930000
20
-70.880000
10
89.860000
20
-71.120000
10
89.860000
20
-71.120000
10
89.810000
20
-71.380000
10
89.810000
20
-71.380000
10
89.780000
20
-71.650000
10
89.780000
20
-71.650000
10
89.770000
20
-71.950000
10
89.770000
20
-71.950000
10
89.780000
20
-72.240000
10
89.780000
20
-72.240000
10
89.810000
20
-72.520000
10
89.810000
20
-72.520000
10
89.860000
20
-72.790000
10
89.860000
20
-72.790000
10
89.930000
20
-73.030000
10
89.930000
20
-73.030000
10
90.020000
20
-73.250000
10
90.020000
20
-73.250000
10
90.130000
20
-73.450000
10
90.130000
20
-73.450000
10
90.250000
20
-73.630000
10
90.250000
20
-73.630000
10
90.410000
20
-73.790000
10
90.410000
20
-73.790000
10
90.570000
20
-73.920000
10
90.570000
20
-73.920000
10
90.750000
20
-74.030000
10
90.750000
20
-74.030000
10
90.950000
20
-74.120000
10
90.950000
20
-74.120000
10
91.160000
20
-74.180000
10
91.160000
20
-74.180000
10
91.390000
20
-74.220000
0
LWPOLYLINE
5
1636
100
AcDbEntity
8
0
100
AcDbPolyline
90
152
70
0
43
0.000000
10
96.410000
20
-72.360000
10
95.340000
20
-69.760000
10
95.340000
20
-69.760000
10
94.310000
20
-69.760000
10
94.310000
20
-69.760000
10
94.310000
20
-74.180000
10
94.310000
20
-74.180000
10
95.010000
20
-74.180000
10
95.010000
20
-74.180000
10
95.010000
20
-71.250000
10
95.010000
20
-71.250000
10
95.010000
20
-71.190000
10
95.010000
20
-71.190000
10
95.010000
20
-71.130000
10
95.010000
20
-71.130000
10
95.010000
20
-71.080000
10
95.010000
20
-71.080000
10
95.000000
20
-71.020000
10
95.000000
20
-71.020000
10
95.000000
20
-70.970000
10
95.000000
20
-70.970000
10
95.000000
20
-70.910000
10
95.000000
20
-70.910000
10
94.990000
20
-70.860000
10
94.990000
20
-70.860000
10
94.990000
20
-70.810000
10
94.990000
20
-70.810000
10
94.990000
20
-70.750000
10
94.990000
20
-70.750000
10
94.990000
20
-70.690000
10
94.990000
20
-70.690000
10
94.990000
20
-70.640000
10
94.990000
20
-70.640000
10
94.990000
20
-70.580000
10
94.990000
20
-70.580000
10
94.990000
20
-70.530000
10
94.990000
20
-70.530000
10
94.990000
20
-70.480000
10
94.990000
20
-70.480000
10
95.030000
20
-70.580000
10
95.030000
20
-70.580000
10
95.070000
20
-70.690000
10
95.070000
20
-70.690000
10
95.110000
20
-70.800000
10
95.110000
20
-70.800000
10
95.150000
20
-70.920000
10
95.150000
20
-70.920000
10
95.190000
20
-71.040000
10
95.190000
20
-71.040000
10
95.240000
20
-71.160000
10
95.240000
20
-71.160000
10
95.290000
20
-71.300000
10
95.290000
20
-71.300000
10
96.440000
20
-74.180000
10
96.440000
20
-74.180000
10
97.030000
20
-74.180000
10
97.030000
20
-74.180000
10
98.140000
20
-71.330000
10
98.140000
20
-71.330000
10
98.180000
20
-71.220000
10
98.180000
20
-71.220000
10
98.220000
20
-71.120000
10
98.220000
20
-71.120000
10
98.250000
20
-71.030000
10
98.250000
20
-71.030000
10
98.280000
20
-70.960000
10
98.280000
20
-70.960000
10
98.310000
20
-70.890000
10
98.310000
20
-70.890000
10
98.330000
20
-70.840000
10
98.330000
20
-70.840000
10
98.340000
20
-70.800000
10
98.340000
20
-70.800000
10
98.360000
20
-70.760000
10
98.360000
20
-70.760000
10
98.370000
20
-70.720000
10
98.370000
20
-70.720000
10
98.390000
20
-70.680000
10
98.390000
20
-70.680000
10
98.410000
20
-70.630000
10
98.410000
20
-70.630000
10
98.420000
20
-70.590000
10
98.420000
20
-70.590000
10
98.440000
20
-70.530000
10
98.440000
20
-70.530000
10
98.460000
20
-70.480000
10
98.460000
20
-70.480000
10
98.460000
20
-70.530000
10
98.460000
20
-70.530000
10
98.460000
20
-70.580000
10
98.460000
20
-70.580000
10
98.460000
20
-70.640000
10
98.460000
20
-70.640000
10
98.460000
20
-70.690000
10
98.460000
20
-70.690000
10
98.460000
20
-70.750000
10
98.460000
20
-70.750000
10
98.460000
20
-70.810000
10
98.460000
20
-70.810000
10
98.460000
20
-70.860000
10
98.460000
20
-70.860000
10
98.460000
20
-70.920000
10
98.460000
20
-70.920000
10
98.450000
20
-70.970000
10
98.450000
20
-70.970000
10
98.450000
20
-71.030000
10
98.450000
20
-71.030000
10
98.450000
20
-71.090000
10
98.450000
20
-71.090000
10
98.440000
20
-71.140000
10
98.440000
20
-71.140000
10
98.440000
20
-71.190000
10
98.440000
20
-71.190000
10
98.440000
20
-71.250000
10
98.440000
20
-71.250000
10
98.440000
20
-74.180000
10
98.440000
20
-74.180000
10
99.140000
20
-74.180000
10
99.140000
20
-74.180000
10
99.140000
20
-69.760000
10
99.140000
20
-69.760000
10
98.110000
20
-69.760000
10
98.110000
20
-69.760000
10
97.090000
20
-72.360000
10
97.090000
20
-72.360000
10
97.020000
20
-72.540000
10
97.020000
20
-72.540000
10
96.960000
20
-72.700000
10
96.960000
20
-72.700000
10
96.900000
20
-72.840000
10
96.900000
20
-72.840000
10
96.850000
20
-72.980000
10
96.850000
20
-72.980000
10
96.810000
20
-73.100000
10
96.810000
20
-73.100000
10
96.770000
20
-73.200000
10
96.770000
20
-73.200000
10
96.740000
20
-73.300000
10
96.740000
20
-73.300000
10
96.670000
20
-73.090000
10
96.670000
20
-73.090000
10
96.610000
20
-72.910000
10
96.610000
20
-72.910000
10
96.550000
20
-72.760000
10
96.550000
20
-72.760000
10
96.500000
20
-72.620000
10
96.500000
20
-72.620000
10
96.460000
20
-72.510000
10
96.460000
20
-72.510000
10
96.430000
20
-72.430000
10
96.430000
20
-72.430000
10
96.410000
20
-72.360000
0
LWPOLYLINE
5
1637
100
AcDbEntity
8
0
100
AcDbPolyline
90
16
70
0
43
0.000000
10
111.980000
20
-70.380000
10
111.980000
20
-69.760000
10
111.980000
20
-69.760000
10
108.600000
20
-69.760000
10
108.600000
20
-69.760000
10
108.600000
20
-70.380000
10
108.600000
20
-70.380000
10
109.900000
20
-70.380000
10
109.900000
20
-70.380000
10
109.900000
20
-74.180000
10
109.900000
20
-74.180000
10
110.670000
20
-74.180000
10
110.670000
20
-74.180000
10
110.670000
20
-70.380000
10
110.670000
20
-70.380000
10
111.980000
20
-70.380000
0
LWPOLYLINE
5
1638
100
AcDbEntity
8
0
100
AcDbPolyline
90
8
70
0
43
0.000000
10
115.140000
20
-72.600000
10
115.140000
20
-73.180000
10
115.140000
20
-73.180000
10
118.360000
20
-73.180000
10
118.360000
20
-73.180000
10
118.360000
20
-72.600000
10
118.360000
20
-72.600000
10
115.140000
20
-72.600000
0
LWPOLYLINE
5
1639
100
AcDbEntity
8
0
100
AcDbPolyline
90
8
70
0
43
0.000000
10
115.140000
20
-70.950000
10
115.140000
20
-71.510000
10
115.140000
20
-71.510000
10
118.360000
20
-71.510000
10
118.360000
20
-71.510000
10
118.360000
20
-70.950000
10
118.360000
20
-70.950000
10
115.140000
20
-70.950000
0
LWPOLYLINE
5
1640
100
AcDbEntity
8
0
100
AcDbPolyline
90
8
70
0
43
0.000000
10
125.760000
20
-73.350000
10
125.760000
20
-74.180000
10
125.760000
20
-74.180000
10
126.510000
20
-74.180000
10
126.510000
20
-74.180000
10
126.510000
20
-73.350000
10
126.510000
20
-73.350000
10
125.760000
20
-73.350000
0
LWPOLYLINE
5
1641
100
AcDbEntity
8
0
100
AcDbPolyline
90
22
70
0
43
0.000000
10
128.860000
20
-73.600000
10
127.730000
20
-73.600000
10
127.730000
20
-73.600000
10
127.730000
20
-74.180000
10
127.730000
20
-74.180000
10
130.550000
20
-74.180000
10
130.550000
20
-74.180000
10
130.550000
20
-73.600000
10
130.550000
20
-73.600000
10
129.580000
20
-73.600000
10
129.580000
20
-73.600000
10
129.580000
20
-69.760000
10
129.580000
20
-69.760000
10
128.910000
20
-69.760000
10
128.910000
20
-69.760000
10
127.830000
20
-70.480000
10
127.830000
20
-70.480000
10
127.830000
20
-71.080000
10
127.830000
20
-71.080000
10
128.860000
20
-70.430000
10
128.860000
20
-70.430000
10
128.860000
20
-73.600000
0
LWPOLYLINE
5
1642
100
AcDbEntity
8
0
100
AcDbPolyline
90
220
70
0
43
0.000000
10
131.470000
20
-73.660000
10
131.470000
20
-74.180000
10
131.470000
20
-74.180000
10
134.440000
20
-74.180000
10
134.440000
20
-74.180000
10
134.440000
20
-73.560000
10
134.440000
20
-73.560000
10
132.290000
20
-73.560000
10
132.290000
20
-73.560000
10
132.360000
20
-73.440000
10
132.360000
20
-73.440000
10
132.450000
20
-73.310000
10
132.450000
20
-73.310000
10
132.570000
20
-73.160000
10
132.570000
20
-73.160000
10
132.710000
20
-73.010000
10
132.710000
20
-73.010000
10
132.880000
20
-72.860000
10
132.880000
20
-72.860000
10
133.070000
20
-72.690000
10
133.070000
20
-72.690000
10
133.290000
20
-72.510000
10
133.290000
20
-72.510000
10
133.410000
20
-72.410000
10
133.410000
20
-72.410000
10
133.520000
20
-72.310000
10
133.520000
20
-72.310000
10
133.630000
20
-72.220000
10
133.630000
20
-72.220000
10
133.720000
20
-72.140000
10
133.720000
20
-72.140000
10
133.800000
20
-72.060000
10
133.800000
20
-72.060000
10
133.870000
20
-71.980000
10
133.870000
20
-71.980000
10
133.940000
20
-71.910000
10
133.940000
20
-71.910000
10
134.000000
20
-71.850000
10
134.000000
20
-71.850000
10
134.050000
20
-71.780000
10
134.050000
20
-71.780000
10
134.100000
20
-71.710000
10
134.100000
20
-71.710000
10
134.150000
20
-71.650000
10
134.150000
20
-71.650000
10
134.190000
20
-71.580000
10
134.190000
20
-71.580000
10
134.220000
20
-71.510000
10
134.220000
20
-71.510000
10
134.250000
20
-71.450000
10
134.250000
20
-71.450000
10
134.280000
20
-71.370000
10
134.280000
20
-71.370000
10
134.310000
20
-71.300000
10
134.310000
20
-71.300000
10
134.330000
20
-71.230000
10
134.330000
20
-71.230000
10
134.350000
20
-71.150000
10
134.350000
20
-71.150000
10
134.360000
20
-71.080000
10
134.360000
20
-71.080000
10
134.370000
20
-71.000000
10
134.370000
20
-71.000000
10
134.370000
20
-70.930000
10
134.370000
20
-70.930000
10
134.360000
20
-70.770000
10
134.360000
20
-70.770000
10
134.340000
20
-70.620000
10
134.340000
20
-70.620000
10
134.300000
20
-70.480000
10
134.300000
20
-70.480000
10
134.240000
20
-70.350000
10
134.240000
20
-70.350000
10
134.170000
20
-70.230000
10
134.170000
20
-70.230000
10
134.090000
20
-70.120000
10
134.090000
20
-70.120000
10
133.990000
20
-70.030000
10
133.990000
20
-70.030000
10
133.870000
20
-69.940000
10
133.870000
20
-69.940000
10
133.740000
20
-69.870000
10
133.740000
20
-69.870000
10
133.610000
20
-69.800000
10
133.610000
20
-69.800000
10
133.460000
20
-69.760000
10
133.460000
20
-69.760000
10
133.290000
20
-69.720000
10
133.290000
20
-69.720000
10
133.120000
20
-69.700000
10
133.120000
20
-69.700000
10
132.940000
20
-69.700000
10
132.940000
20
-69.700000
10
132.770000
20
-69.700000
10
132.770000
20
-69.700000
10
132.600000
20
-69.720000
10
132.600000
20
-69.720000
10
132.450000
20
-69.760000
10
132.450000
20
-69.760000
10
132.310000
20
-69.800000
10
132.310000
20
-69.800000
10
132.180000
20
-69.870000
10
132.180000
20
-69.870000
10
132.060000
20
-69.940000
10
132.060000
20
-69.940000
10
131.950000
20
-70.030000
10
131.950000
20
-70.030000
10
131.850000
20
-70.120000
10
131.850000
20
-70.120000
10
131.770000
20
-70.230000
10
131.770000
20
-70.230000
10
131.690000
20
-70.350000
10
131.690000
20
-70.350000
10
131.630000
20
-70.470000
10
131.630000
20
-70.470000
10
131.580000
20
-70.610000
10
131.580000
20
-70.610000
10
131.540000
20
-70.760000
10
131.540000
20
-70.760000
10
131.520000
20
-70.910000
10
131.520000
20
-70.910000
10
132.240000
20
-70.960000
10
132.240000
20
-70.960000
10
132.270000
20
-70.780000
10
132.270000
20
-70.780000
10
132.330000
20
-70.630000
10
132.330000
20
-70.630000
10
132.410000
20
-70.500000
10
132.410000
20
-70.500000
10
132.510000
20
-70.400000
10
132.510000
20
-70.400000
10
132.640000
20
-70.330000
10
132.640000
20
-70.330000
10
132.780000
20
-70.290000
10
132.780000
20
-70.290000
10
132.950000
20
-70.280000
10
132.950000
20
-70.280000
10
133.040000
20
-70.280000
10
133.040000
20
-70.280000
10
133.120000
20
-70.290000
10
133.120000
20
-70.290000
10
133.200000
20
-70.310000
10
133.200000
20
-70.310000
10
133.270000
20
-70.340000
10
133.270000
20
-70.340000
10
133.340000
20
-70.370000
10
133.340000
20
-70.370000
10
133.400000
20
-70.410000
10
133.400000
20
-70.410000
10
133.450000
20
-70.460000
10
133.450000
20
-70.460000
10
133.500000
20
-70.510000
10
133.500000
20
-70.510000
10
133.540000
20
-70.570000
10
133.540000
20
-70.570000
10
133.580000
20
-70.630000
10
133.580000
20
-70.630000
10
133.600000
20
-70.700000
10
133.600000
20
-70.700000
10
133.620000
20
-70.780000
10
133.620000
20
-70.780000
10
133.630000
20
-70.860000
10
133.630000
20
-70.860000
10
133.640000
20
-70.950000
10
133.640000
20
-70.950000
10
133.630000
20
-71.020000
10
133.630000
20
-71.020000
10
133.620000
20
-71.090000
10
133.620000
20
-71.090000
10
133.600000
20
-71.160000
10
133.600000
20
-71.160000
10
133.580000
20
-71.240000
10
133.580000
20
-71.240000
10
133.540000
20
-71.310000
10
133.540000
20
-71.310000
10
133.500000
20
-71.390000
10
133.500000
20
-71.390000
10
133.450000
20
-71.460000
10
133.450000
20
-71.460000
10
133.390000
20
-71.540000
10
133.390000
20
-71.540000
10
133.310000
20
-71.630000
10
133.310000
20
-71.630000
10
133.210000
20
-71.730000
10
133.210000
20
-71.730000
10
133.100000
20
-71.840000
10
133.100000
20
-71.840000
10
132.980000
20
-71.950000
10
132.980000
20
-71.950000
10
132.840000
20
-72.080000
10
132.840000
20
-72.080000
10
132.690000
20
-72.210000
10
132.690000
20
-72.210000
10
132.550000
20
-72.330000
10
132.550000
20
-72.330000
10
132.430000
20
-72.440000
10
132.430000
20
-72.440000
10
132.310000
20
-72.550000
10
132.310000
20
-72.550000
10
132.200000
20
-72.650000
10
132.200000
20
-72.650000
10
132.100000
20
-72.760000
10
132.100000
20
-72.760000
10
132.000000
20
-72.860000
10
132.000000
20
-72.860000
10
131.920000
20
-72.960000
10
131.920000
20
-72.960000
10
131.840000
20
-73.060000
10
131.840000
20
-73.060000
10
131.760000
20
-73.160000
10
131.760000
20
-73.160000
10
131.690000
20
-73.260000
10
131.690000
20
-73.260000
10
131.630000
20
-73.360000
10
131.630000
20
-73.360000
10
131.570000
20
-73.460000
10
131.570000
20
-73.460000
10
131.520000
20
-73.560000
10
131.520000
20
-73.560000
10
131.470000
20
-73.660000
0
LWPOLYLINE
5
1643
100
AcDbEntity
8
0
100
AcDbPolyline
90
152
70
0
43
0.000000
10
137.720000
20
-72.360000
10
136.660000
20
-69.760000
10
136.660000
20
-69.760000
10
135.620000
20
-69.760000
10
135.620000
20
-69.760000
10
135.620000
20
-74.180000
10
135.620000
20
-74.180000
10
136.320000
20
-74.180000
10
136.320000
20
-74.180000
10
136.320000
20
-71.250000
10
136.320000
20
-71.250000
10
136.320000
20
-71.190000
10
136.320000
20
-71.190000
10
136.320000
20
-71.130000
10
136.320000
20
-71.130000
10
136.320000
20
-71.080000
10
136.320000
20
-71.080000
10
136.320000
20
-71.020000
10
136.320000
20
-71.020000
10
136.320000
20
-70.970000
10
136.320000
20
-70.970000
10
136.310000
20
-70.910000
10
136.310000
20
-70.910000
10
136.310000
20
-70.860000
10
136.310000
20
-70.860000
10
136.310000
20
-70.810000
10
136.310000
20
-70.810000
10
136.310000
20
-70.750000
10
136.310000
20
-70.750000
10
136.310000
20
-70.690000
10
136.310000
20
-70.690000
10
136.310000
20
-70.640000
10
136.310000
20
-70.640000
10
136.310000
20
-70.580000
10
136.310000
20
-70.580000
10
136.310000
20
-70.530000
10
136.310000
20
-70.530000
10
136.310000
20
-70.480000
10
136.310000
20
-70.480000
10
136.340000
20
-70.580000
10
136.340000
20
-70.580000
10
136.380000
20
-70.690000
10
136.380000
20
-70.690000
10
136.420000
20
-70.800000
10
136.420000
20
-70.800000
10
136.460000
20
-70.920000
10
136.460000
20
-70.920000
10
136.510000
20
-71.040000
10
136.510000
20
-71.040000
10
136.560000
20
-71.160000
10
136.560000
20
-71.160000
10
136.610000
20
-71.300000
10
136.610000
20
-71.300000
10
137.760000
20
-74.180000
10
137.760000
20
-74.180000
10
138.340000
20
-74.180000
10
138.340000
20
-74.180000
10
139.460000
20
-71.330000
10
139.460000
20
-71.330000
10
139.500000
20
-71.220000
10
139.500000
20
-71.220000
10
139.540000
20
-71.120000
10
139.540000
20
-71.120000
10
139.570000
20
-71.030000
10
139.570000
20
-71.030000
10
139.600000
20
-70.960000
10
139.600000
20
-70.960000
10
139.620000
20
-70.890000
10
139.620000
20
-70.890000
10
139.640000
20
-70.840000
10
139.640000
20
-70.840000
10
139.660000
20
-70.800000
10
139.660000
20
-70.800000
10
139.670000
20
-70.760000
10
139.670000
20
-70.760000
10
139.690000
20
-70.720000
10
139.690000
20
-70.720000
10
139.700000
20
-70.680000
10
139.700000
20
-70.680000
10
139.720000
20
-70.630000
10
139.720000
20
-70.630000
10
139.740000
20
-70.590000
10
139.740000
20
-70.590000
10
139.760000
20
-70.530000
10
139.760000
20
-70.530000
10
139.770000
20
-70.480000
10
139.770000
20
-70.480000
10
139.770000
20
-70.530000
10
139.770000
20
-70.530000
10
139.770000
20
-70.580000
10
139.770000
20
-70.580000
10
139.770000
20
-70.640000
10
139.770000
20
-70.640000
10
139.770000
20
-70.690000
10
139.770000
20
-70.690000
10
139.770000
20
-70.750000
10
139.770000
20
-70.750000
10
139.770000
20
-70.810000
10
139.770000
20
-70.810000
10
139.770000
20
-70.860000
10
139.770000
20
-70.860000
10
139.770000
20
-70.920000
10
139.770000
20
-70.920000
10
139.770000
20
-70.970000
10
139.770000
20
-70.970000
10
139.760000
20
-71.030000
10
139.760000
20
-71.030000
10
139.760000
20
-71.090000
10
139.760000
20
-71.090000
10
139.760000
20
-71.140000
10
139.760000
20
-71.140000
10
139.760000
20
-71.190000
10
139.760000
20
-71.190000
10
139.760000
20
-71.250000
10
139.760000
20
-71.250000
10
139.760000
20
-74.180000
10
139.760000
20
-74.180000
10
140.460000
20
-74.180000
10
140.460000
20
-74.180000
10
140.460000
20
-69.760000
10
140.460000
20
-69.760000
10
139.420000
20
-69.760000
10
139.420000
20
-69.760000
10
138.410000
20
-72.360000
10
138.410000
20
-72.360000
10
138.340000
20
-72.540000
10
138.340000
20
-72.540000
10
138.270000
20
-72.700000
10
138.270000
20
-72.700000
10
138.210000
20
-72.840000
10
138.210000
20
-72.840000
10
138.160000
20
-72.980000
10
138.160000
20
-72.980000
10
138.120000
20
-73.100000
10
138.120000
20
-73.100000
10
138.090000
20
-73.200000
10
138.090000
20
-73.200000
10
138.060000
20
-73.300000
10
138.060000
20
-73.300000
10
137.990000
20
-73.090000
10
137.990000
20
-73.090000
10
137.920000
20
-72.910000
10
137.920000
20
-72.910000
10
137.870000
20
-72.760000
10
137.870000
20
-72.760000
10
137.820000
20
-72.620000
10
137.820000
20
-72.620000
10
137.780000
20
-72.510000
10
137.780000
20
-72.510000
10
137.750000
20
-72.430000
10
137.750000
20
-72.430000
10
137.720000
20
-72.360000
0
LWPOLYLINE
5
1644
100
AcDbEntity
8
0
100
AcDbPolyline
90
152
70
0
43
0.000000
10
144.000000
20
-72.360000
10
142.930000
20
-69.760000
10
142.930000
20
-69.760000
10
141.900000
20
-69.760000
10
141.900000
20
-69.760000
10
141.900000
20
-74.180000
10
141.900000
20
-74.180000
10
142.600000
20
-74.180000
10
142.600000
20
-74.180000
10
142.600000
20
-71.250000
10
142.600000
20
-71.250000
10
142.600000
20
-71.190000
10
142.600000
20
-71.190000
10
142.590000
20
-71.130000
10
142.590000
20
-71.130000
10
142.590000
20
-71.080000
10
142.590000
20
-71.080000
10
142.590000
20
-71.020000
10
142.590000
20
-71.020000
10
142.590000
20
-70.970000
10
142.590000
20
-70.970000
10
142.580000
20
-70.910000
10
142.580000
20
-70.910000
10
142.580000
20
-70.860000
10
142.580000
20
-70.860000
10
142.580000
20
-70.810000
10
142.580000
20
-70.810000
10
142.580000
20
-70.750000
10
142.580000
20
-70.750000
10
142.580000
20
-70.690000
10
142.580000
20
-70.690000
10
142.580000
20
-70.640000
10
142.580000
20
-70.640000
10
142.580000
20
-70.580000
10
142.580000
20
-70.580000
10
142.580000
20
-70.530000
10
142.580000
20
-70.530000
10
142.580000
20
-70.480000
10
142.580000
20
-70.480000
10
142.610000
20
-70.580000
10
142.610000
20
-70.580000
10
142.650000
20
-70.690000
10
142.650000
20
-70.690000
10
142.690000
20
-70.800000
10
142.690000
20
-70.800000
10
142.730000
20
-70.920000
10
142.730000
20
-70.920000
10
142.780000
20
-71.040000
10
142.780000
20
-71.040000
10
142.830000
20
-71.160000
10
142.830000
20
-71.160000
10
142.880000
20
-71.300000
10
142.880000
20
-71.300000
10
144.030000
20
-74.180000
10
144.030000
20
-74.180000
10
144.610000
20
-74.180000
10
144.610000
20
-74.180000
10
145.730000
20
-71.330000
10
145.730000
20
-71.330000
10
145.770000
20
-71.220000
10
145.770000
20
-71.220000
10
145.810000
20
-71.120000
10
145.810000
20
-71.120000
10
145.840000
20
-71.030000
10
145.840000
20
-71.030000
10
145.870000
20
-70.960000
10
145.870000
20
-70.960000
10
145.890000
20
-70.890000
10
145.890000
20
-70.890000
10
145.910000
20
-70.840000
10
145.910000
20
-70.840000
10
145.930000
20
-70.800000
10
145.930000
20
-70.800000
10
145.940000
20
-70.760000
10
145.940000
20
-70.760000
10
145.960000
20
-70.720000
10
145.960000
20
-70.720000
10
145.980000
20
-70.680000
10
145.980000
20
-70.680000
10
145.990000
20
-70.630000
10
145.990000
20
-70.630000
10
146.010000
20
-70.590000
10
146.010000
20
-70.590000
10
146.030000
20
-70.530000
10
146.030000
20
-70.530000
10
146.050000
20
-70.480000
10
146.050000
20
-70.480000
10
146.050000
20
-70.530000
10
146.050000
20
-70.530000
10
146.050000
20
-70.580000
10
146.050000
20
-70.580000
10
146.050000
20
-70.640000
10
146.050000
20
-70.640000
10
146.050000
20
-70.690000
10
146.050000
20
-70.690000
10
146.050000
20
-70.750000
10
146.050000
20
-70.750000
10
146.050000
20
-70.810000
10
146.050000
20
-70.810000
10
146.050000
20
-70.860000
10
146.050000
20
-70.860000
10
146.040000
20
-70.920000
10
146.040000
20
-70.920000
10
146.040000
20
-70.970000
10
146.040000
20
-70.970000
10
146.040000
20
-71.030000
10
146.040000
20
-71.030000
10
146.030000
20
-71.090000
10
146.030000
20
-71.090000
10
146.030000
20
-71.140000
10
146.030000
20
-71.140000
10
146.030000
20
-71.190000
10
146.030000
20
-71.190000
10
146.030000
20
-71.250000
10
146.030000
20
-71.250000
10
146.030000
20
-74.180000
10
146.030000
20
-74.180000
10
146.730000
20
-74.180000
10
146.730000
20
-74.180000
10
146.730000
20
-69.760000
10
146.730000
20
-69.760000
10
145.700000
20
-69.760000
10
145.700000
20
-69.760000
10
144.680000
20
-72.360000
10
144.680000
20
-72.360000
10
144.610000
20
-72.540000
10
144.610000
20
-72.540000
10
144.540000
20
-72.700000
10
144.540000
20
-72.700000
10
144.480000
20
-72.840000
10
144.480000
20
-72.840000
10
144.430000
20
-72.980000
10
144.430000
20
-72.980000
10
144.390000
20
-73.100000
10
144.390000
20
-73.100000
10
144.360000
20
-73.200000
10
144.360000
20
-73.200000
10
144.330000
20
-73.300000
10
144.330000
20
-73.300000
10
144.260000
20
-73.090000
10
144.260000
20
-73.090000
10
144.190000
20
-72.910000
10
144.190000
20
-72.910000
10
144.140000
20
-72.760000
10
144.140000
20
-72.760000
10
144.090000
20
-72.620000
10
144.090000
20
-72.620000
10
144.050000
20
-72.510000
10
144.050000
20
-72.510000
10
144.020000
20
-72.430000
10
144.020000
20
-72.430000
10
144.000000
20
-72.360000
0
LWPOLYLINE
5
1645
100
AcDbEntity
8
0
100
AcDbPolyline
90
16
70
0
43
0.000000
10
61.220000
20
-77.860000
10
61.220000
20
-77.240000
10
61.220000
20
-77.240000
10
57.830000
20
-77.240000
10
57.830000
20
-77.240000
10
57.830000
20
-77.860000
10
57.830000
20
-77.860000
10
59.130000
20
-77.860000
10
59.130000
20
-77.860000
10
59.130000
20
-81.660000
10
59.130000
20
-81.660000
10
59.900000
20
-81.660000
10
59.900000
20
-81.660000
10
59.900000
20
-77.860000
10
59.900000
20
-77.860000
10
61.220000
20
-77.860000
0
LWPOLYLINE
5
1646
100
AcDbEntity
8
0
100
AcDbPolyline
90
24
70
0
43
0.000000
10
62.190000
20
-81.660000
10
64.720000
20
-81.660000
10
64.720000
20
-81.660000
10
64.720000
20
-81.060000
10
64.720000
20
-81.060000
10
62.950000
20
-81.060000
10
62.950000
20
-81.060000
10
62.950000
20
-79.710000
10
62.950000
20
-79.710000
10
64.400000
20
-79.710000
10
64.400000
20
-79.710000
10
64.400000
20
-79.110000
10
64.400000
20
-79.110000
10
62.950000
20
-79.110000
10
62.950000
20
-79.110000
10
62.950000
20
-77.860000
10
62.950000
20
-77.860000
10
64.590000
20
-77.860000
10
64.590000
20
-77.860000
10
64.590000
20
-77.240000
10
64.590000
20
-77.240000
10
62.190000
20
-77.240000
10
62.190000
20
-77.240000
10
62.190000
20
-81.660000
0
LWPOLYLINE
5
1647
100
AcDbEntity
8
0
100
AcDbPolyline
90
8
70
0
43
0.000000
10
65.710000
20
-80.890000
10
65.710000
20
-81.660000
10
65.710000
20
-81.660000
10
66.460000
20
-81.660000
10
66.460000
20
-81.660000
10
66.460000
20
-80.890000
10
66.460000
20
-80.890000
10
65.710000
20
-80.890000
0
LWPOLYLINE
5
1648
100
AcDbEntity
8
0
100
AcDbPolyline
90
8
70
0
43
0.000000
10
65.710000
20
-78.460000
10
65.710000
20
-79.230000
10
65.710000
20
-79.230000
10
66.460000
20
-79.230000
10
66.460000
20
-79.230000
10
66.460000
20
-78.460000
10
66.460000
20
-78.460000
10
65.710000
20
-78.460000
0
LWPOLYLINE
5
1649
100
AcDbEntity
8
0
100
AcDbPolyline
90
220
70
0
43
0.000000
10
67.510000
20
-81.140000
10
67.510000
20
-81.660000
10
67.510000
20
-81.660000
10
70.480000
20
-81.660000
10
70.480000
20
-81.660000
10
70.480000
20
-81.040000
10
70.480000
20
-81.040000
10
68.330000
20
-81.040000
10
68.330000
20
-81.040000
10
68.400000
20
-80.920000
10
68.400000
20
-80.920000
10
68.490000
20
-80.790000
10
68.490000
20
-80.790000
10
68.610000
20
-80.640000
10
68.610000
20
-80.640000
10
68.760000
20
-80.490000
10
68.760000
20
-80.490000
10
68.920000
20
-80.340000
10
68.920000
20
-80.340000
10
69.110000
20
-80.170000
10
69.110000
20
-80.170000
10
69.330000
20
-79.990000
10
69.330000
20
-79.990000
10
69.450000
20
-79.890000
10
69.450000
20
-79.890000
10
69.570000
20
-79.790000
10
69.570000
20
-79.790000
10
69.670000
20
-79.700000
10
69.670000
20
-79.700000
10
69.760000
20
-79.620000
10
69.760000
20
-79.620000
10
69.850000
20
-79.540000
10
69.850000
20
-79.540000
10
69.920000
20
-79.460000
10
69.920000
20
-79.460000
10
69.980000
20
-79.390000
10
69.980000
20
-79.390000
10
70.040000
20
-79.330000
10
70.040000
20
-79.330000
10
70.100000
20
-79.260000
10
70.100000
20
-79.260000
10
70.150000
20
-79.190000
10
70.150000
20
-79.190000
10
70.190000
20
-79.130000
10
70.190000
20
-79.130000
10
70.230000
20
-79.060000
10
70.230000
20
-79.060000
10
70.270000
20
-78.990000
10
70.270000
20
-78.990000
10
70.300000
20
-78.930000
10
70.300000
20
-78.930000
10
70.330000
20
-78.850000
10
70.330000
20
-78.850000
10
70.360000
20
-78.780000
10
70.360000
20
-78.780000
10
70.380000
20
-78.710000
10
70.380000
20
-78.710000
10
70.390000
20
-78.630000
10
70.390000
20
-78.630000
10
70.410000
20
-78.560000
10
70.410000
20
-78.560000
10
70.410000
20
-78.480000
10
70.410000
20
-78.480000
10
70.410000
20
-78.410000
10
70.410000
20
-78.410000
10
70.410000
20
-78.250000
10
70.410000
20
-78.250000
10
70.380000
20
-78.100000
10
70.380000
20
-78.100000
10
70.340000
20
-77.960000
10
70.340000
20
-77.960000
10
70.290000
20
-77.830000
10
70.290000
20
-77.830000
10
70.220000
20
-77.710000
10
70.220000
20
-77.710000
10
70.130000
20
-77.600000
10
70.130000
20
-77.600000
10
70.030000
20
-77.510000
10
70.030000
20
-77.510000
10
69.920000
20
-77.420000
10
69.920000
20
-77.420000
10
69.790000
20
-77.350000
10
69.790000
20
-77.350000
10
69.650000
20
-77.280000
10
69.650000
20
-77.280000
10
69.500000
20
-77.240000
10
69.500000
20
-77.240000
10
69.340000
20
-77.200000
10
69.340000
20
-77.200000
10
69.170000
20
-77.180000
10
69.170000
20
-77.180000
10
68.980000
20
-77.180000
10
68.980000
20
-77.180000
10
68.810000
20
-77.180000
10
68.810000
20
-77.180000
10
68.650000
20
-77.200000
10
68.650000
20
-77.200000
10
68.500000
20
-77.240000
10
68.500000
20
-77.240000
10
68.360000
20
-77.280000
10
68.360000
20
-77.280000
10
68.230000
20
-77.350000
10
68.230000
20
-77.350000
10
68.110000
20
-77.420000
10
68.110000
20
-77.420000
10
68.000000
20
-77.510000
10
68.000000
20
-77.510000
10
67.900000
20
-77.600000
10
67.900000
20
-77.600000
10
67.810000
20
-77.710000
10
67.810000
20
-77.710000
10
67.740000
20
-77.830000
10
67.740000
20
-77.830000
10
67.680000
20
-77.950000
10
67.680000
20
-77.950000
10
67.630000
20
-78.090000
10
67.630000
20
-78.090000
10
67.590000
20
-78.240000
10
67.590000
20
-78.240000
10
67.560000
20
-78.390000
10
67.560000
20
-78.390000
10
68.280000
20
-78.440000
10
68.280000
20
-78.440000
10
68.320000
20
-78.260000
10
68.320000
20
-78.260000
10
68.370000
20
-78.110000
10
68.370000
20
-78.110000
10
68.450000
20
-77.980000
10
68.450000
20
-77.980000
10
68.560000
20
-77.880000
10
68.560000
20
-77.880000
10
68.680000
20
-77.810000
10
68.680000
20
-77.810000
10
68.830000
20
-77.770000
10
68.830000
20
-77.770000
10
69.000000
20
-77.760000
10
69.000000
20
-77.760000
10
69.090000
20
-77.760000
10
69.090000
20
-77.760000
10
69.170000
20
-77.770000
10
69.170000
20
-77.770000
10
69.240000
20
-77.790000
10
69.240000
20
-77.790000
10
69.320000
20
-77.820000
10
69.320000
20
-77.820000
10
69.380000
20
-77.850000
10
69.380000
20
-77.850000
10
69.440000
20
-77.890000
10
69.440000
20
-77.890000
10
69.500000
20
-77.940000
10
69.500000
20
-77.940000
10
69.550000
20
-77.990000
10
69.550000
20
-77.990000
10
69.590000
20
-78.050000
10
69.590000
20
-78.050000
10
69.620000
20
-78.110000
10
69.620000
20
-78.110000
10
69.650000
20
-78.180000
10
69.650000
20
-78.180000
10
69.670000
20
-78.260000
10
69.670000
20
-78.260000
10
69.680000
20
-78.340000
10
69.680000
20
-78.340000
10
69.680000
20
-78.430000
10
69.680000
20
-78.430000
10
69.680000
20
-78.500000
10
69.680000
20
-78.500000
10
69.670000
20
-78.570000
10
69.670000
20
-78.570000
10
69.650000
20
-78.640000
10
69.650000
20
-78.640000
10
69.620000
20
-78.720000
10
69.620000
20
-78.720000
10
69.590000
20
-78.790000
10
69.590000
20
-78.790000
10
69.550000
20
-78.870000
10
69.550000
20
-78.870000
10
69.500000
20
-78.940000
10
69.500000
20
-78.940000
10
69.430000
20
-79.020000
10
69.430000
20
-79.020000
10
69.350000
20
-79.110000
10
69.350000
20
-79.110000
10
69.260000
20
-79.210000
10
69.260000
20
-79.210000
10
69.150000
20
-79.320000
10
69.150000
20
-79.320000
10
69.030000
20
-79.430000
10
69.030000
20
-79.430000
10
68.890000
20
-79.560000
10
68.890000
20
-79.560000
10
68.730000
20
-79.690000
10
68.730000
20
-79.690000
10
68.600000
20
-79.810000
10
68.600000
20
-79.810000
10
68.470000
20
-79.920000
10
68.470000
20
-79.920000
10
68.350000
20
-80.030000
10
68.350000
20
-80.030000
10
68.240000
20
-80.130000
10
68.240000
20
-80.130000
10
68.140000
20
-80.240000
10
68.140000
20
-80.240000
10
68.050000
20
-80.340000
10
68.050000
20
-80.340000
10
67.960000
20
-80.440000
10
67.960000
20
-80.440000
10
67.880000
20
-80.540000
10
67.880000
20
-80.540000
10
67.810000
20
-80.640000
10
67.810000
20
-80.640000
10
67.730000
20
-80.740000
10
67.730000
20
-80.740000
10
67.670000
20
-80.840000
10
67.670000
20
-80.840000
10
67.610000
20
-80.940000
10
67.610000
20
-80.940000
10
67.560000
20
-81.040000
10
67.560000
20
-81.040000
10
67.510000
20
-81.140000
0
LWPOLYLINE
5
1650
100
AcDbEntity
8
0
100
AcDbPolyline
90
220
70
0
43
0.000000
10
75.320000
20
-81.140000
10
75.320000
20
-81.660000
10
75.320000
20
-81.660000
10
78.290000
20
-81.660000
10
78.290000
20
-81.660000
10
78.290000
20
-81.040000
10
78.290000
20
-81.040000
10
76.140000
20
-81.040000
10
76.140000
20
-81.040000
10
76.210000
20
-80.920000
10
76.210000
20
-80.920000
10
76.300000
20
-80.790000
10
76.300000
20
-80.790000
10
76.420000
20
-80.640000
10
76.420000
20
-80.640000
10
76.570000
20
-80.490000
10
76.570000
20
-80.490000
10
76.730000
20
-80.340000
10
76.730000
20
-80.340000
10
76.920000
20
-80.170000
10
76.920000
20
-80.170000
10
77.140000
20
-79.990000
10
77.140000
20
-79.990000
10
77.260000
20
-79.890000
10
77.260000
20
-79.890000
10
77.380000
20
-79.790000
10
77.380000
20
-79.790000
10
77.480000
20
-79.700000
10
77.480000
20
-79.700000
10
77.570000
20
-79.620000
10
77.570000
20
-79.620000
10
77.660000
20
-79.540000
10
77.660000
20
-79.540000
10
77.730000
20
-79.460000
10
77.730000
20
-79.460000
10
77.790000
20
-79.390000
10
77.790000
20
-79.390000
10
77.850000
20
-79.330000
10
77.850000
20
-79.330000
10
77.910000
20
-79.260000
10
77.910000
20
-79.260000
10
77.960000
20
-79.190000
10
77.960000
20
-79.190000
10
78.000000
20
-79.130000
10
78.000000
20
-79.130000
10
78.040000
20
-79.060000
10
78.040000
20
-79.060000
10
78.080000
20
-78.990000
10
78.080000
20
-78.990000
10
78.110000
20
-78.930000
10
78.110000
20
-78.930000
10
78.140000
20
-78.850000
10
78.140000
20
-78.850000
10
78.170000
20
-78.780000
10
78.170000
20
-78.780000
10
78.190000
20
-78.710000
10
78.190000
20
-78.710000
10
78.200000
20
-78.630000
10
78.200000
20
-78.630000
10
78.220000
20
-78.560000
10
78.220000
20
-78.560000
10
78.220000
20
-78.480000
10
78.220000
20
-78.480000
10
78.220000
20
-78.410000
10
78.220000
20
-78.410000
10
78.220000
20
-78.250000
10
78.220000
20
-78.250000
10
78.190000
20
-78.100000
10
78.190000
20
-78.100000
10
78.150000
20
-77.960000
10
78.150000
20
-77.960000
10
78.100000
20
-77.830000
10
78.100000
20
-77.830000
10
78.030000
20
-77.710000
10
78.030000
20
-77.710000
10
77.940000
20
-77.600000
10
77.940000
20
-77.600000
10
77.840000
20
-77.510000
10
77.840000
20
-77.510000
10
77.730000
20
-77.420000
10
77.730000
20
-77.420000
10
77.600000
20
-77.350000
10
77.600000
20
-77.350000
10
77.460000
20
-77.280000
10
77.460000
20
-77.280000
10
77.310000
20
-77.240000
10
77.310000
20
-77.240000
10
77.150000
20
-77.200000
10
77.150000
20
-77.200000
10
76.980000
20
-77.180000
10
76.980000
20
-77.180000
10
76.790000
20
-77.180000
10
76.790000
20
-77.180000
10
76.620000
20
-77.180000
10
76.620000
20
-77.180000
10
76.460000
20
-77.200000
10
76.460000
20
-77.200000
10
76.310000
20
-77.240000
10
76.310000
20
-77.240000
10
76.170000
20
-77.280000
10
76.170000
20
-77.280000
10
76.040000
20
-77.350000
10
76.040000
20
-77.350000
10
75.920000
20
-77.420000
10
75.920000
20
-77.420000
10
75.810000
20
-77.510000
10
75.810000
20
-77.510000
10
75.710000
20
-77.600000
10
75.710000
20
-77.600000
10
75.620000
20
-77.710000
10
75.620000
20
-77.710000
10
75.550000
20
-77.830000
10
75.550000
20
-77.830000
10
75.490000
20
-77.950000
10
75.490000
20
-77.950000
10
75.440000
20
-78.090000
10
75.440000
20
-78.090000
10
75.400000
20
-78.240000
10
75.400000
20
-78.240000
10
75.370000
20
-78.390000
10
75.370000
20
-78.390000
10
76.090000
20
-78.440000
10
76.090000
20
-78.440000
10
76.130000
20
-78.260000
10
76.130000
20
-78.260000
10
76.180000
20
-78.110000
10
76.180000
20
-78.110000
10
76.260000
20
-77.980000
10
76.260000
20
-77.980000
10
76.370000
20
-77.880000
10
76.370000
20
-77.880000
10
76.490000
20
-77.810000
10
76.490000
20
-77.810000
10
76.640000
20
-77.770000
10
76.640000
20
-77.770000
10
76.810000
20
-77.760000
10
76.810000
20
-77.760000
10
76.900000
20
-77.760000
10
76.900000
20
-77.760000
10
76.980000
20
-77.770000
10
76.980000
20
-77.770000
10
77.050000
20
-77.790000
10
77.050000
20
-77.790000
10
77.130000
20
-77.820000
10
77.130000
20
-77.820000
10
77.190000
20
-77.850000
10
77.190000
20
-77.850000
10
77.250000
20
-77.890000
10
77.250000
20
-77.890000
10
77.310000
20
-77.940000
10
77.310000
20
-77.940000
10
77.360000
20
-77.990000
10
77.360000
20
-77.990000
10
77.400000
20
-78.050000
10
77.400000
20
-78.050000
10
77.430000
20
-78.110000
10
77.430000
20
-78.110000
10
77.460000
20
-78.180000
10
77.460000
20
-78.180000
10
77.480000
20
-78.260000
10
77.480000
20
-78.260000
10
77.490000
20
-78.340000
10
77.490000
20
-78.340000
10
77.490000
20
-78.430000
10
77.490000
20
-78.430000
10
77.490000
20
-78.500000
10
77.490000
20
-78.500000
10
77.480000
20
-78.570000
10
77.480000
20
-78.570000
10
77.460000
20
-78.640000
10
77.460000
20
-78.640000
10
77.430000
20
-78.720000
10
77.430000
20
-78.720000
10
77.400000
20
-78.790000
10
77.400000
20
-78.790000
10
77.360000
20
-78.870000
10
77.360000
20
-78.870000
10
77.310000
20
-78.940000
10
77.310000
20
-78.940000
10
77.240000
20
-79.020000
10
77.240000
20
-79.020000
10
77.160000
20
-79.110000
10
77.160000
20
-79.110000
10
77.070000
20
-79.210000
10
77.070000
20
-79.210000
10
76.960000
20
-79.320000
10
76.960000
20
-79.320000
10
76.840000
20
-79.430000
10
76.840000
20
-79.430000
10
76.700000
20
-79.560000
10
76.700000
20
-79.560000
10
76.540000
20
-79.690000
10
76.540000
20
-79.690000
10
76.410000
20
-79.810000
10
76.410000
20
-79.810000
10
76.280000
20
-79.920000
10
76.280000
20
-79.920000
10
76.160000
20
-80.030000
10
76.160000
20
-80.030000
10
76.050000
20
-80.130000
10
76.050000
20
-80.130000
10
75.950000
20
-80.240000
10
75.950000
20
-80.240000
10
75.860000
20
-80.340000
10
75.860000
20
-80.340000
10
75.770000
20
-80.440000
10
75.770000
20
-80.440000
10
75.690000
20
-80.540000
10
75.690000
20
-80.540000
10
75.620000
20
-80.640000
10
75.620000
20
-80.640000
10
75.540000
20
-80.740000
10
75.540000
20
-80.740000
10
75.480000
20
-80.840000
10
75.480000
20
-80.840000
10
75.420000
20
-80.940000
10
75.420000
20
-80.940000
10
75.370000
20
-81.040000
10
75.370000
20
-81.040000
10
75.320000
20
-81.140000
0
LWPOLYLINE
5
1651
100
AcDbEntity
8
0
100
AcDbPolyline
90
8
70
0
43
0.000000
10
83.530000
20
-79.710000
10
83.530000
20
-80.340000
10
83.530000
20
-80.340000
10
85.350000
20
-80.340000
10
85.350000
20
-80.340000
10
85.350000
20
-79.710000
10
85.350000
20
-79.710000
10
83.530000
20
-79.710000
0
LWPOLYLINE
5
1652
100
AcDbEntity
8
0
100
AcDbPolyline
90
8
70
0
43
0.000000
10
94.900000
20
-79.710000
10
94.900000
20
-80.340000
10
94.900000
20
-80.340000
10
96.720000
20
-80.340000
10
96.720000
20
-80.340000
10
96.720000
20
-79.710000
10
96.720000
20
-79.710000
10
94.900000
20
-79.710000
0
LWPOLYLINE
5
1653
100
AcDbEntity
8
0
100
AcDbPolyline
90
334
70
0
43
0.000000
10
101.010000
20
-80.600000
10
101.020000
20
-80.430000
10
101.020000
20
-80.430000
10
101.020000
20
-80.310000
10
101.020000
20
-80.310000
10
101.000000
20
-80.200000
10
101.000000
20
-80.200000
10
100.970000
20
-80.090000
10
100.970000
20
-80.090000
10
100.930000
20
-79.990000
10
100.930000
20
-79.990000
10
100.880000
20
-79.900000
10
100.880000
20
-79.900000
10
100.810000
20
-79.810000
10
100.810000
20
-79.810000
10
100.740000
20
-79.730000
10
100.740000
20
-79.730000
10
100.660000
20
-79.650000
10
100.660000
20
-79.650000
10
100.570000
20
-79.590000
10
100.570000
20
-79.590000
10
100.470000
20
-79.540000
10
100.470000
20
-79.540000
10
100.360000
20
-79.490000
10
100.360000
20
-79.490000
10
100.250000
20
-79.450000
10
100.250000
20
-79.450000
10
100.120000
20
-79.430000
10
100.120000
20
-79.430000
10
99.990000
20
-79.410000
10
99.990000
20
-79.410000
10
99.990000
20
-79.390000
10
99.990000
20
-79.390000
10
100.120000
20
-79.360000
10
100.120000
20
-79.360000
10
100.230000
20
-79.320000
10
100.230000
20
-79.320000
10
100.340000
20
-79.280000
10
100.340000
20
-79.280000
10
100.440000
20
-79.220000
10
100.440000
20
-79.220000
10
100.530000
20
-79.160000
10
100.530000
20
-79.160000
10
100.600000
20
-79.100000
10
100.600000
20
-79.100000
10
100.670000
20
-79.030000
10
100.670000
20
-79.030000
10
100.730000
20
-78.940000
10
100.730000
20
-78.940000
10
100.790000
20
-78.860000
10
100.790000
20
-78.860000
10
100.830000
20
-78.760000
10
100.830000
20
-78.760000
10
100.860000
20
-78.670000
10
100.860000
20
-78.670000
10
100.890000
20
-78.570000
10
100.890000
20
-78.570000
10
100.900000
20
-78.470000
10
100.900000
20
-78.470000
10
100.900000
20
-78.360000
10
100.900000
20
-78.360000
10
100.900000
20
-78.200000
10
100.900000
20
-78.200000
10
100.870000
20
-78.060000
10
100.870000
20
-78.060000
10
100.840000
20
-77.920000
10
100.840000
20
-77.920000
10
100.780000
20
-77.800000
10
100.780000
20
-77.800000
10
100.720000
20
-77.690000
10
100.720000
20
-77.690000
10
100.640000
20
-77.580000
10
100.640000
20
-77.580000
10
100.540000
20
-77.490000
10
100.540000
20
-77.490000
10
100.430000
20
-77.410000
10
100.430000
20
-77.410000
10
100.310000
20
-77.340000
10
100.310000
20
-77.340000
10
100.180000
20
-77.280000
10
100.180000
20
-77.280000
10
100.030000
20
-77.230000
10
100.030000
20
-77.230000
10
99.880000
20
-77.200000
10
99.880000
20
-77.200000
10
99.710000
20
-77.180000
10
99.710000
20
-77.180000
10
99.520000
20
-77.180000
10
99.520000
20
-77.180000
10
99.350000
20
-77.180000
10
99.350000
20
-77.180000
10
99.190000
20
-77.200000
10
99.190000
20
-77.200000
10
99.040000
20
-77.230000
10
99.040000
20
-77.230000
10
98.890000
20
-77.280000
10
98.890000
20
-77.280000
10
98.760000
20
-77.340000
10
98.760000
20
-77.340000
10
98.640000
20
-77.410000
10
98.640000
20
-77.410000
10
98.520000
20
-77.490000
10
98.520000
20
-77.490000
10
98.420000
20
-77.590000
10
98.420000
20
-77.590000
10
98.330000
20
-77.690000
10
98.330000
20
-77.690000
10
98.250000
20
-77.810000
10
98.250000
20
-77.810000
10
98.190000
20
-77.930000
10
98.190000
20
-77.930000
10
98.140000
20
-78.060000
10
98.140000
20
-78.060000
10
98.100000
20
-78.210000
10
98.100000
20
-78.210000
10
98.070000
20
-78.360000
10
98.070000
20
-78.360000
10
98.790000
20
-78.410000
10
98.790000
20
-78.410000
10
98.820000
20
-78.240000
10
98.820000
20
-78.240000
10
98.870000
20
-78.090000
10
98.870000
20
-78.090000
10
98.950000
20
-77.970000
10
98.950000
20
-77.970000
10
99.050000
20
-77.880000
10
99.050000
20
-77.880000
10
99.180000
20
-77.810000
10
99.180000
20
-77.810000
10
99.330000
20
-77.770000
10
99.330000
20
-77.770000
10
99.500000
20
-77.760000
10
99.500000
20
-77.760000
10
99.590000
20
-77.760000
10
99.590000
20
-77.760000
10
99.670000
20
-77.770000
10
99.670000
20
-77.770000
10
99.750000
20
-77.790000
10
99.750000
20
-77.790000
10
99.820000
20
-77.810000
10
99.820000
20
-77.810000
10
99.890000
20
-77.840000
10
99.890000
20
-77.840000
10
99.950000
20
-77.880000
10
99.950000
20
-77.880000
10
100.000000
20
-77.930000
10
100.000000
20
-77.930000
10
100.050000
20
-77.980000
10
100.050000
20
-77.980000
10
100.090000
20
-78.040000
10
100.090000
20
-78.040000
10
100.120000
20
-78.100000
10
100.120000
20
-78.100000
10
100.140000
20
-78.180000
10
100.140000
20
-78.180000
10
100.160000
20
-78.260000
10
100.160000
20
-78.260000
10
100.170000
20
-78.350000
10
100.170000
20
-78.350000
10
100.170000
20
-78.440000
10
100.170000
20
-78.440000
10
100.170000
20
-78.530000
10
100.170000
20
-78.530000
10
100.150000
20
-78.610000
10
100.150000
20
-78.610000
10
100.130000
20
-78.690000
10
100.130000
20
-78.690000
10
100.100000
20
-78.760000
10
100.100000
20
-78.760000
10
100.060000
20
-78.830000
10
100.060000
20
-78.830000
10
100.010000
20
-78.890000
10
100.010000
20
-78.890000
10
99.950000
20
-78.940000
10
99.950000
20
-78.940000
10
99.880000
20
-78.990000
10
99.880000
20
-78.990000
10
99.810000
20
-79.020000
10
99.810000
20
-79.020000
10
99.720000
20
-79.050000
10
99.720000
20
-79.050000
10
99.630000
20
-79.080000
10
99.630000
20
-79.080000
10
99.530000
20
-79.090000
10
99.530000
20
-79.090000
10
99.420000
20
-79.110000
10
99.420000
20
-79.110000
10
99.300000
20
-79.110000
10
99.300000
20
-79.110000
10
99.000000
20
-79.110000
10
99.000000
20
-79.110000
10
99.000000
20
-79.710000
10
99.000000
20
-79.710000
10
99.320000
20
-79.710000
10
99.320000
20
-79.710000
10
99.450000
20
-79.710000
10
99.450000
20
-79.710000
10
99.570000
20
-79.720000
10
99.570000
20
-79.720000
10
99.680000
20
-79.740000
10
99.680000
20
-79.740000
10
99.780000
20
-79.770000
10
99.780000
20
-79.770000
10
99.880000
20
-79.800000
10
99.880000
20
-79.800000
10
99.960000
20
-79.840000
10
99.960000
20
-79.840000
10
100.040000
20
-79.890000
10
100.040000
20
-79.890000
10
100.100000
20
-79.950000
10
100.100000
20
-79.950000
10
100.150000
20
-80.010000
10
100.150000
20
-80.010000
10
100.200000
20
-80.070000
10
100.200000
20
-80.070000
10
100.230000
20
-80.140000
10
100.230000
20
-80.140000
10
100.250000
20
-80.220000
10
100.250000
20
-80.220000
10
100.270000
20
-80.300000
10
100.270000
20
-80.300000
10
100.270000
20
-80.390000
10
100.270000
20
-80.390000
10
100.270000
20
-80.490000
10
100.270000
20
-80.490000
10
100.260000
20
-80.590000
10
100.260000
20
-80.590000
10
100.240000
20
-80.670000
10
100.240000
20
-80.670000
10
100.210000
20
-80.750000
10
100.210000
20
-80.750000
10
100.180000
20
-80.820000
10
100.180000
20
-80.820000
10
100.140000
20
-80.890000
10
100.140000
20
-80.890000
10
100.090000
20
-80.940000
10
100.090000
20
-80.940000
10
100.030000
20
-80.990000
10
100.030000
20
-80.990000
10
99.960000
20
-81.030000
10
99.960000
20
-81.030000
10
99.890000
20
-81.070000
10
99.890000
20
-81.070000
10
99.800000
20
-81.090000
10
99.800000
20
-81.090000
10
99.720000
20
-81.110000
10
99.720000
20
-81.110000
10
99.620000
20
-81.120000
10
99.620000
20
-81.120000
10
99.520000
20
-81.130000
10
99.520000
20
-81.130000
10
99.420000
20
-81.120000
10
99.420000
20
-81.120000
10
99.330000
20
-81.110000
10
99.330000
20
-81.110000
10
99.240000
20
-81.090000
10
99.240000
20
-81.090000
10
99.160000
20
-81.070000
10
99.160000
20
-81.070000
10
99.080000
20
-81.040000
10
99.080000
20
-81.040000
10
99.020000
20
-81.000000
10
99.020000
20
-81.000000
10
98.950000
20
-80.960000
10
98.950000
20
-80.960000
10
98.900000
20
-80.910000
10
98.900000
20
-80.910000
10
98.850000
20
-80.850000
10
98.850000
20
-80.850000
10
98.810000
20
-80.780000
10
98.810000
20
-80.780000
10
98.770000
20
-80.700000
10
98.770000
20
-80.700000
10
98.750000
20
-80.620000
10
98.750000
20
-80.620000
10
98.720000
20
-80.530000
10
98.720000
20
-80.530000
10
98.700000
20
-80.430000
10
98.700000
20
-80.430000
10
97.970000
20
-80.490000
10
97.970000
20
-80.490000
10
98.000000
20
-80.660000
10
98.000000
20
-80.660000
10
98.040000
20
-80.820000
10
98.040000
20
-80.820000
10
98.100000
20
-80.960000
10
98.100000
20
-80.960000
10
98.160000
20
-81.090000
10
98.160000
20
-81.090000
10
98.240000
20
-81.210000
10
98.240000
20
-81.210000
10
98.330000
20
-81.320000
10
98.330000
20
-81.320000
10
98.440000
20
-81.410000
10
98.440000
20
-81.410000
10
98.560000
20
-81.490000
10
98.560000
20
-81.490000
10
98.690000
20
-81.560000
10
98.690000
20
-81.560000
10
98.830000
20
-81.610000
10
98.830000
20
-81.610000
10
98.990000
20
-81.650000
10
98.990000
20
-81.650000
10
99.150000
20
-81.680000
10
99.150000
20
-81.680000
10
99.330000
20
-81.700000
10
99.330000
20
-81.700000
10
99.520000
20
-81.710000
10
99.520000
20
-81.710000
10
99.720000
20
-81.700000
10
99.720000
20
-81.700000
10
99.900000
20
-81.680000
10
99.900000
20
-81.680000
10
100.080000
20
-81.650000
10
100.080000
20
-81.650000
10
100.240000
20
-81.610000
10
100.240000
20
-81.610000
10
100.380000
20
-81.550000
10
100.380000
20
-81.550000
10
100.520000
20
-81.480000
10
100.520000
20
-81.480000
10
100.640000
20
-81.390000
10
100.640000
20
-81.390000
10
100.740000
20
-81.290000
10
100.740000
20
-81.290000
10
100.830000
20
-81.180000
10
100.830000
20
-81.180000
10
100.900000
20
-81.050000
10
100.900000
20
-81.050000
10
100.950000
20
-80.910000
10
100.950000
20
-80.910000
10
100.990000
20
-80.760000
10
100.990000
20
-80.760000
10
101.010000
20
-80.600000
0
LWPOLYLINE
5
1654
100
AcDbEntity
8
0
100
AcDbPolyline
90
22
70
0
43
0.000000
10
103.260000
20
-81.080000
10
102.130000
20
-81.080000
10
102.130000
20
-81.080000
10
102.130000
20
-81.660000
10
102.130000
20
-81.660000
10
104.940000
20
-81.660000
10
104.940000
20
-81.660000
10
104.940000
20
-81.080000
10
104.940000
20
-81.080000
10
103.980000
20
-81.080000
10
103.980000
20
-81.080000
10
103.980000
20
-77.240000
10
103.980000
20
-77.240000
10
103.310000
20
-77.240000
10
103.310000
20
-77.240000
10
102.230000
20
-77.960000
10
102.230000
20
-77.960000
10
102.230000
20
-78.560000
10
102.230000
20
-78.560000
10
103.260000
20
-77.910000
10
103.260000
20
-77.910000
10
103.260000
20
-81.080000
0
LWPOLYLINE
5
1655
100
AcDbEntity
8
0
100
AcDbPolyline
90
22
70
0
43
0.000000
10
109.290000
20
-81.080000
10
108.150000
20
-81.080000
10
108.150000
20
-81.080000
10
108.150000
20
-81.660000
10
108.150000
20
-81.660000
10
110.970000
20
-81.660000
10
110.970000
20
-81.660000
10
110.970000
20
-81.080000
10
110.970000
20
-81.080000
10
110.000000
20
-81.080000
10
110.000000
20
-81.080000
10
110.000000
20
-77.240000
10
110.000000
20
-77.240000
10
109.340000
20
-77.240000
10
109.340000
20
-77.240000
10
108.250000
20
-77.960000
10
108.250000
20
-77.960000
10
108.250000
20
-78.560000
10
108.250000
20
-78.560000
10
109.290000
20
-77.910000
10
109.290000
20
-77.910000
10
109.290000
20
-81.080000
0
LWPOLYLINE
5
1656
100
AcDbEntity
8
0
100
AcDbPolyline
90
220
70
0
43
0.000000
10
111.890000
20
-81.140000
10
111.890000
20
-81.660000
10
111.890000
20
-81.660000
10
114.860000
20
-81.660000
10
114.860000
20
-81.660000
10
114.860000
20
-81.040000
10
114.860000
20
-81.040000
10
112.710000
20
-81.040000
10
112.710000
20
-81.040000
10
112.780000
20
-80.920000
10
112.780000
20
-80.920000
10
112.870000
20
-80.790000
10
112.870000
20
-80.790000
10
112.990000
20
-80.640000
10
112.990000
20
-80.640000
10
113.130000
20
-80.490000
10
113.130000
20
-80.490000
10
113.300000
20
-80.340000
10
113.300000
20
-80.340000
10
113.490000
20
-80.170000
10
113.490000
20
-80.170000
10
113.710000
20
-79.990000
10
113.710000
20
-79.990000
10
113.830000
20
-79.890000
10
113.830000
20
-79.890000
10
113.940000
20
-79.790000
10
113.940000
20
-79.790000
10
114.050000
20
-79.700000
10
114.050000
20
-79.700000
10
114.140000
20
-79.620000
10
114.140000
20
-79.620000
10
114.220000
20
-79.540000
10
114.220000
20
-79.540000
10
114.300000
20
-79.460000
10
114.300000
20
-79.460000
10
114.360000
20
-79.390000
10
114.360000
20
-79.390000
10
114.420000
20
-79.330000
10
114.420000
20
-79.330000
10
114.470000
20
-79.260000
10
114.470000
20
-79.260000
10
114.520000
20
-79.190000
10
114.520000
20
-79.190000
10
114.570000
20
-79.130000
10
114.570000
20
-79.130000
10
114.610000
20
-79.060000
10
114.610000
20
-79.060000
10
114.640000
20
-78.990000
10
114.640000
20
-78.990000
10
114.670000
20
-78.930000
10
114.670000
20
-78.930000
10
114.710000
20
-78.850000
10
114.710000
20
-78.850000
10
114.730000
20
-78.780000
10
114.730000
20
-78.780000
10
114.750000
20
-78.710000
10
114.750000
20
-78.710000
10
114.770000
20
-78.630000
10
114.770000
20
-78.630000
10
114.780000
20
-78.560000
10
114.780000
20
-78.560000
10
114.790000
20
-78.480000
10
114.790000
20
-78.480000
10
114.790000
20
-78.410000
10
114.790000
20
-78.410000
10
114.780000
20
-78.250000
10
114.780000
20
-78.250000
10
114.760000
20
-78.100000
10
114.760000
20
-78.100000
10
114.720000
20
-77.960000
10
114.720000
20
-77.960000
10
114.670000
20
-77.830000
10
114.670000
20
-77.830000
10
114.600000
20
-77.710000
10
114.600000
20
-77.710000
10
114.510000
20
-77.600000
10
114.510000
20
-77.600000
10
114.410000
20
-77.510000
10
114.410000
20
-77.510000
10
114.290000
20
-77.420000
10
114.290000
20
-77.420000
10
114.170000
20
-77.350000
10
114.170000
20
-77.350000
10
114.030000
20
-77.280000
10
114.030000
20
-77.280000
10
113.880000
20
-77.240000
10
113.880000
20
-77.240000
10
113.720000
20
-77.200000
10
113.720000
20
-77.200000
10
113.540000
20
-77.180000
10
113.540000
20
-77.180000
10
113.360000
20
-77.180000
10
113.360000
20
-77.180000
10
113.190000
20
-77.180000
10
113.190000
20
-77.180000
10
113.030000
20
-77.200000
10
113.030000
20
-77.200000
10
112.880000
20
-77.240000
10
112.880000
20
-77.240000
10
112.730000
20
-77.280000
10
112.730000
20
-77.280000
10
112.600000
20
-77.350000
10
112.600000
20
-77.350000
10
112.480000
20
-77.420000
10
112.480000
20
-77.420000
10
112.370000
20
-77.510000
10
112.370000
20
-77.510000
10
112.280000
20
-77.600000
10
112.280000
20
-77.600000
10
112.190000
20
-77.710000
10
112.190000
20
-77.710000
10
112.120000
20
-77.830000
10
112.120000
20
-77.830000
10
112.050000
20
-77.950000
10
112.050000
20
-77.950000
10
112.000000
20
-78.090000
10
112.000000
20
-78.090000
10
111.970000
20
-78.240000
10
111.970000
20
-78.240000
10
111.940000
20
-78.390000
10
111.940000
20
-78.390000
10
112.660000
20
-78.440000
10
112.660000
20
-78.440000
10
112.690000
20
-78.260000
10
112.690000
20
-78.260000
10
112.750000
20
-78.110000
10
112.750000
20
-78.110000
10
112.830000
20
-77.980000
10
112.830000
20
-77.980000
10
112.930000
20
-77.880000
10
112.930000
20
-77.880000
10
113.060000
20
-77.810000
10
113.060000
20
-77.810000
10
113.200000
20
-77.770000
10
113.200000
20
-77.770000
10
113.370000
20
-77.760000
10
113.370000
20
-77.760000
10
113.460000
20
-77.760000
10
113.460000
20
-77.760000
10
113.540000
20
-77.770000
10
113.540000
20
-77.770000
10
113.620000
20
-77.790000
10
113.620000
20
-77.790000
10
113.690000
20
-77.820000
10
113.690000
20
-77.820000
10
113.760000
20
-77.850000
10
113.760000
20
-77.850000
10
113.820000
20
-77.890000
10
113.820000
20
-77.890000
10
113.870000
20
-77.940000
10
113.870000
20
-77.940000
10
113.920000
20
-77.990000
10
113.920000
20
-77.990000
10
113.960000
20
-78.050000
10
113.960000
20
-78.050000
10
114.000000
20
-78.110000
10
114.000000
20
-78.110000
10
114.020000
20
-78.180000
10
114.020000
20
-78.180000
10
114.040000
20
-78.260000
10
114.040000
20
-78.260000
10
114.050000
20
-78.340000
10
114.050000
20
-78.340000
10
114.060000
20
-78.430000
10
114.060000
20
-78.430000
10
114.050000
20
-78.500000
10
114.050000
20
-78.500000
10
114.040000
20
-78.570000
10
114.040000
20
-78.570000
10
114.020000
20
-78.640000
10
114.020000
20
-78.640000
10
114.000000
20
-78.720000
10
114.000000
20
-78.720000
10
113.960000
20
-78.790000
10
113.960000
20
-78.790000
10
113.920000
20
-78.870000
10
113.920000
20
-78.870000
10
113.870000
20
-78.940000
10
113.870000
20
-78.940000
10
113.810000
20
-79.020000
10
113.810000
20
-79.020000
10
113.730000
20
-79.110000
10
113.730000
20
-79.110000
10
113.640000
20
-79.210000
10
113.640000
20
-79.210000
10
113.530000
20
-79.320000
10
113.530000
20
-79.320000
10
113.400000
20
-79.430000
10
113.400000
20
-79.430000
10
113.260000
20
-79.560000
10
113.260000
20
-79.560000
10
113.110000
20
-79.690000
10
113.110000
20
-79.690000
10
112.970000
20
-79.810000
10
112.970000
20
-79.810000
10
112.850000
20
-79.920000
10
112.850000
20
-79.920000
10
112.730000
20
-80.030000
10
112.730000
20
-80.030000
10
112.620000
20
-80.130000
10
112.620000
20
-80.130000
10
112.520000
20
-80.240000
10
112.520000
20
-80.240000
10
112.430000
20
-80.340000
10
112.430000
20
-80.340000
10
112.340000
20
-80.440000
10
112.340000
20
-80.440000
10
112.260000
20
-80.540000
10
112.260000
20
-80.540000
10
112.180000
20
-80.640000
10
112.180000
20
-80.640000
10
112.110000
20
-80.740000
10
112.110000
20
-80.740000
10
112.050000
20
-80.840000
10
112.050000
20
-80.840000
10
111.990000
20
-80.940000
10
111.990000
20
-80.940000
10
111.940000
20
-81.040000
10
111.940000
20
-81.040000
10
111.890000
20
-81.140000
0
LWPOLYLINE
5
1657
100
AcDbEntity
8
0
100
AcDbPolyline
90
8
70
0
43
0.000000
10
115.900000
20
-80.890000
10
115.900000
20
-81.660000
10
115.900000
20
-81.660000
10
116.650000
20
-81.660000
10
116.650000
20
-81.660000
10
116.650000
20
-80.890000
10
116.650000
20
-80.890000
10
115.900000
20
-80.890000
0
LWPOLYLINE
5
1658
100
AcDbEntity
8
0
100
AcDbPolyline
90
8
70
0
43
0.000000
10
115.900000
20
-78.460000
10
115.900000
20
-79.230000
10
115.900000
20
-79.230000
10
116.650000
20
-79.230000
10
116.650000
20
-79.230000
10
116.650000
20
-78.460000
10
116.650000
20
-78.460000
10
115.900000
20
-78.460000
0
LWPOLYLINE
5
1659
100
AcDbEntity
8
0
100
AcDbPolyline
90
76
70
0
43
0.000000
10
49.370000
20
-85.570000
10
51.610000
20
-89.140000
10
51.610000
20
-89.140000
10
52.520000
20
-89.140000
10
52.520000
20
-89.140000
10
52.520000
20
-84.720000
10
52.520000
20
-84.720000
10
51.840000
20
-84.720000
10
51.840000
20
-84.720000
10
51.840000
20
-87.460000
10
51.840000
20
-87.460000
10
51.840000
20
-87.530000
10
51.840000
20
-87.530000
10
51.840000
20
-87.610000
10
51.840000
20
-87.610000
10
51.840000
20
-87.680000
10
51.840000
20
-87.680000
10
51.840000
20
-87.750000
10
51.840000
20
-87.750000
10
51.840000
20
-87.820000
10
51.840000
20
-87.820000
10
51.840000
20
-87.880000
10
51.840000
20
-87.880000
10
51.840000
20
-87.940000
10
51.840000
20
-87.940000
10
51.840000
20
-88.000000
10
51.840000
20
-88.000000
10
51.850000
20
-88.050000
10
51.850000
20
-88.050000
10
51.850000
20
-88.110000
10
51.850000
20
-88.110000
10
51.860000
20
-88.160000
10
51.860000
20
-88.160000
10
51.860000
20
-88.220000
10
51.860000
20
-88.220000
10
51.870000
20
-88.270000
10
51.870000
20
-88.270000
10
51.870000
20
-88.320000
10
51.870000
20
-88.320000
10
49.620000
20
-84.720000
10
49.620000
20
-84.720000
10
48.710000
20
-84.720000
10
48.710000
20
-84.720000
10
48.710000
20
-89.140000
10
48.710000
20
-89.140000
10
49.410000
20
-89.140000
10
49.410000
20
-89.140000
10
49.410000
20
-86.370000
10
49.410000
20
-86.370000
10
49.410000
20
-86.310000
10
49.410000
20
-86.310000
10
49.400000
20
-86.260000
10
49.400000
20
-86.260000
10
49.400000
20
-86.200000
10
49.400000
20
-86.200000
10
49.400000
20
-86.140000
10
49.400000
20
-86.140000
10
49.400000
20
-86.090000
10
49.400000
20
-86.090000
10
49.390000
20
-86.030000
10
49.390000
20
-86.030000
10
49.390000
20
-85.970000
10
49.390000
20
-85.970000
10
49.390000
20
-85.910000
10
49.390000
20
-85.910000
10
49.390000
20
-85.860000
10
49.390000
20
-85.860000
10
49.390000
20
-85.800000
10
49.390000
20
-85.800000
10
49.380000
20
-85.740000
10
49.380000
20
-85.740000
10
49.380000
20
-85.690000
10
49.380000
20
-85.690000
10
49.380000
20
-85.630000
10
49.380000
20
-85.630000
10
49.370000
20
-85.570000
0
LWPOLYLINE
5
1660
100
AcDbEntity
8
0
100
AcDbPolyline
90
8
70
0
43
0.000000
10
59.000000
20
-88.370000
10
59.000000
20
-89.140000
10
59.000000
20
-89.140000
10
59.750000
20
-89.140000
10
59.750000
20
-89.140000
10
59.750000
20
-88.370000
10
59.750000
20
-88.370000
10
59.000000
20
-88.370000
0
LWPOLYLINE
5
1661
100
AcDbEntity
8
0
100
AcDbPolyline
90
8
70
0
43
0.000000
10
59.000000
20
-85.940000
10
59.000000
20
-86.710000
10
59.000000
20
-86.710000
10
59.750000
20
-86.710000
10
59.750000
20
-86.710000
10
59.750000
20
-85.940000
10
59.750000
20
-85.940000
10
59.000000
20
-85.940000
0
LWPOLYLINE
5
1662
100
AcDbEntity
8
0
100
AcDbPolyline
90
382
70
0
43
0.000000
10
63.800000
20
-88.060000
10
63.800000
20
-87.890000
10
63.800000
20
-87.890000
10
63.800000
20
-87.820000
10
63.800000
20
-87.820000
10
63.800000
20
-87.750000
10
63.800000
20
-87.750000
10
63.790000
20
-87.680000
10
63.790000
20
-87.680000
10
63.780000
20
-87.620000
10
63.780000
20
-87.620000
10
63.770000
20
-87.560000
10
63.770000
20
-87.560000
10
63.760000
20
-87.500000
10
63.760000
20
-87.500000
10
63.740000
20
-87.440000
10
63.740000
20
-87.440000
10
63.720000
20
-87.380000
10
63.720000
20
-87.380000
10
63.690000
20
-87.330000
10
63.690000
20
-87.330000
10
63.670000
20
-87.280000
10
63.670000
20
-87.280000
10
63.640000
20
-87.230000
10
63.640000
20
-87.230000
10
63.610000
20
-87.190000
10
63.610000
20
-87.190000
10
63.570000
20
-87.140000
10
63.570000
20
-87.140000
10
63.540000
20
-87.110000
10
63.540000
20
-87.110000
10
63.500000
20
-87.060000
10
63.500000
20
-87.060000
10
63.450000
20
-87.020000
10
63.450000
20
-87.020000
10
63.410000
20
-86.980000
10
63.410000
20
-86.980000
10
63.360000
20
-86.940000
10
63.360000
20
-86.940000
10
63.300000
20
-86.910000
10
63.300000
20
-86.910000
10
63.250000
20
-86.870000
10
63.250000
20
-86.870000
10
63.190000
20
-86.840000
10
63.190000
20
-86.840000
10
63.120000
20
-86.800000
10
63.120000
20
-86.800000
10
63.040000
20
-86.760000
10
63.040000
20
-86.760000
10
62.950000
20
-86.720000
10
62.950000
20
-86.720000
10
62.840000
20
-86.680000
10
62.840000
20
-86.680000
10
62.730000
20
-86.640000
10
62.730000
20
-86.640000
10
62.600000
20
-86.600000
10
62.600000
20
-86.600000
10
62.450000
20
-86.560000
10
62.450000
20
-86.560000
10
62.340000
20
-86.520000
10
62.340000
20
-86.520000
10
62.230000
20
-86.480000
10
62.230000
20
-86.480000
10
62.140000
20
-86.450000
10
62.140000
20
-86.450000
10
62.050000
20
-86.410000
10
62.050000
20
-86.410000
10
61.980000
20
-86.380000
10
61.980000
20
-86.380000
10
61.920000
20
-86.350000
10
61.920000
20
-86.350000
10
61.870000
20
-86.320000
10
61.870000
20
-86.320000
10
61.830000
20
-86.300000
10
61.830000
20
-86.300000
10
61.790000
20
-86.270000
10
61.790000
20
-86.270000
10
61.750000
20
-86.240000
10
61.750000
20
-86.240000
10
61.720000
20
-86.210000
10
61.720000
20
-86.210000
10
61.690000
20
-86.180000
10
61.690000
20
-86.180000
10
61.660000
20
-86.140000
10
61.660000
20
-86.140000
10
61.640000
20
-86.110000
10
61.640000
20
-86.110000
10
61.620000
20
-86.070000
10
61.620000
20
-86.070000
10
61.610000
20
-86.030000
10
61.610000
20
-86.030000
10
61.590000
20
-85.990000
10
61.590000
20
-85.990000
10
61.580000
20
-85.950000
10
61.580000
20
-85.950000
10
61.580000
20
-85.900000
10
61.580000
20
-85.900000
10
61.570000
20
-85.860000
10
61.570000
20
-85.860000
10
61.570000
20
-85.810000
10
61.570000
20
-85.810000
10
61.570000
20
-85.730000
10
61.570000
20
-85.730000
10
61.580000
20
-85.650000
10
61.580000
20
-85.650000
10
61.600000
20
-85.590000
10
61.600000
20
-85.590000
10
61.630000
20
-85.520000
10
61.630000
20
-85.520000
10
61.660000
20
-85.470000
10
61.660000
20
-85.470000
10
61.690000
20
-85.420000
10
61.690000
20
-85.420000
10
61.740000
20
-85.370000
10
61.740000
20
-85.370000
10
61.790000
20
-85.330000
10
61.790000
20
-85.330000
10
61.850000
20
-85.300000
10
61.850000
20
-85.300000
10
61.910000
20
-85.270000
10
61.910000
20
-85.270000
10
61.980000
20
-85.250000
10
61.980000
20
-85.250000
10
62.050000
20
-85.230000
10
62.050000
20
-85.230000
10
62.130000
20
-85.220000
10
62.130000
20
-85.220000
10
62.220000
20
-85.220000
10
62.220000
20
-85.220000
10
62.390000
20
-85.230000
10
62.390000
20
-85.230000
10
62.530000
20
-85.270000
10
62.530000
20
-85.270000
10
62.660000
20
-85.330000
10
62.660000
20
-85.330000
10
62.770000
20
-85.420000
10
62.770000
20
-85.420000
10
62.860000
20
-85.530000
10
62.860000
20
-85.530000
10
62.920000
20
-85.660000
10
62.920000
20
-85.660000
10
62.970000
20
-85.820000
10
62.970000
20
-85.820000
10
63.690000
20
-85.690000
10
63.690000
20
-85.690000
10
63.650000
20
-85.540000
10
63.650000
20
-85.540000
10
63.590000
20
-85.410000
10
63.590000
20
-85.410000
10
63.530000
20
-85.280000
10
63.530000
20
-85.280000
10
63.460000
20
-85.170000
10
63.460000
20
-85.170000
10
63.390000
20
-85.070000
10
63.390000
20
-85.070000
10
63.300000
20
-84.980000
10
63.300000
20
-84.980000
10
63.200000
20
-84.910000
10
63.200000
20
-84.910000
10
63.100000
20
-84.840000
10
63.100000
20
-84.840000
10
62.980000
20
-84.780000
10
62.980000
20
-84.780000
10
62.850000
20
-84.740000
10
62.850000
20
-84.740000
10
62.710000
20
-84.700000
10
62.710000
20
-84.700000
10
62.560000
20
-84.680000
10
62.560000
20
-84.680000
10
62.400000
20
-84.660000
10
62.400000
20
-84.660000
10
62.220000
20
-84.660000
10
62.220000
20
-84.660000
10
62.040000
20
-84.660000
10
62.040000
20
-84.660000
10
61.870000
20
-84.680000
10
61.870000
20
-84.680000
10
61.720000
20
-84.710000
10
61.720000
20
-84.710000
10
61.570000
20
-84.760000
10
61.570000
20
-84.760000
10
61.440000
20
-84.820000
10
61.440000
20
-84.820000
10
61.320000
20
-84.890000
10
61.320000
20
-84.890000
10
61.200000
20
-84.970000
10
61.200000
20
-84.970000
10
61.110000
20
-85.070000
10
61.110000
20
-85.070000
10
61.020000
20
-85.170000
10
61.020000
20
-85.170000
10
60.960000
20
-85.290000
10
60.960000
20
-85.290000
10
60.910000
20
-85.410000
10
60.910000
20
-85.410000
10
60.870000
20
-85.540000
10
60.870000
20
-85.540000
10
60.850000
20
-85.690000
10
60.850000
20
-85.690000
10
60.840000
20
-85.840000
10
60.840000
20
-85.840000
10
60.840000
20
-85.940000
10
60.840000
20
-85.940000
10
60.850000
20
-86.030000
10
60.850000
20
-86.030000
10
60.860000
20
-86.120000
10
60.860000
20
-86.120000
10
60.880000
20
-86.210000
10
60.880000
20
-86.210000
10
60.900000
20
-86.290000
10
60.900000
20
-86.290000
10
60.920000
20
-86.370000
10
60.920000
20
-86.370000
10
60.950000
20
-86.440000
10
60.950000
20
-86.440000
10
60.990000
20
-86.500000
10
60.990000
20
-86.500000
10
61.030000
20
-86.570000
10
61.030000
20
-86.570000
10
61.080000
20
-86.630000
10
61.080000
20
-86.630000
10
61.130000
20
-86.680000
10
61.130000
20
-86.680000
10
61.180000
20
-86.740000
10
61.180000
20
-86.740000
10
61.240000
20
-86.790000
10
61.240000
20
-86.790000
10
61.300000
20
-86.840000
10
61.300000
20
-86.840000
10
61.380000
20
-86.880000
10
61.380000
20
-86.880000
10
61.460000
20
-86.920000
10
61.460000
20
-86.920000
10
61.560000
20
-86.970000
10
61.560000
20
-86.970000
10
61.660000
20
-87.010000
10
61.660000
20
-87.010000
10
61.780000
20
-87.050000
10
61.780000
20
-87.050000
10
61.910000
20
-87.100000
10
61.910000
20
-87.100000
10
62.050000
20
-87.140000
10
62.050000
20
-87.140000
10
62.120000
20
-87.160000
10
62.120000
20
-87.160000
10
62.180000
20
-87.180000
10
62.180000
20
-87.180000
10
62.230000
20
-87.190000
10
62.230000
20
-87.190000
10
62.290000
20
-87.210000
10
62.290000
20
-87.210000
10
62.350000
20
-87.230000
10
62.350000
20
-87.230000
10
62.400000
20
-87.240000
10
62.400000
20
-87.240000
10
62.450000
20
-87.260000
10
62.450000
20
-87.260000
10
62.510000
20
-87.270000
10
62.510000
20
-87.270000
10
62.560000
20
-87.290000
10
62.560000
20
-87.290000
10
62.600000
20
-87.320000
10
62.600000
20
-87.320000
10
62.650000
20
-87.340000
10
62.650000
20
-87.340000
10
62.690000
20
-87.360000
10
62.690000
20
-87.360000
10
62.730000
20
-87.380000
10
62.730000
20
-87.380000
10
62.770000
20
-87.410000
10
62.770000
20
-87.410000
10
62.810000
20
-87.430000
10
62.810000
20
-87.430000
10
62.840000
20
-87.460000
10
62.840000
20
-87.460000
10
62.880000
20
-87.480000
10
62.880000
20
-87.480000
10
62.910000
20
-87.510000
10
62.910000
20
-87.510000
10
62.940000
20
-87.540000
10
62.940000
20
-87.540000
10
62.960000
20
-87.570000
10
62.960000
20
-87.570000
10
62.990000
20
-87.610000
10
62.990000
20
-87.610000
10
63.010000
20
-87.640000
10
63.010000
20
-87.640000
10
63.030000
20
-87.690000
10
63.030000
20
-87.690000
10
63.040000
20
-87.730000
10
63.040000
20
-87.730000
10
63.060000
20
-87.780000
10
63.060000
20
-87.780000
10
63.060000
20
-87.830000
10
63.060000
20
-87.830000
10
63.070000
20
-87.880000
10
63.070000
20
-87.880000
10
63.070000
20
-87.940000
10
63.070000
20
-87.940000
10
63.050000
20
-88.120000
10
63.050000
20
-88.120000
10
63.010000
20
-88.270000
10
63.010000
20
-88.270000
10
62.920000
20
-88.400000
10
62.920000
20
-88.400000
10
62.810000
20
-88.500000
10
62.810000
20
-88.500000
10
62.660000
20
-88.570000
10
62.660000
20
-88.570000
10
62.480000
20
-88.610000
10
62.480000
20
-88.610000
10
62.270000
20
-88.620000
10
62.270000
20
-88.620000
10
62.070000
20
-88.610000
10
62.070000
20
-88.610000
10
61.900000
20
-88.560000
10
61.900000
20
-88.560000
10
61.750000
20
-88.490000
10
61.750000
20
-88.490000
10
61.620000
20
-88.390000
10
61.620000
20
-88.390000
10
61.520000
20
-88.260000
10
61.520000
20
-88.260000
10
61.440000
20
-88.100000
10
61.440000
20
-88.100000
10
61.390000
20
-87.910000
10
61.390000
20
-87.910000
10
60.690000
20
-88.020000
10
60.690000
20
-88.020000
10
60.730000
20
-88.180000
10
60.730000
20
-88.180000
10
60.780000
20
-88.330000
10
60.780000
20
-88.330000
10
60.840000
20
-88.470000
10
60.840000
20
-88.470000
10
60.910000
20
-88.600000
10
60.910000
20
-88.600000
10
60.990000
20
-88.710000
10
60.990000
20
-88.710000
10
61.080000
20
-88.810000
10
61.080000
20
-88.810000
10
61.190000
20
-88.910000
10
61.190000
20
-88.910000
10
61.300000
20
-88.980000
10
61.300000
20
-88.980000
10
61.430000
20
-89.040000
10
61.430000
20
-89.040000
10
61.570000
20
-89.100000
10
61.570000
20
-89.100000
10
61.720000
20
-89.140000
10
61.720000
20
-89.140000
10
61.880000
20
-89.170000
10
61.880000
20
-89.170000
10
62.050000
20
-89.180000
10
62.050000
20
-89.180000
10
62.240000
20
-89.190000
10
62.240000
20
-89.190000
10
62.450000
20
-89.180000
10
62.450000
20
-89.180000
10
62.640000
20
-89.160000
10
62.640000
20
-89.160000
10
62.820000
20
-89.130000
10
62.820000
20
-89.130000
10
62.980000
20
-89.080000
10
62.980000
20
-89.080000
10
63.130000
20
-89.020000
10
63.130000
20
-89.020000
10
63.270000
20
-88.940000
10
63.270000
20
-88.940000
10
63.390000
20
-88.860000
10
63.390000
20
-88.860000
10
63.500000
20
-88.750000
10
63.500000
20
-88.750000
10
63.590000
20
-88.640000
10
63.590000
20
-88.640000
10
63.670000
20
-88.510000
10
63.670000
20
-88.510000
10
63.730000
20
-88.380000
10
63.730000
20
-88.380000
10
63.770000
20
-88.230000
10
63.770000
20
-88.230000
10
63.800000
20
-88.060000
0
LWPOLYLINE
5
1663
100
AcDbEntity
8
0
100
AcDbPolyline
90
22
70
0
43
0.000000
10
71.130000
20
-88.560000
10
70.000000
20
-88.560000
10
70.000000
20
-88.560000
10
70.000000
20
-89.140000
10
70.000000
20
-89.140000
10
72.810000
20
-89.140000
10
72.810000
20
-89.140000
10
72.810000
20
-88.560000
10
72.810000
20
-88.560000
10
71.850000
20
-88.560000
10
71.850000
20
-88.560000
10
71.850000
20
-84.720000
10
71.850000
20
-84.720000
10
71.180000
20
-84.720000
10
71.180000
20
-84.720000
10
70.100000
20
-85.440000
10
70.100000
20
-85.440000
10
70.100000
20
-86.040000
10
70.100000
20
-86.040000
10
71.130000
20
-85.390000
10
71.130000
20
-85.390000
10
71.130000
20
-88.560000
0
LWPOLYLINE
5
1664
100
AcDbEntity
8
0
100
AcDbPolyline
90
220
70
0
43
0.000000
10
73.740000
20
-88.620000
10
73.740000
20
-89.140000
10
73.740000
20
-89.140000
10
76.700000
20
-89.140000
10
76.700000
20
-89.140000
10
76.700000
20
-88.520000
10
76.700000
20
-88.520000
10
74.550000
20
-88.520000
10
74.550000
20
-88.520000
10
74.620000
20
-88.400000
10
74.620000
20
-88.400000
10
74.720000
20
-88.270000
10
74.720000
20
-88.270000
10
74.830000
20
-88.120000
10
74.830000
20
-88.120000
10
74.980000
20
-87.970000
10
74.980000
20
-87.970000
10
75.140000
20
-87.820000
10
75.140000
20
-87.820000
10
75.340000
20
-87.650000
10
75.340000
20
-87.650000
10
75.550000
20
-87.470000
10
75.550000
20
-87.470000
10
75.680000
20
-87.370000
10
75.680000
20
-87.370000
10
75.790000
20
-87.270000
10
75.790000
20
-87.270000
10
75.890000
20
-87.180000
10
75.890000
20
-87.180000
10
75.990000
20
-87.100000
10
75.990000
20
-87.100000
10
76.070000
20
-87.020000
10
76.070000
20
-87.020000
10
76.140000
20
-86.940000
10
76.140000
20
-86.940000
10
76.200000
20
-86.870000
10
76.200000
20
-86.870000
10
76.260000
20
-86.810000
10
76.260000
20
-86.810000
10
76.320000
20
-86.740000
10
76.320000
20
-86.740000
10
76.370000
20
-86.670000
10
76.370000
20
-86.670000
10
76.410000
20
-86.610000
10
76.410000
20
-86.610000
10
76.450000
20
-86.540000
10
76.450000
20
-86.540000
10
76.490000
20
-86.470000
10
76.490000
20
-86.470000
10
76.520000
20
-86.410000
10
76.520000
20
-86.410000
10
76.550000
20
-86.330000
10
76.550000
20
-86.330000
10
76.580000
20
-86.260000
10
76.580000
20
-86.260000
10
76.600000
20
-86.190000
10
76.600000
20
-86.190000
10
76.610000
20
-86.110000
10
76.610000
20
-86.110000
10
76.630000
20
-86.040000
10
76.630000
20
-86.040000
10
76.630000
20
-85.960000
10
76.630000
20
-85.960000
10
76.640000
20
-85.890000
10
76.640000
20
-85.890000
10
76.630000
20
-85.730000
10
76.630000
20
-85.730000
10
76.600000
20
-85.580000
10
76.600000
20
-85.580000
10
76.570000
20
-85.440000
10
76.570000
20
-85.440000
10
76.510000
20
-85.310000
10
76.510000
20
-85.310000
10
76.440000
20
-85.190000
10
76.440000
20
-85.190000
10
76.350000
20
-85.080000
10
76.350000
20
-85.080000
10
76.250000
20
-84.990000
10
76.250000
20
-84.990000
10
76.140000
20
-84.900000
10
76.140000
20
-84.900000
10
76.010000
20
-84.830000
10
76.010000
20
-84.830000
10
75.870000
20
-84.760000
10
75.870000
20
-84.760000
10
75.720000
20
-84.720000
10
75.720000
20
-84.720000
10
75.560000
20
-84.680000
10
75.560000
20
-84.680000
10
75.390000
20
-84.660000
10
75.390000
20
-84.660000
10
75.200000
20
-84.660000
10
75.200000
20
-84.660000
10
75.030000
20
-84.660000
10
75.030000
20
-84.660000
10
74.870000
20
-84.680000
10
74.870000
20
-84.680000
10
74.720000
20
-84.720000
10
74.720000
20
-84.720000
10
74.580000
20
-84.760000
10
74.580000
20
-84.760000
10
74.450000
20
-84.830000
10
74.450000
20
-84.830000
10
74.330000
20
-84.900000
10
74.330000
20
-84.900000
10
74.220000
20
-84.990000
10
74.220000
20
-84.990000
10
74.120000
20
-85.080000
10
74.120000
20
-85.080000
10
74.030000
20
-85.190000
10
74.030000
20
-85.190000
10
73.960000
20
-85.310000
10
73.960000
20
-85.310000
10
73.900000
20
-85.430000
10
73.900000
20
-85.430000
10
73.850000
20
-85.570000
10
73.850000
20
-85.570000
10
73.810000
20
-85.720000
10
73.810000
20
-85.720000
10
73.790000
20
-85.870000
10
73.790000
20
-85.870000
10
74.500000
20
-85.920000
10
74.500000
20
-85.920000
10
74.540000
20
-85.740000
10
74.540000
20
-85.740000
10
74.600000
20
-85.590000
10
74.600000
20
-85.590000
10
74.680000
20
-85.460000
10
74.680000
20
-85.460000
10
74.780000
20
-85.360000
10
74.780000
20
-85.360000
10
74.900000
20
-85.290000
10
74.900000
20
-85.290000
10
75.050000
20
-85.250000
10
75.050000
20
-85.250000
10
75.220000
20
-85.240000
10
75.220000
20
-85.240000
10
75.310000
20
-85.240000
10
75.310000
20
-85.240000
10
75.390000
20
-85.250000
10
75.390000
20
-85.250000
10
75.470000
20
-85.270000
10
75.470000
20
-85.270000
10
75.540000
20
-85.300000
10
75.540000
20
-85.300000
10
75.600000
20
-85.330000
10
75.600000
20
-85.330000
10
75.660000
20
-85.370000
10
75.660000
20
-85.370000
10
75.720000
20
-85.420000
10
75.720000
20
-85.420000
10
75.770000
20
-85.470000
10
75.770000
20
-85.470000
10
75.810000
20
-85.530000
10
75.810000
20
-85.530000
10
75.840000
20
-85.590000
10
75.840000
20
-85.590000
10
75.870000
20
-85.660000
10
75.870000
20
-85.660000
10
75.890000
20
-85.740000
10
75.890000
20
-85.740000
10
75.900000
20
-85.820000
10
75.900000
20
-85.820000
10
75.900000
20
-85.910000
10
75.900000
20
-85.910000
10
75.900000
20
-85.980000
10
75.900000
20
-85.980000
10
75.890000
20
-86.050000
10
75.890000
20
-86.050000
10
75.870000
20
-86.120000
10
75.870000
20
-86.120000
10
75.840000
20
-86.200000
10
75.840000
20
-86.200000
10
75.810000
20
-86.270000
10
75.810000
20
-86.270000
10
75.770000
20
-86.350000
10
75.770000
20
-86.350000
10
75.720000
20
-86.420000
10
75.720000
20
-86.420000
10
75.650000
20
-86.500000
10
75.650000
20
-86.500000
10
75.580000
20
-86.590000
10
75.580000
20
-86.590000
10
75.480000
20
-86.690000
10
75.480000
20
-86.690000
10
75.370000
20
-86.800000
10
75.370000
20
-86.800000
10
75.250000
20
-86.910000
10
75.250000
20
-86.910000
10
75.110000
20
-87.040000
10
75.110000
20
-87.040000
10
74.950000
20
-87.170000
10
74.950000
20
-87.170000
10
74.820000
20
-87.290000
10
74.820000
20
-87.290000
10
74.690000
20
-87.400000
10
74.690000
20
-87.400000
10
74.580000
20
-87.510000
10
74.580000
20
-87.510000
10
74.470000
20
-87.610000
10
74.470000
20
-87.610000
10
74.360000
20
-87.720000
10
74.360000
20
-87.720000
10
74.270000
20
-87.820000
10
74.270000
20
-87.820000
10
74.190000
20
-87.920000
10
74.190000
20
-87.920000
10
74.100000
20
-88.020000
10
74.100000
20
-88.020000
10
74.030000
20
-88.120000
10
74.030000
20
-88.120000
10
73.960000
20
-88.220000
10
73.960000
20
-88.220000
10
73.890000
20
-88.320000
10
73.890000
20
-88.320000
10
73.830000
20
-88.420000
10
73.830000
20
-88.420000
10
73.780000
20
-88.520000
10
73.780000
20
-88.520000
10
73.740000
20
-88.620000
0
LWPOLYLINE
5
1665
100
AcDbEntity
8
0
100
AcDbPolyline
90
220
70
0
43
0.000000
10
89.360000
20
-88.620000
10
89.360000
20
-89.140000
10
89.360000
20
-89.140000
10
92.320000
20
-89.140000
10
92.320000
20
-89.140000
10
92.320000
20
-88.520000
10
92.320000
20
-88.520000
10
90.170000
20
-88.520000
10
90.170000
20
-88.520000
10
90.240000
20
-88.400000
10
90.240000
20
-88.400000
10
90.340000
20
-88.270000
10
90.340000
20
-88.270000
10
90.450000
20
-88.120000
10
90.450000
20
-88.120000
10
90.600000
20
-87.970000
10
90.600000
20
-87.970000
10
90.760000
20
-87.820000
10
90.760000
20
-87.820000
10
90.960000
20
-87.650000
10
90.960000
20
-87.650000
10
91.170000
20
-87.470000
10
91.170000
20
-87.470000
10
91.300000
20
-87.370000
10
91.300000
20
-87.370000
10
91.410000
20
-87.270000
10
91.410000
20
-87.270000
10
91.510000
20
-87.180000
10
91.510000
20
-87.180000
10
91.610000
20
-87.100000
10
91.610000
20
-87.100000
10
91.690000
20
-87.020000
10
91.690000
20
-87.020000
10
91.760000
20
-86.940000
10
91.760000
20
-86.940000
10
91.820000
20
-86.870000
10
91.820000
20
-86.870000
10
91.880000
20
-86.810000
10
91.880000
20
-86.810000
10
91.940000
20
-86.740000
10
91.940000
20
-86.740000
10
91.990000
20
-86.670000
10
91.990000
20
-86.670000
10
92.030000
20
-86.610000
10
92.030000
20
-86.610000
10
92.070000
20
-86.540000
10
92.070000
20
-86.540000
10
92.110000
20
-86.470000
10
92.110000
20
-86.470000
10
92.140000
20
-86.410000
10
92.140000
20
-86.410000
10
92.170000
20
-86.330000
10
92.170000
20
-86.330000
10
92.200000
20
-86.260000
10
92.200000
20
-86.260000
10
92.220000
20
-86.190000
10
92.220000
20
-86.190000
10
92.230000
20
-86.110000
10
92.230000
20
-86.110000
10
92.250000
20
-86.040000
10
92.250000
20
-86.040000
10
92.250000
20
-85.960000
10
92.250000
20
-85.960000
10
92.260000
20
-85.890000
10
92.260000
20
-85.890000
10
92.250000
20
-85.730000
10
92.250000
20
-85.730000
10
92.220000
20
-85.580000
10
92.220000
20
-85.580000
10
92.190000
20
-85.440000
10
92.190000
20
-85.440000
10
92.130000
20
-85.310000
10
92.130000
20
-85.310000
10
92.060000
20
-85.190000
10
92.060000
20
-85.190000
10
91.970000
20
-85.080000
10
91.970000
20
-85.080000
10
91.870000
20
-84.990000
10
91.870000
20
-84.990000
10
91.760000
20
-84.900000
10
91.760000
20
-84.900000
10
91.630000
20
-84.830000
10
91.630000
20
-84.830000
10
91.490000
20
-84.760000
10
91.490000
20
-84.760000
10
91.340000
20
-84.720000
10
91.340000
20
-84.720000
10
91.180000
20
-84.680000
10
91.180000
20
-84.680000
10
91.010000
20
-84.660000
10
91.010000
20
-84.660000
10
90.820000
20
-84.660000
10
90.820000
20
-84.660000
10
90.650000
20
-84.660000
10
90.650000
20
-84.660000
10
90.490000
20
-84.680000
10
90.490000
20
-84.680000
10
90.340000
20
-84.720000
10
90.340000
20
-84.720000
10
90.200000
20
-84.760000
10
90.200000
20
-84.760000
10
90.070000
20
-84.830000
10
90.070000
20
-84.830000
10
89.950000
20
-84.900000
10
89.950000
20
-84.900000
10
89.840000
20
-84.990000
10
89.840000
20
-84.990000
10
89.740000
20
-85.080000
10
89.740000
20
-85.080000
10
89.650000
20
-85.190000
10
89.650000
20
-85.190000
10
89.580000
20
-85.310000
10
89.580000
20
-85.310000
10
89.520000
20
-85.430000
10
89.520000
20
-85.430000
10
89.470000
20
-85.570000
10
89.470000
20
-85.570000
10
89.430000
20
-85.720000
10
89.430000
20
-85.720000
10
89.410000
20
-85.870000
10
89.410000
20
-85.870000
10
90.120000
20
-85.920000
10
90.120000
20
-85.920000
10
90.160000
20
-85.740000
10
90.160000
20
-85.740000
10
90.220000
20
-85.590000
10
90.220000
20
-85.590000
10
90.300000
20
-85.460000
10
90.300000
20
-85.460000
10
90.400000
20
-85.360000
10
90.400000
20
-85.360000
10
90.520000
20
-85.290000
10
90.520000
20
-85.290000
10
90.670000
20
-85.250000
10
90.670000
20
-85.250000
10
90.840000
20
-85.240000
10
90.840000
20
-85.240000
10
90.930000
20
-85.240000
10
90.930000
20
-85.240000
10
91.010000
20
-85.250000
10
91.010000
20
-85.250000
10
91.090000
20
-85.270000
10
91.090000
20
-85.270000
10
91.160000
20
-85.300000
10
91.160000
20
-85.300000
10
91.220000
20
-85.330000
10
91.220000
20
-85.330000
10
91.280000
20
-85.370000
10
91.280000
20
-85.370000
10
91.340000
20
-85.420000
10
91.340000
20
-85.420000
10
91.390000
20
-85.470000
10
91.390000
20
-85.470000
10
91.430000
20
-85.530000
10
91.430000
20
-85.530000
10
91.460000
20
-85.590000
10
91.460000
20
-85.590000
10
91.490000
20
-85.660000
10
91.490000
20
-85.660000
10
91.510000
20
-85.740000
10
91.510000
20
-85.740000
10
91.520000
20
-85.820000
10
91.520000
20
-85.820000
10
91.520000
20
-85.910000
10
91.520000
20
-85.910000
10
91.520000
20
-85.980000
10
91.520000
20
-85.980000
10
91.510000
20
-86.050000
10
91.510000
20
-86.050000
10
91.490000
20
-86.120000
10
91.490000
20
-86.120000
10
91.460000
20
-86.200000
10
91.460000
20
-86.200000
10
91.430000
20
-86.270000
10
91.430000
20
-86.270000
10
91.390000
20
-86.350000
10
91.390000
20
-86.350000
10
91.340000
20
-86.420000
10
91.340000
20
-86.420000
10
91.270000
20
-86.500000
10
91.270000
20
-86.500000
10
91.200000
20
-86.590000
10
91.200000
20
-86.590000
10
91.100000
20
-86.690000
10
91.100000
20
-86.690000
10
90.990000
20
-86.800000
10
90.990000
20
-86.800000
10
90.870000
20
-86.910000
10
90.870000
20
-86.910000
10
90.730000
20
-87.040000
10
90.730000
20
-87.040000
10
90.570000
20
-87.170000
10
90.570000
20
-87.170000
10
90.440000
20
-87.290000
10
90.440000
20
-87.290000
10
90.310000
20
-87.400000
10
90.310000
20
-87.400000
10
90.200000
20
-87.510000
10
90.200000
20
-87.510000
10
90.090000
20
-87.610000
10
90.090000
20
-87.610000
10
89.980000
20
-87.720000
10
89.980000
20
-87.720000
10
89.890000
20
-87.820000
10
89.890000
20
-87.820000
10
89.810000
20
-87.920000
10
89.810000
20
-87.920000
10
89.720000
20
-88.020000
10
89.720000
20
-88.020000
10
89.650000
20
-88.120000
10
89.650000
20
-88.120000
10
89.580000
20
-88.220000
10
89.580000
20
-88.220000
10
89.510000
20
-88.320000
10
89.510000
20
-88.320000
10
89.450000
20
-88.420000
10
89.450000
20
-88.420000
10
89.400000
20
-88.520000
10
89.400000
20
-88.520000
10
89.360000
20
-88.620000
0
LWPOLYLINE
5
1666
100
AcDbEntity
8
0
100
AcDbPolyline
90
334
70
0
43
0.000000
10
107.940000
20
-88.080000
10
107.940000
20
-87.910000
10
107.940000
20
-87.910000
10
107.940000
20
-87.790000
10
107.940000
20
-87.790000
10
107.920000
20
-87.680000
10
107.920000
20
-87.680000
10
107.890000
20
-87.570000
10
107.890000
20
-87.570000
10
107.850000
20
-87.470000
10
107.850000
20
-87.470000
10
107.800000
20
-87.380000
10
107.800000
20
-87.380000
10
107.730000
20
-87.290000
10
107.730000
20
-87.290000
10
107.660000
20
-87.210000
10
107.660000
20
-87.210000
10
107.580000
20
-87.130000
10
107.580000
20
-87.130000
10
107.490000
20
-87.070000
10
107.490000
20
-87.070000
10
107.390000
20
-87.020000
10
107.390000
20
-87.020000
10
107.280000
20
-86.970000
10
107.280000
20
-86.970000
10
107.170000
20
-86.930000
10
107.170000
20
-86.930000
10
107.040000
20
-86.910000
10
107.040000
20
-86.910000
10
106.910000
20
-86.890000
10
106.910000
20
-86.890000
10
106.910000
20
-86.870000
10
106.910000
20
-86.870000
10
107.040000
20
-86.840000
10
107.040000
20
-86.840000
10
107.160000
20
-86.800000
10
107.160000
20
-86.800000
10
107.260000
20
-86.760000
10
107.260000
20
-86.760000
10
107.360000
20
-86.700000
10
107.360000
20
-86.700000
10
107.450000
20
-86.640000
10
107.450000
20
-86.640000
10
107.530000
20
-86.580000
10
107.530000
20
-86.580000
10
107.590000
20
-86.510000
10
107.590000
20
-86.510000
10
107.650000
20
-86.420000
10
107.650000
20
-86.420000
10
107.710000
20
-86.340000
10
107.710000
20
-86.340000
10
107.750000
20
-86.240000
10
107.750000
20
-86.240000
10
107.780000
20
-86.150000
10
107.780000
20
-86.150000
10
107.810000
20
-86.050000
10
107.810000
20
-86.050000
10
107.820000
20
-85.950000
10
107.820000
20
-85.950000
10
107.830000
20
-85.840000
10
107.830000
20
-85.840000
10
107.820000
20
-85.680000
10
107.820000
20
-85.680000
10
107.800000
20
-85.540000
10
107.800000
20
-85.540000
10
107.760000
20
-85.400000
10
107.760000
20
-85.400000
10
107.710000
20
-85.280000
10
107.710000
20
-85.280000
10
107.640000
20
-85.170000
10
107.640000
20
-85.170000
10
107.560000
20
-85.060000
10
107.560000
20
-85.060000
10
107.460000
20
-84.970000
10
107.460000
20
-84.970000
10
107.350000
20
-84.890000
10
107.350000
20
-84.890000
10
107.230000
20
-84.820000
10
107.230000
20
-84.820000
10
107.100000
20
-84.760000
10
107.100000
20
-84.760000
10
106.960000
20
-84.710000
10
106.960000
20
-84.710000
10
106.800000
20
-84.680000
10
106.800000
20
-84.680000
10
106.630000
20
-84.660000
10
106.630000
20
-84.660000
10
106.440000
20
-84.660000
10
106.440000
20
-84.660000
10
106.270000
20
-84.660000
10
106.270000
20
-84.660000
10
106.110000
20
-84.680000
10
106.110000
20
-84.680000
10
105.960000
20
-84.710000
10
105.960000
20
-84.710000
10
105.810000
20
-84.760000
10
105.810000
20
-84.760000
10
105.680000
20
-84.820000
10
105.680000
20
-84.820000
10
105.560000
20
-84.890000
10
105.560000
20
-84.890000
10
105.440000
20
-84.970000
10
105.440000
20
-84.970000
10
105.340000
20
-85.070000
10
105.340000
20
-85.070000
10
105.250000
20
-85.170000
10
105.250000
20
-85.170000
10
105.170000
20
-85.290000
10
105.170000
20
-85.290000
10
105.110000
20
-85.410000
10
105.110000
20
-85.410000
10
105.060000
20
-85.540000
10
105.060000
20
-85.540000
10
105.020000
20
-85.690000
10
105.020000
20
-85.690000
10
104.990000
20
-85.840000
10
104.990000
20
-85.840000
10
105.710000
20
-85.890000
10
105.710000
20
-85.890000
10
105.740000
20
-85.720000
10
105.740000
20
-85.720000
10
105.800000
20
-85.570000
10
105.800000
20
-85.570000
10
105.870000
20
-85.450000
10
105.870000
20
-85.450000
10
105.980000
20
-85.360000
10
105.980000
20
-85.360000
10
106.100000
20
-85.290000
10
106.100000
20
-85.290000
10
106.250000
20
-85.250000
10
106.250000
20
-85.250000
10
106.430000
20
-85.240000
10
106.430000
20
-85.240000
10
106.510000
20
-85.240000
10
106.510000
20
-85.240000
10
106.600000
20
-85.250000
10
106.600000
20
-85.250000
10
106.670000
20
-85.270000
10
106.670000
20
-85.270000
10
106.740000
20
-85.290000
10
106.740000
20
-85.290000
10
106.810000
20
-85.320000
10
106.810000
20
-85.320000
10
106.870000
20
-85.360000
10
106.870000
20
-85.360000
10
106.930000
20
-85.410000
10
106.930000
20
-85.410000
10
106.970000
20
-85.460000
10
106.970000
20
-85.460000
10
107.010000
20
-85.520000
10
107.010000
20
-85.520000
10
107.040000
20
-85.580000
10
107.040000
20
-85.580000
10
107.060000
20
-85.660000
10
107.060000
20
-85.660000
10
107.080000
20
-85.740000
10
107.080000
20
-85.740000
10
107.090000
20
-85.830000
10
107.090000
20
-85.830000
10
107.090000
20
-85.920000
10
107.090000
20
-85.920000
10
107.090000
20
-86.010000
10
107.090000
20
-86.010000
10
107.080000
20
-86.090000
10
107.080000
20
-86.090000
10
107.050000
20
-86.170000
10
107.050000
20
-86.170000
10
107.020000
20
-86.240000
10
107.020000
20
-86.240000
10
106.980000
20
-86.310000
10
106.980000
20
-86.310000
10
106.930000
20
-86.370000
10
106.930000
20
-86.370000
10
106.880000
20
-86.420000
10
106.880000
20
-86.420000
10
106.810000
20
-86.470000
10
106.810000
20
-86.470000
10
106.730000
20
-86.500000
10
106.730000
20
-86.500000
10
106.640000
20
-86.530000
10
106.640000
20
-86.530000
10
106.550000
20
-86.560000
10
106.550000
20
-86.560000
10
106.450000
20
-86.570000
10
106.450000
20
-86.570000
10
106.340000
20
-86.590000
10
106.340000
20
-86.590000
10
106.230000
20
-86.590000
10
106.230000
20
-86.590000
10
105.930000
20
-86.590000
10
105.930000
20
-86.590000
10
105.930000
20
-87.190000
10
105.930000
20
-87.190000
10
106.240000
20
-87.190000
10
106.240000
20
-87.190000
10
106.370000
20
-87.190000
10
106.370000
20
-87.190000
10
106.490000
20
-87.200000
10
106.490000
20
-87.200000
10
106.600000
20
-87.220000
10
106.600000
20
-87.220000
10
106.710000
20
-87.250000
10
106.710000
20
-87.250000
10
106.800000
20
-87.280000
10
106.800000
20
-87.280000
10
106.880000
20
-87.320000
10
106.880000
20
-87.320000
10
106.960000
20
-87.370000
10
106.960000
20
-87.370000
10
107.020000
20
-87.430000
10
107.020000
20
-87.430000
10
107.070000
20
-87.490000
10
107.070000
20
-87.490000
10
107.120000
20
-87.550000
10
107.120000
20
-87.550000
10
107.150000
20
-87.620000
10
107.150000
20
-87.620000
10
107.170000
20
-87.700000
10
107.170000
20
-87.700000
10
107.190000
20
-87.780000
10
107.190000
20
-87.780000
10
107.190000
20
-87.870000
10
107.190000
20
-87.870000
10
107.190000
20
-87.970000
10
107.190000
20
-87.970000
10
107.180000
20
-88.070000
10
107.180000
20
-88.070000
10
107.160000
20
-88.150000
10
107.160000
20
-88.150000
10
107.130000
20
-88.230000
10
107.130000
20
-88.230000
10
107.100000
20
-88.300000
10
107.100000
20
-88.300000
10
107.060000
20
-88.370000
10
107.060000
20
-88.370000
10
107.010000
20
-88.420000
10
107.010000
20
-88.420000
10
106.950000
20
-88.470000
10
106.950000
20
-88.470000
10
106.880000
20
-88.510000
10
106.880000
20
-88.510000
10
106.810000
20
-88.550000
10
106.810000
20
-88.550000
10
106.730000
20
-88.570000
10
106.730000
20
-88.570000
10
106.640000
20
-88.590000
10
106.640000
20
-88.590000
10
106.540000
20
-88.600000
10
106.540000
20
-88.600000
10
106.440000
20
-88.610000
10
106.440000
20
-88.610000
10
106.340000
20
-88.600000
10
106.340000
20
-88.600000
10
106.250000
20
-88.590000
10
106.250000
20
-88.590000
10
106.160000
20
-88.570000
10
106.160000
20
-88.570000
10
106.080000
20
-88.550000
10
106.080000
20
-88.550000
10
106.000000
20
-88.520000
10
106.000000
20
-88.520000
10
105.940000
20
-88.480000
10
105.940000
20
-88.480000
10
105.880000
20
-88.440000
10
105.880000
20
-88.440000
10
105.820000
20
-88.390000
10
105.820000
20
-88.390000
10
105.770000
20
-88.330000
10
105.770000
20
-88.330000
10
105.730000
20
-88.260000
10
105.730000
20
-88.260000
10
105.700000
20
-88.180000
10
105.700000
20
-88.180000
10
105.670000
20
-88.100000
10
105.670000
20
-88.100000
10
105.640000
20
-88.010000
10
105.640000
20
-88.010000
10
105.630000
20
-87.910000
10
105.630000
20
-87.910000
10
104.890000
20
-87.970000
10
104.890000
20
-87.970000
10
104.920000
20
-88.140000
10
104.920000
20
-88.140000
10
104.970000
20
-88.300000
10
104.970000
20
-88.300000
10
105.020000
20
-88.440000
10
105.020000
20
-88.440000
10
105.090000
20
-88.570000
10
105.090000
20
-88.570000
10
105.170000
20
-88.690000
10
105.170000
20
-88.690000
10
105.260000
20
-88.800000
10
105.260000
20
-88.800000
10
105.360000
20
-88.890000
10
105.360000
20
-88.890000
10
105.480000
20
-88.970000
10
105.480000
20
-88.970000
10
105.610000
20
-89.040000
10
105.610000
20
-89.040000
10
105.750000
20
-89.090000
10
105.750000
20
-89.090000
10
105.910000
20
-89.130000
10
105.910000
20
-89.130000
10
106.080000
20
-89.160000
10
106.080000
20
-89.160000
10
106.250000
20
-89.180000
10
106.250000
20
-89.180000
10
106.440000
20
-89.190000
10
106.440000
20
-89.190000
10
106.640000
20
-89.180000
10
106.640000
20
-89.180000
10
106.830000
20
-89.160000
10
106.830000
20
-89.160000
10
107.000000
20
-89.130000
10
107.000000
20
-89.130000
10
107.160000
20
-89.090000
10
107.160000
20
-89.090000
10
107.310000
20
-89.030000
10
107.310000
20
-89.030000
10
107.440000
20
-88.960000
10
107.440000
20
-88.960000
10
107.560000
20
-88.870000
10
107.560000
20
-88.870000
10
107.660000
20
-88.770000
10
107.660000
20
-88.770000
10
107.750000
20
-88.660000
10
107.750000
20
-88.660000
10
107.820000
20
-88.530000
10
107.820000
20
-88.530000
10
107.870000
20
-88.390000
10
107.870000
20
-88.390000
10
107.910000
20
-88.240000
10
107.910000
20
-88.240000
10
107.940000
20
-88.080000
0
LWPOLYLINE
5
1667
100
AcDbEntity
8
0
100
AcDbPolyline
90
334
70
0
43
0.000000
10
111.840000
20
-88.080000
10
111.850000
20
-87.910000
10
111.850000
20
-87.910000
10
111.840000
20
-87.790000
10
111.840000
20
-87.790000
10
111.820000
20
-87.680000
10
111.820000
20
-87.680000
10
111.800000
20
-87.570000
10
111.800000
20
-87.570000
10
111.760000
20
-87.470000
10
111.760000
20
-87.470000
10
111.700000
20
-87.380000
10
111.700000
20
-87.380000
10
111.640000
20
-87.290000
10
111.640000
20
-87.290000
10
111.560000
20
-87.210000
10
111.560000
20
-87.210000
10
111.480000
20
-87.130000
10
111.480000
20
-87.130000
10
111.390000
20
-87.070000
10
111.390000
20
-87.070000
10
111.300000
20
-87.020000
10
111.300000
20
-87.020000
10
111.190000
20
-86.970000
10
111.190000
20
-86.970000
10
111.070000
20
-86.930000
10
111.070000
20
-86.930000
10
110.950000
20
-86.910000
10
110.950000
20
-86.910000
10
110.810000
20
-86.890000
10
110.810000
20
-86.890000
10
110.810000
20
-86.870000
10
110.810000
20
-86.870000
10
110.940000
20
-86.840000
10
110.940000
20
-86.840000
10
111.060000
20
-86.800000
10
111.060000
20
-86.800000
10
111.170000
20
-86.760000
10
111.170000
20
-86.760000
10
111.270000
20
-86.700000
10
111.270000
20
-86.700000
10
111.350000
20
-86.640000
10
111.350000
20
-86.640000
10
111.430000
20
-86.580000
10
111.430000
20
-86.580000
10
111.500000
20
-86.510000
10
111.500000
20
-86.510000
10
111.560000
20
-86.420000
10
111.560000
20
-86.420000
10
111.610000
20
-86.340000
10
111.610000
20
-86.340000
10
111.660000
20
-86.240000
10
111.660000
20
-86.240000
10
111.690000
20
-86.150000
10
111.690000
20
-86.150000
10
111.710000
20
-86.050000
10
111.710000
20
-86.050000
10
111.730000
20
-85.950000
10
111.730000
20
-85.950000
10
111.730000
20
-85.840000
10
111.730000
20
-85.840000
10
111.720000
20
-85.680000
10
111.720000
20
-85.680000
10
111.700000
20
-85.540000
10
111.700000
20
-85.540000
10
111.660000
20
-85.400000
10
111.660000
20
-85.400000
10
111.610000
20
-85.280000
10
111.610000
20
-85.280000
10
111.540000
20
-85.170000
10
111.540000
20
-85.170000
10
111.460000
20
-85.060000
10
111.460000
20
-85.060000
10
111.360000
20
-84.970000
10
111.360000
20
-84.970000
10
111.260000
20
-84.890000
10
111.260000
20
-84.890000
10
111.140000
20
-84.820000
10
111.140000
20
-84.820000
10
111.010000
20
-84.760000
10
111.010000
20
-84.760000
10
110.860000
20
-84.710000
10
110.860000
20
-84.710000
10
110.700000
20
-84.680000
10
110.700000
20
-84.680000
10
110.530000
20
-84.660000
10
110.530000
20
-84.660000
10
110.350000
20
-84.660000
10
110.350000
20
-84.660000
10
110.180000
20
-84.660000
10
110.180000
20
-84.660000
10
110.010000
20
-84.680000
10
110.010000
20
-84.680000
10
109.860000
20
-84.710000
10
109.860000
20
-84.710000
10
109.720000
20
-84.760000
10
109.720000
20
-84.760000
10
109.590000
20
-84.820000
10
109.590000
20
-84.820000
10
109.460000
20
-84.890000
10
109.460000
20
-84.890000
10
109.350000
20
-84.970000
10
109.350000
20
-84.970000
10
109.240000
20
-85.070000
10
109.240000
20
-85.070000
10
109.150000
20
-85.170000
10
109.150000
20
-85.170000
10
109.080000
20
-85.290000
10
109.080000
20
-85.290000
10
109.010000
20
-85.410000
10
109.010000
20
-85.410000
10
108.960000
20
-85.540000
10
108.960000
20
-85.540000
10
108.920000
20
-85.690000
10
108.920000
20
-85.690000
10
108.900000
20
-85.840000
10
108.900000
20
-85.840000
10
109.610000
20
-85.890000
10
109.610000
20
-85.890000
10
109.650000
20
-85.720000
10
109.650000
20
-85.720000
10
109.700000
20
-85.570000
10
109.700000
20
-85.570000
10
109.780000
20
-85.450000
10
109.780000
20
-85.450000
10
109.880000
20
-85.360000
10
109.880000
20
-85.360000
10
110.010000
20
-85.290000
10
110.010000
20
-85.290000
10
110.160000
20
-85.250000
10
110.160000
20
-85.250000
10
110.330000
20
-85.240000
10
110.330000
20
-85.240000
10
110.420000
20
-85.240000
10
110.420000
20
-85.240000
10
110.500000
20
-85.250000
10
110.500000
20
-85.250000
10
110.580000
20
-85.270000
10
110.580000
20
-85.270000
10
110.650000
20
-85.290000
10
110.650000
20
-85.290000
10
110.720000
20
-85.320000
10
110.720000
20
-85.320000
10
110.780000
20
-85.360000
10
110.780000
20
-85.360000
10
110.830000
20
-85.410000
10
110.830000
20
-85.410000
10
110.880000
20
-85.460000
10
110.880000
20
-85.460000
10
110.910000
20
-85.520000
10
110.910000
20
-85.520000
10
110.940000
20
-85.580000
10
110.940000
20
-85.580000
10
110.970000
20
-85.660000
10
110.970000
20
-85.660000
10
110.980000
20
-85.740000
10
110.980000
20
-85.740000
10
110.990000
20
-85.830000
10
110.990000
20
-85.830000
10
111.000000
20
-85.920000
10
111.000000
20
-85.920000
10
110.990000
20
-86.010000
10
110.990000
20
-86.010000
10
110.980000
20
-86.090000
10
110.980000
20
-86.090000
10
110.960000
20
-86.170000
10
110.960000
20
-86.170000
10
110.930000
20
-86.240000
10
110.930000
20
-86.240000
10
110.890000
20
-86.310000
10
110.890000
20
-86.310000
10
110.840000
20
-86.370000
10
110.840000
20
-86.370000
10
110.780000
20
-86.420000
10
110.780000
20
-86.420000
10
110.710000
20
-86.470000
10
110.710000
20
-86.470000
10
110.630000
20
-86.500000
10
110.630000
20
-86.500000
10
110.550000
20
-86.530000
10
110.550000
20
-86.530000
10
110.450000
20
-86.560000
10
110.450000
20
-86.560000
10
110.350000
20
-86.570000
10
110.350000
20
-86.570000
10
110.250000
20
-86.590000
10
110.250000
20
-86.590000
10
110.130000
20
-86.590000
10
110.130000
20
-86.590000
10
109.830000
20
-86.590000
10
109.830000
20
-86.590000
10
109.830000
20
-87.190000
10
109.830000
20
-87.190000
10
110.150000
20
-87.190000
10
110.150000
20
-87.190000
10
110.280000
20
-87.190000
10
110.280000
20
-87.190000
10
110.400000
20
-87.200000
10
110.400000
20
-87.200000
10
110.510000
20
-87.220000
10
110.510000
20
-87.220000
10
110.610000
20
-87.250000
10
110.610000
20
-87.250000
10
110.700000
20
-87.280000
10
110.700000
20
-87.280000
10
110.790000
20
-87.320000
10
110.790000
20
-87.320000
10
110.860000
20
-87.370000
10
110.860000
20
-87.370000
10
110.930000
20
-87.430000
10
110.930000
20
-87.430000
10
110.980000
20
-87.490000
10
110.980000
20
-87.490000
10
111.020000
20
-87.550000
10
111.020000
20
-87.550000
10
111.060000
20
-87.620000
10
111.060000
20
-87.620000
10
111.080000
20
-87.700000
10
111.080000
20
-87.700000
10
111.090000
20
-87.780000
10
111.090000
20
-87.780000
10
111.100000
20
-87.870000
10
111.100000
20
-87.870000
10
111.090000
20
-87.970000
10
111.090000
20
-87.970000
10
111.080000
20
-88.070000
10
111.080000
20
-88.070000
10
111.060000
20
-88.150000
10
111.060000
20
-88.150000
10
111.040000
20
-88.230000
10
111.040000
20
-88.230000
10
111.000000
20
-88.300000
10
111.000000
20
-88.300000
10
110.960000
20
-88.370000
10
110.960000
20
-88.370000
10
110.910000
20
-88.420000
10
110.910000
20
-88.420000
10
110.850000
20
-88.470000
10
110.850000
20
-88.470000
10
110.790000
20
-88.510000
10
110.790000
20
-88.510000
10
110.710000
20
-88.550000
10
110.710000
20
-88.550000
10
110.630000
20
-88.570000
10
110.630000
20
-88.570000
10
110.540000
20
-88.590000
10
110.540000
20
-88.590000
10
110.450000
20
-88.600000
10
110.450000
20
-88.600000
10
110.350000
20
-88.610000
10
110.350000
20
-88.610000
10
110.250000
20
-88.600000
10
110.250000
20
-88.600000
10
110.150000
20
-88.590000
10
110.150000
20
-88.590000
10
110.060000
20
-88.570000
10
110.060000
20
-88.570000
10
109.980000
20
-88.550000
10
109.980000
20
-88.550000
10
109.910000
20
-88.520000
10
109.910000
20
-88.520000
10
109.840000
20
-88.480000
10
109.840000
20
-88.480000
10
109.780000
20
-88.440000
10
109.780000
20
-88.440000
10
109.730000
20
-88.390000
10
109.730000
20
-88.390000
10
109.680000
20
-88.330000
10
109.680000
20
-88.330000
10
109.640000
20
-88.260000
10
109.640000
20
-88.260000
10
109.600000
20
-88.180000
10
109.600000
20
-88.180000
10
109.570000
20
-88.100000
10
109.570000
20
-88.100000
10
109.550000
20
-88.010000
10
109.550000
20
-88.010000
10
109.530000
20
-87.910000
10
109.530000
20
-87.910000
10
108.800000
20
-87.970000
10
108.800000
20
-87.970000
10
108.830000
20
-88.140000
10
108.830000
20
-88.140000
10
108.870000
20
-88.300000
10
108.870000
20
-88.300000
10
108.920000
20
-88.440000
10
108.920000
20
-88.440000
10
108.990000
20
-88.570000
10
108.990000
20
-88.570000
10
109.070000
20
-88.690000
10
109.070000
20
-88.690000
10
109.160000
20
-88.800000
10
109.160000
20
-88.800000
10
109.260000
20
-88.890000
10
109.260000
20
-88.890000
10
109.380000
20
-88.970000
10
109.380000
20
-88.970000
10
109.520000
20
-89.040000
10
109.520000
20
-89.040000
10
109.660000
20
-89.090000
10
109.660000
20
-89.090000
10
109.810000
20
-89.130000
10
109.810000
20
-89.130000
10
109.980000
20
-89.160000
10
109.980000
20
-89.160000
10
110.160000
20
-89.180000
10
110.160000
20
-89.180000
10
110.350000
20
-89.190000
10
110.350000
20
-89.190000
10
110.550000
20
-89.180000
10
110.550000
20
-89.180000
10
110.730000
20
-89.160000
10
110.730000
20
-89.160000
10
110.900000
20
-89.130000
10
110.900000
20
-89.130000
10
111.060000
20
-89.090000
10
111.060000
20
-89.090000
10
111.210000
20
-89.030000
10
111.210000
20
-89.030000
10
111.340000
20
-88.960000
10
111.340000
20
-88.960000
10
111.460000
20
-88.870000
10
111.460000
20
-88.870000
10
111.570000
20
-88.770000
10
111.570000
20
-88.770000
10
111.650000
20
-88.660000
10
111.650000
20
-88.660000
10
111.720000
20
-88.530000
10
111.720000
20
-88.530000
10
111.780000
20
-88.390000
10
111.780000
20
-88.390000
10
111.820000
20
-88.240000
10
111.820000
20
-88.240000
10
111.840000
20
-88.080000
0
LWPOLYLINE
5
1668
100
AcDbEntity
8
0
100
AcDbPolyline
90
8
70
0
43
0.000000
10
113.190000
20
-87.190000
10
113.190000
20
-87.820000
10
113.190000
20
-87.820000
10
115.000000
20
-87.820000
10
115.000000
20
-87.820000
10
115.000000
20
-87.190000
10
115.000000
20
-87.190000
10
113.190000
20
-87.190000
0
LWPOLYLINE
5
1669
100
AcDbEntity
8
0
100
AcDbPolyline
90
220
70
0
43
0.000000
10
116.340000
20
-88.620000
10
116.340000
20
-89.140000
10
116.340000
20
-89.140000
10
119.310000
20
-89.140000
10
119.310000
20
-89.140000
10
119.310000
20
-88.520000
10
119.310000
20
-88.520000
10
117.160000
20
-88.520000
10
117.160000
20
-88.520000
10
117.230000
20
-88.400000
10
117.230000
20
-88.400000
10
117.320000
20
-88.270000
10
117.320000
20
-88.270000
10
117.440000
20
-88.120000
10
117.440000
20
-88.120000
10
117.580000
20
-87.970000
10
117.580000
20
-87.970000
10
117.750000
20
-87.820000
10
117.750000
20
-87.820000
10
117.940000
20
-87.650000
10
117.940000
20
-87.650000
10
118.160000
20
-87.470000
10
118.160000
20
-87.470000
10
118.280000
20
-87.370000
10
118.280000
20
-87.370000
10
118.390000
20
-87.270000
10
118.390000
20
-87.270000
10
118.500000
20
-87.180000
10
118.500000
20
-87.180000
10
118.590000
20
-87.100000
10
118.590000
20
-87.100000
10
118.670000
20
-87.020000
10
118.670000
20
-87.020000
10
118.750000
20
-86.940000
10
118.750000
20
-86.940000
10
118.810000
20
-86.870000
10
118.810000
20
-86.870000
10
118.870000
20
-86.810000
10
118.870000
20
-86.810000
10
118.920000
20
-86.740000
10
118.920000
20
-86.740000
10
118.970000
20
-86.670000
10
118.970000
20
-86.670000
10
119.020000
20
-86.610000
10
119.020000
20
-86.610000
10
119.060000
20
-86.540000
10
119.060000
20
-86.540000
10
119.090000
20
-86.470000
10
119.090000
20
-86.470000
10
119.120000
20
-86.410000
10
119.120000
20
-86.410000
10
119.160000
20
-86.330000
10
119.160000
20
-86.330000
10
119.180000
20
-86.260000
10
119.180000
20
-86.260000
10
119.200000
20
-86.190000
10
119.200000
20
-86.190000
10
119.220000
20
-86.110000
10
119.220000
20
-86.110000
10
119.230000
20
-86.040000
10
119.230000
20
-86.040000
10
119.240000
20
-85.960000
10
119.240000
20
-85.960000
10
119.240000
20
-85.890000
10
119.240000
20
-85.890000
10
119.230000
20
-85.730000
10
119.230000
20
-85.730000
10
119.210000
20
-85.580000
10
119.210000
20
-85.580000
10
119.170000
20
-85.440000
10
119.170000
20
-85.440000
10
119.120000
20
-85.310000
10
119.120000
20
-85.310000
10
119.050000
20
-85.190000
10
119.050000
20
-85.190000
10
118.960000
20
-85.080000
10
118.960000
20
-85.080000
10
118.860000
20
-84.990000
10
118.860000
20
-84.990000
10
118.740000
20
-84.900000
10
118.740000
20
-84.900000
10
118.620000
20
-84.830000
10
118.620000
20
-84.830000
10
118.480000
20
-84.760000
10
118.480000
20
-84.760000
10
118.330000
20
-84.720000
10
118.330000
20
-84.720000
10
118.170000
20
-84.680000
10
118.170000
20
-84.680000
10
117.990000
20
-84.660000
10
117.990000
20
-84.660000
10
117.810000
20
-84.660000
10
117.810000
20
-84.660000
10
117.640000
20
-84.660000
10
117.640000
20
-84.660000
10
117.480000
20
-84.680000
10
117.480000
20
-84.680000
10
117.330000
20
-84.720000
10
117.330000
20
-84.720000
10
117.180000
20
-84.760000
10
117.180000
20
-84.760000
10
117.050000
20
-84.830000
10
117.050000
20
-84.830000
10
116.930000
20
-84.900000
10
116.930000
20
-84.900000
10
116.820000
20
-84.990000
10
116.820000
20
-84.990000
10
116.730000
20
-85.080000
10
116.730000
20
-85.080000
10
116.640000
20
-85.190000
10
116.640000
20
-85.190000
10
116.570000
20
-85.310000
10
116.570000
20
-85.310000
10
116.500000
20
-85.430000
10
116.500000
20
-85.430000
10
116.450000
20
-85.570000
10
116.450000
20
-85.570000
10
116.420000
20
-85.720000
10
116.420000
20
-85.720000
10
116.390000
20
-85.870000
10
116.390000
20
-85.870000
10
117.110000
20
-85.920000
10
117.110000
20
-85.920000
10
117.140000
20
-85.740000
10
117.140000
20
-85.740000
10
117.200000
20
-85.590000
10
117.200000
20
-85.590000
10
117.280000
20
-85.460000
10
117.280000
20
-85.460000
10
117.380000
20
-85.360000
10
117.380000
20
-85.360000
10
117.510000
20
-85.290000
10
117.510000
20
-85.290000
10
117.650000
20
-85.250000
10
117.650000
20
-85.250000
10
117.820000
20
-85.240000
10
117.820000
20
-85.240000
10
117.910000
20
-85.240000
10
117.910000
20
-85.240000
10
117.990000
20
-85.250000
10
117.990000
20
-85.250000
10
118.070000
20
-85.270000
10
118.070000
20
-85.270000
10
118.140000
20
-85.300000
10
118.140000
20
-85.300000
10
118.210000
20
-85.330000
10
118.210000
20
-85.330000
10
118.270000
20
-85.370000
10
118.270000
20
-85.370000
10
118.320000
20
-85.420000
10
118.320000
20
-85.420000
10
118.370000
20
-85.470000
10
118.370000
20
-85.470000
10
118.410000
20
-85.530000
10
118.410000
20
-85.530000
10
118.450000
20
-85.590000
10
118.450000
20
-85.590000
10
118.470000
20
-85.660000
10
118.470000
20
-85.660000
10
118.490000
20
-85.740000
10
118.490000
20
-85.740000
10
118.500000
20
-85.820000
10
118.500000
20
-85.820000
10
118.510000
20
-85.910000
10
118.510000
20
-85.910000
10
118.500000
20
-85.980000
10
118.500000
20
-85.980000
10
118.490000
20
-86.050000
10
118.490000
20
-86.050000
10
118.470000
20
-86.120000
10
118.470000
20
-86.120000
10
118.450000
20
-86.200000
10
118.450000
20
-86.200000
10
118.410000
20
-86.270000
10
118.410000
20
-86.270000
10
118.370000
20
-86.350000
10
118.370000
20
-86.350000
10
118.320000
20
-86.420000
10
118.320000
20
-86.420000
10
118.260000
20
-86.500000
10
118.260000
20
-86.500000
10
118.180000
20
-86.590000
10
118.180000
20
-86.590000
10
118.090000
20
-86.690000
10
118.090000
20
-86.690000
10
117.980000
20
-86.800000
10
117.980000
20
-86.800000
10
117.850000
20
-86.910000
10
117.850000
20
-86.910000
10
117.710000
20
-87.040000
10
117.710000
20
-87.040000
10
117.560000
20
-87.170000
10
117.560000
20
-87.170000
10
117.420000
20
-87.290000
10
117.420000
20
-87.290000
10
117.300000
20
-87.400000
10
117.300000
20
-87.400000
10
117.180000
20
-87.510000
10
117.180000
20
-87.510000
10
117.070000
20
-87.610000
10
117.070000
20
-87.610000
10
116.970000
20
-87.720000
10
116.970000
20
-87.720000
10
116.880000
20
-87.820000
10
116.880000
20
-87.820000
10
116.790000
20
-87.920000
10
116.790000
20
-87.920000
10
116.710000
20
-88.020000
10
116.710000
20
-88.020000
10
116.630000
20
-88.120000
10
116.630000
20
-88.120000
10
116.560000
20
-88.220000
10
116.560000
20
-88.220000
10
116.500000
20
-88.320000
10
116.500000
20
-88.320000
10
116.440000
20
-88.420000
10
116.440000
20
-88.420000
10
116.390000
20
-88.520000
10
116.390000
20
-88.520000
10
116.340000
20
-88.620000
0
LWPOLYLINE
5
1670
100
AcDbEntity
8
0
100
AcDbPolyline
90
238
70
0
43
0.000000
10
131.720000
20
-87.880000
10
131.730000
20
-87.690000
10
131.730000
20
-87.690000
10
131.730000
20
-87.500000
10
131.730000
20
-87.500000
10
131.700000
20
-87.330000
10
131.700000
20
-87.330000
10
131.670000
20
-87.170000
10
131.670000
20
-87.170000
10
131.620000
20
-87.020000
10
131.620000
20
-87.020000
10
131.550000
20
-86.890000
10
131.550000
20
-86.890000
10
131.480000
20
-86.770000
10
131.480000
20
-86.770000
10
131.380000
20
-86.660000
10
131.380000
20
-86.660000
10
131.270000
20
-86.550000
10
131.270000
20
-86.550000
10
131.150000
20
-86.470000
10
131.150000
20
-86.470000
10
131.020000
20
-86.400000
10
131.020000
20
-86.400000
10
130.880000
20
-86.340000
10
130.880000
20
-86.340000
10
130.730000
20
-86.300000
10
130.730000
20
-86.300000
10
130.570000
20
-86.280000
10
130.570000
20
-86.280000
10
130.400000
20
-86.270000
10
130.400000
20
-86.270000
10
130.260000
20
-86.280000
10
130.260000
20
-86.280000
10
130.120000
20
-86.290000
10
130.120000
20
-86.290000
10
129.990000
20
-86.320000
10
129.990000
20
-86.320000
10
129.870000
20
-86.360000
10
129.870000
20
-86.360000
10
129.760000
20
-86.410000
10
129.760000
20
-86.410000
10
129.660000
20
-86.470000
10
129.660000
20
-86.470000
10
129.570000
20
-86.540000
10
129.570000
20
-86.540000
10
129.630000
20
-85.320000
10
129.630000
20
-85.320000
10
131.480000
20
-85.320000
10
131.480000
20
-85.320000
10
131.480000
20
-84.720000
10
131.480000
20
-84.720000
10
129.020000
20
-84.720000
10
129.020000
20
-84.720000
10
128.870000
20
-87.140000
10
128.870000
20
-87.140000
10
129.550000
20
-87.140000
10
129.550000
20
-87.140000
10
129.600000
20
-87.100000
10
129.600000
20
-87.100000
10
129.640000
20
-87.060000
10
129.640000
20
-87.060000
10
129.690000
20
-87.030000
10
129.690000
20
-87.030000
10
129.740000
20
-86.990000
10
129.740000
20
-86.990000
10
129.790000
20
-86.970000
10
129.790000
20
-86.970000
10
129.840000
20
-86.940000
10
129.840000
20
-86.940000
10
129.880000
20
-86.920000
10
129.880000
20
-86.920000
10
129.930000
20
-86.900000
10
129.930000
20
-86.900000
10
129.970000
20
-86.890000
10
129.970000
20
-86.890000
10
130.020000
20
-86.880000
10
130.020000
20
-86.880000
10
130.080000
20
-86.870000
10
130.080000
20
-86.870000
10
130.130000
20
-86.860000
10
130.130000
20
-86.860000
10
130.190000
20
-86.860000
10
130.190000
20
-86.860000
10
130.250000
20
-86.860000
10
130.250000
20
-86.860000
10
130.350000
20
-86.860000
10
130.350000
20
-86.860000
10
130.440000
20
-86.870000
10
130.440000
20
-86.870000
10
130.520000
20
-86.900000
10
130.520000
20
-86.900000
10
130.600000
20
-86.930000
10
130.600000
20
-86.930000
10
130.670000
20
-86.970000
10
130.670000
20
-86.970000
10
130.740000
20
-87.030000
10
130.740000
20
-87.030000
10
130.800000
20
-87.090000
10
130.800000
20
-87.090000
10
130.850000
20
-87.150000
10
130.850000
20
-87.150000
10
130.900000
20
-87.230000
10
130.900000
20
-87.230000
10
130.930000
20
-87.300000
10
130.930000
20
-87.300000
10
130.960000
20
-87.390000
10
130.960000
20
-87.390000
10
130.980000
20
-87.480000
10
130.980000
20
-87.480000
10
131.000000
20
-87.580000
10
131.000000
20
-87.580000
10
131.000000
20
-87.690000
10
131.000000
20
-87.690000
10
131.000000
20
-87.810000
10
131.000000
20
-87.810000
10
130.980000
20
-87.930000
10
130.980000
20
-87.930000
10
130.960000
20
-88.040000
10
130.960000
20
-88.040000
10
130.930000
20
-88.140000
10
130.930000
20
-88.140000
10
130.900000
20
-88.230000
10
130.900000
20
-88.230000
10
130.850000
20
-88.310000
10
130.850000
20
-88.310000
10
130.800000
20
-88.390000
10
130.800000
20
-88.390000
10
130.730000
20
-88.450000
10
130.730000
20
-88.450000
10
130.660000
20
-88.500000
10
130.660000
20
-88.500000
10
130.580000
20
-88.550000
10
130.580000
20
-88.550000
10
130.500000
20
-88.580000
10
130.500000
20
-88.580000
10
130.400000
20
-88.600000
10
130.400000
20
-88.600000
10
130.310000
20
-88.620000
10
130.310000
20
-88.620000
10
130.200000
20
-88.620000
10
130.200000
20
-88.620000
10
130.140000
20
-88.620000
10
130.140000
20
-88.620000
10
130.080000
20
-88.620000
10
130.080000
20
-88.620000
10
130.030000
20
-88.610000
10
130.030000
20
-88.610000
10
129.970000
20
-88.600000
10
129.970000
20
-88.600000
10
129.920000
20
-88.590000
10
129.920000
20
-88.590000
10
129.880000
20
-88.570000
10
129.880000
20
-88.570000
10
129.830000
20
-88.560000
10
129.830000
20
-88.560000
10
129.800000
20
-88.540000
10
129.800000
20
-88.540000
10
129.760000
20
-88.510000
10
129.760000
20
-88.510000
10
129.720000
20
-88.490000
10
129.720000
20
-88.490000
10
129.690000
20
-88.460000
10
129.690000
20
-88.460000
10
129.660000
20
-88.430000
10
129.660000
20
-88.430000
10
129.630000
20
-88.400000
10
129.630000
20
-88.400000
10
129.600000
20
-88.370000
10
129.600000
20
-88.370000
10
129.580000
20
-88.340000
10
129.580000
20
-88.340000
10
129.550000
20
-88.300000
10
129.550000
20
-88.300000
10
129.530000
20
-88.250000
10
129.530000
20
-88.250000
10
129.510000
20
-88.200000
10
129.510000
20
-88.200000
10
129.490000
20
-88.150000
10
129.490000
20
-88.150000
10
129.470000
20
-88.090000
10
129.470000
20
-88.090000
10
129.450000
20
-88.020000
10
129.450000
20
-88.020000
10
128.730000
20
-88.090000
10
128.730000
20
-88.090000
10
128.770000
20
-88.240000
10
128.770000
20
-88.240000
10
128.810000
20
-88.380000
10
128.810000
20
-88.380000
10
128.860000
20
-88.510000
10
128.860000
20
-88.510000
10
128.930000
20
-88.620000
10
128.930000
20
-88.620000
10
129.000000
20
-88.730000
10
129.000000
20
-88.730000
10
129.090000
20
-88.820000
10
129.090000
20
-88.820000
10
129.180000
20
-88.910000
10
129.180000
20
-88.910000
10
129.290000
20
-88.980000
10
129.290000
20
-88.980000
10
129.410000
20
-89.040000
10
129.410000
20
-89.040000
10
129.540000
20
-89.100000
10
129.540000
20
-89.100000
10
129.680000
20
-89.140000
10
129.680000
20
-89.140000
10
129.830000
20
-89.170000
10
129.830000
20
-89.170000
10
130.000000
20
-89.180000
10
130.000000
20
-89.180000
10
130.170000
20
-89.190000
10
130.170000
20
-89.190000
10
130.370000
20
-89.180000
10
130.370000
20
-89.180000
10
130.560000
20
-89.160000
10
130.560000
20
-89.160000
10
130.740000
20
-89.120000
10
130.740000
20
-89.120000
10
130.900000
20
-89.060000
10
130.900000
20
-89.060000
10
131.050000
20
-88.980000
10
131.050000
20
-88.980000
10
131.190000
20
-88.890000
10
131.190000
20
-88.890000
10
131.320000
20
-88.790000
10
131.320000
20
-88.790000
10
131.430000
20
-88.670000
10
131.430000
20
-88.670000
10
131.520000
20
-88.540000
10
131.520000
20
-88.540000
10
131.600000
20
-88.390000
10
131.600000
20
-88.390000
10
131.660000
20
-88.230000
10
131.660000
20
-88.230000
10
131.700000
20
-88.060000
10
131.700000
20
-88.060000
10
131.720000
20
-87.880000
0
LWPOLYLINE
5
1671
100
AcDbEntity
8
0
100
AcDbPolyline
90
238
70
0
43
0.000000
10
139.530000
20
-87.880000
10
139.540000
20
-87.690000
10
139.540000
20
-87.690000
10
139.540000
20
-87.500000
10
139.540000
20
-87.500000
10
139.510000
20
-87.330000
10
139.510000
20
-87.330000
10
139.480000
20
-87.170000
10
139.480000
20
-87.170000
10
139.430000
20
-87.020000
10
139.430000
20
-87.020000
10
139.360000
20
-86.890000
10
139.360000
20
-86.890000
10
139.290000
20
-86.770000
10
139.290000
20
-86.770000
10
139.190000
20
-86.660000
10
139.190000
20
-86.660000
10
139.080000
20
-86.550000
10
139.080000
20
-86.550000
10
138.960000
20
-86.470000
10
138.960000
20
-86.470000
10
138.830000
20
-86.400000
10
138.830000
20
-86.400000
10
138.690000
20
-86.340000
10
138.690000
20
-86.340000
10
138.540000
20
-86.300000
10
138.540000
20
-86.300000
10
138.380000
20
-86.280000
10
138.380000
20
-86.280000
10
138.210000
20
-86.270000
10
138.210000
20
-86.270000
10
138.070000
20
-86.280000
10
138.070000
20
-86.280000
10
137.930000
20
-86.290000
10
137.930000
20
-86.290000
10
137.800000
20
-86.320000
10
137.800000
20
-86.320000
10
137.680000
20
-86.360000
10
137.680000
20
-86.360000
10
137.570000
20
-86.410000
10
137.570000
20
-86.410000
10
137.470000
20
-86.470000
10
137.470000
20
-86.470000
10
137.380000
20
-86.540000
10
137.380000
20
-86.540000
10
137.440000
20
-85.320000
10
137.440000
20
-85.320000
10
139.290000
20
-85.320000
10
139.290000
20
-85.320000
10
139.290000
20
-84.720000
10
139.290000
20
-84.720000
10
136.830000
20
-84.720000
10
136.830000
20
-84.720000
10
136.680000
20
-87.140000
10
136.680000
20
-87.140000
10
137.360000
20
-87.140000
10
137.360000
20
-87.140000
10
137.410000
20
-87.100000
10
137.410000
20
-87.100000
10
137.450000
20
-87.060000
10
137.450000
20
-87.060000
10
137.500000
20
-87.030000
10
137.500000
20
-87.030000
10
137.550000
20
-86.990000
10
137.550000
20
-86.990000
10
137.600000
20
-86.970000
10
137.600000
20
-86.970000
10
137.650000
20
-86.940000
10
137.650000
20
-86.940000
10
137.690000
20
-86.920000
10
137.690000
20
-86.920000
10
137.740000
20
-86.900000
10
137.740000
20
-86.900000
10
137.780000
20
-86.890000
10
137.780000
20
-86.890000
10
137.830000
20
-86.880000
10
137.830000
20
-86.880000
10
137.890000
20
-86.870000
10
137.890000
20
-86.870000
10
137.940000
20
-86.860000
10
137.940000
20
-86.860000
10
138.000000
20
-86.860000
10
138.000000
20
-86.860000
10
138.060000
20
-86.860000
10
138.060000
20
-86.860000
10
138.160000
20
-86.860000
10
138.160000
20
-86.860000
10
138.250000
20
-86.870000
10
138.250000
20
-86.870000
10
138.330000
20
-86.900000
10
138.330000
20
-86.900000
10
138.410000
20
-86.930000
10
138.410000
20
-86.930000
10
138.480000
20
-86.970000
10
138.480000
20
-86.970000
10
138.550000
20
-87.030000
10
138.550000
20
-87.030000
10
138.610000
20
-87.090000
10
138.610000
20
-87.090000
10
138.660000
20
-87.150000
10
138.660000
20
-87.150000
10
138.710000
20
-87.230000
10
138.710000
20
-87.230000
10
138.740000
20
-87.300000
10
138.740000
20
-87.300000
10
138.770000
20
-87.390000
10
138.770000
20
-87.390000
10
138.790000
20
-87.480000
10
138.790000
20
-87.480000
10
138.810000
20
-87.580000
10
138.810000
20
-87.580000
10
138.810000
20
-87.690000
10
138.810000
20
-87.690000
10
138.810000
20
-87.810000
10
138.810000
20
-87.810000
10
138.790000
20
-87.930000
10
138.790000
20
-87.930000
10
138.770000
20
-88.040000
10
138.770000
20
-88.040000
10
138.740000
20
-88.140000
10
138.740000
20
-88.140000
10
138.710000
20
-88.230000
10
138.710000
20
-88.230000
10
138.660000
20
-88.310000
10
138.660000
20
-88.310000
10
138.610000
20
-88.390000
10
138.610000
20
-88.390000
10
138.540000
20
-88.450000
10
138.540000
20
-88.450000
10
138.470000
20
-88.500000
10
138.470000
20
-88.500000
10
138.390000
20
-88.550000
10
138.390000
20
-88.550000
10
138.310000
20
-88.580000
10
138.310000
20
-88.580000
10
138.210000
20
-88.600000
10
138.210000
20
-88.600000
10
138.120000
20
-88.620000
10
138.120000
20
-88.620000
10
138.010000
20
-88.620000
10
138.010000
20
-88.620000
10
137.950000
20
-88.620000
10
137.950000
20
-88.620000
10
137.890000
20
-88.620000
10
137.890000
20
-88.620000
10
137.840000
20
-88.610000
10
137.840000
20
-88.610000
10
137.780000
20
-88.600000
10
137.780000
20
-88.600000
10
137.730000
20
-88.590000
10
137.730000
20
-88.590000
10
137.690000
20
-88.570000
10
137.690000
20
-88.570000
10
137.640000
20
-88.560000
10
137.640000
20
-88.560000
10
137.610000
20
-88.540000
10
137.610000
20
-88.540000
10
137.570000
20
-88.510000
10
137.570000
20
-88.510000
10
137.530000
20
-88.490000
10
137.530000
20
-88.490000
10
137.500000
20
-88.460000
10
137.500000
20
-88.460000
10
137.470000
20
-88.430000
10
137.470000
20
-88.430000
10
137.440000
20
-88.400000
10
137.440000
20
-88.400000
10
137.410000
20
-88.370000
10
137.410000
20
-88.370000
10
137.390000
20
-88.340000
10
137.390000
20
-88.340000
10
137.360000
20
-88.300000
10
137.360000
20
-88.300000
10
137.340000
20
-88.250000
10
137.340000
20
-88.250000
10
137.320000
20
-88.200000
10
137.320000
20
-88.200000
10
137.300000
20
-88.150000
10
137.300000
20
-88.150000
10
137.280000
20
-88.090000
10
137.280000
20
-88.090000
10
137.260000
20
-88.020000
10
137.260000
20
-88.020000
10
136.540000
20
-88.090000
10
136.540000
20
-88.090000
10
136.580000
20
-88.240000
10
136.580000
20
-88.240000
10
136.620000
20
-88.380000
10
136.620000
20
-88.380000
10
136.670000
20
-88.510000
10
136.670000
20
-88.510000
10
136.740000
20
-88.620000
10
136.740000
20
-88.620000
10
136.810000
20
-88.730000
10
136.810000
20
-88.730000
10
136.900000
20
-88.820000
10
136.900000
20
-88.820000
10
136.990000
20
-88.910000
10
136.990000
20
-88.910000
10
137.100000
20
-88.980000
10
137.100000
20
-88.980000
10
137.220000
20
-89.040000
10
137.220000
20
-89.040000
10
137.350000
20
-89.100000
10
137.350000
20
-89.100000
10
137.490000
20
-89.140000
10
137.490000
20
-89.140000
10
137.640000
20
-89.170000
10
137.640000
20
-89.170000
10
137.810000
20
-89.180000
10
137.810000
20
-89.180000
10
137.980000
20
-89.190000
10
137.980000
20
-89.190000
10
138.180000
20
-89.180000
10
138.180000
20
-89.180000
10
138.370000
20
-89.160000
10
138.370000
20
-89.160000
10
138.550000
20
-89.120000
10
138.550000
20
-89.120000
10
138.710000
20
-89.060000
10
138.710000
20
-89.060000
10
138.860000
20
-88.980000
10
138.860000
20
-88.980000
10
139.000000
20
-88.890000
10
139.000000
20
-88.890000
10
139.130000
20
-88.790000
10
139.130000
20
-88.790000
10
139.240000
20
-88.670000
10
139.240000
20
-88.670000
10
139.330000
20
-88.540000
10
139.330000
20
-88.540000
10
139.410000
20
-88.390000
10
139.410000
20
-88.390000
10
139.470000
20
-88.230000
10
139.470000
20
-88.230000
10
139.510000
20
-88.060000
10
139.510000
20
-88.060000
10
139.530000
20
-87.880000
0
LWPOLYLINE
5
1672
100
AcDbEntity
8
0
100
AcDbPolyline
90
22
70
0
43
0.000000
10
149.560000
20
-88.560000
10
148.420000
20
-88.560000
10
148.420000
20
-88.560000
10
148.420000
20
-89.140000
10
148.420000
20
-89.140000
10
151.240000
20
-89.140000
10
151.240000
20
-89.140000
10
151.240000
20
-88.560000
10
151.240000
20
-88.560000
10
150.270000
20
-88.560000
10
150.270000
20
-88.560000
10
150.270000
20
-84.720000
10
150.270000
20
-84.720000
10
149.610000
20
-84.720000
10
149.610000
20
-84.720000
10
148.520000
20
-85.440000
10
148.520000
20
-85.440000
10
148.520000
20
-86.040000
10
148.520000
20
-86.040000
10
149.560000
20
-85.390000
10
149.560000
20
-85.390000
10
149.560000
20
-88.560000
0
LWPOLYLINE
5
1673
100
AcDbEntity
8
0
100
AcDbPolyline
90
22
70
0
43
0.000000
10
153.460000
20
-88.560000
10
152.330000
20
-88.560000
10
152.330000
20
-88.560000
10
152.330000
20
-89.140000
10
152.330000
20
-89.140000
10
155.150000
20
-89.140000
10
155.150000
20
-89.140000
10
155.150000
20
-88.560000
10
155.150000
20
-88.560000
10
154.180000
20
-88.560000
10
154.180000
20
-88.560000
10
154.180000
20
-84.720000
10
154.180000
20
-84.720000
10
153.510000
20
-84.720000
10
153.510000
20
-84.720000
10
152.430000
20
-85.440000
10
152.430000
20
-85.440000
10
152.430000
20
-86.040000
10
152.430000
20
-86.040000
10
153.460000
20
-85.390000
10
153.460000
20
-85.390000
10
153.460000
20
-88.560000
0
LWPOLYLINE
5
1674
100
AcDbEntity
8
0
100
AcDbPolyline
90
116
70
0
43
0.000000
10
162.850000
20
-87.220000
10
162.840000
20
-87.470000
10
162.840000
20
-87.470000
10
162.850000
20
-87.720000
10
162.850000
20
-87.720000
10
162.860000
20
-87.950000
10
162.860000
20
-87.950000
10
162.890000
20
-88.180000
10
162.890000
20
-88.180000
10
162.920000
20
-88.400000
10
162.920000
20
-88.400000
10
162.960000
20
-88.610000
10
162.960000
20
-88.610000
10
163.020000
20
-88.810000
10
163.020000
20
-88.810000
10
163.080000
20
-89.010000
10
163.080000
20
-89.010000
10
163.160000
20
-89.190000
10
163.160000
20
-89.190000
10
163.250000
20
-89.380000
10
163.250000
20
-89.380000
10
163.350000
20
-89.570000
10
163.350000
20
-89.570000
10
163.460000
20
-89.770000
10
163.460000
20
-89.770000
10
163.590000
20
-89.970000
10
163.590000
20
-89.970000
10
163.730000
20
-90.170000
10
163.730000
20
-90.170000
10
163.880000
20
-90.370000
10
163.880000
20
-90.370000
10
164.560000
20
-90.370000
10
164.560000
20
-90.370000
10
164.410000
20
-90.160000
10
164.410000
20
-90.160000
10
164.270000
20
-89.960000
10
164.270000
20
-89.960000
10
164.140000
20
-89.760000
10
164.140000
20
-89.760000
10
164.030000
20
-89.560000
10
164.030000
20
-89.560000
10
163.930000
20
-89.370000
10
163.930000
20
-89.370000
10
163.840000
20
-89.180000
10
163.840000
20
-89.180000
10
163.760000
20
-88.990000
10
163.760000
20
-88.990000
10
163.700000
20
-88.800000
10
163.700000
20
-88.800000
10
163.650000
20
-88.600000
10
163.650000
20
-88.600000
10
163.600000
20
-88.390000
10
163.600000
20
-88.390000
10
163.570000
20
-88.170000
10
163.570000
20
-88.170000
10
163.550000
20
-87.950000
10
163.550000
20
-87.950000
10
163.530000
20
-87.720000
10
163.530000
20
-87.720000
10
163.530000
20
-87.470000
10
163.530000
20
-87.470000
10
163.530000
20
-87.230000
10
163.530000
20
-87.230000
10
163.550000
20
-87.000000
10
163.550000
20
-87.000000
10
163.570000
20
-86.780000
10
163.570000
20
-86.780000
10
163.600000
20
-86.570000
10
163.600000
20
-86.570000
10
163.650000
20
-86.360000
10
163.650000
20
-86.360000
10
163.700000
20
-86.160000
10
163.700000
20
-86.160000
10
163.760000
20
-85.970000
10
163.760000
20
-85.970000
10
163.840000
20
-85.780000
10
163.840000
20
-85.780000
10
163.930000
20
-85.590000
10
163.930000
20
-85.590000
10
164.030000
20
-85.400000
10
164.030000
20
-85.400000
10
164.140000
20
-85.200000
10
164.140000
20
-85.200000
10
164.270000
20
-85.000000
10
164.270000
20
-85.000000
10
164.410000
20
-84.800000
10
164.410000
20
-84.800000
10
164.560000
20
-84.590000
10
164.560000
20
-84.590000
10
163.880000
20
-84.590000
10
163.880000
20
-84.590000
10
163.730000
20
-84.790000
10
163.730000
20
-84.790000
10
163.590000
20
-84.980000
10
163.590000
20
-84.980000
10
163.460000
20
-85.180000
10
163.460000
20
-85.180000
10
163.350000
20
-85.370000
10
163.350000
20
-85.370000
10
163.250000
20
-85.560000
10
163.250000
20
-85.560000
10
163.170000
20
-85.750000
10
163.170000
20
-85.750000
10
163.090000
20
-85.940000
10
163.090000
20
-85.940000
10
163.030000
20
-86.130000
10
163.030000
20
-86.130000
10
162.970000
20
-86.330000
10
162.970000
20
-86.330000
10
162.930000
20
-86.540000
10
162.930000
20
-86.540000
10
162.890000
20
-86.760000
10
162.890000
20
-86.760000
10
162.860000
20
-86.990000
10
162.860000
20
-86.990000
10
162.850000
20
-87.220000
0
LWPOLYLINE
5
1675
100
AcDbEntity
8
0
100
AcDbPolyline
90
116
70
0
43
0.000000
10
171.800000
20
-87.720000
10
171.810000
20
-87.470000
10
171.810000
20
-87.470000
10
171.800000
20
-87.230000
10
171.800000
20
-87.230000
10
171.790000
20
-87.000000
10
171.790000
20
-87.000000
10
171.770000
20
-86.780000
10
171.770000
20
-86.780000
10
171.730000
20
-86.570000
10
171.730000
20
-86.570000
10
171.690000
20
-86.360000
10
171.690000
20
-86.360000
10
171.640000
20
-86.160000
10
171.640000
20
-86.160000
10
171.580000
20
-85.970000
10
171.580000
20
-85.970000
10
171.500000
20
-85.790000
10
171.500000
20
-85.790000
10
171.410000
20
-85.600000
10
171.410000
20
-85.600000
10
171.310000
20
-85.410000
10
171.310000
20
-85.410000
10
171.190000
20
-85.210000
10
171.190000
20
-85.210000
10
171.070000
20
-85.010000
10
171.070000
20
-85.010000
10
170.930000
20
-84.800000
10
170.930000
20
-84.800000
10
170.780000
20
-84.590000
10
170.780000
20
-84.590000
10
170.080000
20
-84.590000
10
170.080000
20
-84.590000
10
170.230000
20
-84.800000
10
170.230000
20
-84.800000
10
170.370000
20
-85.010000
10
170.370000
20
-85.010000
10
170.500000
20
-85.210000
10
170.500000
20
-85.210000
10
170.620000
20
-85.410000
10
170.620000
20
-85.410000
10
170.720000
20
-85.610000
10
170.720000
20
-85.610000
10
170.800000
20
-85.800000
10
170.800000
20
-85.800000
10
170.880000
20
-85.990000
10
170.880000
20
-85.990000
10
170.940000
20
-86.180000
10
170.940000
20
-86.180000
10
171.000000
20
-86.370000
10
171.000000
20
-86.370000
10
171.040000
20
-86.580000
10
171.040000
20
-86.580000
10
171.080000
20
-86.790000
10
171.080000
20
-86.790000
10
171.110000
20
-87.010000
10
171.110000
20
-87.010000
10
171.120000
20
-87.240000
10
171.120000
20
-87.240000
10
171.130000
20
-87.470000
10
171.130000
20
-87.470000
10
171.120000
20
-87.710000
10
171.120000
20
-87.710000
10
171.110000
20
-87.940000
10
171.110000
20
-87.940000
10
171.080000
20
-88.160000
10
171.080000
20
-88.160000
10
171.040000
20
-88.380000
10
171.040000
20
-88.380000
10
171.000000
20
-88.580000
10
171.000000
20
-88.580000
10
170.940000
20
-88.780000
10
170.940000
20
-88.780000
10
170.880000
20
-88.970000
10
170.880000
20
-88.970000
10
170.800000
20
-89.160000
10
170.800000
20
-89.160000
10
170.720000
20
-89.340000
10
170.720000
20
-89.340000
10
170.620000
20
-89.540000
10
170.620000
20
-89.540000
10
170.500000
20
-89.740000
10
170.500000
20
-89.740000
10
170.370000
20
-89.940000
10
170.370000
20
-89.940000
10
170.230000
20
-90.160000
10
170.230000
20
-90.160000
10
170.080000
20
-90.370000
10
170.080000
20
-90.370000
10
170.780000
20
-90.370000
10
170.780000
20
-90.370000
10
170.930000
20
-90.160000
10
170.930000
20
-90.160000
10
171.060000
20
-89.950000
10
171.060000
20
-89.950000
10
171.190000
20
-89.750000
10
171.190000
20
-89.750000
10
171.300000
20
-89.550000
10
171.300000
20
-89.550000
10
171.400000
20
-89.360000
10
171.400000
20
-89.360000
10
171.490000
20
-89.170000
10
171.490000
20
-89.170000
10
171.560000
20
-88.990000
10
171.560000
20
-88.990000
10
171.630000
20
-88.800000
10
171.630000
20
-88.800000
10
171.680000
20
-88.610000
10
171.680000
20
-88.610000
10
171.730000
20
-88.400000
10
171.730000
20
-88.400000
10
171.760000
20
-88.180000
10
171.760000
20
-88.180000
10
171.790000
20
-87.960000
10
171.790000
20
-87.960000
10
171.800000
20
-87.720000
0
LWPOLYLINE
5
2176
100
AcDbEntity
8
0
100
AcDbPolyline
90
16
70
0
43
0.000000
10
49.347036
20
74.305708
42
-0.414214
10
54.347036
20
79.305708
10
54.347036
20
79.305708
10
184.347031
20
79.305708
10
184.347031
20
79.305708
42
-0.414214
10
189.347031
20
74.305708
10
189.347031
20
74.305708
10
189.347031
20
-45.694292
10
189.347031
20
-45.694292
42
-0.414214
10
184.347031
20
-50.694292
10
184.347031
20
-50.694292
10
54.347036
20
-50.694292
10
54.347036
20
-50.694292
42
-0.414214
10
49.347036
20
-45.694292
10
49.347036
20
-45.694292
10
49.347036
20
74.305708
  0
ENDSEC
  0
SECTION
  2
OBJECTS
  0
DICTIONARY
  5
C
330
0
100
AcDbDictionary
  3
ACAD_GROUP
350
D
  3
ACAD_PLOTSTYLENAME
350
E
  3
ACAD_MLINESTYLE
350
17
  3
ACAD_PLOTSETTINGS
350
19
  3
ACAD_LAYOUT
350
1A
  3
ACDBHEADERROUNDTRIPXREC
350
2C
  0
DICTIONARY
  5
4E
330
1F
100
AcDbDictionary
280
     1
  3
ACAD_LAYOUTSELFREF
360
4F
  0
DICTIONARY
  5
4C
330
1B
100
AcDbDictionary
280
     1
  3
ACAD_LAYOUTSELFREF
360
4D
  0
DICTIONARY
  5
D
102
{ACAD_REACTORS
330
C
102
}
330
C
100
AcDbDictionary
  0
ACDBDICTIONARYWDFLT
  5
E
102
{ACAD_REACTORS
330
C
102
}
330
C
100
AcDbDictionary
281
     1
  3
Normal
350
F
100
AcDbDictionaryWithDefault
340
F
  0
DICTIONARY
  5
17
102
{ACAD_REACTORS
330
C
102
}
330
C
100
AcDbDictionary
  3
STANDARD
350
18
  0
DICTIONARY
  5
19
102
{ACAD_REACTORS
330
C
102
}
330
C
100
AcDbDictionary
  0
DICTIONARY
  5
1A
102
{ACAD_REACTORS
330
C
102
}
330
C
100
AcDbDictionary
  0
DICTIONARY
  5
2C
102
{ACAD_REACTORS
330
C
102
}
330
C
100
AcDbDictionary
  3
TSTACKALIGN
350
2D
  3
TSTACKSIZE
350
2E
  3
HYPERLINKBASE
350
2F
  3
STYLESHEET
350
30
  3
LAYOUTDICT
350
31
  3
PLOTSETDICT
350
32
  3
PLOTSTYLNAMDICT
350
33
  3
LWETCUNION
350
34
  3
INSUNITS
350
35
  3
CEPSNTYPE
350
36
  3
FINGERPRINTGUID
350
37
  3
VERSIONGUID
350
38
  3
PSVPSCALE
350
39
  3
PUCSORTHOREF
350
3A
  3
PUCSORTHOVIEW
350
3B
  3
PUCSBASE
350
3C
  3
PUCSORGTOP
350
3D
  3
PUCSORGBOTTOM
350
3E
  3
PUCSORGLEFT
350
3F
  3
PUCSORGRIGHT
350
40
  3
PUCSORGFRONT
350
41
  3
PUCSORGBACK
350
42
  3
UCSORTHOREF
350
43
  3
UCSORTHOVIEW
350
44
  3
UCSBASE
350
45
  3
UCSORGTOP
350
46
  3
UCSORGBOTTOM
350
47
  3
UCSORGLEFT
350
48
  3
UCSORGRIGHT
350
49
  3
UCSORGFRONT
350
4A
  3
UCSORGBACK
350
4B
  0
XRECORD
  5
4F
102
{ACAD_REACTORS
330
4E
102
}
330
4E
100
AcDbXrecord
340
1F
  0
XRECORD
  5
4D
102
{ACAD_REACTORS
330
4C
102
}
330
4C
100
AcDbXrecord
340
1B
  0
ACDBPLACEHOLDER
  5
F
102
{ACAD_REACTORS
330
E
102
}
330
E
100
AcDbPlaceHolder
280
     0
  0
MLINESTYLE
  5
18
102
{ACAD_REACTORS
330
17
102
}
330
17
100
AcDbMlineStyle
  2
STANDARD
 70
     0
  3

 62
   256
 51
90.0
 52
90.0
 71
     2
 49
0.5
 62
   256
  6
BYLAYER
 49
-0.5
 62
   256
  6
BYLAYER
  0
XRECORD
  5
2D
102
{ACAD_REACTORS
330
2C
102
}
330
2C
100
AcDbXrecord
 90
        1
  0
XRECORD
  5
2E
102
{ACAD_REACTORS
330
2C
102
}
330
2C
100
AcDbXrecord
 90
       70
  0
XRECORD
  5
2F
102
{ACAD_REACTORS
330
2C
102
}
330
2C
100
AcDbXrecord
  1

  0
XRECORD
  5
30
102
{ACAD_REACTORS
330
2C
102
}
330
2C
100
AcDbXrecord
  1

  0
XRECORD
  5
31
102
{ACAD_REACTORS
330
2C
102
}
330
2C
100
AcDbXrecord
340
1A
  0
XRECORD
  5
32
102
{ACAD_REACTORS
330
2C
102
}
330
2C
100
AcDbXrecord
340
19
  0
XRECORD
  5
33
102
{ACAD_REACTORS
330
2C
102
}
330
2C
100
AcDbXrecord
340
E
  0
XRECORD
  5
34
102
{ACAD_REACTORS
330
2C
102
}
330
2C
100
AcDbXrecord
 90
    10781
  0
XRECORD
  5
35
102
{ACAD_REACTORS
330
2C
102
}
330
2C
100
AcDbXrecord
 90
        1
  0
XRECORD
  5
36
102
{ACAD_REACTORS
330
2C
102
}
330
2C
100
AcDbXrecord
 90
        0
  0
XRECORD
  5
37
102
{ACAD_REACTORS
330
2C
102
}
330
2C
100
AcDbXrecord
  1
{52E71EDF-FFAA-4562-8346-3267B235A6A4}
  0
XRECORD
  5
38
102
{ACAD_REACTORS
330
2C
102
}
330
2C
100
AcDbXrecord
  1
{9F761B99-1ECE-458C-A54E-C2AD2766E43A}
  0
XRECORD
  5
39
102
{ACAD_REACTORS
330
2C
102
}
330
2C
100
AcDbXrecord
 40
0.0
  0
XRECORD
  5
3A
102
{ACAD_REACTORS
330
2C
102
}
330
2C
100
AcDbXrecord
340
0
  0
XRECORD
  5
3B
102
{ACAD_REACTORS
330
2C
102
}
330
2C
100
AcDbXrecord
 70
     0
  0
XRECORD
  5
3C
102
{ACAD_REACTORS
330
2C
102
}
330
2C
100
AcDbXrecord
340
0
  0
XRECORD
  5
3D
102
{ACAD_REACTORS
330
2C
102
}
330
2C
100
AcDbXrecord
 10
0.0
 20
0.0
 30
0.0
  0
XRECORD
  5
3E
102
{ACAD_REACTORS
330
2C
102
}
330
2C
100
AcDbXrecord
 10
0.0
 20
0.0
 30
0.0
  0
XRECORD
  5
3F
102
{ACAD_REACTORS
330
2C
102
}
330
2C
100
AcDbXrecord
 10
0.0
 20
0.0
 30
0.0
  0
XRECORD
  5
40
102
{ACAD_REACTORS
330
2C
102
}
330
2C
100
AcDbXrecord
 10
0.0
 20
0.0
 30
0.0
  0
XRECORD
  5
41
102
{ACAD_REACTORS
330
2C
102
}
330
2C
100
AcDbXrecord
 10
0.0
 20
0.0
 30
0.0
  0
XRECORD
  5
42
102
{ACAD_REACTORS
330
2C
102
}
330
2C
100
AcDbXrecord
 10
0.0
 20
0.0
 30
0.0
  0
XRECORD
  5
43
102
{ACAD_REACTORS
330
2C
102
}
330
2C
100
AcDbXrecord
340
0
  0
XRECORD
  5
44
102
{ACAD_REACTORS
330
2C
102
}
330
2C
100
AcDbXrecord
 70
     0
  0
XRECORD
  5
45
102
{ACAD_REACTORS
330
2C
102
}
330
2C
100
AcDbXrecord
340
0
  0
XRECORD
  5
46
102
{ACAD_REACTORS
330
2C
102
}
330
2C
100
AcDbXrecord
 10
0.0
 20
0.0
 30
0.0
  0
XRECORD
  5
47
102
{ACAD_REACTORS
330
2C
102
}
330
2C
100
AcDbXrecord
 10
0.0
 20
0.0
 30
0.0
  0
XRECORD
  5
48
102
{ACAD_REACTORS
330
2C
102
}
330
2C
100
AcDbXrecord
 10
0.0
 20
0.0
 30
0.0
  0
XRECORD
  5
49
102
{ACAD_REACTORS
330
2C
102
}
330
2C
100
AcDbXrecord
 10
0.0
 20
0.0
 30
0.0
  0
XRECORD
  5
4A
102
{ACAD_REACTORS
330
2C
102
}
330
2C
100
AcDbXrecord
 10
0.0
 20
0.0
 30
0.0
  0
XRECORD
  5
4B
102
{ACAD_REACTORS
330
2C
102
}
330
2C
100
AcDbXrecord
 10
0.0
 20
0.0
 30
0.0
  0
ENDSEC
  0
EOF
