  0
SECTION
  2
HEADER
  9
$ACADVER
  1
AC1014
  9
$ACADMAINTVER
 70
     9
  9
$DWGCODEPAGE
  3
ANSI_1252
  9
$INSBASE
 10
0.0
 20
0.0
 30
0.0
  9
$EXTMIN
 10
1.000000000000000E+20
 20
1.000000000000000E+20
 30
1.000000000000000E+20
  9
$EXTMAX
 10
-1.000000000000000E+20
 20
-1.000000000000000E+20
 30
-1.000000000000000E+20
  9
$LIMMIN
 10
0.0
 20
0.0
  9
$LIMMAX
 10
12.0
 20
9.0
  9
$ORTHOMODE
 70
     0
  9
$REGENMODE
 70
     1
  9
$FILLMODE
 70
     1
  9
$QTEXTMODE
 70
     0
  9
$MIRRTEXT
 70
     1
  9
$DRAGMODE
 70
     2
  9
$LTSCALE
 40
1.0
  9
$OSMODE
 70
    37
  9
$ATTMODE
 70
     1
  9
$TEXTSIZE
 40
0.2
  9
$TRACEWID
 40
0.05
  9
$TEXTSTYLE
  7
STANDARD
  9
$CLAYER
  8
0
  9
$CELTYPE
  6
BYLAYER
  9
$CECOLOR
 62
   256
  9
$CELTSCALE
 40
1.0
  9
$DELOBJ
 70
     1
  9
$DISPSILH
 70
     0
  9
$DIMSCALE
 40
1.0
  9
$DIMASZ
 40
0.18
  9
$DIMEXO
 40
0.0625
  9
$DIMDLI
 40
0.38
  9
$DIMRND
 40
0.0
  9
$DIMDLE
 40
0.0
  9
$DIMEXE
 40
0.18
  9
$DIMTP
 40
0.0
  9
$DIMTM
 40
0.0
  9
$DIMTXT
 40
0.18
  9
$DIMCEN
 40
0.09
  9
$DIMTSZ
 40
0.0
  9
$DIMTOL
 70
     0
  9
$DIMLIM
 70
     0
  9
$DIMTIH
 70
     1
  9
$DIMTOH
 70
     1
  9
$DIMSE1
 70
     0
  9
$DIMSE2
 70
     0
  9
$DIMTAD
 70
     0
  9
$DIMZIN
 70
     0
  9
$DIMBLK
  1

  9
$DIMASO
 70
     1
  9
$DIMSHO
 70
     1
  9
$DIMPOST
  1

  9
$DIMAPOST
  1

  9
$DIMALT
 70
     0
  9
$DIMALTD
 70
     2
  9
$DIMALTF
 40
25.4
  9
$DIMLFAC
 40
1.0
  9
$DIMTOFL
 70
     0
  9
$DIMTVP
 40
0.0
  9
$DIMTIX
 70
     0
  9
$DIMSOXD
 70
     0
  9
$DIMSAH
 70
     0
  9
$DIMBLK1
  1

  9
$DIMBLK2
  1

  9
$DIMSTYLE
  2
STANDARD
  9
$DIMCLRD
 70
     0
  9
$DIMCLRE
 70
     0
  9
$DIMCLRT
 70
     0
  9
$DIMTFAC
 40
1.0
  9
$DIMGAP
 40
0.09
  9
$DIMJUST
 70
     0
  9
$DIMSD1
 70
     0
  9
$DIMSD2
 70
     0
  9
$DIMTOLJ
 70
     1
  9
$DIMTZIN
 70
     0
  9
$DIMALTZ
 70
     0
  9
$DIMALTTZ
 70
     0
  9
$DIMFIT
 70
     3
  9
$DIMUPT
 70
     0
  9
$DIMUNIT
 70
     2
  9
$DIMDEC
 70
     4
  9
$DIMTDEC
 70
     4
  9
$DIMALTU
 70
     2
  9
$DIMALTTD
 70
     2
  9
$DIMTXSTY
  7
STANDARD
  9
$DIMAUNIT
 70
     0
  9
$LUNITS
 70
     2
  9
$LUPREC
 70
     4
  9
$SKETCHINC
 40
0.1
  9
$FILLETRAD
 40
0.5
  9
$AUNITS
 70
     0
  9
$AUPREC
 70
     0
  9
$MENU
  1
.
  9
$ELEVATION
 40
0.0
  9
$PELEVATION
 40
0.0
  9
$THICKNESS
 40
0.0
  9
$LIMCHECK
 70
     0
  9
$BLIPMODE
 70
     0
  9
$CHAMFERA
 40
0.5
  9
$CHAMFERB
 40
0.5
  9
$CHAMFERC
 40
1.0
  9
$CHAMFERD
 40
0.0
  9
$SKPOLY
 70
     0
  9
$TDCREATE
 40
2452964.734852014
  9
$TDUPDATE
 40
2452964.737807419
  9
$TDINDWG
 40
0.0029613194
  9
$TDUSRTIMER
 40
0.0029570255
  9
$USRTIMER
 70
     1
  9
$ANGBASE
 50
0.0
  9
$ANGDIR
 70
     0
  9
$PDMODE
 70
     0
  9
$PDSIZE
 40
0.0
  9
$PLINEWID
 40
0.0
  9
$COORDS
 70
     1
  9
$SPLFRAME
 70
     0
  9
$SPLINETYPE
 70
     6
  9
$SPLINESEGS
 70
     8
  9
$ATTDIA
 70
     0
  9
$ATTREQ
 70
     1
  9
$HANDLING
 70
  4097
  9
$HANDSEED
  5
52
  9
$SURFTAB1
 70
     6
  9
$SURFTAB2
 70
     6
  9
$SURFTYPE
 70
     6
  9
$SURFU
 70
     6
  9
$SURFV
 70
     6
  9
$UCSNAME
  2

  9
$UCSORG
 10
0.0
 20
0.0
 30
0.0
  9
$UCSXDIR
 10
1.0
 20
0.0
 30
0.0
  9
$UCSYDIR
 10
0.0
 20
1.0
 30
0.0
  9
$PUCSNAME
  2

  9
$PUCSORG
 10
0.0
 20
0.0
 30
0.0
  9
$PUCSXDIR
 10
1.0
 20
0.0
 30
0.0
  9
$PUCSYDIR
 10
0.0
 20
1.0
 30
0.0
  9
$USERI1
 70
     0
  9
$USERI2
 70
     0
  9
$USERI3
 70
     0
  9
$USERI4
 70
     0
  9
$USERI5
 70
     0
  9
$USERR1
 40
0.0
  9
$USERR2
 40
0.0
  9
$USERR3
 40
0.0
  9
$USERR4
 40
0.0
  9
$USERR5
 40
0.0
  9
$WORLDVIEW
 70
     1
  9
$SHADEDGE
 70
     3
  9
$SHADEDIF
 70
    70
  9
$TILEMODE
 70
     1
  9
$MAXACTVP
 70
    64
  9
$PINSBASE
 10
0.0
 20
0.0
 30
0.0
  9
$PLIMCHECK
 70
     0
  9
$PEXTMIN
 10
1.000000000000000E+20
 20
1.000000000000000E+20
 30
1.000000000000000E+20
  9
$PEXTMAX
 10
-1.000000000000000E+20
 20
-1.000000000000000E+20
 30
-1.000000000000000E+20
  9
$PLIMMIN
 10
0.0
 20
0.0
  9
$PLIMMAX
 10
12.0
 20
9.0
  9
$UNITMODE
 70
     0
  9
$VISRETAIN
 70
     1
  9
$PLINEGEN
 70
     0
  9
$PSLTSCALE
 70
     1
  9
$TREEDEPTH
 70
  3020
  9
$PICKSTYLE
 70
     1
  9
$CMLSTYLE
  2
STANDARD
  9
$CMLJUST
 70
     0
  9
$CMLSCALE
 40
1.0
  9
$PROXYGRAPHICS
 70
     1
  9
$MEASUREMENT
 70
     0
  0
ENDSEC
  0
SECTION
  2
CLASSES
  0
CLASS
  1
ACDBDICTIONARYWDFLT
  2
AcDbDictionaryWithDefault
  3
AutoCAD 2000
 90
        0
280
     0
281
     0
  0
CLASS
  1
ACDBPLACEHOLDER
  2
AcDbPlaceHolder
  3
AutoCAD 2000
 90
        0
280
     0
281
     0
  0
CLASS
  1
LAYOUT
  2
AcDbLayout
  3
AutoCAD 2000
 90
        0
280
     0
281
     0
  0
CLASS
  1
LONG_TRANSACTION
  2
AcDbLongTransaction
  3
AutoCAD 2000
 90
        0
280
     0
281
     0
  0
CLASS
  1
LWPOLYLINE
  2
AcDbPolyline
  3
AutoCAD 2000
 90
        0
280
     0
281
     1
  0
CLASS
  1
HATCH
  2
AcDbHatch
  3
AutoCAD 2000
 90
        0
280
     0
281
     1
  0
CLASS
  1
XRECORD
  2
AcDbXrecord
  3
AutoCAD 2000
 90
        0
280
     0
281
     0
  0
ENDSEC
  0
SECTION
  2
TABLES
  0
TABLE
  2
VPORT
  5
8
330
0
100
AcDbSymbolTable
 70
     3
  0
VPORT
  5
2B
330
8
100
AcDbSymbolTableRecord
100
AcDbViewportTableRecord
  2
*ACTIVE
 70
     0
 10
0.0
 20
0.0
 11
1.0
 21
1.0
 12
8.841614906832298
 22
4.5
 13
0.0
 23
0.0
 14
0.5
 24
0.5
 15
0.5
 25
0.5
 16
0.0
 26
0.0
 36
1.0
 17
0.0
 27
0.0
 37
0.0
 40
9.0
 41
1.964803312629399
 42
50.0
 43
0.0
 44
0.0
 50
0.0
 51
0.0
 71
     0
 72
   100
 73
     1
 74
     3
 75
     0
 76
     0
 77
     0
 78
     0
  0
ENDTAB
  0
TABLE
  2
LTYPE
  5
5
330
0
100
AcDbSymbolTable
 70
     1
  0
LTYPE
  5
14
330
5
100
AcDbSymbolTableRecord
100
AcDbLinetypeTableRecord
  2
BYBLOCK
 70
     0
  3

 72
    65
 73
     0
 40
0.0
  0
LTYPE
  5
15
330
5
100
AcDbSymbolTableRecord
100
AcDbLinetypeTableRecord
  2
BYLAYER
 70
     0
  3

 72
    65
 73
     0
 40
0.0
  0
LTYPE
  5
16
330
5
100
AcDbSymbolTableRecord
100
AcDbLinetypeTableRecord
  2
CONTINUOUS
 70
     0
  3
Solid line
 72
    65
 73
     0
 40
0.0
  0
ENDTAB
  0
TABLE
  2
LAYER
  5
2
330
0
100
AcDbSymbolTable
 70
     1
  0
LAYER
  5
10
330
2
100
AcDbSymbolTableRecord
100
AcDbLayerTableRecord
  2
0
 70
     0
 62
     7
  6
CONTINUOUS
  0
ENDTAB
  0
TABLE
  2
STYLE
  5
3
330
0
100
AcDbSymbolTable
 70
     1
  0
STYLE
  5
11
330
3
100
AcDbSymbolTableRecord
100
AcDbTextStyleTableRecord
  2
STANDARD
 70
     0
 40
0.0
 41
1.0
 50
0.0
 71
     0
 42
0.2
  3
txt
  4

  0
ENDTAB
  0
TABLE
  2
VIEW
  5
6
330
0
100
AcDbSymbolTable
 70
     0
  0
ENDTAB
  0
TABLE
  2
UCS
  5
7
330
0
100
AcDbSymbolTable
 70
     0
  0
ENDTAB
  0
TABLE
  2
APPID
  5
9
330
0
100
AcDbSymbolTable
 70
     1
  0
APPID
  5
12
330
9
100
AcDbSymbolTableRecord
100
AcDbRegAppTableRecord
  2
ACAD
 70
     0
  0
ENDTAB
  0
TABLE
  2
DIMSTYLE
  5
A
330
0
100
AcDbSymbolTable
 70
     1
  0
DIMSTYLE
105
27
330
A
100
AcDbSymbolTableRecord
100
AcDbDimStyleTableRecord
  2
STANDARD
 70
     0
  3

  4

  5

  6

  7

 40
1.0
 41
0.18
 42
0.0625
 43
0.38
 44
0.18
 45
0.0
 46
0.0
 47
0.0
 48
0.0
140
0.18
141
0.09
142
0.0
143
25.4
144
1.0
145
0.0
146
1.0
147
0.09
 71
     0
 72
     0
 73
     1
 74
     1
 75
     0
 76
     0
 77
     0
 78
     0
170
     0
171
     2
172
     0
173
     0
174
     0
175
     0
176
     0
177
     0
178
     0
270
     2
271
     4
272
     4
273
     2
274
     2
340
11
275
     0
280
     0
281
     0
282
     0
283
     1
284
     0
285
     0
286
     0
287
     3
288
     0
  0
ENDTAB
  0
TABLE
  2
BLOCK_RECORD
  5
1
330
0
100
AcDbSymbolTable
 70
     1
  0
BLOCK_RECORD
  5
1F
102
{ACAD_XDICTIONARY
360
4E
102
}
330
1
100
AcDbSymbolTableRecord
100
AcDbBlockTableRecord
  2
*MODEL_SPACE
  0
BLOCK_RECORD
  5
1B
102
{ACAD_XDICTIONARY
360
4C
102
}
330
1
100
AcDbSymbolTableRecord
100
AcDbBlockTableRecord
  2
*PAPER_SPACE
  0
ENDTAB
  0
ENDSEC
  0
SECTION
  2
BLOCKS
  0
BLOCK
  5
20
330
1F
100
AcDbEntity
  8
0
100
AcDbBlockBegin
  2
*MODEL_SPACE
 70
     0
 10
0.0
 20
0.0
 30
0.0
  3
*MODEL_SPACE
  1

  0
ENDBLK
  5
21
330
1F
100
AcDbEntity
  8
0
100
AcDbBlockEnd
  0
BLOCK
  5
1C
330
1B
100
AcDbEntity
 67
     1
  8
0
100
AcDbBlockBegin
  2
*PAPER_SPACE
 70
     0
 10
0.0
 20
0.0
 30
0.0
  3
*PAPER_SPACE
  1

  0
ENDBLK
  5
1D
330
1B
100
AcDbEntity
 67
     1
  8
0
100
AcDbBlockEnd
  0
ENDSEC
  0
SECTION
  2
ENTITIES
0
LWPOLYLINE
5
1000
100
AcDbEntity
8
0
100
AcDbPolyline
90
16
70
0
43
0.000000
10
-5.470000
20
60.000000
10
-7.270000
20
60.000000
10
-7.270000
20
60.000000
10
-7.270000
20
58.680000
10
-7.270000
20
58.680000
10
-6.670000
20
58.680000
10
-6.670000
20
58.680000
10
-6.670000
20
59.120000
10
-6.670000
20
59.120000
10
-6.070000
20
59.120000
10
-6.070000
20
59.120000
10
-6.070000
20
58.680000
10
-6.070000
20
58.680000
10
-5.470000
20
58.680000
10
-5.470000
20
58.680000
10
-5.470000
20
60.000000
0
LWPOLYLINE
5
1001
100
AcDbEntity
8
0
100
AcDbPolyline
90
4
70
0
43
0.000000
10
47.180000
20
56.970000
42
1.000000
10
50.380000
20
56.970000
10
50.380000
20
56.970000
42
1.000000
10
47.180000
20
56.970000
0
LWPOLYLINE
5
1002
100
AcDbEntity
8
0
100
AcDbPolyline
90
4
70
0
43
0.000000
10
-19.320000
20
56.940000
42
1.000000
10
-16.120000
20
56.940000
10
-16.120000
20
56.940000
42
1.000000
10
-19.320000
20
56.940000
0
LWPOLYLINE
5
1003
100
AcDbEntity
8
0
100
AcDbPolyline
90
16
70
0
43
0.000000
10
-7.990000
20
58.080000
42
0.412984
10
-8.230000
20
58.320000
10
-8.230000
20
58.320000
10
-8.710000
20
58.320000
10
-8.710000
20
58.320000
42
0.410604
10
-8.940000
20
58.080000
10
-8.940000
20
58.080000
10
-8.940000
20
57.480000
10
-8.940000
20
57.480000
42
0.408185
10
-8.710000
20
57.240000
10
-8.710000
20
57.240000
10
-8.230000
20
57.240000
10
-8.230000
20
57.240000
42
0.410582
10
-7.990000
20
57.480000
10
-7.990000
20
57.480000
10
-7.990000
20
58.080000
0
LWPOLYLINE
5
1004
100
AcDbEntity
8
0
100
AcDbPolyline
90
16
70
0
43
0.000000
10
-5.470000
20
56.880000
10
-6.070000
20
56.880000
10
-6.070000
20
56.880000
10
-6.070000
20
56.440000
10
-6.070000
20
56.440000
10
-6.670000
20
56.440000
10
-6.670000
20
56.440000
10
-6.670000
20
56.880000
10
-6.670000
20
56.880000
10
-7.270000
20
56.880000
10
-7.270000
20
56.880000
10
-7.270000
20
55.550000
10
-7.270000
20
55.550000
10
-5.470000
20
55.550000
10
-5.470000
20
55.550000
10
-5.470000
20
56.880000
0
LWPOLYLINE
5
1005
100
AcDbEntity
8
0
100
AcDbPolyline
90
16
70
0
43
0.000000
10
-7.990000
20
56.360000
42
0.406973
10
-8.230000
20
56.590000
10
-8.230000
20
56.590000
10
-8.710000
20
56.590000
10
-8.710000
20
56.590000
42
0.404238
10
-8.940000
20
56.360000
10
-8.940000
20
56.360000
10
-8.940000
20
55.760000
10
-8.940000
20
55.760000
42
0.414261
10
-8.710000
20
55.520000
10
-8.710000
20
55.520000
10
-8.230000
20
55.520000
10
-8.230000
20
55.520000
42
0.416618
10
-7.990000
20
55.760000
10
-7.990000
20
55.760000
10
-7.990000
20
56.360000
0
LWPOLYLINE
5
1006
100
AcDbEntity
8
0
100
AcDbPolyline
90
16
70
0
43
0.000000
10
-39.790000
20
54.830000
42
0.414203
10
-40.030000
20
55.070000
10
-40.030000
20
55.070000
10
-40.500000
20
55.070000
10
-40.500000
20
55.070000
42
0.421622
10
-40.740000
20
54.830000
10
-40.740000
20
54.830000
10
-40.740000
20
54.330000
10
-40.740000
20
54.330000
42
0.419103
10
-40.500000
20
54.090000
10
-40.500000
20
54.090000
10
-40.030000
20
54.090000
10
-40.030000
20
54.090000
42
0.411789
10
-39.790000
20
54.330000
10
-39.790000
20
54.330000
10
-39.790000
20
54.830000
0
LWPOLYLINE
5
1007
100
AcDbEntity
8
0
100
AcDbPolyline
90
16
70
0
43
0.000000
10
-5.470000
20
54.550000
42
0.424802
10
-5.710000
20
54.790000
10
-5.710000
20
54.790000
10
-6.280000
20
54.790000
10
-6.280000
20
54.790000
42
0.422249
10
-6.520000
20
54.550000
10
-6.520000
20
54.550000
10
-6.520000
20
54.080000
10
-6.520000
20
54.080000
42
0.414819
10
-6.280000
20
53.840000
10
-6.280000
20
53.840000
10
-5.710000
20
53.840000
10
-5.710000
20
53.840000
42
0.417264
10
-5.470000
20
54.080000
10
-5.470000
20
54.080000
10
-5.470000
20
54.550000
0
LWPOLYLINE
5
1008
100
AcDbEntity
8
0
100
AcDbPolyline
90
16
70
0
43
0.000000
10
-7.220000
20
54.550000
42
0.424801
10
-7.460000
20
54.790000
10
-7.460000
20
54.790000
10
-8.030000
20
54.790000
10
-8.030000
20
54.790000
42
0.422249
10
-8.270000
20
54.550000
10
-8.270000
20
54.550000
10
-8.270000
20
54.080000
10
-8.270000
20
54.080000
42
0.414819
10
-8.030000
20
53.840000
10
-8.030000
20
53.840000
10
-7.460000
20
53.840000
10
-7.460000
20
53.840000
42
0.417264
10
-7.220000
20
54.080000
10
-7.220000
20
54.080000
10
-7.220000
20
54.550000
0
LWPOLYLINE
5
1009
100
AcDbEntity
8
0
100
AcDbPolyline
90
16
70
0
43
0.000000
10
-31.870000
20
54.300000
42
0.425454
10
-32.110000
20
54.540000
10
-32.110000
20
54.540000
10
-32.710000
20
54.540000
10
-32.710000
20
54.540000
42
0.415483
10
-32.940000
20
54.300000
10
-32.940000
20
54.300000
10
-32.940000
20
53.830000
10
-32.940000
20
53.830000
42
0.408173
10
-32.710000
20
53.590000
10
-32.710000
20
53.590000
10
-32.110000
20
53.590000
10
-32.110000
20
53.590000
42
0.417874
10
-31.870000
20
53.830000
10
-31.870000
20
53.830000
10
-31.870000
20
54.300000
0
LWPOLYLINE
5
1010
100
AcDbEntity
8
0
100
AcDbPolyline
90
16
70
0
43
0.000000
10
-33.590000
20
54.300000
42
0.419103
10
-33.830000
20
54.540000
10
-33.830000
20
54.540000
10
-34.430000
20
54.540000
10
-34.430000
20
54.540000
42
0.421625
10
-34.670000
20
54.300000
10
-34.670000
20
54.300000
10
-34.670000
20
53.830000
10
-34.670000
20
53.830000
42
0.414206
10
-34.430000
20
53.590000
10
-34.430000
20
53.590000
10
-33.830000
20
53.590000
10
-33.830000
20
53.590000
42
0.411789
10
-33.590000
20
53.830000
10
-33.590000
20
53.830000
10
-33.590000
20
54.300000
0
LWPOLYLINE
5
1011
100
AcDbEntity
8
0
100
AcDbPolyline
90
16
70
0
43
0.000000
10
-35.270000
20
54.300000
42
0.425451
10
-35.510000
20
54.540000
10
-35.510000
20
54.540000
10
-36.110000
20
54.540000
10
-36.110000
20
54.540000
42
0.415489
10
-36.340000
20
54.300000
10
-36.340000
20
54.300000
10
-36.340000
20
53.830000
10
-36.340000
20
53.830000
42
0.408179
10
-36.110000
20
53.590000
10
-36.110000
20
53.590000
10
-35.510000
20
53.590000
10
-35.510000
20
53.590000
42
0.417871
10
-35.270000
20
53.830000
10
-35.270000
20
53.830000
10
-35.270000
20
54.300000
0
LWPOLYLINE
5
1012
100
AcDbEntity
8
0
100
AcDbPolyline
90
16
70
0
43
0.000000
10
-36.990000
20
54.300000
42
0.419100
10
-37.230000
20
54.540000
10
-37.230000
20
54.540000
10
-37.830000
20
54.540000
10
-37.830000
20
54.540000
42
0.421628
10
-38.070000
20
54.300000
10
-38.070000
20
54.300000
10
-38.070000
20
53.830000
10
-38.070000
20
53.830000
42
0.414208
10
-37.830000
20
53.590000
10
-37.830000
20
53.590000
10
-37.230000
20
53.590000
10
-37.230000
20
53.590000
42
0.411786
10
-36.990000
20
53.830000
10
-36.990000
20
53.830000
10
-36.990000
20
54.300000
0
LWPOLYLINE
5
1013
100
AcDbEntity
8
0
100
AcDbPolyline
90
16
70
0
43
0.000000
10
-39.790000
20
53.010000
42
0.408179
10
-40.030000
20
53.240000
10
-40.030000
20
53.240000
10
-40.500000
20
53.240000
10
-40.500000
20
53.240000
42
0.415489
10
-40.740000
20
53.010000
10
-40.740000
20
53.010000
10
-40.740000
20
52.510000
10
-40.740000
20
52.510000
42
0.425448
10
-40.500000
20
52.270000
10
-40.500000
20
52.270000
10
-40.030000
20
52.270000
10
-40.030000
20
52.270000
42
0.417868
10
-39.790000
20
52.510000
10
-39.790000
20
52.510000
10
-39.790000
20
53.010000
0
LWPOLYLINE
5
1014
100
AcDbEntity
8
0
100
AcDbPolyline
90
16
70
0
43
0.000000
10
-32.120000
20
52.740000
42
0.412988
10
-32.340000
20
52.970000
10
-32.340000
20
52.970000
10
-32.790000
20
52.970000
10
-32.790000
20
52.970000
42
0.423289
10
-33.020000
20
52.740000
10
-33.020000
20
52.740000
10
-33.020000
20
51.890000
10
-33.020000
20
51.890000
42
0.415594
10
-32.790000
20
51.670000
10
-32.790000
20
51.670000
10
-32.340000
20
51.670000
10
-32.340000
20
51.670000
42
0.405073
10
-32.120000
20
51.890000
10
-32.120000
20
51.890000
10
-32.120000
20
52.740000
0
LWPOLYLINE
5
1015
100
AcDbEntity
8
0
100
AcDbPolyline
90
8
70
0
43
0.000000
10
-33.620000
20
52.970000
10
-34.520000
20
52.970000
10
-34.520000
20
52.970000
10
-34.520000
20
51.670000
10
-34.520000
20
51.670000
10
-33.620000
20
51.670000
10
-33.620000
20
51.670000
10
-33.620000
20
52.970000
0
LWPOLYLINE
5
1016
100
AcDbEntity
8
0
100
AcDbPolyline
90
16
70
0
43
0.000000
10
-35.120000
20
52.740000
42
0.412985
10
-35.340000
20
52.970000
10
-35.340000
20
52.970000
10
-35.790000
20
52.970000
10
-35.790000
20
52.970000
42
0.423292
10
-36.020000
20
52.740000
10
-36.020000
20
52.740000
10
-36.020000
20
51.890000
10
-36.020000
20
51.890000
42
0.415597
10
-35.790000
20
51.670000
10
-35.790000
20
51.670000
10
-35.340000
20
51.670000
10
-35.340000
20
51.670000
42
0.405070
10
-35.120000
20
51.890000
10
-35.120000
20
51.890000
10
-35.120000
20
52.740000
0
LWPOLYLINE
5
1017
100
AcDbEntity
8
0
100
AcDbPolyline
90
16
70
0
43
0.000000
10
-37.090000
20
52.770000
10
-38.840000
20
52.770000
10
-38.840000
20
52.770000
10
-38.840000
20
51.470000
10
-38.840000
20
51.470000
10
-38.260000
20
51.470000
10
-38.260000
20
51.470000
10
-38.260000
20
51.900000
10
-38.260000
20
51.900000
10
-37.680000
20
51.900000
10
-37.680000
20
51.900000
10
-37.680000
20
51.470000
10
-37.680000
20
51.470000
10
-37.090000
20
51.470000
10
-37.090000
20
51.470000
10
-37.090000
20
52.770000
0
LWPOLYLINE
5
1018
100
AcDbEntity
8
0
100
AcDbPolyline
90
16
70
0
43
0.000000
10
-39.570000
20
51.320000
42
0.413598
10
-39.820000
20
51.570000
10
-39.820000
20
51.570000
10
-40.720000
20
51.570000
10
-40.720000
20
51.570000
42
0.408993
10
-40.970000
20
51.320000
10
-40.970000
20
51.320000
10
-40.970000
20
50.670000
10
-40.970000
20
50.670000
42
0.415949
10
-40.720000
20
50.420000
10
-40.720000
20
50.420000
10
-39.820000
20
50.420000
10
-39.820000
20
50.420000
42
0.420747
10
-39.570000
20
50.670000
10
-39.570000
20
50.670000
10
-39.570000
20
51.320000
0
LWPOLYLINE
5
1019
100
AcDbEntity
8
0
100
AcDbPolyline
90
16
70
0
43
0.000000
10
-5.520000
20
52.520000
42
0.413027
10
-5.770000
20
52.770000
10
-5.770000
20
52.770000
10
-6.370000
20
52.770000
10
-6.370000
20
52.770000
42
0.410715
10
-6.620000
20
52.520000
10
-6.620000
20
52.520000
10
-6.620000
20
51.920000
10
-6.620000
20
51.920000
42
0.415379
10
-6.370000
20
51.670000
10
-6.370000
20
51.670000
10
-5.770000
20
51.670000
10
-5.770000
20
51.670000
42
0.417755
10
-5.520000
20
51.920000
10
-5.520000
20
51.920000
10
-5.520000
20
52.520000
0
LWPOLYLINE
5
1020
100
AcDbEntity
8
0
100
AcDbPolyline
90
16
70
0
43
0.000000
10
-8.320000
20
52.520000
42
0.413025
10
-8.570000
20
52.770000
10
-8.570000
20
52.770000
10
-9.170000
20
52.770000
10
-9.170000
20
52.770000
42
0.410716
10
-9.420000
20
52.520000
10
-9.420000
20
52.520000
10
-9.420000
20
51.920000
10
-9.420000
20
51.920000
42
0.415381
10
-9.170000
20
51.670000
10
-9.170000
20
51.670000
10
-8.570000
20
51.670000
10
-8.570000
20
51.670000
42
0.417753
10
-8.320000
20
51.920000
10
-8.320000
20
51.920000
10
-8.320000
20
52.520000
0
LWPOLYLINE
5
1021
100
AcDbEntity
8
0
100
AcDbPolyline
90
16
70
0
43
0.000000
10
-7.990000
20
50.720000
10
-9.740000
20
50.720000
10
-9.740000
20
50.720000
10
-9.740000
20
49.420000
10
-9.740000
20
49.420000
10
-9.160000
20
49.420000
10
-9.160000
20
49.420000
10
-9.160000
20
49.850000
10
-9.160000
20
49.850000
10
-8.580000
20
49.850000
10
-8.580000
20
49.850000
10
-8.580000
20
49.420000
10
-8.580000
20
49.420000
10
-7.990000
20
49.420000
10
-7.990000
20
49.420000
10
-7.990000
20
50.720000
0
LWPOLYLINE
5
1022
100
AcDbEntity
8
0
100
AcDbPolyline
90
8
70
0
43
0.000000
10
-33.200000
20
50.670000
10
-34.940000
20
50.670000
10
-34.940000
20
50.670000
10
-34.940000
20
48.370000
10
-34.940000
20
48.370000
10
-33.200000
20
48.370000
10
-33.200000
20
48.370000
10
-33.200000
20
50.670000
0
LWPOLYLINE
5
1023
100
AcDbEntity
8
0
100
AcDbPolyline
90
16
70
0
43
0.000000
10
-37.090000
20
49.670000
10
-37.680000
20
49.670000
10
-37.680000
20
49.670000
10
-37.680000
20
49.240000
10
-37.680000
20
49.240000
10
-38.260000
20
49.240000
10
-38.260000
20
49.240000
10
-38.260000
20
49.670000
10
-38.260000
20
49.670000
10
-38.840000
20
49.670000
10
-38.840000
20
49.670000
10
-38.840000
20
48.370000
10
-38.840000
20
48.370000
10
-37.090000
20
48.370000
10
-37.090000
20
48.370000
10
-37.090000
20
49.670000
0
LWPOLYLINE
5
1024
100
AcDbEntity
8
0
100
AcDbPolyline
90
16
70
0
43
0.000000
10
-39.570000
20
49.270000
42
0.413604
10
-39.820000
20
49.520000
10
-39.820000
20
49.520000
10
-40.720000
20
49.520000
10
-40.720000
20
49.520000
42
0.408999
10
-40.970000
20
49.270000
10
-40.970000
20
49.270000
10
-40.970000
20
48.620000
10
-40.970000
20
48.620000
42
0.415943
10
-40.720000
20
48.370000
10
-40.720000
20
48.370000
10
-39.820000
20
48.370000
10
-39.820000
20
48.370000
42
0.420742
10
-39.570000
20
48.620000
10
-39.570000
20
48.620000
10
-39.570000
20
49.270000
0
LWPOLYLINE
5
1025
100
AcDbEntity
8
0
100
AcDbPolyline
90
16
70
0
43
0.000000
10
-5.720000
20
50.220000
42
0.413038
10
-5.970000
20
50.470000
10
-5.970000
20
50.470000
10
-6.570000
20
50.470000
10
-6.570000
20
50.470000
42
0.410726
10
-6.820000
20
50.220000
10
-6.820000
20
50.220000
10
-6.820000
20
49.620000
10
-6.820000
20
49.620000
42
0.415379
10
-6.570000
20
49.370000
10
-6.570000
20
49.370000
10
-5.970000
20
49.370000
10
-5.970000
20
49.370000
42
0.417755
10
-5.720000
20
49.620000
10
-5.720000
20
49.620000
10
-5.720000
20
50.220000
0
LWPOLYLINE
5
1026
100
AcDbEntity
8
0
100
AcDbPolyline
90
16
70
0
43
0.000000
10
-25.120000
20
48.720000
42
0.413027
10
-25.370000
20
48.970000
10
-25.370000
20
48.970000
10
-28.170000
20
48.970000
10
-28.170000
20
48.970000
42
0.410714
10
-28.420000
20
48.720000
10
-28.420000
20
48.720000
10
-28.420000
20
44.720000
10
-28.420000
20
44.720000
42
0.415379
10
-28.170000
20
44.470000
10
-28.170000
20
44.470000
10
-25.370000
20
44.470000
10
-25.370000
20
44.470000
42
0.417756
10
-25.120000
20
44.720000
10
-25.120000
20
44.720000
10
-25.120000
20
48.720000
0
LWPOLYLINE
5
1027
100
AcDbEntity
8
0
100
AcDbPolyline
90
20
70
0
43
0.000000
10
-34.470000
20
46.820000
42
0.413546
10
-34.720000
20
47.070000
10
-34.720000
20
47.070000
10
-35.620000
20
47.070000
10
-35.620000
20
47.070000
10
-35.640000
20
47.070000
10
-35.640000
20
47.070000
42
0.387708
10
-35.870000
20
46.820000
10
-35.870000
20
46.820000
10
-35.870000
20
45.220000
10
-35.870000
20
45.220000
42
0.391496
10
-35.640000
20
44.970000
10
-35.640000
20
44.970000
10
-35.620000
20
44.970000
10
-35.620000
20
44.970000
10
-34.720000
20
44.970000
10
-34.720000
20
44.970000
42
0.441556
10
-34.470000
20
45.240000
10
-34.470000
20
45.240000
10
-34.470000
20
46.820000
0
LWPOLYLINE
5
1028
100
AcDbEntity
8
0
100
AcDbPolyline
90
20
70
0
43
0.000000
10
-38.870000
20
46.820000
42
0.413546
10
-39.120000
20
47.070000
10
-39.120000
20
47.070000
10
-40.020000
20
47.070000
10
-40.020000
20
47.070000
10
-40.040000
20
47.070000
10
-40.040000
20
47.070000
42
0.387708
10
-40.270000
20
46.820000
10
-40.270000
20
46.820000
10
-40.270000
20
45.220000
10
-40.270000
20
45.220000
42
0.391496
10
-40.040000
20
44.970000
10
-40.040000
20
44.970000
10
-40.020000
20
44.970000
10
-40.020000
20
44.970000
10
-39.120000
20
44.970000
10
-39.120000
20
44.970000
42
0.441556
10
-38.870000
20
45.240000
10
-38.870000
20
45.240000
10
-38.870000
20
46.820000
0
LWPOLYLINE
5
1029
100
AcDbEntity
8
0
100
AcDbPolyline
90
16
70
0
43
0.000000
10
-5.720000
20
47.420000
42
0.413032
10
-5.970000
20
47.670000
10
-5.970000
20
47.670000
10
-6.570000
20
47.670000
10
-6.570000
20
47.670000
42
0.410720
10
-6.820000
20
47.420000
10
-6.820000
20
47.420000
10
-6.820000
20
46.820000
10
-6.820000
20
46.820000
42
0.415379
10
-6.570000
20
46.570000
10
-6.570000
20
46.570000
10
-5.970000
20
46.570000
10
-5.970000
20
46.570000
42
0.417755
10
-5.720000
20
46.820000
10
-5.720000
20
46.820000
10
-5.720000
20
47.420000
0
LWPOLYLINE
5
1030
100
AcDbEntity
8
0
100
AcDbPolyline
90
16
70
0
43
0.000000
10
-7.990000
20
47.620000
10
-8.580000
20
47.620000
10
-8.580000
20
47.620000
10
-8.580000
20
47.190000
10
-8.580000
20
47.190000
10
-9.160000
20
47.190000
10
-9.160000
20
47.190000
10
-9.160000
20
47.620000
10
-9.160000
20
47.620000
10
-9.740000
20
47.620000
10
-9.740000
20
47.620000
10
-9.740000
20
46.320000
10
-9.740000
20
46.320000
10
-7.990000
20
46.320000
10
-7.990000
20
46.320000
10
-7.990000
20
47.620000
0
LWPOLYLINE
5
1031
100
AcDbEntity
8
0
100
AcDbPolyline
90
16
70
0
43
0.000000
10
-13.820000
20
45.070000
42
0.413033
10
-14.070000
20
45.320000
10
-14.070000
20
45.320000
10
-17.070000
20
45.320000
10
-17.070000
20
45.320000
42
0.410720
10
-17.320000
20
45.070000
10
-17.320000
20
45.070000
10
-17.320000
20
43.970000
10
-17.320000
20
43.970000
42
0.415379
10
-17.070000
20
43.720000
10
-17.070000
20
43.720000
10
-14.070000
20
43.720000
10
-14.070000
20
43.720000
42
0.417756
10
-13.820000
20
43.970000
10
-13.820000
20
43.970000
10
-13.820000
20
45.070000
0
LWPOLYLINE
5
1032
100
AcDbEntity
8
0
100
AcDbPolyline
90
16
70
0
43
0.000000
10
-19.420000
20
45.070000
42
0.413032
10
-19.670000
20
45.320000
10
-19.670000
20
45.320000
10
-22.670000
20
45.320000
10
-22.670000
20
45.320000
42
0.410722
10
-22.920000
20
45.070000
10
-22.920000
20
45.070000
10
-22.920000
20
43.970000
10
-22.920000
20
43.970000
42
0.415381
10
-22.670000
20
43.720000
10
-22.670000
20
43.720000
10
-19.670000
20
43.720000
10
-19.670000
20
43.720000
42
0.417755
10
-19.420000
20
43.970000
10
-19.420000
20
43.970000
10
-19.420000
20
45.070000
0
LWPOLYLINE
5
1033
100
AcDbEntity
8
0
100
AcDbPolyline
90
16
70
0
43
0.000000
10
-7.540000
20
45.160000
42
0.410660
10
-7.660000
20
45.270000
10
-7.660000
20
45.270000
10
-7.880000
20
45.270000
10
-7.880000
20
45.270000
42
0.404890
10
-7.990000
20
45.160000
10
-7.990000
20
45.160000
10
-7.990000
20
44.680000
10
-7.990000
20
44.680000
42
0.415541
10
-7.880000
20
44.570000
10
-7.880000
20
44.570000
10
-7.660000
20
44.570000
10
-7.660000
20
44.570000
42
0.421163
10
-7.540000
20
44.680000
10
-7.540000
20
44.680000
10
-7.540000
20
45.160000
0
LWPOLYLINE
5
1034
100
AcDbEntity
8
0
100
AcDbPolyline
90
16
70
0
43
0.000000
10
-4.890000
20
44.980000
42
0.412985
10
-5.130000
20
45.220000
10
-5.130000
20
45.220000
10
-5.610000
20
45.220000
10
-5.610000
20
45.220000
42
0.410604
10
-5.840000
20
44.980000
10
-5.840000
20
44.980000
10
-5.840000
20
44.480000
10
-5.840000
20
44.480000
42
0.408185
10
-5.610000
20
44.240000
10
-5.610000
20
44.240000
10
-5.130000
20
44.240000
10
-5.130000
20
44.240000
42
0.410582
10
-4.890000
20
44.480000
10
-4.890000
20
44.480000
10
-4.890000
20
44.980000
0
LWPOLYLINE
5
1035
100
AcDbEntity
8
0
100
AcDbPolyline
90
16
70
0
43
0.000000
10
8.980000
20
43.820000
42
0.412461
10
8.730000
20
44.070000
10
8.730000
20
44.070000
10
8.080000
20
44.070000
10
8.080000
20
44.070000
42
0.412456
10
7.830000
20
43.820000
10
7.830000
20
43.820000
10
7.830000
20
42.920000
10
7.830000
20
42.920000
42
0.417158
10
8.080000
20
42.670000
10
8.080000
20
42.670000
10
8.730000
20
42.670000
10
8.730000
20
42.670000
42
0.417162
10
8.980000
20
42.920000
10
8.980000
20
42.920000
10
8.980000
20
43.820000
0
LWPOLYLINE
5
1036
100
AcDbEntity
8
0
100
AcDbPolyline
90
16
70
0
43
0.000000
10
6.930000
20
43.820000
42
0.412458
10
6.680000
20
44.070000
10
6.680000
20
44.070000
10
6.030000
20
44.070000
10
6.030000
20
44.070000
42
0.412459
10
5.780000
20
43.820000
10
5.780000
20
43.820000
10
5.780000
20
42.920000
10
5.780000
20
42.920000
42
0.417160
10
6.030000
20
42.670000
10
6.030000
20
42.670000
10
6.680000
20
42.670000
10
6.680000
20
42.670000
42
0.417159
10
6.930000
20
42.920000
10
6.930000
20
42.920000
10
6.930000
20
43.820000
0
LWPOLYLINE
5
1037
100
AcDbEntity
8
0
100
AcDbPolyline
90
16
70
0
43
0.000000
10
-4.890000
20
43.160000
42
0.406974
10
-5.130000
20
43.390000
10
-5.130000
20
43.390000
10
-5.610000
20
43.390000
10
-5.610000
20
43.390000
42
0.404239
10
-5.840000
20
43.160000
10
-5.840000
20
43.160000
10
-5.840000
20
42.660000
10
-5.840000
20
42.660000
42
0.414261
10
-5.610000
20
42.420000
10
-5.610000
20
42.420000
10
-5.130000
20
42.420000
10
-5.130000
20
42.420000
42
0.416618
10
-4.890000
20
42.660000
10
-4.890000
20
42.660000
10
-4.890000
20
43.160000
0
LWPOLYLINE
5
1038
100
AcDbEntity
8
0
100
AcDbPolyline
90
16
70
0
43
0.000000
10
-6.890000
20
43.160000
42
0.410660
10
-7.010000
20
43.270000
10
-7.010000
20
43.270000
10
-7.230000
20
43.270000
10
-7.230000
20
43.270000
42
0.404892
10
-7.340000
20
43.160000
10
-7.340000
20
43.160000
10
-7.340000
20
42.680000
10
-7.340000
20
42.680000
42
0.415543
10
-7.230000
20
42.570000
10
-7.230000
20
42.570000
10
-7.010000
20
42.570000
10
-7.010000
20
42.570000
42
0.421163
10
-6.890000
20
42.680000
10
-6.890000
20
42.680000
10
-6.890000
20
43.160000
0
LWPOLYLINE
5
1039
100
AcDbEntity
8
0
100
AcDbPolyline
90
16
70
0
43
0.000000
10
-8.190000
20
43.160000
42
0.410660
10
-8.310000
20
43.270000
10
-8.310000
20
43.270000
10
-8.530000
20
43.270000
10
-8.530000
20
43.270000
42
0.404893
10
-8.640000
20
43.160000
10
-8.640000
20
43.160000
10
-8.640000
20
42.680000
10
-8.640000
20
42.680000
42
0.415544
10
-8.530000
20
42.570000
10
-8.530000
20
42.570000
10
-8.310000
20
42.570000
10
-8.310000
20
42.570000
42
0.421163
10
-8.190000
20
42.680000
10
-8.190000
20
42.680000
10
-8.190000
20
43.160000
0
LWPOLYLINE
5
1040
100
AcDbEntity
8
0
100
AcDbPolyline
90
16
70
0
43
0.000000
10
42.230000
20
42.790000
42
0.410561
10
42.000000
20
43.030000
10
42.000000
20
43.030000
10
41.400000
20
43.030000
10
41.400000
20
43.030000
42
0.422906
10
41.160000
20
42.790000
10
41.160000
20
42.790000
10
41.160000
20
42.320000
10
41.160000
20
42.320000
42
0.422899
10
41.400000
20
42.080000
10
41.400000
20
42.080000
10
42.000000
20
42.080000
10
42.000000
20
42.080000
42
0.410555
10
42.230000
20
42.320000
10
42.230000
20
42.320000
10
42.230000
20
42.790000
0
LWPOLYLINE
5
1041
100
AcDbEntity
8
0
100
AcDbPolyline
90
16
70
0
43
0.000000
10
40.510000
20
42.790000
42
0.416661
10
40.270000
20
43.030000
10
40.270000
20
43.030000
10
39.670000
20
43.030000
10
39.670000
20
43.030000
42
0.416670
10
39.430000
20
42.790000
10
39.430000
20
42.790000
10
39.430000
20
42.320000
10
39.430000
20
42.320000
42
0.416664
10
39.670000
20
42.080000
10
39.670000
20
42.080000
10
40.270000
20
42.080000
10
40.270000
20
42.080000
42
0.416655
10
40.510000
20
42.320000
10
40.510000
20
42.320000
10
40.510000
20
42.790000
0
LWPOLYLINE
5
1042
100
AcDbEntity
8
0
100
AcDbPolyline
90
16
70
0
43
0.000000
10
31.730000
20
42.110000
42
0.410111
10
31.480000
20
42.360000
10
31.480000
20
42.360000
10
30.580000
20
42.360000
10
30.580000
20
42.360000
42
0.407840
10
30.330000
20
42.110000
10
30.330000
20
42.110000
10
30.330000
20
41.450000
10
30.330000
20
41.450000
42
0.407840
10
30.580000
20
41.200000
10
30.580000
20
41.200000
10
31.480000
20
41.200000
10
31.480000
20
41.200000
42
0.410111
10
31.730000
20
41.450000
10
31.730000
20
41.450000
10
31.730000
20
42.110000
0
LWPOLYLINE
5
1043
100
AcDbEntity
8
0
100
AcDbPolyline
90
16
70
0
43
0.000000
10
29.660000
20
41.780000
42
0.412984
10
29.420000
20
42.020000
10
29.420000
20
42.020000
10
28.940000
20
42.020000
10
28.940000
20
42.020000
42
0.410604
10
28.710000
20
41.780000
10
28.710000
20
41.780000
10
28.710000
20
41.280000
10
28.710000
20
41.280000
42
0.408179
10
28.940000
20
41.040000
10
28.940000
20
41.040000
10
29.420000
20
41.040000
10
29.420000
20
41.040000
42
0.410575
10
29.660000
20
41.280000
10
29.660000
20
41.280000
10
29.660000
20
41.780000
0
LWPOLYLINE
5
1044
100
AcDbEntity
8
0
100
AcDbPolyline
90
16
70
0
43
0.000000
10
10.590000
20
41.750000
42
0.415486
10
10.360000
20
41.990000
10
10.360000
20
41.990000
10
9.860000
20
41.990000
10
9.860000
20
41.990000
42
0.425451
10
9.620000
20
41.750000
10
9.620000
20
41.750000
10
9.620000
20
41.280000
10
9.620000
20
41.280000
42
0.417871
10
9.860000
20
41.040000
10
9.860000
20
41.040000
10
10.360000
20
41.040000
10
10.360000
20
41.040000
42
0.408176
10
10.590000
20
41.280000
10
10.590000
20
41.280000
10
10.590000
20
41.750000
0
LWPOLYLINE
5
1045
100
AcDbEntity
8
0
100
AcDbPolyline
90
16
70
0
43
0.000000
10
8.770000
20
41.750000
42
0.421630
10
8.530000
20
41.990000
10
8.530000
20
41.990000
10
8.030000
20
41.990000
10
8.030000
20
41.990000
42
0.419095
10
7.790000
20
41.750000
10
7.790000
20
41.750000
10
7.790000
20
41.280000
10
7.790000
20
41.280000
42
0.411781
10
8.030000
20
41.040000
10
8.030000
20
41.040000
10
8.530000
20
41.040000
10
8.530000
20
41.040000
42
0.414210
10
8.770000
20
41.280000
10
8.770000
20
41.280000
10
8.770000
20
41.750000
0
LWPOLYLINE
5
1046
100
AcDbEntity
8
0
100
AcDbPolyline
90
16
70
0
43
0.000000
10
7.060000
20
41.570000
10
5.730000
20
41.570000
10
5.730000
20
41.570000
10
5.730000
20
40.670000
10
5.730000
20
40.670000
10
6.170000
20
40.670000
10
6.170000
20
40.670000
10
6.170000
20
39.770000
10
6.170000
20
39.770000
10
5.730000
20
39.770000
10
5.730000
20
39.770000
10
5.730000
20
38.870000
10
5.730000
20
38.870000
10
7.060000
20
38.870000
10
7.060000
20
38.870000
10
7.060000
20
41.570000
0
LWPOLYLINE
5
1047
100
AcDbEntity
8
0
100
AcDbPolyline
90
16
70
0
43
0.000000
10
3.930000
20
41.570000
10
2.600000
20
41.570000
10
2.600000
20
41.570000
10
2.600000
20
38.870000
10
2.600000
20
38.870000
10
3.930000
20
38.870000
10
3.930000
20
38.870000
10
3.930000
20
39.770000
10
3.930000
20
39.770000
10
3.490000
20
39.770000
10
3.490000
20
39.770000
10
3.490000
20
40.670000
10
3.490000
20
40.670000
10
3.930000
20
40.670000
10
3.930000
20
40.670000
10
3.930000
20
41.570000
0
LWPOLYLINE
5
1048
100
AcDbEntity
8
0
100
AcDbPolyline
90
16
70
0
43
0.000000
10
-3.190000
20
41.180000
42
0.412980
10
-3.430000
20
41.420000
10
-3.430000
20
41.420000
10
-3.910000
20
41.420000
10
-3.910000
20
41.420000
42
0.410597
10
-4.140000
20
41.180000
10
-4.140000
20
41.180000
10
-4.140000
20
40.680000
10
-4.140000
20
40.680000
42
0.408184
10
-3.910000
20
40.440000
10
-3.910000
20
40.440000
10
-3.430000
20
40.440000
10
-3.430000
20
40.440000
42
0.410583
10
-3.190000
20
40.680000
10
-3.190000
20
40.680000
10
-3.190000
20
41.180000
0
LWPOLYLINE
5
1049
100
AcDbEntity
8
0
100
AcDbPolyline
90
16
70
0
43
0.000000
10
-7.890000
20
41.180000
42
0.412981
10
-8.130000
20
41.420000
10
-8.130000
20
41.420000
10
-8.610000
20
41.420000
10
-8.610000
20
41.420000
42
0.410597
10
-8.840000
20
41.180000
10
-8.840000
20
41.180000
10
-8.840000
20
40.680000
10
-8.840000
20
40.680000
42
0.408184
10
-8.610000
20
40.440000
10
-8.610000
20
40.440000
10
-8.130000
20
40.440000
10
-8.130000
20
40.440000
42
0.410584
10
-7.890000
20
40.680000
10
-7.890000
20
40.680000
10
-7.890000
20
41.180000
0
LWPOLYLINE
5
1050
100
AcDbEntity
8
0
100
AcDbPolyline
90
8
70
0
43
0.000000
10
-30.620000
20
41.200000
10
-32.720000
20
41.200000
10
-32.720000
20
41.200000
10
-32.720000
20
37.840000
10
-32.720000
20
37.840000
10
-30.620000
20
37.840000
10
-30.620000
20
37.840000
10
-30.620000
20
41.200000
0
LWPOLYLINE
5
1051
100
AcDbEntity
8
0
100
AcDbPolyline
90
8
70
0
43
0.000000
10
-38.410000
20
41.200000
10
-40.520000
20
41.200000
10
-40.520000
20
41.200000
10
-40.520000
20
37.840000
10
-40.520000
20
37.840000
10
-38.410000
20
37.840000
10
-38.410000
20
37.840000
10
-38.410000
20
41.200000
0
LWPOLYLINE
5
1052
100
AcDbEntity
8
0
100
AcDbPolyline
90
16
70
0
43
0.000000
10
-5.090000
20
41.250000
42
0.433212
10
-5.210000
20
41.370000
10
-5.210000
20
41.370000
10
-5.430000
20
41.370000
10
-5.430000
20
41.370000
42
0.429134
10
-5.540000
20
41.250000
10
-5.540000
20
41.250000
10
-5.540000
20
40.780000
10
-5.540000
20
40.780000
42
0.418235
10
-5.430000
20
40.670000
10
-5.430000
20
40.670000
10
-5.210000
20
40.670000
10
-5.210000
20
40.670000
42
0.423823
10
-5.090000
20
40.780000
10
-5.090000
20
40.780000
10
-5.090000
20
41.250000
0
LWPOLYLINE
5
1053
100
AcDbEntity
8
0
100
AcDbPolyline
90
16
70
0
43
0.000000
10
-6.390000
20
41.250000
42
0.433212
10
-6.510000
20
41.370000
10
-6.510000
20
41.370000
10
-6.730000
20
41.370000
10
-6.730000
20
41.370000
42
0.429132
10
-6.840000
20
41.250000
10
-6.840000
20
41.250000
10
-6.840000
20
40.780000
10
-6.840000
20
40.780000
42
0.418233
10
-6.730000
20
40.670000
10
-6.730000
20
40.670000
10
-6.510000
20
40.670000
10
-6.510000
20
40.670000
42
0.423823
10
-6.390000
20
40.780000
10
-6.390000
20
40.780000
10
-6.390000
20
41.250000
0
LWPOLYLINE
5
1054
100
AcDbEntity
8
0
100
AcDbPolyline
90
16
70
0
43
0.000000
10
-13.490000
20
40.080000
42
0.412982
10
-13.730000
20
40.320000
10
-13.730000
20
40.320000
10
-14.210000
20
40.320000
10
-14.210000
20
40.320000
42
0.410601
10
-14.440000
20
40.080000
10
-14.440000
20
40.080000
10
-14.440000
20
39.580000
10
-14.440000
20
39.580000
42
0.408179
10
-14.210000
20
39.340000
10
-14.210000
20
39.340000
10
-13.730000
20
39.340000
10
-13.730000
20
39.340000
42
0.410577
10
-13.490000
20
39.580000
10
-13.490000
20
39.580000
10
-13.490000
20
40.080000
0
LWPOLYLINE
5
1055
100
AcDbEntity
8
0
100
AcDbPolyline
90
16
70
0
43
0.000000
10
-15.070000
20
40.070000
42
0.412454
10
-15.320000
20
40.320000
10
-15.320000
20
40.320000
10
-16.220000
20
40.320000
10
-16.220000
20
40.320000
42
0.410145
10
-16.470000
20
40.070000
10
-16.470000
20
40.070000
10
-16.470000
20
39.420000
10
-16.470000
20
39.420000
42
0.417135
10
-16.220000
20
39.170000
10
-16.220000
20
39.170000
10
-15.320000
20
39.170000
10
-15.320000
20
39.170000
42
0.419540
10
-15.070000
20
39.420000
10
-15.070000
20
39.420000
10
-15.070000
20
40.070000
0
LWPOLYLINE
5
1056
100
AcDbEntity
8
0
100
AcDbPolyline
90
16
70
0
43
0.000000
10
-18.540000
20
40.220000
10
-19.870000
20
40.220000
10
-19.870000
20
40.220000
10
-19.870000
20
39.620000
10
-19.870000
20
39.620000
10
-19.430000
20
39.620000
10
-19.430000
20
39.620000
10
-19.430000
20
39.020000
10
-19.430000
20
39.020000
10
-19.870000
20
39.020000
10
-19.870000
20
39.020000
10
-19.870000
20
38.420000
10
-19.870000
20
38.420000
10
-18.540000
20
38.420000
10
-18.540000
20
38.420000
10
-18.540000
20
40.220000
0
LWPOLYLINE
5
1057
100
AcDbEntity
8
0
100
AcDbPolyline
90
16
70
0
43
0.000000
10
-21.670000
20
40.220000
10
-23.000000
20
40.220000
10
-23.000000
20
40.220000
10
-23.000000
20
38.420000
10
-23.000000
20
38.420000
10
-21.670000
20
38.420000
10
-21.670000
20
38.420000
10
-21.670000
20
39.020000
10
-21.670000
20
39.020000
10
-22.110000
20
39.020000
10
-22.110000
20
39.020000
10
-22.110000
20
39.620000
10
-22.110000
20
39.620000
10
-21.670000
20
39.620000
10
-21.670000
20
39.620000
10
-21.670000
20
40.220000
0
LWPOLYLINE
5
1058
100
AcDbEntity
8
0
100
AcDbPolyline
90
16
70
0
43
0.000000
10
-25.120000
20
39.920000
42
0.413039
10
-25.370000
20
40.170000
10
-25.370000
20
40.170000
10
-28.170000
20
40.170000
10
-28.170000
20
40.170000
42
0.410725
10
-28.420000
20
39.920000
10
-28.420000
20
39.920000
10
-28.420000
20
35.920000
10
-28.420000
20
35.920000
42
0.415376
10
-28.170000
20
35.670000
10
-28.170000
20
35.670000
10
-25.370000
20
35.670000
10
-25.370000
20
35.670000
42
0.417753
10
-25.120000
20
35.920000
10
-25.120000
20
35.920000
10
-25.120000
20
39.920000
0
LWPOLYLINE
5
1059
100
AcDbEntity
8
0
100
AcDbPolyline
90
16
70
0
43
0.000000
10
-3.190000
20
39.360000
42
0.406974
10
-3.430000
20
39.590000
10
-3.430000
20
39.590000
10
-3.910000
20
39.590000
10
-3.910000
20
39.590000
42
0.404237
10
-4.140000
20
39.360000
10
-4.140000
20
39.360000
10
-4.140000
20
38.860000
10
-4.140000
20
38.860000
42
0.414263
10
-3.910000
20
38.620000
10
-3.910000
20
38.620000
10
-3.430000
20
38.620000
10
-3.430000
20
38.620000
42
0.416622
10
-3.190000
20
38.860000
10
-3.190000
20
38.860000
10
-3.190000
20
39.360000
0
LWPOLYLINE
5
1060
100
AcDbEntity
8
0
100
AcDbPolyline
90
16
70
0
43
0.000000
10
-7.890000
20
39.360000
42
0.406975
10
-8.130000
20
39.590000
10
-8.130000
20
39.590000
10
-8.610000
20
39.590000
10
-8.610000
20
39.590000
42
0.404237
10
-8.840000
20
39.360000
10
-8.840000
20
39.360000
10
-8.840000
20
38.860000
10
-8.840000
20
38.860000
42
0.414263
10
-8.610000
20
38.620000
10
-8.610000
20
38.620000
10
-8.130000
20
38.620000
10
-8.130000
20
38.620000
42
0.416623
10
-7.890000
20
38.860000
10
-7.890000
20
38.860000
10
-7.890000
20
39.360000
0
LWPOLYLINE
5
1061
100
AcDbEntity
8
0
100
AcDbPolyline
90
16
70
0
43
0.000000
10
-5.740000
20
39.250000
42
0.433224
10
-5.860000
20
39.370000
10
-5.860000
20
39.370000
10
-6.080000
20
39.370000
10
-6.080000
20
39.370000
42
0.429145
10
-6.190000
20
39.250000
10
-6.190000
20
39.250000
10
-6.190000
20
38.780000
10
-6.190000
20
38.780000
42
0.418233
10
-6.080000
20
38.670000
10
-6.080000
20
38.670000
10
-5.860000
20
38.670000
10
-5.860000
20
38.670000
42
0.423823
10
-5.740000
20
38.780000
10
-5.740000
20
38.780000
10
-5.740000
20
39.250000
0
LWPOLYLINE
5
1062
100
AcDbEntity
8
0
100
AcDbPolyline
90
16
70
0
43
0.000000
10
34.910000
20
41.720000
42
0.410572
10
34.670000
20
41.960000
10
34.670000
20
41.960000
10
34.190000
20
41.960000
10
34.190000
20
41.960000
42
0.405765
10
33.960000
20
41.720000
10
33.960000
20
41.720000
10
33.960000
20
41.120000
10
33.960000
20
41.120000
42
0.410579
10
34.190000
20
40.880000
10
34.190000
20
40.880000
10
34.670000
20
40.880000
10
34.670000
20
40.880000
42
0.415424
10
34.910000
20
41.120000
10
34.910000
20
41.120000
10
34.910000
20
41.720000
0
LWPOLYLINE
5
1063
100
AcDbEntity
8
0
100
AcDbPolyline
90
16
70
0
43
0.000000
10
33.410000
20
41.720000
42
0.410581
10
33.170000
20
41.960000
10
33.170000
20
41.960000
10
32.690000
20
41.960000
10
32.690000
20
41.960000
42
0.405756
10
32.460000
20
41.720000
10
32.460000
20
41.720000
10
32.460000
20
41.120000
10
32.460000
20
41.120000
42
0.410570
10
32.690000
20
40.880000
10
32.690000
20
40.880000
10
33.170000
20
40.880000
10
33.170000
20
40.880000
42
0.415433
10
33.410000
20
41.120000
10
33.410000
20
41.120000
10
33.410000
20
41.720000
0
LWPOLYLINE
5
1064
100
AcDbEntity
8
0
100
AcDbPolyline
90
16
70
0
43
0.000000
10
38.810000
20
41.220000
42
0.409382
10
38.570000
20
41.460000
10
38.570000
20
41.460000
10
38.090000
20
41.460000
10
38.090000
20
41.460000
42
0.406984
10
37.860000
20
41.220000
10
37.860000
20
41.220000
10
37.860000
20
40.720000
10
37.860000
20
40.720000
42
0.411825
10
38.090000
20
40.480000
10
38.090000
20
40.480000
10
38.570000
20
40.480000
10
38.570000
20
40.480000
42
0.414190
10
38.810000
20
40.720000
10
38.810000
20
40.720000
10
38.810000
20
41.220000
0
LWPOLYLINE
5
1065
100
AcDbEntity
8
0
100
AcDbPolyline
90
16
70
0
43
0.000000
10
42.230000
20
41.190000
42
0.410555
10
42.000000
20
41.430000
10
42.000000
20
41.430000
10
41.490000
20
41.430000
10
41.490000
20
41.430000
42
0.410579
10
41.260000
20
41.190000
10
41.260000
20
41.190000
10
41.260000
20
40.720000
10
41.260000
20
40.720000
42
0.410582
10
41.490000
20
40.480000
10
41.490000
20
40.480000
10
42.000000
20
40.480000
10
42.000000
20
40.480000
42
0.410558
10
42.230000
20
40.720000
10
42.230000
20
40.720000
10
42.230000
20
41.190000
0
LWPOLYLINE
5
1066
100
AcDbEntity
8
0
100
AcDbPolyline
90
16
70
0
43
0.000000
10
40.410000
20
41.190000
42
0.416652
10
40.170000
20
41.430000
10
40.170000
20
41.430000
10
39.670000
20
41.430000
10
39.670000
20
41.430000
42
0.416664
10
39.430000
20
41.190000
10
39.430000
20
41.190000
10
39.430000
20
40.720000
10
39.430000
20
40.720000
42
0.416667
10
39.670000
20
40.480000
10
39.670000
20
40.480000
10
40.170000
20
40.480000
10
40.170000
20
40.480000
42
0.416655
10
40.410000
20
40.720000
10
40.410000
20
40.720000
10
40.410000
20
41.190000
0
LWPOLYLINE
5
1067
100
AcDbEntity
8
0
100
AcDbPolyline
90
16
70
0
43
0.000000
10
12.620000
20
40.420000
10
11.290000
20
40.420000
10
11.290000
20
40.420000
10
11.290000
20
39.820000
10
11.290000
20
39.820000
10
11.730000
20
39.820000
10
11.730000
20
39.820000
10
11.730000
20
39.220000
10
11.730000
20
39.220000
10
11.290000
20
39.220000
10
11.290000
20
39.220000
10
11.290000
20
38.620000
10
11.290000
20
38.620000
10
12.620000
20
38.620000
10
12.620000
20
38.620000
10
12.620000
20
40.420000
0
LWPOLYLINE
5
1068
100
AcDbEntity
8
0
100
AcDbPolyline
90
16
70
0
43
0.000000
10
9.490000
20
40.420000
10
8.170000
20
40.420000
10
8.170000
20
40.420000
10
8.170000
20
38.620000
10
8.170000
20
38.620000
10
9.490000
20
38.620000
10
9.490000
20
38.620000
10
9.490000
20
39.220000
10
9.490000
20
39.220000
10
9.050000
20
39.220000
10
9.050000
20
39.220000
10
9.050000
20
39.820000
10
9.050000
20
39.820000
10
9.490000
20
39.820000
10
9.490000
20
39.820000
10
9.490000
20
40.420000
0
LWPOLYLINE
5
1069
100
AcDbEntity
8
0
100
AcDbPolyline
90
16
70
0
43
0.000000
10
31.730000
20
40.060000
42
0.410111
10
31.480000
20
40.310000
10
31.480000
20
40.310000
10
30.580000
20
40.310000
10
30.580000
20
40.310000
42
0.407840
10
30.330000
20
40.060000
10
30.330000
20
40.060000
10
30.330000
20
39.400000
10
30.330000
20
39.400000
42
0.407843
10
30.580000
20
39.150000
10
30.580000
20
39.150000
10
31.480000
20
39.150000
10
31.480000
20
39.150000
42
0.410114
10
31.730000
20
39.400000
10
31.730000
20
39.400000
10
31.730000
20
40.060000
0
LWPOLYLINE
5
1070
100
AcDbEntity
8
0
100
AcDbPolyline
90
16
70
0
43
0.000000
10
29.660000
20
39.960000
42
0.406969
10
29.420000
20
40.190000
10
29.420000
20
40.190000
10
28.940000
20
40.190000
10
28.940000
20
40.190000
42
0.404236
10
28.710000
20
39.960000
10
28.710000
20
39.960000
10
28.710000
20
39.460000
10
28.710000
20
39.460000
42
0.414264
10
28.940000
20
39.220000
10
28.940000
20
39.220000
10
29.420000
20
39.220000
10
29.420000
20
39.220000
42
0.416620
10
29.660000
20
39.460000
10
29.660000
20
39.460000
10
29.660000
20
39.960000
0
LWPOLYLINE
5
1071
100
AcDbEntity
8
0
100
AcDbPolyline
90
16
70
0
43
0.000000
10
19.110000
20
39.710000
42
0.426406
10
18.950000
20
39.870000
10
18.950000
20
39.870000
10
18.630000
20
39.870000
10
18.630000
20
39.870000
42
0.411359
10
18.470000
20
39.710000
10
18.470000
20
39.710000
10
18.470000
20
39.320000
10
18.470000
20
39.320000
42
0.411359
10
18.630000
20
39.160000
10
18.630000
20
39.160000
10
18.950000
20
39.160000
10
18.950000
20
39.160000
42
0.426406
10
19.110000
20
39.320000
10
19.110000
20
39.320000
10
19.110000
20
39.710000
0
LWPOLYLINE
5
1072
100
AcDbEntity
8
0
100
AcDbPolyline
90
16
70
0
43
0.000000
10
18.110000
20
39.710000
42
0.426401
10
17.950000
20
39.870000
10
17.950000
20
39.870000
10
17.630000
20
39.870000
10
17.630000
20
39.870000
42
0.411363
10
17.470000
20
39.710000
10
17.470000
20
39.710000
10
17.470000
20
39.320000
10
17.470000
20
39.320000
42
0.411363
10
17.630000
20
39.160000
10
17.630000
20
39.160000
10
17.950000
20
39.160000
10
17.950000
20
39.160000
42
0.426401
10
18.110000
20
39.320000
10
18.110000
20
39.320000
10
18.110000
20
39.710000
0
LWPOLYLINE
5
1073
100
AcDbEntity
8
0
100
AcDbPolyline
90
16
70
0
43
0.000000
10
34.910000
20
39.990000
42
0.416642
10
34.670000
20
40.230000
10
34.670000
20
40.230000
10
34.190000
20
40.230000
10
34.190000
20
40.230000
42
0.411788
10
33.960000
20
39.990000
10
33.960000
20
39.990000
10
33.960000
20
39.390000
10
33.960000
20
39.390000
42
0.404578
10
34.190000
20
39.150000
10
34.190000
20
39.150000
10
34.670000
20
39.150000
10
34.670000
20
39.150000
42
0.409377
10
34.910000
20
39.390000
10
34.910000
20
39.390000
10
34.910000
20
39.990000
0
LWPOLYLINE
5
1074
100
AcDbEntity
8
0
100
AcDbPolyline
90
16
70
0
43
0.000000
10
33.410000
20
39.990000
42
0.416652
10
33.170000
20
40.230000
10
33.170000
20
40.230000
10
32.690000
20
40.230000
10
32.690000
20
40.230000
42
0.411779
10
32.460000
20
39.990000
10
32.460000
20
39.990000
10
32.460000
20
39.390000
10
32.460000
20
39.390000
42
0.404570
10
32.690000
20
39.150000
10
32.690000
20
39.150000
10
33.170000
20
39.150000
10
33.170000
20
39.150000
42
0.409386
10
33.410000
20
39.390000
10
33.410000
20
39.390000
10
33.410000
20
39.990000
0
LWPOLYLINE
5
1075
100
AcDbEntity
8
0
100
AcDbPolyline
90
16
70
0
43
0.000000
10
36.950000
20
39.720000
42
0.403908
10
36.860000
20
39.810000
10
36.860000
20
39.810000
10
36.800000
20
39.810000
10
36.800000
20
39.810000
42
0.397921
10
36.710000
20
39.720000
10
36.710000
20
39.720000
10
36.710000
20
39.120000
10
36.710000
20
39.120000
42
0.410460
10
36.800000
20
39.030000
10
36.800000
20
39.030000
10
36.860000
20
39.030000
10
36.860000
20
39.030000
42
0.416921
10
36.950000
20
39.120000
10
36.950000
20
39.120000
10
36.950000
20
39.720000
0
LWPOLYLINE
5
1076
100
AcDbEntity
8
0
100
AcDbPolyline
90
16
70
0
43
0.000000
10
36.450000
20
39.720000
42
0.403930
10
36.360000
20
39.810000
10
36.360000
20
39.810000
10
36.300000
20
39.810000
10
36.300000
20
39.810000
42
0.397892
10
36.210000
20
39.720000
10
36.210000
20
39.720000
10
36.210000
20
39.120000
10
36.210000
20
39.120000
42
0.410428
10
36.300000
20
39.030000
10
36.300000
20
39.030000
10
36.360000
20
39.030000
10
36.360000
20
39.030000
42
0.416945
10
36.450000
20
39.120000
10
36.450000
20
39.120000
10
36.450000
20
39.720000
0
LWPOLYLINE
5
1077
100
AcDbEntity
8
0
100
AcDbPolyline
90
16
70
0
43
0.000000
10
35.950000
20
39.720000
42
0.403923
10
35.860000
20
39.810000
10
35.860000
20
39.810000
10
35.800000
20
39.810000
10
35.800000
20
39.810000
42
0.397899
10
35.710000
20
39.720000
10
35.710000
20
39.720000
10
35.710000
20
39.120000
10
35.710000
20
39.120000
42
0.410436
10
35.800000
20
39.030000
10
35.800000
20
39.030000
10
35.860000
20
39.030000
10
35.860000
20
39.030000
42
0.416937
10
35.950000
20
39.120000
10
35.950000
20
39.120000
10
35.950000
20
39.720000
0
LWPOLYLINE
5
1078
100
AcDbEntity
8
0
100
AcDbPolyline
90
16
70
0
43
0.000000
10
16.890000
20
39.100000
42
0.462002
10
16.840000
20
39.150000
10
16.840000
20
39.150000
10
15.620000
20
39.150000
10
15.620000
20
39.150000
42
0.445286
10
15.570000
20
39.100000
10
15.570000
20
39.100000
10
15.570000
20
38.880000
10
15.570000
20
38.880000
42
0.405178
10
15.620000
20
38.830000
10
15.620000
20
38.830000
10
16.840000
20
38.830000
10
16.840000
20
38.830000
42
0.418464
10
16.890000
20
38.880000
10
16.890000
20
38.880000
10
16.890000
20
39.100000
0
LWPOLYLINE
5
1079
100
AcDbEntity
8
0
100
AcDbPolyline
90
16
70
0
43
0.000000
10
14.620000
20
39.100000
42
0.428521
10
14.570000
20
39.150000
10
14.570000
20
39.150000
10
13.340000
20
39.150000
10
13.340000
20
39.150000
42
0.412923
10
13.290000
20
39.100000
10
13.290000
20
39.100000
10
13.290000
20
38.880000
10
13.290000
20
38.880000
42
0.379153
10
13.340000
20
38.830000
10
13.340000
20
38.830000
10
14.570000
20
38.830000
10
14.570000
20
38.830000
42
0.391747
10
14.620000
20
38.880000
10
14.620000
20
38.880000
10
14.620000
20
39.100000
0
LWPOLYLINE
5
1080
100
AcDbEntity
8
0
100
AcDbPolyline
90
16
70
0
43
0.000000
10
38.810000
20
39.390000
42
0.415403
10
38.570000
20
39.630000
10
38.570000
20
39.630000
10
38.090000
20
39.630000
10
38.090000
20
39.630000
42
0.413046
10
37.860000
20
39.390000
10
37.860000
20
39.390000
10
37.860000
20
38.890000
10
37.860000
20
38.890000
42
0.405466
10
38.090000
20
38.660000
10
38.090000
20
38.660000
10
38.570000
20
38.660000
10
38.570000
20
38.660000
42
0.408186
10
38.810000
20
38.890000
10
38.810000
20
38.890000
10
38.810000
20
39.390000
0
LWPOLYLINE
5
1081
100
AcDbEntity
8
0
100
AcDbPolyline
90
16
70
0
43
0.000000
10
19.110000
20
38.520000
42
0.416855
10
18.950000
20
38.680000
10
18.950000
20
38.680000
10
18.630000
20
38.680000
10
18.630000
20
38.680000
42
0.402590
10
18.470000
20
38.520000
10
18.470000
20
38.520000
10
18.470000
20
38.120000
10
18.470000
20
38.120000
42
0.402586
10
18.630000
20
37.960000
10
18.630000
20
37.960000
10
18.950000
20
37.960000
10
18.950000
20
37.960000
42
0.416851
10
19.110000
20
38.120000
10
19.110000
20
38.120000
10
19.110000
20
38.520000
0
LWPOLYLINE
5
1082
100
AcDbEntity
8
0
100
AcDbPolyline
90
16
70
0
43
0.000000
10
18.110000
20
38.520000
42
0.416851
10
17.950000
20
38.680000
10
17.950000
20
38.680000
10
17.630000
20
38.680000
10
17.630000
20
38.680000
42
0.402594
10
17.470000
20
38.520000
10
17.470000
20
38.520000
10
17.470000
20
38.120000
10
17.470000
20
38.120000
42
0.402590
10
17.630000
20
37.960000
10
17.630000
20
37.960000
10
17.950000
20
37.960000
10
17.950000
20
37.960000
42
0.416846
10
18.110000
20
38.120000
10
18.110000
20
38.120000
10
18.110000
20
38.520000
0
LWPOLYLINE
5
1083
100
AcDbEntity
8
0
100
AcDbPolyline
90
16
70
0
43
0.000000
10
16.890000
20
38.450000
42
0.461880
10
16.840000
20
38.500000
10
16.840000
20
38.500000
10
15.620000
20
38.500000
10
15.620000
20
38.500000
42
0.445174
10
15.570000
20
38.450000
10
15.570000
20
38.450000
10
15.570000
20
38.230000
10
15.570000
20
38.230000
42
0.405308
10
15.620000
20
38.180000
10
15.620000
20
38.180000
10
16.840000
20
38.180000
10
16.840000
20
38.180000
42
0.418604
10
16.890000
20
38.230000
10
16.890000
20
38.230000
10
16.890000
20
38.450000
0
LWPOLYLINE
5
1084
100
AcDbEntity
8
0
100
AcDbPolyline
90
16
70
0
43
0.000000
10
14.620000
20
38.450000
42
0.428420
10
14.570000
20
38.500000
10
14.570000
20
38.500000
10
13.340000
20
38.500000
10
13.340000
20
38.500000
42
0.412830
10
13.290000
20
38.450000
10
13.290000
20
38.450000
10
13.290000
20
38.230000
10
13.290000
20
38.230000
42
0.379264
10
13.340000
20
38.180000
10
13.340000
20
38.180000
10
14.570000
20
38.180000
10
14.570000
20
38.180000
42
0.391867
10
14.620000
20
38.230000
10
14.620000
20
38.230000
10
14.620000
20
38.450000
0
LWPOLYLINE
5
1085
100
AcDbEntity
8
0
100
AcDbPolyline
90
16
70
0
43
0.000000
10
-13.490000
20
38.260000
42
0.406974
10
-13.730000
20
38.490000
10
-13.730000
20
38.490000
10
-14.210000
20
38.490000
10
-14.210000
20
38.490000
42
0.404239
10
-14.440000
20
38.260000
10
-14.440000
20
38.260000
10
-14.440000
20
37.760000
10
-14.440000
20
37.760000
42
0.414264
10
-14.210000
20
37.520000
10
-14.210000
20
37.520000
10
-13.730000
20
37.520000
10
-13.730000
20
37.520000
42
0.416621
10
-13.490000
20
37.760000
10
-13.490000
20
37.760000
10
-13.490000
20
38.260000
0
LWPOLYLINE
5
1086
100
AcDbEntity
8
0
100
AcDbPolyline
90
16
70
0
43
0.000000
10
-15.070000
20
38.020000
42
0.412451
10
-15.320000
20
38.270000
10
-15.320000
20
38.270000
10
-16.220000
20
38.270000
10
-16.220000
20
38.270000
42
0.410142
10
-16.470000
20
38.020000
10
-16.470000
20
38.020000
10
-16.470000
20
37.370000
10
-16.470000
20
37.370000
42
0.417135
10
-16.220000
20
37.120000
10
-16.220000
20
37.120000
10
-15.320000
20
37.120000
10
-15.320000
20
37.120000
42
0.419540
10
-15.070000
20
37.370000
10
-15.070000
20
37.370000
10
-15.070000
20
38.020000
0
LWPOLYLINE
5
1087
100
AcDbEntity
8
0
100
AcDbPolyline
90
16
70
0
43
0.000000
10
-18.540000
20
37.520000
10
-19.870000
20
37.520000
10
-19.870000
20
37.520000
10
-19.870000
20
36.920000
10
-19.870000
20
36.920000
10
-19.430000
20
36.920000
10
-19.430000
20
36.920000
10
-19.430000
20
36.320000
10
-19.430000
20
36.320000
10
-19.870000
20
36.320000
10
-19.870000
20
36.320000
10
-19.870000
20
35.720000
10
-19.870000
20
35.720000
10
-18.540000
20
35.720000
10
-18.540000
20
35.720000
10
-18.540000
20
37.520000
0
LWPOLYLINE
5
1088
100
AcDbEntity
8
0
100
AcDbPolyline
90
16
70
0
43
0.000000
10
-21.670000
20
37.520000
10
-23.000000
20
37.520000
10
-23.000000
20
37.520000
10
-23.000000
20
35.720000
10
-23.000000
20
35.720000
10
-21.670000
20
35.720000
10
-21.670000
20
35.720000
10
-21.670000
20
36.320000
10
-21.670000
20
36.320000
10
-22.110000
20
36.320000
10
-22.110000
20
36.320000
10
-22.110000
20
36.920000
10
-22.110000
20
36.920000
10
-21.670000
20
36.920000
10
-21.670000
20
36.920000
10
-21.670000
20
37.520000
0
LWPOLYLINE
5
1089
100
AcDbEntity
8
0
100
AcDbPolyline
90
16
70
0
43
0.000000
10
7.060000
20
38.270000
10
5.730000
20
38.270000
10
5.730000
20
38.270000
10
5.730000
20
37.370000
10
5.730000
20
37.370000
10
6.170000
20
37.370000
10
6.170000
20
37.370000
10
6.170000
20
36.470000
10
6.170000
20
36.470000
10
5.730000
20
36.470000
10
5.730000
20
36.470000
10
5.730000
20
35.570000
10
5.730000
20
35.570000
10
7.060000
20
35.570000
10
7.060000
20
35.570000
10
7.060000
20
38.270000
0
LWPOLYLINE
5
1090
100
AcDbEntity
8
0
100
AcDbPolyline
90
16
70
0
43
0.000000
10
3.930000
20
38.270000
10
2.600000
20
38.270000
10
2.600000
20
38.270000
10
2.600000
20
35.570000
10
2.600000
20
35.570000
10
3.930000
20
35.570000
10
3.930000
20
35.570000
10
3.930000
20
36.470000
10
3.930000
20
36.470000
10
3.490000
20
36.470000
10
3.490000
20
36.470000
10
3.490000
20
37.370000
10
3.490000
20
37.370000
10
3.930000
20
37.370000
10
3.930000
20
37.370000
10
3.930000
20
38.270000
0
LWPOLYLINE
5
1091
100
AcDbEntity
8
0
100
AcDbPolyline
90
16
70
0
43
0.000000
10
-3.440000
20
36.470000
42
0.410765
10
-3.490000
20
36.520000
10
-3.490000
20
36.520000
10
-4.040000
20
36.520000
10
-4.040000
20
36.520000
42
0.397182
10
-4.090000
20
36.470000
10
-4.090000
20
36.470000
10
-4.090000
20
35.370000
10
-4.090000
20
35.370000
42
0.417171
10
-4.040000
20
35.320000
10
-4.040000
20
35.320000
10
-3.490000
20
35.320000
10
-3.490000
20
35.320000
42
0.432510
10
-3.440000
20
35.370000
10
-3.440000
20
35.370000
10
-3.440000
20
36.470000
0
LWPOLYLINE
5
1092
100
AcDbEntity
8
0
100
AcDbPolyline
90
16
70
0
43
0.000000
10
-4.710000
20
36.470000
42
0.410786
10
-4.760000
20
36.520000
10
-4.760000
20
36.520000
10
-5.310000
20
36.520000
10
-5.310000
20
36.520000
42
0.397164
10
-5.360000
20
36.470000
10
-5.360000
20
36.470000
10
-5.360000
20
35.370000
10
-5.360000
20
35.370000
42
0.417150
10
-5.310000
20
35.320000
10
-5.310000
20
35.320000
10
-4.760000
20
35.320000
10
-4.760000
20
35.320000
42
0.432533
10
-4.710000
20
35.370000
10
-4.710000
20
35.370000
10
-4.710000
20
36.470000
0
LWPOLYLINE
5
1093
100
AcDbEntity
8
0
100
AcDbPolyline
90
16
70
0
43
0.000000
10
-5.980000
20
36.470000
42
0.410796
10
-6.030000
20
36.520000
10
-6.030000
20
36.520000
10
-6.580000
20
36.520000
10
-6.580000
20
36.520000
42
0.397154
10
-6.630000
20
36.470000
10
-6.630000
20
36.470000
10
-6.630000
20
35.370000
10
-6.630000
20
35.370000
42
0.417139
10
-6.580000
20
35.320000
10
-6.580000
20
35.320000
10
-6.030000
20
35.320000
10
-6.030000
20
35.320000
42
0.432545
10
-5.980000
20
35.370000
10
-5.980000
20
35.370000
10
-5.980000
20
36.470000
0
LWPOLYLINE
5
1094
100
AcDbEntity
8
0
100
AcDbPolyline
90
16
70
0
43
0.000000
10
-7.250000
20
36.470000
42
0.410817
10
-7.300000
20
36.520000
10
-7.300000
20
36.520000
10
-7.850000
20
36.520000
10
-7.850000
20
36.520000
42
0.397134
10
-7.900000
20
36.470000
10
-7.900000
20
36.470000
10
-7.900000
20
35.370000
10
-7.900000
20
35.370000
42
0.417117
10
-7.850000
20
35.320000
10
-7.850000
20
35.320000
10
-7.300000
20
35.320000
10
-7.300000
20
35.320000
42
0.432568
10
-7.250000
20
35.370000
10
-7.250000
20
35.370000
10
-7.250000
20
36.470000
0
LWPOLYLINE
5
1095
100
AcDbEntity
8
0
100
AcDbPolyline
90
16
70
0
43
0.000000
10
12.590000
20
37.760000
42
0.403019
10
12.360000
20
37.990000
10
12.360000
20
37.990000
10
11.860000
20
37.990000
10
11.860000
20
37.990000
42
0.412999
10
11.620000
20
37.760000
10
11.620000
20
37.760000
10
11.620000
20
37.280000
10
11.620000
20
37.280000
42
0.417872
10
11.860000
20
37.040000
10
11.860000
20
37.040000
10
12.360000
20
37.040000
10
12.360000
20
37.040000
42
0.408181
10
12.590000
20
37.280000
10
12.590000
20
37.280000
10
12.590000
20
37.760000
0
LWPOLYLINE
5
1096
100
AcDbEntity
8
0
100
AcDbPolyline
90
16
70
0
43
0.000000
10
10.770000
20
37.760000
42
0.409369
10
10.530000
20
37.990000
10
10.530000
20
37.990000
10
10.030000
20
37.990000
10
10.030000
20
37.990000
42
0.406960
10
9.790000
20
37.760000
10
9.790000
20
37.760000
10
9.790000
20
37.280000
10
9.790000
20
37.280000
42
0.411785
10
10.030000
20
37.040000
10
10.030000
20
37.040000
10
10.530000
20
37.040000
10
10.530000
20
37.040000
42
0.414213
10
10.770000
20
37.280000
10
10.770000
20
37.280000
10
10.770000
20
37.760000
0
LWPOLYLINE
5
1097
100
AcDbEntity
8
0
100
AcDbPolyline
90
16
70
0
43
0.000000
10
36.950000
20
38.190000
42
0.420238
10
36.860000
20
38.280000
10
36.860000
20
38.280000
10
36.800000
20
38.280000
10
36.800000
20
38.280000
42
0.413654
10
36.710000
20
38.190000
10
36.710000
20
38.190000
10
36.710000
20
37.600000
10
36.710000
20
37.600000
42
0.426691
10
36.800000
20
37.510000
10
36.800000
20
37.510000
10
36.860000
20
37.510000
10
36.860000
20
37.510000
42
0.433788
10
36.950000
20
37.600000
10
36.950000
20
37.600000
10
36.950000
20
38.190000
0
LWPOLYLINE
5
1098
100
AcDbEntity
8
0
100
AcDbPolyline
90
16
70
0
43
0.000000
10
36.450000
20
38.190000
42
0.420263
10
36.360000
20
38.280000
10
36.360000
20
38.280000
10
36.300000
20
38.280000
10
36.300000
20
38.280000
42
0.413622
10
36.210000
20
38.190000
10
36.210000
20
38.190000
10
36.210000
20
37.600000
10
36.210000
20
37.600000
42
0.426656
10
36.300000
20
37.510000
10
36.300000
20
37.510000
10
36.360000
20
37.510000
10
36.360000
20
37.510000
42
0.433815
10
36.450000
20
37.600000
10
36.450000
20
37.600000
10
36.450000
20
38.190000
0
LWPOLYLINE
5
1099
100
AcDbEntity
8
0
100
AcDbPolyline
90
16
70
0
43
0.000000
10
35.950000
20
38.190000
42
0.420255
10
35.860000
20
38.280000
10
35.860000
20
38.280000
10
35.800000
20
38.280000
10
35.800000
20
38.280000
42
0.413630
10
35.710000
20
38.190000
10
35.710000
20
38.190000
10
35.710000
20
37.600000
10
35.710000
20
37.600000
42
0.426665
10
35.800000
20
37.510000
10
35.800000
20
37.510000
10
35.860000
20
37.510000
10
35.860000
20
37.510000
42
0.433806
10
35.950000
20
37.600000
10
35.950000
20
37.600000
10
35.950000
20
38.190000
0
LWPOLYLINE
5
1100
100
AcDbEntity
8
0
100
AcDbPolyline
90
16
70
0
43
0.000000
10
16.890000
20
37.800000
42
0.461950
10
16.840000
20
37.850000
10
16.840000
20
37.850000
10
15.620000
20
37.850000
10
15.620000
20
37.850000
42
0.445238
10
15.570000
20
37.800000
10
15.570000
20
37.800000
10
15.570000
20
37.580000
10
15.570000
20
37.580000
42
0.405250
10
15.620000
20
37.530000
10
15.620000
20
37.530000
10
16.840000
20
37.530000
10
16.840000
20
37.530000
42
0.418542
10
16.890000
20
37.580000
10
16.890000
20
37.580000
10
16.890000
20
37.800000
0
LWPOLYLINE
5
1101
100
AcDbEntity
8
0
100
AcDbPolyline
90
16
70
0
43
0.000000
10
14.620000
20
37.800000
42
0.428478
10
14.570000
20
37.850000
10
14.570000
20
37.850000
10
13.340000
20
37.850000
10
13.340000
20
37.850000
42
0.412884
10
13.290000
20
37.800000
10
13.290000
20
37.800000
10
13.290000
20
37.580000
10
13.290000
20
37.580000
42
0.379215
10
13.340000
20
37.530000
10
13.340000
20
37.530000
10
14.570000
20
37.530000
10
14.570000
20
37.530000
42
0.391814
10
14.620000
20
37.580000
10
14.620000
20
37.580000
10
14.620000
20
37.800000
0
LWPOLYLINE
5
1102
100
AcDbEntity
8
0
100
AcDbPolyline
90
16
70
0
43
0.000000
10
20.340000
20
37.450000
42
0.404613
10
20.190000
20
37.600000
10
20.190000
20
37.600000
10
19.880000
20
37.600000
10
19.880000
20
37.600000
42
0.420179
10
19.720000
20
37.450000
10
19.720000
20
37.450000
10
19.720000
20
37.020000
10
19.720000
20
37.020000
42
0.416265
10
19.880000
20
36.870000
10
19.880000
20
36.870000
10
20.190000
20
36.870000
10
20.190000
20
36.870000
42
0.400917
10
20.340000
20
37.020000
10
20.340000
20
37.020000
10
20.340000
20
37.450000
0
LWPOLYLINE
5
1103
100
AcDbEntity
8
0
100
AcDbPolyline
90
16
70
0
43
0.000000
10
19.390000
20
37.380000
42
0.420618
10
19.220000
20
37.540000
10
19.220000
20
37.540000
10
18.830000
20
37.540000
10
18.830000
20
37.540000
42
0.409671
10
18.670000
20
37.380000
10
18.670000
20
37.380000
10
18.670000
20
37.060000
10
18.670000
20
37.060000
42
0.416957
10
18.830000
20
36.900000
10
18.830000
20
36.900000
10
19.220000
20
36.900000
10
19.220000
20
36.900000
42
0.428143
10
19.390000
20
37.060000
10
19.390000
20
37.060000
10
19.390000
20
37.380000
0
LWPOLYLINE
5
1104
100
AcDbEntity
8
0
100
AcDbPolyline
90
16
70
0
43
0.000000
10
18.190000
20
37.380000
42
0.411463
10
18.030000
20
37.540000
10
18.030000
20
37.540000
10
17.640000
20
37.540000
10
17.640000
20
37.540000
42
0.418706
10
17.480000
20
37.380000
10
17.480000
20
37.380000
10
17.480000
20
37.060000
10
17.480000
20
37.060000
42
0.426389
10
17.640000
20
36.900000
10
17.640000
20
36.900000
10
18.030000
20
36.900000
10
18.030000
20
36.900000
42
0.418827
10
18.190000
20
37.060000
10
18.190000
20
37.060000
10
18.190000
20
37.380000
0
LWPOLYLINE
5
1105
100
AcDbEntity
8
0
100
AcDbPolyline
90
16
70
0
43
0.000000
10
16.890000
20
37.150000
42
0.461828
10
16.840000
20
37.200000
10
16.840000
20
37.200000
10
15.620000
20
37.200000
10
15.620000
20
37.200000
42
0.445127
10
15.570000
20
37.150000
10
15.570000
20
37.150000
10
15.570000
20
36.930000
10
15.570000
20
36.930000
42
0.405352
10
15.620000
20
36.880000
10
15.620000
20
36.880000
10
16.840000
20
36.880000
10
16.840000
20
36.880000
42
0.418651
10
16.890000
20
36.930000
10
16.890000
20
36.930000
10
16.890000
20
37.150000
0
LWPOLYLINE
5
1106
100
AcDbEntity
8
0
100
AcDbPolyline
90
16
70
0
43
0.000000
10
14.620000
20
37.150000
42
0.428376
10
14.570000
20
37.200000
10
14.570000
20
37.200000
10
13.340000
20
37.200000
10
13.340000
20
37.200000
42
0.412790
10
13.290000
20
37.150000
10
13.290000
20
37.150000
10
13.290000
20
36.930000
10
13.290000
20
36.930000
42
0.379301
10
13.340000
20
36.880000
10
13.340000
20
36.880000
10
14.570000
20
36.880000
10
14.570000
20
36.880000
42
0.391907
10
14.620000
20
36.930000
10
14.620000
20
36.930000
10
14.620000
20
37.150000
0
LWPOLYLINE
5
1107
100
AcDbEntity
8
0
100
AcDbPolyline
90
16
70
0
43
0.000000
10
31.410000
20
37.120000
42
0.409376
10
31.170000
20
37.360000
10
31.170000
20
37.360000
10
30.690000
20
37.360000
10
30.690000
20
37.360000
42
0.406972
10
30.460000
20
37.120000
10
30.460000
20
37.120000
10
30.460000
20
36.520000
10
30.460000
20
36.520000
42
0.411819
10
30.690000
20
36.280000
10
30.690000
20
36.280000
10
31.170000
20
36.280000
10
31.170000
20
36.280000
42
0.414190
10
31.410000
20
36.520000
10
31.410000
20
36.520000
10
31.410000
20
37.120000
0
LWPOLYLINE
5
1108
100
AcDbEntity
8
0
100
AcDbPolyline
90
16
70
0
43
0.000000
10
19.370000
20
36.370000
42
0.423544
10
19.210000
20
36.530000
10
19.210000
20
36.530000
10
18.790000
20
36.530000
10
18.790000
20
36.530000
42
0.427367
10
18.630000
20
36.370000
10
18.630000
20
36.370000
10
18.630000
20
36.060000
10
18.630000
20
36.060000
42
0.416261
10
18.790000
20
35.910000
10
18.790000
20
35.910000
10
19.210000
20
35.910000
10
19.210000
20
35.910000
42
0.412562
10
19.370000
20
36.060000
10
19.370000
20
36.060000
10
19.370000
20
36.370000
0
LWPOLYLINE
5
1109
100
AcDbEntity
8
0
100
AcDbPolyline
90
16
70
0
43
0.000000
10
18.230000
20
36.370000
42
0.414416
10
18.080000
20
36.530000
10
18.080000
20
36.530000
10
17.650000
20
36.530000
10
17.650000
20
36.530000
42
0.418280
10
17.500000
20
36.370000
10
17.500000
20
36.370000
10
17.500000
20
36.060000
10
17.500000
20
36.060000
42
0.406512
10
17.650000
20
35.910000
10
17.650000
20
35.910000
10
18.080000
20
35.910000
10
18.080000
20
35.910000
42
0.402780
10
18.230000
20
36.060000
10
18.230000
20
36.060000
10
18.230000
20
36.370000
0
LWPOLYLINE
5
1110
100
AcDbEntity
8
0
100
AcDbPolyline
90
16
70
0
43
0.000000
10
12.590000
20
36.250000
42
0.415483
10
12.360000
20
36.490000
10
12.360000
20
36.490000
10
11.760000
20
36.490000
10
11.760000
20
36.490000
42
0.425446
10
11.520000
20
36.250000
10
11.520000
20
36.250000
10
11.520000
20
35.780000
10
11.520000
20
35.780000
42
0.417869
10
11.760000
20
35.540000
10
11.760000
20
35.540000
10
12.360000
20
35.540000
10
12.360000
20
35.540000
42
0.408176
10
12.590000
20
35.780000
10
12.590000
20
35.780000
10
12.590000
20
36.250000
0
LWPOLYLINE
5
1111
100
AcDbEntity
8
0
100
AcDbPolyline
90
16
70
0
43
0.000000
10
10.870000
20
36.250000
42
0.421622
10
10.630000
20
36.490000
10
10.630000
20
36.490000
10
10.030000
20
36.490000
10
10.030000
20
36.490000
42
0.419096
10
9.790000
20
36.250000
10
9.790000
20
36.250000
10
9.790000
20
35.780000
10
9.790000
20
35.780000
42
0.411785
10
10.030000
20
35.540000
10
10.030000
20
35.540000
10
10.630000
20
35.540000
10
10.630000
20
35.540000
42
0.414206
10
10.870000
20
35.780000
10
10.870000
20
35.780000
10
10.870000
20
36.250000
0
LWPOLYLINE
5
1112
100
AcDbEntity
8
0
100
AcDbPolyline
90
16
70
0
43
0.000000
10
20.340000
20
36.310000
42
0.414321
10
20.190000
20
36.470000
10
20.190000
20
36.470000
10
19.880000
20
36.470000
10
19.880000
20
36.470000
42
0.429310
10
19.720000
20
36.310000
10
19.720000
20
36.310000
10
19.720000
20
35.890000
10
19.720000
20
35.890000
42
0.425438
10
19.880000
20
35.730000
10
19.880000
20
35.730000
10
20.190000
20
35.730000
10
20.190000
20
35.730000
42
0.410656
10
20.340000
20
35.890000
10
20.340000
20
35.890000
10
20.340000
20
36.310000
0
LWPOLYLINE
5
1113
100
AcDbEntity
8
0
100
AcDbPolyline
90
16
70
0
43
0.000000
10
35.800000
20
36.460000
10
34.380000
20
36.460000
10
34.380000
20
36.460000
10
34.380000
20
35.720000
10
34.380000
20
35.720000
10
34.860000
20
35.720000
10
34.860000
20
35.720000
10
34.860000
20
34.990000
10
34.860000
20
34.990000
10
34.380000
20
34.990000
10
34.380000
20
34.990000
10
34.380000
20
34.260000
10
34.380000
20
34.260000
10
35.800000
20
34.260000
10
35.800000
20
34.260000
10
35.800000
20
36.460000
0
LWPOLYLINE
5
1114
100
AcDbEntity
8
0
100
AcDbPolyline
90
16
70
0
43
0.000000
10
33.480000
20
36.460000
10
32.060000
20
36.460000
10
32.060000
20
36.460000
10
32.060000
20
34.260000
10
32.060000
20
34.260000
10
33.480000
20
34.260000
10
33.480000
20
34.260000
10
33.480000
20
34.990000
10
33.480000
20
34.990000
10
33.010000
20
34.990000
10
33.010000
20
34.990000
10
33.010000
20
35.720000
10
33.010000
20
35.720000
10
33.480000
20
35.720000
10
33.480000
20
35.720000
10
33.480000
20
36.460000
0
LWPOLYLINE
5
1115
100
AcDbEntity
8
0
100
AcDbPolyline
90
16
70
0
43
0.000000
10
31.410000
20
35.390000
42
0.415403
10
31.170000
20
35.630000
10
31.170000
20
35.630000
10
30.690000
20
35.630000
10
30.690000
20
35.630000
42
0.413040
10
30.460000
20
35.390000
10
30.460000
20
35.390000
10
30.460000
20
34.790000
10
30.460000
20
34.790000
42
0.405771
10
30.690000
20
34.550000
10
30.690000
20
34.550000
10
31.170000
20
34.550000
10
31.170000
20
34.550000
42
0.408183
10
31.410000
20
34.790000
10
31.410000
20
34.790000
10
31.410000
20
35.390000
0
LWPOLYLINE
5
1116
100
AcDbEntity
8
0
100
AcDbPolyline
90
16
70
0
43
0.000000
10
-29.270000
20
35.090000
10
-31.070000
20
35.090000
10
-31.070000
20
35.090000
10
-31.070000
20
33.770000
10
-31.070000
20
33.770000
10
-30.470000
20
33.770000
10
-30.470000
20
33.770000
10
-30.470000
20
34.210000
10
-30.470000
20
34.210000
10
-29.870000
20
34.210000
10
-29.870000
20
34.210000
10
-29.870000
20
33.770000
10
-29.870000
20
33.770000
10
-29.270000
20
33.770000
10
-29.270000
20
33.770000
10
-29.270000
20
35.090000
0
LWPOLYLINE
5
1117
100
AcDbEntity
8
0
100
AcDbPolyline
90
16
70
0
43
0.000000
10
-35.220000
20
34.170000
42
0.413039
10
-35.470000
20
34.420000
10
-35.470000
20
34.420000
10
-37.470000
20
34.420000
10
-37.470000
20
34.420000
42
0.410720
10
-37.720000
20
34.170000
10
-37.720000
20
34.170000
10
-37.720000
20
30.270000
10
-37.720000
20
30.270000
42
0.415370
10
-37.470000
20
30.020000
10
-37.470000
20
30.020000
10
-35.470000
20
30.020000
10
-35.470000
20
30.020000
42
0.417753
10
-35.220000
20
30.270000
10
-35.220000
20
30.270000
10
-35.220000
20
34.170000
0
LWPOLYLINE
5
1118
100
AcDbEntity
8
0
100
AcDbPolyline
90
12
70
0
43
0.000000
10
-11.990000
20
34.620000
42
0.385061
10
-12.240000
20
34.850000
10
-12.240000
20
34.850000
10
-14.020000
20
34.850000
10
-14.020000
20
34.850000
10
-14.020000
20
32.470000
10
-14.020000
20
32.470000
10
-11.990000
20
32.470000
10
-11.990000
20
32.470000
10
-11.990000
20
34.600000
10
-11.990000
20
34.600000
10
-11.990000
20
34.620000
0
LWPOLYLINE
5
1119
100
AcDbEntity
8
0
100
AcDbPolyline
90
10
70
0
43
0.000000
10
-14.520000
20
34.850000
10
-16.290000
20
34.850000
10
-16.290000
20
34.850000
42
0.416501
10
-16.540000
20
34.600000
10
-16.540000
20
34.600000
10
-16.540000
20
32.470000
10
-16.540000
20
32.470000
10
-14.520000
20
32.470000
10
-14.520000
20
32.470000
10
-14.520000
20
34.850000
0
LWPOLYLINE
5
1120
100
AcDbEntity
8
0
100
AcDbPolyline
90
12
70
0
43
0.000000
10
-16.840000
20
34.620000
42
0.385064
10
-17.090000
20
34.850000
10
-17.090000
20
34.850000
10
-18.870000
20
34.850000
10
-18.870000
20
34.850000
10
-18.870000
20
32.470000
10
-18.870000
20
32.470000
10
-16.840000
20
32.470000
10
-16.840000
20
32.470000
10
-16.840000
20
34.600000
10
-16.840000
20
34.600000
10
-16.840000
20
34.620000
0
LWPOLYLINE
5
1121
100
AcDbEntity
8
0
100
AcDbPolyline
90
10
70
0
43
0.000000
10
-19.370000
20
34.850000
10
-21.140000
20
34.850000
10
-21.140000
20
34.850000
42
0.416499
10
-21.390000
20
34.600000
10
-21.390000
20
34.600000
10
-21.390000
20
32.470000
10
-21.390000
20
32.470000
10
-19.370000
20
32.470000
10
-19.370000
20
32.470000
10
-19.370000
20
34.850000
0
LWPOLYLINE
5
1122
100
AcDbEntity
8
0
100
AcDbPolyline
90
16
70
0
43
0.000000
10
-23.540000
20
33.460000
42
0.405575
10
-23.740000
20
33.660000
10
-23.740000
20
33.660000
10
-27.940000
20
33.660000
10
-27.940000
20
33.660000
42
0.417093
10
-28.140000
20
33.460000
10
-28.140000
20
33.460000
10
-28.140000
20
33.060000
10
-28.140000
20
33.060000
42
0.423159
10
-27.940000
20
32.860000
10
-27.940000
20
32.860000
10
-23.740000
20
32.860000
10
-23.740000
20
32.860000
42
0.411241
10
-23.540000
20
33.060000
10
-23.540000
20
33.060000
10
-23.540000
20
33.460000
0
LWPOLYLINE
5
1123
100
AcDbEntity
8
0
100
AcDbPolyline
90
16
70
0
43
0.000000
10
11.440000
20
34.070000
42
0.416528
10
11.190000
20
34.320000
10
11.190000
20
34.320000
10
9.190000
20
34.320000
10
9.190000
20
34.320000
42
0.407279
10
8.940000
20
34.070000
10
8.940000
20
34.070000
10
8.940000
20
32.770000
10
8.940000
20
32.770000
42
0.411838
10
9.190000
20
32.520000
10
9.190000
20
32.520000
10
11.190000
20
32.520000
10
11.190000
20
32.520000
42
0.421342
10
11.440000
20
32.770000
10
11.440000
20
32.770000
10
11.440000
20
34.070000
0
LWPOLYLINE
5
1124
100
AcDbEntity
8
0
100
AcDbPolyline
90
16
70
0
43
0.000000
10
7.440000
20
34.070000
42
0.416526
10
7.190000
20
34.320000
10
7.190000
20
34.320000
10
5.190000
20
34.320000
10
5.190000
20
34.320000
42
0.407280
10
4.940000
20
34.070000
10
4.940000
20
34.070000
10
4.940000
20
32.770000
10
4.940000
20
32.770000
42
0.411839
10
5.190000
20
32.520000
10
5.190000
20
32.520000
10
7.190000
20
32.520000
10
7.190000
20
32.520000
42
0.421340
10
7.440000
20
32.770000
10
7.440000
20
32.770000
10
7.440000
20
34.070000
0
LWPOLYLINE
5
1125
100
AcDbEntity
8
0
100
AcDbPolyline
90
16
70
0
43
0.000000
10
40.260000
20
33.520000
42
0.410572
10
40.020000
20
33.760000
10
40.020000
20
33.760000
10
39.540000
20
33.760000
10
39.540000
20
33.760000
42
0.405768
10
39.310000
20
33.520000
10
39.310000
20
33.520000
10
39.310000
20
33.020000
10
39.310000
20
33.020000
42
0.410576
10
39.540000
20
32.780000
10
39.540000
20
32.780000
10
40.020000
20
32.780000
10
40.020000
20
32.780000
42
0.415418
10
40.260000
20
33.020000
10
40.260000
20
33.020000
10
40.260000
20
33.520000
0
LWPOLYLINE
5
1126
100
AcDbEntity
8
0
100
AcDbPolyline
90
16
70
0
43
0.000000
10
34.680000
20
32.630000
10
33.380000
20
32.630000
10
33.380000
20
32.630000
10
33.380000
20
32.050000
10
33.380000
20
32.050000
10
33.810000
20
32.050000
10
33.810000
20
32.050000
10
33.810000
20
31.460000
10
33.810000
20
31.460000
10
33.380000
20
31.460000
10
33.380000
20
31.460000
10
33.380000
20
30.880000
10
33.380000
20
30.880000
10
34.680000
20
30.880000
10
34.680000
20
30.880000
10
34.680000
20
32.630000
0
LWPOLYLINE
5
1127
100
AcDbEntity
8
0
100
AcDbPolyline
90
16
70
0
43
0.000000
10
31.580000
20
32.630000
10
30.280000
20
32.630000
10
30.280000
20
32.630000
10
30.280000
20
30.880000
10
30.280000
20
30.880000
10
31.580000
20
30.880000
10
31.580000
20
30.880000
10
31.580000
20
31.460000
10
31.580000
20
31.460000
10
31.150000
20
31.460000
10
31.150000
20
31.460000
10
31.150000
20
32.050000
10
31.150000
20
32.050000
10
31.580000
20
32.050000
10
31.580000
20
32.050000
10
31.580000
20
32.630000
0
LWPOLYLINE
5
1128
100
AcDbEntity
8
0
100
AcDbPolyline
90
16
70
0
43
0.000000
10
-23.540000
20
32.190000
42
0.405575
10
-23.740000
20
32.390000
10
-23.740000
20
32.390000
10
-27.940000
20
32.390000
10
-27.940000
20
32.390000
42
0.417093
10
-28.140000
20
32.190000
10
-28.140000
20
32.190000
10
-28.140000
20
31.790000
10
-28.140000
20
31.790000
42
0.423159
10
-27.940000
20
31.590000
10
-27.940000
20
31.590000
10
-23.740000
20
31.590000
10
-23.740000
20
31.590000
42
0.411241
10
-23.540000
20
31.790000
10
-23.540000
20
31.790000
10
-23.540000
20
32.190000
0
LWPOLYLINE
5
1129
100
AcDbEntity
8
0
100
AcDbPolyline
90
16
70
0
43
0.000000
10
-29.270000
20
31.970000
10
-29.870000
20
31.970000
10
-29.870000
20
31.970000
10
-29.870000
20
31.530000
10
-29.870000
20
31.530000
10
-30.470000
20
31.530000
10
-30.470000
20
31.530000
10
-30.470000
20
31.970000
10
-30.470000
20
31.970000
10
-31.070000
20
31.970000
10
-31.070000
20
31.970000
10
-31.070000
20
30.640000
10
-31.070000
20
30.640000
10
-29.270000
20
30.640000
10
-29.270000
20
30.640000
10
-29.270000
20
31.970000
0
LWPOLYLINE
5
1130
100
AcDbEntity
8
0
100
AcDbPolyline
90
8
70
0
43
0.000000
10
19.640000
20
32.000000
10
17.700000
20
32.000000
10
17.700000
20
32.000000
10
17.700000
20
28.430000
10
17.700000
20
28.430000
10
19.640000
20
28.430000
10
19.640000
20
28.430000
10
19.640000
20
32.000000
0
LWPOLYLINE
5
1131
100
AcDbEntity
8
0
100
AcDbPolyline
90
8
70
0
43
0.000000
10
14.090000
20
32.000000
10
12.150000
20
32.000000
10
12.150000
20
32.000000
10
12.150000
20
28.430000
10
12.150000
20
28.430000
10
14.090000
20
28.430000
10
14.090000
20
28.430000
10
14.090000
20
32.000000
0
LWPOLYLINE
5
1132
100
AcDbEntity
8
0
100
AcDbPolyline
90
12
70
0
43
0.000000
10
-11.990000
20
31.970000
10
-14.020000
20
31.970000
10
-14.020000
20
31.970000
10
-14.020000
20
29.600000
10
-14.020000
20
29.600000
10
-12.240000
20
29.600000
10
-12.240000
20
29.600000
42
0.377878
10
-11.990000
20
29.820000
10
-11.990000
20
29.820000
10
-11.990000
20
29.850000
10
-11.990000
20
29.850000
10
-11.990000
20
31.970000
0
LWPOLYLINE
5
1133
100
AcDbEntity
8
0
100
AcDbPolyline
90
12
70
0
43
0.000000
10
-14.520000
20
31.970000
10
-16.540000
20
31.970000
10
-16.540000
20
31.970000
10
-16.540000
20
29.850000
10
-16.540000
20
29.850000
10
-16.540000
20
29.830000
10
-16.540000
20
29.830000
42
0.397138
10
-16.290000
20
29.600000
10
-16.290000
20
29.600000
10
-14.520000
20
29.600000
10
-14.520000
20
29.600000
10
-14.520000
20
31.970000
0
LWPOLYLINE
5
1134
100
AcDbEntity
8
0
100
AcDbPolyline
90
12
70
0
43
0.000000
10
-16.840000
20
31.970000
10
-18.870000
20
31.970000
10
-18.870000
20
31.970000
10
-18.870000
20
29.600000
10
-18.870000
20
29.600000
10
-17.090000
20
29.600000
10
-17.090000
20
29.600000
42
0.377880
10
-16.840000
20
29.820000
10
-16.840000
20
29.820000
10
-16.840000
20
29.850000
10
-16.840000
20
29.850000
10
-16.840000
20
31.970000
0
LWPOLYLINE
5
1135
100
AcDbEntity
8
0
100
AcDbPolyline
90
12
70
0
43
0.000000
10
-19.370000
20
31.970000
10
-21.390000
20
31.970000
10
-21.390000
20
31.970000
10
-21.390000
20
29.850000
10
-21.390000
20
29.850000
10
-21.390000
20
29.830000
10
-21.390000
20
29.830000
42
0.397136
10
-21.140000
20
29.600000
10
-21.140000
20
29.600000
10
-19.370000
20
29.600000
10
-19.370000
20
29.600000
10
-19.370000
20
31.970000
0
LWPOLYLINE
5
1136
100
AcDbEntity
8
0
100
AcDbPolyline
90
16
70
0
43
0.000000
10
-23.540000
20
30.920000
42
0.405575
10
-23.740000
20
31.120000
10
-23.740000
20
31.120000
10
-27.940000
20
31.120000
10
-27.940000
20
31.120000
42
0.417093
10
-28.140000
20
30.920000
10
-28.140000
20
30.920000
10
-28.140000
20
30.520000
10
-28.140000
20
30.520000
42
0.423159
10
-27.940000
20
30.320000
10
-27.940000
20
30.320000
10
-23.740000
20
30.320000
10
-23.740000
20
30.320000
42
0.411241
10
-23.540000
20
30.520000
10
-23.540000
20
30.520000
10
-23.540000
20
30.920000
0
LWPOLYLINE
5
1137
100
AcDbEntity
8
0
100
AcDbPolyline
90
16
70
0
43
0.000000
10
-23.540000
20
29.650000
42
0.405575
10
-23.740000
20
29.850000
10
-23.740000
20
29.850000
10
-27.940000
20
29.850000
10
-27.940000
20
29.850000
42
0.417093
10
-28.140000
20
29.650000
10
-28.140000
20
29.650000
10
-28.140000
20
29.250000
10
-28.140000
20
29.250000
42
0.423159
10
-27.940000
20
29.050000
10
-27.940000
20
29.050000
10
-23.740000
20
29.050000
10
-23.740000
20
29.050000
42
0.411241
10
-23.540000
20
29.250000
10
-23.540000
20
29.250000
10
-23.540000
20
29.650000
0
LWPOLYLINE
5
1138
100
AcDbEntity
8
0
100
AcDbPolyline
90
16
70
0
43
0.000000
10
11.340000
20
30.900000
42
0.424857
10
11.290000
20
30.950000
10
11.290000
20
30.950000
10
9.640000
20
30.950000
10
9.640000
20
30.950000
42
0.383880
10
9.590000
20
30.900000
10
9.590000
20
30.900000
10
9.590000
20
30.350000
10
9.590000
20
30.350000
42
0.402319
10
9.640000
20
30.300000
10
9.640000
20
30.300000
10
11.290000
20
30.300000
10
11.290000
20
30.300000
42
0.448630
10
11.340000
20
30.350000
10
11.340000
20
30.350000
10
11.340000
20
30.900000
0
LWPOLYLINE
5
1139
100
AcDbEntity
8
0
100
AcDbPolyline
90
16
70
0
43
0.000000
10
6.190000
20
30.900000
42
0.424906
10
6.140000
20
30.950000
10
6.140000
20
30.950000
10
4.490000
20
30.950000
10
4.490000
20
30.950000
42
0.383837
10
4.440000
20
30.900000
10
4.440000
20
30.900000
10
4.440000
20
30.350000
10
4.440000
20
30.350000
42
0.402271
10
4.490000
20
30.300000
10
4.490000
20
30.300000
10
6.140000
20
30.300000
10
6.140000
20
30.300000
42
0.448686
10
6.190000
20
30.350000
10
6.190000
20
30.350000
10
6.190000
20
30.900000
0
LWPOLYLINE
5
1140
100
AcDbEntity
8
0
100
AcDbPolyline
90
16
70
0
43
0.000000
10
-3.440000
20
30.870000
42
0.410722
10
-3.490000
20
30.920000
10
-3.490000
20
30.920000
10
-4.040000
20
30.920000
10
-4.040000
20
30.920000
42
0.397142
10
-4.090000
20
30.870000
10
-4.090000
20
30.870000
10
-4.090000
20
29.770000
10
-4.090000
20
29.770000
42
0.417213
10
-4.040000
20
29.720000
10
-4.040000
20
29.720000
10
-3.490000
20
29.720000
10
-3.490000
20
29.720000
42
0.432556
10
-3.440000
20
29.770000
10
-3.440000
20
29.770000
10
-3.440000
20
30.870000
0
LWPOLYLINE
5
1141
100
AcDbEntity
8
0
100
AcDbPolyline
90
16
70
0
43
0.000000
10
-4.710000
20
30.870000
42
0.410742
10
-4.760000
20
30.920000
10
-4.760000
20
30.920000
10
-5.310000
20
30.920000
10
-5.310000
20
30.920000
42
0.397124
10
-5.360000
20
30.870000
10
-5.360000
20
30.870000
10
-5.360000
20
29.770000
10
-5.360000
20
29.770000
42
0.417192
10
-5.310000
20
29.720000
10
-5.310000
20
29.720000
10
-4.760000
20
29.720000
10
-4.760000
20
29.720000
42
0.432579
10
-4.710000
20
29.770000
10
-4.710000
20
29.770000
10
-4.710000
20
30.870000
0
LWPOLYLINE
5
1142
100
AcDbEntity
8
0
100
AcDbPolyline
90
16
70
0
43
0.000000
10
-5.980000
20
30.870000
42
0.410753
10
-6.030000
20
30.920000
10
-6.030000
20
30.920000
10
-6.580000
20
30.920000
10
-6.580000
20
30.920000
42
0.397114
10
-6.630000
20
30.870000
10
-6.630000
20
30.870000
10
-6.630000
20
29.770000
10
-6.630000
20
29.770000
42
0.417181
10
-6.580000
20
29.720000
10
-6.580000
20
29.720000
10
-6.030000
20
29.720000
10
-6.030000
20
29.720000
42
0.432591
10
-5.980000
20
29.770000
10
-5.980000
20
29.770000
10
-5.980000
20
30.870000
0
LWPOLYLINE
5
1143
100
AcDbEntity
8
0
100
AcDbPolyline
90
16
70
0
43
0.000000
10
-7.250000
20
30.870000
42
0.410773
10
-7.300000
20
30.920000
10
-7.300000
20
30.920000
10
-7.850000
20
30.920000
10
-7.850000
20
30.920000
42
0.397094
10
-7.900000
20
30.870000
10
-7.900000
20
30.870000
10
-7.900000
20
29.770000
10
-7.900000
20
29.770000
42
0.417159
10
-7.850000
20
29.720000
10
-7.850000
20
29.720000
10
-7.300000
20
29.720000
10
-7.300000
20
29.720000
42
0.432614
10
-7.250000
20
29.770000
10
-7.250000
20
29.770000
10
-7.250000
20
30.870000
0
LWPOLYLINE
5
1144
100
AcDbEntity
8
0
100
AcDbPolyline
90
16
70
0
43
0.000000
10
11.340000
20
29.630000
42
0.424872
10
11.290000
20
29.680000
10
11.290000
20
29.680000
10
9.640000
20
29.680000
10
9.640000
20
29.680000
42
0.383892
10
9.590000
20
29.630000
10
9.590000
20
29.630000
10
9.590000
20
29.080000
10
9.590000
20
29.080000
42
0.402306
10
9.640000
20
29.030000
10
9.640000
20
29.030000
10
11.290000
20
29.030000
10
11.290000
20
29.030000
42
0.448613
10
11.340000
20
29.080000
10
11.340000
20
29.080000
10
11.340000
20
29.630000
0
LWPOLYLINE
5
1145
100
AcDbEntity
8
0
100
AcDbPolyline
90
16
70
0
43
0.000000
10
6.190000
20
29.630000
42
0.424922
10
6.140000
20
29.680000
10
6.140000
20
29.680000
10
4.490000
20
29.680000
10
4.490000
20
29.680000
42
0.383849
10
4.440000
20
29.630000
10
4.440000
20
29.630000
10
4.440000
20
29.080000
10
4.440000
20
29.080000
42
0.402258
10
4.490000
20
29.030000
10
4.490000
20
29.030000
10
6.140000
20
29.030000
10
6.140000
20
29.030000
42
0.448669
10
6.190000
20
29.080000
10
6.190000
20
29.080000
10
6.190000
20
29.630000
0
LWPOLYLINE
5
1146
100
AcDbEntity
8
0
100
AcDbPolyline
90
12
70
0
43
0.000000
10
-11.990000
20
29.070000
42
0.386169
10
-12.240000
20
29.300000
10
-12.240000
20
29.300000
10
-14.020000
20
29.300000
10
-14.020000
20
29.300000
10
-14.020000
20
26.920000
10
-14.020000
20
26.920000
10
-11.990000
20
26.920000
10
-11.990000
20
26.920000
10
-11.990000
20
29.050000
10
-11.990000
20
29.050000
10
-11.990000
20
29.070000
0
LWPOLYLINE
5
1147
100
AcDbEntity
8
0
100
AcDbPolyline
90
10
70
0
43
0.000000
10
-14.520000
20
29.300000
10
-16.290000
20
29.300000
10
-16.290000
20
29.300000
42
0.417691
10
-16.540000
20
29.050000
10
-16.540000
20
29.050000
10
-16.540000
20
26.920000
10
-16.540000
20
26.920000
10
-14.520000
20
26.920000
10
-14.520000
20
26.920000
10
-14.520000
20
29.300000
0
LWPOLYLINE
5
1148
100
AcDbEntity
8
0
100
AcDbPolyline
90
12
70
0
43
0.000000
10
-16.840000
20
29.070000
42
0.386171
10
-17.090000
20
29.300000
10
-17.090000
20
29.300000
10
-18.870000
20
29.300000
10
-18.870000
20
29.300000
10
-18.870000
20
26.920000
10
-18.870000
20
26.920000
10
-16.840000
20
26.920000
10
-16.840000
20
26.920000
10
-16.840000
20
29.050000
10
-16.840000
20
29.050000
10
-16.840000
20
29.070000
0
LWPOLYLINE
5
1149
100
AcDbEntity
8
0
100
AcDbPolyline
90
10
70
0
43
0.000000
10
-19.370000
20
29.300000
10
-21.140000
20
29.300000
10
-21.140000
20
29.300000
42
0.417689
10
-21.390000
20
29.050000
10
-21.390000
20
29.050000
10
-21.390000
20
26.920000
10
-21.390000
20
26.920000
10
-19.370000
20
26.920000
10
-19.370000
20
26.920000
10
-19.370000
20
29.300000
0
LWPOLYLINE
5
1150
100
AcDbEntity
8
0
100
AcDbPolyline
90
16
70
0
43
0.000000
10
-23.540000
20
28.380000
42
0.405579
10
-23.740000
20
28.580000
10
-23.740000
20
28.580000
10
-27.940000
20
28.580000
10
-27.940000
20
28.580000
42
0.417096
10
-28.140000
20
28.380000
10
-28.140000
20
28.380000
10
-28.140000
20
27.980000
10
-28.140000
20
27.980000
42
0.423156
10
-27.940000
20
27.780000
10
-27.940000
20
27.780000
10
-23.740000
20
27.780000
10
-23.740000
20
27.780000
42
0.411238
10
-23.540000
20
27.980000
10
-23.540000
20
27.980000
10
-23.540000
20
28.380000
0
LWPOLYLINE
5
1151
100
AcDbEntity
8
0
100
AcDbPolyline
90
16
70
0
43
0.000000
10
-23.540000
20
27.110000
42
0.405579
10
-23.740000
20
27.310000
10
-23.740000
20
27.310000
10
-27.940000
20
27.310000
10
-27.940000
20
27.310000
42
0.417096
10
-28.140000
20
27.110000
10
-28.140000
20
27.110000
10
-28.140000
20
26.710000
10
-28.140000
20
26.710000
42
0.423156
10
-27.940000
20
26.510000
10
-27.940000
20
26.510000
10
-23.740000
20
26.510000
10
-23.740000
20
26.510000
42
0.411238
10
-23.540000
20
26.710000
10
-23.540000
20
26.710000
10
-23.540000
20
27.110000
0
LWPOLYLINE
5
1152
100
AcDbEntity
8
0
100
AcDbPolyline
90
16
70
0
43
0.000000
10
-35.220000
20
26.770000
42
0.413039
10
-35.470000
20
27.020000
10
-35.470000
20
27.020000
10
-37.470000
20
27.020000
10
-37.470000
20
27.020000
42
0.410720
10
-37.720000
20
26.770000
10
-37.720000
20
26.770000
10
-37.720000
20
22.870000
10
-37.720000
20
22.870000
42
0.415373
10
-37.470000
20
22.620000
10
-37.470000
20
22.620000
10
-35.470000
20
22.620000
10
-35.470000
20
22.620000
42
0.417756
10
-35.220000
20
22.870000
10
-35.220000
20
22.870000
10
-35.220000
20
26.770000
0
LWPOLYLINE
5
1153
100
AcDbEntity
8
0
100
AcDbPolyline
90
16
70
0
43
0.000000
10
38.580000
20
32.110000
42
0.410123
10
38.330000
20
32.360000
10
38.330000
20
32.360000
10
37.680000
20
32.360000
10
37.680000
20
32.360000
42
0.410123
10
37.430000
20
32.110000
10
37.430000
20
32.110000
10
37.430000
20
31.210000
10
37.430000
20
31.210000
42
0.419525
10
37.680000
20
30.960000
10
37.680000
20
30.960000
10
38.330000
20
30.960000
10
38.330000
20
30.960000
42
0.419525
10
38.580000
20
31.210000
10
38.580000
20
31.210000
10
38.580000
20
32.110000
0
LWPOLYLINE
5
1154
100
AcDbEntity
8
0
100
AcDbPolyline
90
16
70
0
43
0.000000
10
36.530000
20
32.110000
42
0.410126
10
36.280000
20
32.360000
10
36.280000
20
32.360000
10
35.630000
20
32.360000
10
35.630000
20
32.360000
42
0.410126
10
35.380000
20
32.110000
10
35.380000
20
32.110000
10
35.380000
20
31.210000
10
35.380000
20
31.210000
42
0.419528
10
35.630000
20
30.960000
10
35.630000
20
30.960000
10
36.280000
20
30.960000
10
36.280000
20
30.960000
42
0.419528
10
36.530000
20
31.210000
10
36.530000
20
31.210000
10
36.530000
20
32.110000
0
LWPOLYLINE
5
1155
100
AcDbEntity
8
0
100
AcDbPolyline
90
16
70
0
43
0.000000
10
40.260000
20
31.690000
42
0.416639
10
40.020000
20
31.930000
10
40.020000
20
31.930000
10
39.540000
20
31.930000
10
39.540000
20
31.930000
42
0.411788
10
39.310000
20
31.690000
10
39.310000
20
31.690000
10
39.310000
20
31.190000
10
39.310000
20
31.190000
42
0.404573
10
39.540000
20
30.950000
10
39.540000
20
30.950000
10
40.020000
20
30.950000
10
40.020000
20
30.950000
42
0.409368
10
40.260000
20
31.190000
10
40.260000
20
31.190000
10
40.260000
20
31.690000
0
LWPOLYLINE
5
1156
100
AcDbEntity
8
0
100
AcDbPolyline
90
16
70
0
43
0.000000
10
50.820000
20
29.870000
10
49.520000
20
29.870000
10
49.520000
20
29.870000
10
49.520000
20
29.290000
10
49.520000
20
29.290000
10
49.950000
20
29.290000
10
49.950000
20
29.290000
10
49.950000
20
28.710000
10
49.950000
20
28.710000
10
49.520000
20
28.710000
10
49.520000
20
28.710000
10
49.520000
20
28.120000
10
49.520000
20
28.120000
10
50.820000
20
28.120000
10
50.820000
20
28.120000
10
50.820000
20
29.870000
0
LWPOLYLINE
5
1157
100
AcDbEntity
8
0
100
AcDbPolyline
90
16
70
0
43
0.000000
10
47.720000
20
29.870000
10
46.420000
20
29.870000
10
46.420000
20
29.870000
10
46.420000
20
28.120000
10
46.420000
20
28.120000
10
47.720000
20
28.120000
10
47.720000
20
28.120000
10
47.720000
20
28.710000
10
47.720000
20
28.710000
10
47.290000
20
28.710000
10
47.290000
20
28.710000
10
47.290000
20
29.290000
10
47.290000
20
29.290000
10
47.720000
20
29.290000
10
47.720000
20
29.290000
10
47.720000
20
29.870000
0
LWPOLYLINE
5
1158
100
AcDbEntity
8
0
100
AcDbPolyline
90
16
70
0
43
0.000000
10
11.340000
20
28.360000
42
0.424904
10
11.290000
20
28.410000
10
11.290000
20
28.410000
10
9.640000
20
28.410000
10
9.640000
20
28.410000
42
0.383917
10
9.590000
20
28.360000
10
9.590000
20
28.360000
10
9.590000
20
27.810000
10
9.590000
20
27.810000
42
0.402280
10
9.640000
20
27.760000
10
9.640000
20
27.760000
10
11.290000
20
27.760000
10
11.290000
20
27.760000
42
0.448580
10
11.340000
20
27.810000
10
11.340000
20
27.810000
10
11.340000
20
28.360000
0
LWPOLYLINE
5
1159
100
AcDbEntity
8
0
100
AcDbPolyline
90
16
70
0
43
0.000000
10
6.190000
20
28.360000
42
0.424953
10
6.140000
20
28.410000
10
6.140000
20
28.410000
10
4.490000
20
28.410000
10
4.490000
20
28.410000
42
0.383874
10
4.440000
20
28.360000
10
4.440000
20
28.360000
10
4.440000
20
27.810000
10
4.440000
20
27.810000
42
0.402232
10
4.490000
20
27.760000
10
4.490000
20
27.760000
10
6.140000
20
27.760000
10
6.140000
20
27.760000
42
0.448636
10
6.190000
20
27.810000
10
6.190000
20
27.810000
10
6.190000
20
28.360000
0
LWPOLYLINE
5
1160
100
AcDbEntity
8
0
100
AcDbPolyline
90
16
70
0
43
0.000000
10
50.780000
20
27.590000
10
49.480000
20
27.590000
10
49.480000
20
27.590000
10
49.480000
20
27.010000
10
49.480000
20
27.010000
10
49.910000
20
27.010000
10
49.910000
20
27.010000
10
49.910000
20
26.430000
10
49.910000
20
26.430000
10
49.480000
20
26.430000
10
49.480000
20
26.430000
10
49.480000
20
25.840000
10
49.480000
20
25.840000
10
50.780000
20
25.840000
10
50.780000
20
25.840000
10
50.780000
20
27.590000
0
LWPOLYLINE
5
1161
100
AcDbEntity
8
0
100
AcDbPolyline
90
16
70
0
43
0.000000
10
47.680000
20
27.590000
10
46.380000
20
27.590000
10
46.380000
20
27.590000
10
46.380000
20
25.840000
10
46.380000
20
25.840000
10
47.680000
20
25.840000
10
47.680000
20
25.840000
10
47.680000
20
26.430000
10
47.680000
20
26.430000
10
47.250000
20
26.430000
10
47.250000
20
26.430000
10
47.250000
20
27.010000
10
47.250000
20
27.010000
10
47.680000
20
27.010000
10
47.680000
20
27.010000
10
47.680000
20
27.590000
0
LWPOLYLINE
5
1162
100
AcDbEntity
8
0
100
AcDbPolyline
90
16
70
0
43
0.000000
10
11.340000
20
27.090000
42
0.424920
10
11.290000
20
27.140000
10
11.290000
20
27.140000
10
9.640000
20
27.140000
10
9.640000
20
27.140000
42
0.383929
10
9.590000
20
27.090000
10
9.590000
20
27.090000
10
9.590000
20
26.540000
10
9.590000
20
26.540000
42
0.402268
10
9.640000
20
26.490000
10
9.640000
20
26.490000
10
11.290000
20
26.490000
10
11.290000
20
26.490000
42
0.448563
10
11.340000
20
26.540000
10
11.340000
20
26.540000
10
11.340000
20
27.090000
0
LWPOLYLINE
5
1163
100
AcDbEntity
8
0
100
AcDbPolyline
90
16
70
0
43
0.000000
10
6.190000
20
27.090000
42
0.424969
10
6.140000
20
27.140000
10
6.140000
20
27.140000
10
4.490000
20
27.140000
10
4.490000
20
27.140000
42
0.383886
10
4.440000
20
27.090000
10
4.440000
20
27.090000
10
4.440000
20
26.540000
10
4.440000
20
26.540000
42
0.402219
10
4.490000
20
26.490000
10
4.490000
20
26.490000
10
6.140000
20
26.490000
10
6.140000
20
26.490000
42
0.448619
10
6.190000
20
26.540000
10
6.190000
20
26.540000
10
6.190000
20
27.090000
0
LWPOLYLINE
5
1164
100
AcDbEntity
8
0
100
AcDbPolyline
90
12
70
0
43
0.000000
10
-11.990000
20
26.420000
10
-14.020000
20
26.420000
10
-14.020000
20
26.420000
10
-14.020000
20
24.050000
10
-14.020000
20
24.050000
10
-12.240000
20
24.050000
10
-12.240000
20
24.050000
42
0.377878
10
-11.990000
20
24.270000
10
-11.990000
20
24.270000
10
-11.990000
20
24.300000
10
-11.990000
20
24.300000
10
-11.990000
20
26.420000
0
LWPOLYLINE
5
1165
100
AcDbEntity
8
0
100
AcDbPolyline
90
12
70
0
43
0.000000
10
-14.520000
20
26.420000
10
-16.540000
20
26.420000
10
-16.540000
20
26.420000
10
-16.540000
20
24.300000
10
-16.540000
20
24.300000
10
-16.540000
20
24.280000
10
-16.540000
20
24.280000
42
0.397138
10
-16.290000
20
24.050000
10
-16.290000
20
24.050000
10
-14.520000
20
24.050000
10
-14.520000
20
24.050000
10
-14.520000
20
26.420000
0
LWPOLYLINE
5
1166
100
AcDbEntity
8
0
100
AcDbPolyline
90
12
70
0
43
0.000000
10
-16.840000
20
26.420000
10
-18.870000
20
26.420000
10
-18.870000
20
26.420000
10
-18.870000
20
24.050000
10
-18.870000
20
24.050000
10
-17.090000
20
24.050000
10
-17.090000
20
24.050000
42
0.377880
10
-16.840000
20
24.270000
10
-16.840000
20
24.270000
10
-16.840000
20
24.300000
10
-16.840000
20
24.300000
10
-16.840000
20
26.420000
0
LWPOLYLINE
5
1167
100
AcDbEntity
8
0
100
AcDbPolyline
90
12
70
0
43
0.000000
10
-19.370000
20
26.420000
10
-21.390000
20
26.420000
10
-21.390000
20
26.420000
10
-21.390000
20
24.300000
10
-21.390000
20
24.300000
10
-21.390000
20
24.280000
10
-21.390000
20
24.280000
42
0.397136
10
-21.140000
20
24.050000
10
-21.140000
20
24.050000
10
-19.370000
20
24.050000
10
-19.370000
20
24.050000
10
-19.370000
20
26.420000
0
LWPOLYLINE
5
1168
100
AcDbEntity
8
0
100
AcDbPolyline
90
16
70
0
43
0.000000
10
-23.540000
20
25.840000
42
0.405579
10
-23.740000
20
26.040000
10
-23.740000
20
26.040000
10
-27.940000
20
26.040000
10
-27.940000
20
26.040000
42
0.417096
10
-28.140000
20
25.840000
10
-28.140000
20
25.840000
10
-28.140000
20
25.440000
10
-28.140000
20
25.440000
42
0.423156
10
-27.940000
20
25.240000
10
-27.940000
20
25.240000
10
-23.740000
20
25.240000
10
-23.740000
20
25.240000
42
0.411238
10
-23.540000
20
25.440000
10
-23.540000
20
25.440000
10
-23.540000
20
25.840000
0
LWPOLYLINE
5
1169
100
AcDbEntity
8
0
100
AcDbPolyline
90
16
70
0
43
0.000000
10
50.770000
20
25.180000
10
49.600000
20
25.180000
10
49.600000
20
25.180000
10
49.600000
20
24.700000
10
49.600000
20
24.700000
10
49.990000
20
24.700000
10
49.990000
20
24.700000
10
49.990000
20
24.220000
10
49.990000
20
24.220000
10
49.600000
20
24.220000
10
49.600000
20
24.220000
10
49.600000
20
23.730000
10
49.600000
20
23.730000
10
50.770000
20
23.730000
10
50.770000
20
23.730000
10
50.770000
20
25.180000
0
LWPOLYLINE
5
1170
100
AcDbEntity
8
0
100
AcDbPolyline
90
16
70
0
43
0.000000
10
48.700000
20
25.180000
10
47.530000
20
25.180000
10
47.530000
20
25.180000
10
47.530000
20
23.730000
10
47.530000
20
23.730000
10
48.700000
20
23.730000
10
48.700000
20
23.730000
10
48.700000
20
24.220000
10
48.700000
20
24.220000
10
48.310000
20
24.220000
10
48.310000
20
24.220000
10
48.310000
20
24.700000
10
48.310000
20
24.700000
10
48.700000
20
24.700000
10
48.700000
20
24.700000
10
48.700000
20
25.180000
0
LWPOLYLINE
5
1171
100
AcDbEntity
8
0
100
AcDbPolyline
90
16
70
0
43
0.000000
10
26.720000
20
22.960000
42
0.410573
10
26.480000
20
23.190000
10
26.480000
20
23.190000
10
25.980000
20
23.190000
10
25.980000
20
23.190000
42
0.405759
10
25.740000
20
22.960000
10
25.740000
20
22.960000
10
25.740000
20
22.480000
10
25.740000
20
22.480000
42
0.410575
10
25.980000
20
22.240000
10
25.980000
20
22.240000
10
26.480000
20
22.240000
10
26.480000
20
22.240000
42
0.415427
10
26.720000
20
22.480000
10
26.720000
20
22.480000
10
26.720000
20
22.960000
0
LWPOLYLINE
5
1172
100
AcDbEntity
8
0
100
AcDbPolyline
90
16
70
0
43
0.000000
10
24.890000
20
22.960000
42
0.404233
10
24.660000
20
23.190000
10
24.660000
20
23.190000
10
24.160000
20
23.190000
10
24.160000
20
23.190000
42
0.411779
10
23.920000
20
22.960000
10
23.920000
20
22.960000
10
23.920000
20
22.480000
10
23.920000
20
22.480000
42
0.416643
10
24.160000
20
22.240000
10
24.160000
20
22.240000
10
24.660000
20
22.240000
10
24.660000
20
22.240000
42
0.409405
10
24.890000
20
22.480000
10
24.890000
20
22.480000
10
24.890000
20
22.960000
0
LWPOLYLINE
5
1173
100
AcDbEntity
8
0
100
AcDbPolyline
90
16
70
0
43
0.000000
10
50.780000
20
22.890000
42
0.410561
10
50.540000
20
23.120000
10
50.540000
20
23.120000
10
49.940000
20
23.120000
10
49.940000
20
23.120000
42
0.405771
10
49.700000
20
22.890000
10
49.700000
20
22.890000
10
49.700000
20
22.410000
10
49.700000
20
22.410000
42
0.410587
10
49.940000
20
22.170000
10
49.940000
20
22.170000
10
50.540000
20
22.170000
10
50.540000
20
22.170000
42
0.415415
10
50.780000
20
22.410000
10
50.780000
20
22.410000
10
50.780000
20
22.890000
0
LWPOLYLINE
5
1174
100
AcDbEntity
8
0
100
AcDbPolyline
90
16
70
0
43
0.000000
10
49.050000
20
22.890000
42
0.404227
10
48.820000
20
23.120000
10
48.820000
20
23.120000
10
48.220000
20
23.120000
10
48.220000
20
23.120000
42
0.411785
10
47.980000
20
22.890000
10
47.980000
20
22.890000
10
47.980000
20
22.410000
10
47.980000
20
22.410000
42
0.416648
10
48.220000
20
22.170000
10
48.220000
20
22.170000
10
48.820000
20
22.170000
10
48.820000
20
22.170000
42
0.409399
10
49.050000
20
22.410000
10
49.050000
20
22.410000
10
49.050000
20
22.890000
0
LWPOLYLINE
5
1175
100
AcDbEntity
8
0
100
AcDbPolyline
90
16
70
0
43
0.000000
10
37.670000
20
22.210000
42
0.410570
10
37.430000
20
22.440000
10
37.430000
20
22.440000
10
36.930000
20
22.440000
10
36.930000
20
22.440000
42
0.405762
10
36.690000
20
22.210000
10
36.690000
20
22.210000
10
36.690000
20
21.730000
10
36.690000
20
21.730000
42
0.410578
10
36.930000
20
21.490000
10
36.930000
20
21.490000
10
37.430000
20
21.490000
10
37.430000
20
21.490000
42
0.415424
10
37.670000
20
21.730000
10
37.670000
20
21.730000
10
37.670000
20
22.210000
0
LWPOLYLINE
5
1176
100
AcDbEntity
8
0
100
AcDbPolyline
90
16
70
0
43
0.000000
10
35.850000
20
22.210000
42
0.404570
10
35.610000
20
22.440000
10
35.610000
20
22.440000
10
35.110000
20
22.440000
10
35.110000
20
22.440000
42
0.411776
10
34.870000
20
22.210000
10
34.870000
20
22.210000
10
34.870000
20
21.730000
10
34.870000
20
21.730000
42
0.416640
10
35.110000
20
21.490000
10
35.110000
20
21.490000
10
35.610000
20
21.490000
10
35.610000
20
21.490000
42
0.409377
10
35.850000
20
21.730000
10
35.850000
20
21.730000
10
35.850000
20
22.210000
0
LWPOLYLINE
5
1177
100
AcDbEntity
8
0
100
AcDbPolyline
90
16
70
0
43
0.000000
10
34.190000
20
22.320000
42
0.435446
10
34.090000
20
22.420000
10
34.090000
20
22.420000
10
32.340000
20
22.420000
10
32.340000
20
22.420000
42
0.412408
10
32.240000
20
22.320000
10
32.240000
20
22.320000
10
32.240000
20
21.870000
10
32.240000
20
21.870000
42
0.394686
10
32.340000
20
21.770000
10
32.340000
20
21.770000
10
34.090000
20
21.770000
10
34.090000
20
21.770000
42
0.415321
10
34.190000
20
21.870000
10
34.190000
20
21.870000
10
34.190000
20
22.320000
0
LWPOLYLINE
5
1178
100
AcDbEntity
8
0
100
AcDbPolyline
90
16
70
0
43
0.000000
10
29.240000
20
22.320000
42
0.435446
10
29.140000
20
22.420000
10
29.140000
20
22.420000
10
27.390000
20
22.420000
10
27.390000
20
22.420000
42
0.412408
10
27.290000
20
22.320000
10
27.290000
20
22.320000
10
27.290000
20
21.870000
10
27.290000
20
21.870000
42
0.394686
10
27.390000
20
21.770000
10
27.390000
20
21.770000
10
29.140000
20
21.770000
10
29.140000
20
21.770000
42
0.415321
10
29.240000
20
21.870000
10
29.240000
20
21.870000
10
29.240000
20
22.320000
0
LWPOLYLINE
5
1179
100
AcDbEntity
8
0
100
AcDbPolyline
90
16
70
0
43
0.000000
10
26.720000
20
21.350000
42
0.422900
10
26.480000
20
21.590000
10
26.480000
20
21.590000
10
25.980000
20
21.590000
10
25.980000
20
21.590000
42
0.417837
10
25.740000
20
21.350000
10
25.740000
20
21.350000
10
25.740000
20
20.880000
10
25.740000
20
20.880000
42
0.410578
10
25.980000
20
20.640000
10
25.980000
20
20.640000
10
26.480000
20
20.640000
10
26.480000
20
20.640000
42
0.415430
10
26.720000
20
20.880000
10
26.720000
20
20.880000
10
26.720000
20
21.350000
0
LWPOLYLINE
5
1180
100
AcDbEntity
8
0
100
AcDbPolyline
90
16
70
0
43
0.000000
10
24.890000
20
21.350000
42
0.416769
10
24.660000
20
21.590000
10
24.660000
20
21.590000
10
24.160000
20
21.590000
10
24.160000
20
21.590000
42
0.424169
10
23.920000
20
21.350000
10
23.920000
20
21.350000
10
23.920000
20
20.880000
10
23.920000
20
20.880000
42
0.416646
10
24.160000
20
20.640000
10
24.160000
20
20.640000
10
24.660000
20
20.640000
10
24.660000
20
20.640000
42
0.409408
10
24.890000
20
20.880000
10
24.890000
20
20.880000
10
24.890000
20
21.350000
0
LWPOLYLINE
5
1181
100
AcDbEntity
8
0
100
AcDbPolyline
90
16
70
0
43
0.000000
10
31.780000
20
21.000000
42
0.417888
10
31.550000
20
21.230000
10
31.550000
20
21.230000
10
31.080000
20
21.230000
10
31.080000
20
21.230000
42
0.410211
10
30.850000
20
21.000000
10
30.850000
20
21.000000
10
30.850000
20
20.530000
10
30.850000
20
20.530000
42
0.402862
10
31.080000
20
20.300000
10
31.080000
20
20.300000
10
31.550000
20
20.300000
10
31.550000
20
20.300000
42
0.410205
10
31.780000
20
20.530000
10
31.780000
20
20.530000
10
31.780000
20
21.000000
0
LWPOLYLINE
5
1182
100
AcDbEntity
8
0
100
AcDbPolyline
90
16
70
0
43
0.000000
10
30.630000
20
21.000000
42
0.417888
10
30.400000
20
21.230000
10
30.400000
20
21.230000
10
29.940000
20
21.230000
10
29.940000
20
21.230000
42
0.423040
10
29.700000
20
21.000000
10
29.700000
20
21.000000
10
29.700000
20
20.530000
10
29.700000
20
20.530000
42
0.415299
10
29.940000
20
20.300000
10
29.940000
20
20.300000
10
30.400000
20
20.300000
10
30.400000
20
20.300000
42
0.410205
10
30.630000
20
20.530000
10
30.630000
20
20.530000
10
30.630000
20
21.000000
0
LWPOLYLINE
5
1183
100
AcDbEntity
8
0
100
AcDbPolyline
90
16
70
0
43
0.000000
10
29.240000
20
21.050000
42
0.435314
10
29.140000
20
21.150000
10
29.140000
20
21.150000
10
27.390000
20
21.150000
10
27.390000
20
21.150000
42
0.412291
10
27.290000
20
21.050000
10
27.290000
20
21.050000
10
27.290000
20
20.600000
10
27.290000
20
20.600000
42
0.394797
10
27.390000
20
20.500000
10
27.390000
20
20.500000
10
29.140000
20
20.500000
10
29.140000
20
20.500000
42
0.415447
10
29.240000
20
20.600000
10
29.240000
20
20.600000
10
29.240000
20
21.050000
0
LWPOLYLINE
5
1184
100
AcDbEntity
8
0
100
AcDbPolyline
90
16
70
0
43
0.000000
10
34.190000
20
21.050000
42
0.435314
10
34.090000
20
21.150000
10
34.090000
20
21.150000
10
32.340000
20
21.150000
10
32.340000
20
21.150000
42
0.412291
10
32.240000
20
21.050000
10
32.240000
20
21.050000
10
32.240000
20
20.600000
10
32.240000
20
20.600000
42
0.394797
10
32.340000
20
20.500000
10
32.340000
20
20.500000
10
34.090000
20
20.500000
10
34.090000
20
20.500000
42
0.415447
10
34.190000
20
20.600000
10
34.190000
20
20.600000
10
34.190000
20
21.050000
0
LWPOLYLINE
5
1185
100
AcDbEntity
8
0
100
AcDbPolyline
90
16
70
0
43
0.000000
10
31.780000
20
19.850000
42
0.417888
10
31.550000
20
20.080000
10
31.550000
20
20.080000
10
31.080000
20
20.080000
10
31.080000
20
20.080000
42
0.410211
10
30.850000
20
19.850000
10
30.850000
20
19.850000
10
30.850000
20
19.390000
10
30.850000
20
19.390000
42
0.415302
10
31.080000
20
19.150000
10
31.080000
20
19.150000
10
31.550000
20
19.150000
10
31.550000
20
19.150000
42
0.423037
10
31.780000
20
19.390000
10
31.780000
20
19.390000
10
31.780000
20
19.850000
0
LWPOLYLINE
5
1186
100
AcDbEntity
8
0
100
AcDbPolyline
90
16
70
0
43
0.000000
10
30.630000
20
19.850000
42
0.417888
10
30.400000
20
20.080000
10
30.400000
20
20.080000
10
29.940000
20
20.080000
10
29.940000
20
20.080000
42
0.423040
10
29.700000
20
19.850000
10
29.700000
20
19.850000
10
29.700000
20
19.390000
10
29.700000
20
19.390000
42
0.427849
10
29.940000
20
19.150000
10
29.940000
20
19.150000
10
30.400000
20
19.150000
10
30.400000
20
19.150000
42
0.423037
10
30.630000
20
19.390000
10
30.630000
20
19.390000
10
30.630000
20
19.850000
0
LWPOLYLINE
5
1187
100
AcDbEntity
8
0
100
AcDbPolyline
90
16
70
0
43
0.000000
10
29.240000
20
19.780000
42
0.435325
10
29.140000
20
19.880000
10
29.140000
20
19.880000
10
27.390000
20
19.880000
10
27.390000
20
19.880000
42
0.412302
10
27.290000
20
19.780000
10
27.290000
20
19.780000
10
27.290000
20
19.330000
10
27.290000
20
19.330000
42
0.394787
10
27.390000
20
19.230000
10
27.390000
20
19.230000
10
29.140000
20
19.230000
10
29.140000
20
19.230000
42
0.415436
10
29.240000
20
19.330000
10
29.240000
20
19.330000
10
29.240000
20
19.780000
0
LWPOLYLINE
5
1188
100
AcDbEntity
8
0
100
AcDbPolyline
90
16
70
0
43
0.000000
10
-31.840000
20
19.480000
42
0.412204
10
-31.940000
20
19.580000
10
-31.940000
20
19.580000
10
-33.690000
20
19.580000
10
-33.690000
20
19.580000
42
0.435504
10
-33.790000
20
19.480000
10
-33.790000
20
19.480000
10
-33.790000
20
19.030000
10
-33.790000
20
19.030000
42
0.415524
10
-33.690000
20
18.930000
10
-33.690000
20
18.930000
10
-31.940000
20
18.930000
10
-31.940000
20
18.930000
42
0.394636
10
-31.840000
20
19.030000
10
-31.840000
20
19.030000
10
-31.840000
20
19.480000
0
LWPOLYLINE
5
1189
100
AcDbEntity
8
0
100
AcDbPolyline
90
16
70
0
43
0.000000
10
-36.790000
20
19.480000
42
0.412196
10
-36.890000
20
19.580000
10
-36.890000
20
19.580000
10
-38.640000
20
19.580000
10
-38.640000
20
19.580000
42
0.435512
10
-38.740000
20
19.480000
10
-38.740000
20
19.480000
10
-38.740000
20
19.030000
10
-38.740000
20
19.030000
42
0.415531
10
-38.640000
20
18.930000
10
-38.640000
20
18.930000
10
-36.890000
20
18.930000
10
-36.890000
20
18.930000
42
0.394629
10
-36.790000
20
19.030000
10
-36.790000
20
19.030000
10
-36.790000
20
19.480000
0
LWPOLYLINE
5
1190
100
AcDbEntity
8
0
100
AcDbPolyline
90
16
70
0
43
0.000000
10
-39.520000
20
19.320000
42
0.414209
10
-39.760000
20
19.550000
10
-39.760000
20
19.550000
10
-40.250000
20
19.550000
10
-40.250000
20
19.550000
42
0.414218
10
-40.490000
20
19.320000
10
-40.490000
20
19.320000
10
-40.490000
20
18.840000
10
-40.490000
20
18.840000
42
0.419101
10
-40.250000
20
18.600000
10
-40.250000
20
18.600000
10
-39.760000
20
18.600000
10
-39.760000
20
18.600000
42
0.419092
10
-39.520000
20
18.840000
10
-39.520000
20
18.840000
10
-39.520000
20
19.320000
0
LWPOLYLINE
5
1191
100
AcDbEntity
8
0
100
AcDbPolyline
90
16
70
0
43
0.000000
10
-41.340000
20
19.320000
42
0.408161
10
-41.580000
20
19.550000
10
-41.580000
20
19.550000
10
-42.080000
20
19.550000
10
-42.080000
20
19.550000
42
0.408161
10
-42.320000
20
19.320000
10
-42.320000
20
19.320000
10
-42.320000
20
18.840000
10
-42.320000
20
18.840000
42
0.412995
10
-42.080000
20
18.600000
10
-42.080000
20
18.600000
10
-41.580000
20
18.600000
10
-41.580000
20
18.600000
42
0.412995
10
-41.340000
20
18.840000
10
-41.340000
20
18.840000
10
-41.340000
20
19.320000
0
LWPOLYLINE
5
1192
100
AcDbEntity
8
0
100
AcDbPolyline
90
16
70
0
43
0.000000
10
34.190000
20
19.780000
42
0.435325
10
34.090000
20
19.880000
10
34.090000
20
19.880000
10
32.340000
20
19.880000
10
32.340000
20
19.880000
42
0.412302
10
32.240000
20
19.780000
10
32.240000
20
19.780000
10
32.240000
20
19.330000
10
32.240000
20
19.330000
42
0.394787
10
32.340000
20
19.230000
10
32.340000
20
19.230000
10
34.090000
20
19.230000
10
34.090000
20
19.230000
42
0.415436
10
34.190000
20
19.330000
10
34.190000
20
19.330000
10
34.190000
20
19.780000
0
LWPOLYLINE
5
1193
100
AcDbEntity
8
0
100
AcDbPolyline
90
16
70
0
43
0.000000
10
37.670000
20
19.600000
42
0.422893
10
37.430000
20
19.840000
10
37.430000
20
19.840000
10
36.930000
20
19.840000
10
36.930000
20
19.840000
42
0.417837
10
36.690000
20
19.600000
10
36.690000
20
19.600000
10
36.690000
20
19.130000
10
36.690000
20
19.130000
42
0.410582
10
36.930000
20
18.890000
10
36.930000
20
18.890000
10
37.430000
20
18.890000
10
37.430000
20
18.890000
42
0.415428
10
37.670000
20
19.130000
10
37.670000
20
19.130000
10
37.670000
20
19.600000
0
LWPOLYLINE
5
1194
100
AcDbEntity
8
0
100
AcDbPolyline
90
16
70
0
43
0.000000
10
35.850000
20
19.600000
42
0.416584
10
35.610000
20
19.840000
10
35.610000
20
19.840000
10
35.110000
20
19.840000
10
35.110000
20
19.840000
42
0.424162
10
34.870000
20
19.600000
10
34.870000
20
19.600000
10
34.870000
20
19.130000
10
34.870000
20
19.130000
42
0.416644
10
35.110000
20
18.890000
10
35.110000
20
18.890000
10
35.610000
20
18.890000
10
35.610000
20
18.890000
42
0.409381
10
35.850000
20
19.130000
10
35.850000
20
19.130000
10
35.850000
20
19.600000
0
LWPOLYLINE
5
1195
100
AcDbEntity
8
0
100
AcDbPolyline
90
16
70
0
43
0.000000
10
34.190000
20
18.510000
42
0.435345
10
34.090000
20
18.610000
10
34.090000
20
18.610000
10
32.340000
20
18.610000
10
32.340000
20
18.610000
42
0.412319
10
32.240000
20
18.510000
10
32.240000
20
18.510000
10
32.240000
20
18.060000
10
32.240000
20
18.060000
42
0.394771
10
32.340000
20
17.960000
10
32.340000
20
17.960000
10
34.090000
20
17.960000
10
34.090000
20
17.960000
42
0.415418
10
34.190000
20
18.060000
10
34.190000
20
18.060000
10
34.190000
20
18.510000
0
LWPOLYLINE
5
1196
100
AcDbEntity
8
0
100
AcDbPolyline
90
16
70
0
43
0.000000
10
29.240000
20
18.510000
42
0.435345
10
29.140000
20
18.610000
10
29.140000
20
18.610000
10
27.390000
20
18.610000
10
27.390000
20
18.610000
42
0.412319
10
27.290000
20
18.510000
10
27.290000
20
18.510000
10
27.290000
20
18.060000
10
27.290000
20
18.060000
42
0.394771
10
27.390000
20
17.960000
10
27.390000
20
17.960000
10
29.140000
20
17.960000
10
29.140000
20
17.960000
42
0.415418
10
29.240000
20
18.060000
10
29.240000
20
18.060000
10
29.240000
20
18.510000
0
LWPOLYLINE
5
1197
100
AcDbEntity
8
0
100
AcDbPolyline
90
16
70
0
43
0.000000
10
-34.250000
20
18.160000
42
0.423037
10
-34.490000
20
18.390000
10
-34.490000
20
18.390000
10
-34.950000
20
18.390000
10
-34.950000
20
18.390000
42
0.417888
10
-35.180000
20
18.160000
10
-35.180000
20
18.160000
10
-35.180000
20
17.700000
10
-35.180000
20
17.700000
42
0.423042
10
-34.950000
20
17.460000
10
-34.950000
20
17.460000
10
-34.490000
20
17.460000
10
-34.490000
20
17.460000
42
0.427851
10
-34.250000
20
17.700000
10
-34.250000
20
17.700000
10
-34.250000
20
18.160000
0
LWPOLYLINE
5
1198
100
AcDbEntity
8
0
100
AcDbPolyline
90
16
70
0
43
0.000000
10
-35.400000
20
18.160000
42
0.410205
10
-35.630000
20
18.390000
10
-35.630000
20
18.390000
10
-36.100000
20
18.390000
10
-36.100000
20
18.390000
42
0.417891
10
-36.330000
20
18.160000
10
-36.330000
20
18.160000
10
-36.330000
20
17.700000
10
-36.330000
20
17.700000
42
0.423045
10
-36.100000
20
17.460000
10
-36.100000
20
17.460000
10
-35.630000
20
17.460000
10
-35.630000
20
17.460000
42
0.415300
10
-35.400000
20
17.700000
10
-35.400000
20
17.700000
10
-35.400000
20
18.160000
0
LWPOLYLINE
5
1199
100
AcDbEntity
8
0
100
AcDbPolyline
90
16
70
0
43
0.000000
10
-36.790000
20
18.210000
42
0.412207
10
-36.890000
20
18.310000
10
-36.890000
20
18.310000
10
-38.640000
20
18.310000
10
-38.640000
20
18.310000
42
0.435524
10
-38.740000
20
18.210000
10
-38.740000
20
18.210000
10
-38.740000
20
17.760000
10
-38.740000
20
17.760000
42
0.415520
10
-38.640000
20
17.660000
10
-38.640000
20
17.660000
10
-36.890000
20
17.660000
10
-36.890000
20
17.660000
42
0.394619
10
-36.790000
20
17.760000
10
-36.790000
20
17.760000
10
-36.790000
20
18.210000
0
LWPOLYLINE
5
1200
100
AcDbEntity
8
0
100
AcDbPolyline
90
16
70
0
43
0.000000
10
-41.560000
20
17.650000
42
0.410601
10
-41.790000
20
17.890000
10
-41.790000
20
17.890000
10
-42.270000
20
17.890000
10
-42.270000
20
17.890000
42
0.412987
10
-42.510000
20
17.650000
10
-42.510000
20
17.650000
10
-42.510000
20
17.150000
10
-42.510000
20
17.150000
42
0.410582
10
-42.270000
20
16.910000
10
-42.270000
20
16.910000
10
-41.790000
20
16.910000
10
-41.790000
20
16.910000
42
0.408181
10
-41.560000
20
17.150000
10
-41.560000
20
17.150000
10
-41.560000
20
17.650000
0
LWPOLYLINE
5
1201
100
AcDbEntity
8
0
100
AcDbPolyline
90
16
70
0
43
0.000000
10
-39.520000
20
17.640000
42
0.413607
10
-39.770000
20
17.890000
10
-39.770000
20
17.890000
10
-40.670000
20
17.890000
10
-40.670000
20
17.890000
42
0.408999
10
-40.920000
20
17.640000
10
-40.920000
20
17.640000
10
-40.920000
20
16.990000
10
-40.920000
20
16.990000
42
0.415942
10
-40.670000
20
16.740000
10
-40.670000
20
16.740000
10
-39.770000
20
16.740000
10
-39.770000
20
16.740000
42
0.420743
10
-39.520000
20
16.990000
10
-39.520000
20
16.990000
10
-39.520000
20
17.640000
0
LWPOLYLINE
5
1202
100
AcDbEntity
8
0
100
AcDbPolyline
90
16
70
0
43
0.000000
10
-31.840000
20
18.210000
42
0.412214
10
-31.940000
20
18.310000
10
-31.940000
20
18.310000
10
-33.690000
20
18.310000
10
-33.690000
20
18.310000
42
0.435516
10
-33.790000
20
18.210000
10
-33.790000
20
18.210000
10
-33.790000
20
17.760000
10
-33.790000
20
17.760000
42
0.415513
10
-33.690000
20
17.660000
10
-33.690000
20
17.660000
10
-31.940000
20
17.660000
10
-31.940000
20
17.660000
42
0.394626
10
-31.840000
20
17.760000
10
-31.840000
20
17.760000
10
-31.840000
20
18.210000
0
LWPOLYLINE
5
1203
100
AcDbEntity
8
0
100
AcDbPolyline
90
16
70
0
43
0.000000
10
-30.140000
20
17.680000
42
0.409382
10
-30.380000
20
17.920000
10
-30.380000
20
17.920000
10
-30.860000
20
17.920000
10
-30.860000
20
17.920000
42
0.406975
10
-31.090000
20
17.680000
10
-31.090000
20
17.680000
10
-31.090000
20
17.080000
10
-31.090000
20
17.080000
42
0.411820
10
-30.860000
20
16.840000
10
-30.860000
20
16.840000
10
-30.380000
20
16.840000
10
-30.380000
20
16.840000
42
0.414195
10
-30.140000
20
17.080000
10
-30.140000
20
17.080000
10
-30.140000
20
17.680000
0
LWPOLYLINE
5
1204
100
AcDbEntity
8
0
100
AcDbPolyline
90
16
70
0
43
0.000000
10
-34.250000
20
17.010000
42
0.423038
10
-34.490000
20
17.240000
10
-34.490000
20
17.240000
10
-34.950000
20
17.240000
10
-34.950000
20
17.240000
42
0.417890
10
-35.180000
20
17.010000
10
-35.180000
20
17.010000
10
-35.180000
20
16.540000
10
-35.180000
20
16.540000
42
0.410210
10
-34.950000
20
16.310000
10
-34.950000
20
16.310000
10
-34.490000
20
16.310000
10
-34.490000
20
16.310000
42
0.415300
10
-34.250000
20
16.540000
10
-34.250000
20
16.540000
10
-34.250000
20
17.010000
0
LWPOLYLINE
5
1205
100
AcDbEntity
8
0
100
AcDbPolyline
90
16
70
0
43
0.000000
10
-35.400000
20
17.010000
42
0.410207
10
-35.630000
20
17.240000
10
-35.630000
20
17.240000
10
-36.100000
20
17.240000
10
-36.100000
20
17.240000
42
0.417893
10
-36.330000
20
17.010000
10
-36.330000
20
17.010000
10
-36.330000
20
16.540000
10
-36.330000
20
16.540000
42
0.410213
10
-36.100000
20
16.310000
10
-36.100000
20
16.310000
10
-35.630000
20
16.310000
10
-35.630000
20
16.310000
42
0.402861
10
-35.400000
20
16.540000
10
-35.400000
20
16.540000
10
-35.400000
20
17.010000
0
LWPOLYLINE
5
1206
100
AcDbEntity
8
0
100
AcDbPolyline
90
16
70
0
43
0.000000
10
-36.790000
20
16.940000
42
0.412217
10
-36.890000
20
17.040000
10
-36.890000
20
17.040000
10
-38.640000
20
17.040000
10
-38.640000
20
17.040000
42
0.435535
10
-38.740000
20
16.940000
10
-38.740000
20
16.940000
10
-38.740000
20
16.490000
10
-38.740000
20
16.490000
42
0.415509
10
-38.640000
20
16.390000
10
-38.640000
20
16.390000
10
-36.890000
20
16.390000
10
-36.890000
20
16.390000
42
0.394609
10
-36.790000
20
16.490000
10
-36.790000
20
16.490000
10
-36.790000
20
16.940000
0
LWPOLYLINE
5
1207
100
AcDbEntity
8
0
100
AcDbPolyline
90
16
70
0
43
0.000000
10
-31.840000
20
16.940000
42
0.412224
10
-31.940000
20
17.040000
10
-31.940000
20
17.040000
10
-33.690000
20
17.040000
10
-33.690000
20
17.040000
42
0.435528
10
-33.790000
20
16.940000
10
-33.790000
20
16.940000
10
-33.790000
20
16.490000
10
-33.790000
20
16.490000
42
0.415502
10
-33.690000
20
16.390000
10
-33.690000
20
16.390000
10
-31.940000
20
16.390000
10
-31.940000
20
16.390000
42
0.394616
10
-31.840000
20
16.490000
10
-31.840000
20
16.490000
10
-31.840000
20
16.940000
0
LWPOLYLINE
5
1208
100
AcDbEntity
8
0
100
AcDbPolyline
90
16
70
0
43
0.000000
10
36.870000
20
17.050000
42
0.422898
10
36.630000
20
17.290000
10
36.630000
20
17.290000
10
36.130000
20
17.290000
10
36.130000
20
17.290000
42
0.417838
10
35.890000
20
17.050000
10
35.890000
20
17.050000
10
35.890000
20
16.580000
10
35.890000
20
16.580000
42
0.410578
10
36.130000
20
16.340000
10
36.130000
20
16.340000
10
36.630000
20
16.340000
10
36.630000
20
16.340000
42
0.415427
10
36.870000
20
16.580000
10
36.870000
20
16.580000
10
36.870000
20
17.050000
0
LWPOLYLINE
5
1209
100
AcDbEntity
8
0
100
AcDbPolyline
90
16
70
0
43
0.000000
10
35.050000
20
17.050000
42
0.416579
10
34.810000
20
17.290000
10
34.810000
20
17.290000
10
34.310000
20
17.290000
10
34.310000
20
17.290000
42
0.424176
10
34.070000
20
17.050000
10
34.070000
20
17.050000
10
34.070000
20
16.580000
10
34.070000
20
16.580000
42
0.416651
10
34.310000
20
16.340000
10
34.310000
20
16.340000
10
34.810000
20
16.340000
10
34.810000
20
16.340000
42
0.409371
10
35.050000
20
16.580000
10
35.050000
20
16.580000
10
35.050000
20
17.050000
0
LWPOLYLINE
5
1210
100
AcDbEntity
8
0
100
AcDbPolyline
90
16
70
0
43
0.000000
10
29.270000
20
17.120000
42
0.423527
10
29.110000
20
17.280000
10
29.110000
20
17.280000
10
28.690000
20
17.280000
10
28.690000
20
17.280000
42
0.427381
10
28.530000
20
17.120000
10
28.530000
20
17.120000
10
28.530000
20
16.810000
10
28.530000
20
16.810000
42
0.416279
10
28.690000
20
16.660000
10
28.690000
20
16.660000
10
29.110000
20
16.660000
10
29.110000
20
16.660000
42
0.412550
10
29.270000
20
16.810000
10
29.270000
20
16.810000
10
29.270000
20
17.120000
0
LWPOLYLINE
5
1211
100
AcDbEntity
8
0
100
AcDbPolyline
90
16
70
0
43
0.000000
10
28.130000
20
17.120000
42
0.414402
10
27.980000
20
17.280000
10
27.980000
20
17.280000
10
27.550000
20
17.280000
10
27.550000
20
17.280000
42
0.418287
10
27.400000
20
17.120000
10
27.400000
20
17.120000
10
27.400000
20
16.810000
10
27.400000
20
16.810000
42
0.406523
10
27.550000
20
16.660000
10
27.550000
20
16.660000
10
27.980000
20
16.660000
10
27.980000
20
16.660000
42
0.402771
10
28.130000
20
16.810000
10
28.130000
20
16.810000
10
28.130000
20
17.120000
0
LWPOLYLINE
5
1212
100
AcDbEntity
8
0
100
AcDbPolyline
90
16
70
0
43
0.000000
10
20.380000
20
16.610000
42
0.404620
10
20.230000
20
16.760000
10
20.230000
20
16.760000
10
19.920000
20
16.760000
10
19.920000
20
16.760000
42
0.420177
10
19.760000
20
16.610000
10
19.760000
20
16.610000
10
19.760000
20
16.180000
10
19.760000
20
16.180000
42
0.416265
10
19.920000
20
16.030000
10
19.920000
20
16.030000
10
20.230000
20
16.030000
10
20.230000
20
16.030000
42
0.400926
10
20.380000
20
16.180000
10
20.380000
20
16.180000
10
20.380000
20
16.610000
0
LWPOLYLINE
5
1213
100
AcDbEntity
8
0
100
AcDbPolyline
90
16
70
0
43
0.000000
10
19.180000
20
16.480000
42
0.413621
10
18.930000
20
16.730000
10
18.930000
20
16.730000
10
17.330000
20
16.730000
10
17.330000
20
16.730000
42
0.411299
10
17.080000
20
16.480000
10
17.080000
20
16.480000
10
17.080000
20
15.180000
10
17.080000
20
15.180000
42
0.415960
10
17.330000
20
14.930000
10
17.330000
20
14.930000
10
18.930000
20
14.930000
10
18.930000
20
14.930000
42
0.418346
10
19.180000
20
15.180000
10
19.180000
20
15.180000
10
19.180000
20
16.480000
0
LWPOLYLINE
5
1214
100
AcDbEntity
8
0
100
AcDbPolyline
90
16
70
0
43
0.000000
10
16.280000
20
16.480000
42
0.413622
10
16.030000
20
16.730000
10
16.030000
20
16.730000
10
14.430000
20
16.730000
10
14.430000
20
16.730000
42
0.411302
10
14.180000
20
16.480000
10
14.180000
20
16.480000
10
14.180000
20
15.180000
10
14.180000
20
15.180000
42
0.415963
10
14.430000
20
14.930000
10
14.430000
20
14.930000
10
16.030000
20
14.930000
10
16.030000
20
14.930000
42
0.418347
10
16.280000
20
15.180000
10
16.280000
20
15.180000
10
16.280000
20
16.480000
0
LWPOLYLINE
5
1215
100
AcDbEntity
8
0
100
AcDbPolyline
90
16
70
0
43
0.000000
10
-30.140000
20
15.950000
42
0.415402
10
-30.380000
20
16.190000
10
-30.380000
20
16.190000
10
-30.860000
20
16.190000
10
-30.860000
20
16.190000
42
0.413035
10
-31.090000
20
15.950000
10
-31.090000
20
15.950000
10
-31.090000
20
15.350000
10
-31.090000
20
15.350000
42
0.405464
10
-30.860000
20
15.120000
10
-30.860000
20
15.120000
10
-30.380000
20
15.120000
10
-30.380000
20
15.120000
42
0.408194
10
-30.140000
20
15.350000
10
-30.140000
20
15.350000
10
-30.140000
20
15.950000
0
LWPOLYLINE
5
1216
100
AcDbEntity
8
0
100
AcDbPolyline
90
16
70
0
43
0.000000
10
-41.560000
20
15.830000
42
0.404237
10
-41.790000
20
16.060000
10
-41.790000
20
16.060000
10
-42.270000
20
16.060000
10
-42.270000
20
16.060000
42
0.406977
10
-42.510000
20
15.830000
10
-42.510000
20
15.830000
10
-42.510000
20
15.330000
10
-42.510000
20
15.330000
42
0.416626
10
-42.270000
20
15.090000
10
-42.270000
20
15.090000
10
-41.790000
20
15.090000
10
-41.790000
20
15.090000
42
0.414264
10
-41.560000
20
15.330000
10
-41.560000
20
15.330000
10
-41.560000
20
15.830000
0
LWPOLYLINE
5
1217
100
AcDbEntity
8
0
100
AcDbPolyline
90
16
70
0
43
0.000000
10
-39.520000
20
15.590000
42
0.413606
10
-39.770000
20
15.840000
10
-39.770000
20
15.840000
10
-40.670000
20
15.840000
10
-40.670000
20
15.840000
42
0.408997
10
-40.920000
20
15.590000
10
-40.920000
20
15.590000
10
-40.920000
20
14.940000
10
-40.920000
20
14.940000
42
0.415945
10
-40.670000
20
14.690000
10
-40.670000
20
14.690000
10
-39.770000
20
14.690000
10
-39.770000
20
14.690000
42
0.420746
10
-39.520000
20
14.940000
10
-39.520000
20
14.940000
10
-39.520000
20
15.590000
0
LWPOLYLINE
5
1218
100
AcDbEntity
8
0
100
AcDbPolyline
90
16
70
0
43
0.000000
10
-31.840000
20
15.670000
42
0.412235
10
-31.940000
20
15.770000
10
-31.940000
20
15.770000
10
-33.690000
20
15.770000
10
-33.690000
20
15.770000
42
0.435539
10
-33.790000
20
15.670000
10
-33.790000
20
15.670000
10
-33.790000
20
15.220000
10
-33.790000
20
15.220000
42
0.415491
10
-33.690000
20
15.120000
10
-33.690000
20
15.120000
10
-31.940000
20
15.120000
10
-31.940000
20
15.120000
42
0.394606
10
-31.840000
20
15.220000
10
-31.840000
20
15.220000
10
-31.840000
20
15.670000
0
LWPOLYLINE
5
1219
100
AcDbEntity
8
0
100
AcDbPolyline
90
16
70
0
43
0.000000
10
-36.790000
20
15.670000
42
0.412227
10
-36.890000
20
15.770000
10
-36.890000
20
15.770000
10
-38.640000
20
15.770000
10
-38.640000
20
15.770000
42
0.435547
10
-38.740000
20
15.670000
10
-38.740000
20
15.670000
10
-38.740000
20
15.220000
10
-38.740000
20
15.220000
42
0.415498
10
-38.640000
20
15.120000
10
-38.640000
20
15.120000
10
-36.890000
20
15.120000
10
-36.890000
20
15.120000
42
0.394600
10
-36.790000
20
15.220000
10
-36.790000
20
15.220000
10
-36.790000
20
15.670000
0
LWPOLYLINE
5
1220
100
AcDbEntity
8
0
100
AcDbPolyline
90
16
70
0
43
0.000000
10
49.690000
20
16.030000
42
0.436963
10
49.460000
20
16.040000
10
49.460000
20
16.040000
10
49.160000
20
15.740000
10
49.160000
20
15.740000
42
0.412079
10
49.160000
20
15.520000
10
49.160000
20
15.520000
10
49.380000
20
15.300000
10
49.380000
20
15.300000
42
0.417506
10
49.600000
20
15.300000
10
49.600000
20
15.300000
10
49.900000
20
15.600000
10
49.900000
20
15.600000
42
0.442411
10
49.890000
20
15.830000
10
49.890000
20
15.830000
10
49.690000
20
16.030000
0
LWPOLYLINE
5
1221
100
AcDbEntity
8
0
100
AcDbPolyline
90
16
70
0
43
0.000000
10
20.380000
20
15.470000
42
0.414328
10
20.230000
20
15.630000
10
20.230000
20
15.630000
10
19.920000
20
15.630000
10
19.920000
20
15.630000
42
0.429308
10
19.760000
20
15.470000
10
19.760000
20
15.470000
10
19.760000
20
15.050000
10
19.760000
20
15.050000
42
0.425433
10
19.920000
20
14.890000
10
19.920000
20
14.890000
10
20.230000
20
14.890000
10
20.230000
20
14.890000
42
0.410661
10
20.380000
20
15.050000
10
20.380000
20
15.050000
10
20.380000
20
15.470000
0
LWPOLYLINE
5
1222
100
AcDbEntity
8
0
100
AcDbPolyline
90
16
70
0
43
0.000000
10
48.890000
20
15.230000
42
0.428508
10
48.660000
20
15.240000
10
48.660000
20
15.240000
10
48.360000
20
14.930000
10
48.360000
20
14.930000
42
0.403857
10
48.360000
20
14.720000
10
48.360000
20
14.720000
10
48.580000
20
14.500000
10
48.580000
20
14.500000
42
0.425713
10
48.800000
20
14.500000
10
48.800000
20
14.500000
10
49.100000
20
14.800000
10
49.100000
20
14.800000
42
0.423919
10
49.090000
20
15.020000
10
49.090000
20
15.020000
10
48.890000
20
15.230000
0
LWPOLYLINE
5
1223
100
AcDbEntity
8
0
100
AcDbPolyline
90
16
70
0
43
0.000000
10
50.340000
20
15.380000
42
0.436963
10
50.110000
20
15.390000
10
50.110000
20
15.390000
10
49.810000
20
15.090000
10
49.810000
20
15.090000
42
0.412092
10
49.810000
20
14.870000
10
49.810000
20
14.870000
10
50.030000
20
14.650000
10
50.030000
20
14.650000
42
0.417502
10
50.250000
20
14.650000
10
50.250000
20
14.650000
10
50.550000
20
14.950000
10
50.550000
20
14.950000
42
0.442411
10
50.540000
20
15.180000
10
50.540000
20
15.180000
10
50.340000
20
15.380000
0
LWPOLYLINE
5
1224
100
AcDbEntity
8
0
100
AcDbPolyline
90
18
70
0
43
0.000000
10
49.540000
20
14.580000
42
0.431220
10
49.310000
20
14.590000
10
49.310000
20
14.590000
10
49.010000
20
14.290000
10
49.010000
20
14.290000
42
0.417360
10
49.010000
20
14.070000
10
49.010000
20
14.070000
10
49.230000
20
13.850000
10
49.230000
20
13.850000
42
0.422933
10
49.450000
20
13.850000
10
49.450000
20
13.850000
10
49.750000
20
14.150000
10
49.750000
20
14.150000
42
0.424011
10
49.740000
20
14.370000
10
49.740000
20
14.370000
10
49.740000
20
14.380000
10
49.740000
20
14.380000
10
49.540000
20
14.580000
0
LWPOLYLINE
5
1225
100
AcDbEntity
8
0
100
AcDbPolyline
90
16
70
0
43
0.000000
10
19.180000
20
14.180000
42
0.413619
10
18.930000
20
14.430000
10
18.930000
20
14.430000
10
17.330000
20
14.430000
10
17.330000
20
14.430000
42
0.411298
10
17.080000
20
14.180000
10
17.080000
20
14.180000
10
17.080000
20
12.880000
10
17.080000
20
12.880000
42
0.415962
10
17.330000
20
12.630000
10
17.330000
20
12.630000
10
18.930000
20
12.630000
10
18.930000
20
12.630000
42
0.418347
10
19.180000
20
12.880000
10
19.180000
20
12.880000
10
19.180000
20
14.180000
0
LWPOLYLINE
5
1226
100
AcDbEntity
8
0
100
AcDbPolyline
90
16
70
0
43
0.000000
10
16.280000
20
14.180000
42
0.413621
10
16.030000
20
14.430000
10
16.030000
20
14.430000
10
14.430000
20
14.430000
10
14.430000
20
14.430000
42
0.411301
10
14.180000
20
14.180000
10
14.180000
20
14.180000
10
14.180000
20
12.880000
10
14.180000
20
12.880000
42
0.415965
10
14.430000
20
12.630000
10
14.430000
20
12.630000
10
16.030000
20
12.630000
10
16.030000
20
12.630000
42
0.418349
10
16.280000
20
12.880000
10
16.280000
20
12.880000
10
16.280000
20
14.180000
0
LWPOLYLINE
5
1227
100
AcDbEntity
8
0
100
AcDbPolyline
90
16
70
0
43
0.000000
10
20.360000
20
14.240000
42
0.423517
10
20.200000
20
14.400000
10
20.200000
20
14.400000
10
19.880000
20
14.400000
10
19.880000
20
14.400000
42
0.419691
10
19.720000
20
14.240000
10
19.720000
20
14.240000
10
19.720000
20
13.850000
10
19.720000
20
13.850000
42
0.416020
10
19.880000
20
13.690000
10
19.880000
20
13.690000
10
20.200000
20
13.690000
10
20.200000
20
13.690000
42
0.419766
10
20.360000
20
13.850000
10
20.360000
20
13.850000
10
20.360000
20
14.240000
0
LWPOLYLINE
5
1228
100
AcDbEntity
8
0
100
AcDbPolyline
90
16
70
0
43
0.000000
10
20.360000
20
13.050000
42
0.414200
10
20.200000
20
13.210000
10
20.200000
20
13.210000
10
19.880000
20
13.210000
10
19.880000
20
13.210000
42
0.410572
10
19.720000
20
13.050000
10
19.720000
20
13.050000
10
19.720000
20
12.650000
10
19.720000
20
12.650000
42
0.406989
10
19.880000
20
12.490000
10
19.880000
20
12.490000
10
20.200000
20
12.490000
10
20.200000
20
12.490000
42
0.410540
10
20.360000
20
12.650000
10
20.360000
20
12.650000
10
20.360000
20
13.050000
0
LWPOLYLINE
5
1229
100
AcDbEntity
8
0
100
AcDbPolyline
90
16
70
0
43
0.000000
10
16.150000
20
11.910000
42
0.423539
10
15.990000
20
12.070000
10
15.990000
20
12.070000
10
15.570000
20
12.070000
10
15.570000
20
12.070000
42
0.427363
10
15.410000
20
11.910000
10
15.410000
20
11.910000
10
15.410000
20
11.600000
10
15.410000
20
11.600000
42
0.416265
10
15.570000
20
11.450000
10
15.570000
20
11.450000
10
15.990000
20
11.450000
10
15.990000
20
11.450000
42
0.412566
10
16.150000
20
11.600000
10
16.150000
20
11.600000
10
16.150000
20
11.910000
0
LWPOLYLINE
5
1230
100
AcDbEntity
8
0
100
AcDbPolyline
90
16
70
0
43
0.000000
10
15.010000
20
11.910000
42
0.414402
10
14.860000
20
12.070000
10
14.860000
20
12.070000
10
14.430000
20
12.070000
10
14.430000
20
12.070000
42
0.418280
10
14.280000
20
11.910000
10
14.280000
20
11.910000
10
14.280000
20
11.600000
10
14.280000
20
11.600000
42
0.406521
10
14.430000
20
11.450000
10
14.430000
20
11.450000
10
14.860000
20
11.450000
10
14.860000
20
11.450000
42
0.402776
10
15.010000
20
11.600000
10
15.010000
20
11.600000
10
15.010000
20
11.910000
0
LWPOLYLINE
5
1231
100
AcDbEntity
8
0
100
AcDbPolyline
90
16
70
0
43
0.000000
10
15.800000
20
10.450000
42
0.412445
10
15.550000
20
10.700000
10
15.550000
20
10.700000
10
14.650000
20
10.700000
10
14.650000
20
10.700000
42
0.410145
10
14.400000
20
10.450000
10
14.400000
20
10.450000
10
14.400000
20
9.800000
10
14.400000
20
9.800000
42
0.417139
10
14.650000
20
9.550000
10
14.650000
20
9.550000
10
15.550000
20
9.550000
10
15.550000
20
9.550000
42
0.419535
10
15.800000
20
9.800000
10
15.800000
20
9.800000
10
15.800000
20
10.450000
0
LWPOLYLINE
5
1232
100
AcDbEntity
8
0
100
AcDbPolyline
90
16
70
0
43
0.000000
10
-39.320000
20
10.340000
42
0.414217
10
-39.550000
20
10.580000
10
-39.550000
20
10.580000
10
-40.050000
20
10.580000
10
-40.050000
20
10.580000
42
0.426731
10
-40.290000
20
10.340000
10
-40.290000
20
10.340000
10
-40.290000
20
9.870000
10
-40.290000
20
9.870000
42
0.419097
10
-40.050000
20
9.630000
10
-40.050000
20
9.630000
10
-39.550000
20
9.630000
10
-39.550000
20
9.630000
42
0.406961
10
-39.320000
20
9.870000
10
-39.320000
20
9.870000
10
-39.320000
20
10.340000
0
LWPOLYLINE
5
1233
100
AcDbEntity
8
0
100
AcDbPolyline
90
16
70
0
43
0.000000
10
-41.140000
20
10.340000
42
0.420367
10
-41.380000
20
10.580000
10
-41.380000
20
10.580000
10
-41.880000
20
10.580000
10
-41.880000
20
10.580000
42
0.420354
10
-42.120000
20
10.340000
10
-42.120000
20
10.340000
10
-42.120000
20
9.870000
10
-42.120000
20
9.870000
42
0.412989
10
-41.880000
20
9.630000
10
-41.880000
20
9.630000
10
-41.380000
20
9.630000
10
-41.380000
20
9.630000
42
0.413000
10
-41.140000
20
9.870000
10
-41.140000
20
9.870000
10
-41.140000
20
10.340000
0
LWPOLYLINE
5
1234
100
AcDbEntity
8
0
100
AcDbPolyline
90
16
70
0
43
0.000000
10
-31.790000
20
10.460000
42
0.412222
10
-31.890000
20
10.560000
10
-31.890000
20
10.560000
10
-33.640000
20
10.560000
10
-33.640000
20
10.560000
42
0.435477
10
-33.740000
20
10.460000
10
-33.740000
20
10.460000
10
-33.740000
20
10.010000
10
-33.740000
20
10.010000
42
0.415507
10
-33.640000
20
9.910000
10
-33.640000
20
9.910000
10
-31.890000
20
9.910000
10
-31.890000
20
9.910000
42
0.394659
10
-31.790000
20
10.010000
10
-31.790000
20
10.010000
10
-31.790000
20
10.460000
0
LWPOLYLINE
5
1235
100
AcDbEntity
8
0
100
AcDbPolyline
90
16
70
0
43
0.000000
10
-36.740000
20
10.460000
42
0.412215
10
-36.840000
20
10.560000
10
-36.840000
20
10.560000
10
-38.590000
20
10.560000
10
-38.590000
20
10.560000
42
0.435485
10
-38.690000
20
10.460000
10
-38.690000
20
10.460000
10
-38.690000
20
10.010000
10
-38.690000
20
10.010000
42
0.415514
10
-38.590000
20
9.910000
10
-38.590000
20
9.910000
10
-36.840000
20
9.910000
10
-36.840000
20
9.910000
42
0.394652
10
-36.740000
20
10.010000
10
-36.740000
20
10.010000
10
-36.740000
20
10.460000
0
LWPOLYLINE
5
1236
100
AcDbEntity
8
0
100
AcDbPolyline
90
16
70
0
43
0.000000
10
17.940000
20
10.680000
10
16.490000
20
10.680000
10
16.490000
20
10.680000
10
16.490000
20
9.500000
10
16.490000
20
9.500000
10
16.970000
20
9.500000
10
16.970000
20
9.500000
10
16.970000
20
9.900000
10
16.970000
20
9.900000
10
17.450000
20
9.900000
10
17.450000
20
9.900000
10
17.450000
20
9.500000
10
17.450000
20
9.500000
10
17.940000
20
9.500000
10
17.940000
20
9.500000
10
17.940000
20
10.680000
0
LWPOLYLINE
5
1237
100
AcDbEntity
8
0
100
AcDbPolyline
90
16
70
0
43
0.000000
10
32.270000
20
10.420000
42
0.413472
10
32.070000
20
10.620000
10
32.070000
20
10.620000
10
31.570000
20
10.620000
10
31.570000
20
10.620000
42
0.410578
10
31.370000
20
10.420000
10
31.370000
20
10.420000
10
31.370000
20
10.020000
10
31.370000
20
10.020000
42
0.416396
10
31.570000
20
9.820000
10
31.570000
20
9.820000
10
32.070000
20
9.820000
10
32.070000
20
9.820000
42
0.419391
10
32.270000
20
10.020000
10
32.270000
20
10.020000
10
32.270000
20
10.420000
0
LWPOLYLINE
5
1238
100
AcDbEntity
8
0
100
AcDbPolyline
90
16
70
0
43
0.000000
10
35.500000
20
10.250000
42
0.414207
10
35.260000
20
10.490000
10
35.260000
20
10.490000
10
34.780000
20
10.490000
10
34.780000
20
10.490000
42
0.409363
10
34.550000
20
10.250000
10
34.550000
20
10.250000
10
34.550000
20
9.650000
10
34.550000
20
9.650000
42
0.406965
10
34.780000
20
9.410000
10
34.780000
20
9.410000
10
35.260000
20
9.410000
10
35.260000
20
9.410000
42
0.411791
10
35.500000
20
9.650000
10
35.500000
20
9.650000
10
35.500000
20
10.250000
0
LWPOLYLINE
5
1239
100
AcDbEntity
8
0
100
AcDbPolyline
90
16
70
0
43
0.000000
10
33.940000
20
10.250000
42
0.414204
10
33.700000
20
10.490000
10
33.700000
20
10.490000
10
33.220000
20
10.490000
10
33.220000
20
10.490000
42
0.409360
10
32.990000
20
10.250000
10
32.990000
20
10.250000
10
32.990000
20
9.750000
10
32.990000
20
9.750000
42
0.406961
10
33.220000
20
9.510000
10
33.220000
20
9.510000
10
33.700000
20
9.510000
10
33.700000
20
9.510000
42
0.411786
10
33.940000
20
9.750000
10
33.940000
20
9.750000
10
33.940000
20
10.250000
0
LWPOLYLINE
5
1240
100
AcDbEntity
8
0
100
AcDbPolyline
90
16
70
0
43
0.000000
10
29.870000
20
9.470000
42
0.413463
10
29.670000
20
9.670000
10
29.670000
20
9.670000
10
29.170000
20
9.670000
10
29.170000
20
9.670000
42
0.410583
10
28.970000
20
9.470000
10
28.970000
20
9.470000
10
28.970000
20
9.070000
10
28.970000
20
9.070000
42
0.416405
10
29.170000
20
8.870000
10
29.170000
20
8.870000
10
29.670000
20
8.870000
10
29.670000
20
8.870000
42
0.419386
10
29.870000
20
9.070000
10
29.870000
20
9.070000
10
29.870000
20
9.470000
0
LWPOLYLINE
5
1241
100
AcDbEntity
8
0
100
AcDbPolyline
90
16
70
0
43
0.000000
10
-34.200000
20
9.140000
42
0.423035
10
-34.440000
20
9.370000
10
-34.440000
20
9.370000
10
-34.900000
20
9.370000
10
-34.900000
20
9.370000
42
0.417889
10
-35.130000
20
9.140000
10
-35.130000
20
9.140000
10
-35.130000
20
8.670000
10
-35.130000
20
8.670000
42
0.410209
10
-34.900000
20
8.440000
10
-34.900000
20
8.440000
10
-34.440000
20
8.440000
10
-34.440000
20
8.440000
42
0.415297
10
-34.200000
20
8.670000
10
-34.200000
20
8.670000
10
-34.200000
20
9.140000
0
LWPOLYLINE
5
1242
100
AcDbEntity
8
0
100
AcDbPolyline
90
16
70
0
43
0.000000
10
-35.350000
20
9.140000
42
0.423038
10
-35.590000
20
9.370000
10
-35.590000
20
9.370000
10
-36.050000
20
9.370000
10
-36.050000
20
9.370000
42
0.417889
10
-36.280000
20
9.140000
10
-36.280000
20
9.140000
10
-36.280000
20
8.670000
10
-36.280000
20
8.670000
42
0.410209
10
-36.050000
20
8.440000
10
-36.050000
20
8.440000
10
-35.590000
20
8.440000
10
-35.590000
20
8.440000
42
0.415300
10
-35.350000
20
8.670000
10
-35.350000
20
8.670000
10
-35.350000
20
9.140000
0
LWPOLYLINE
5
1243
100
AcDbEntity
8
0
100
AcDbPolyline
90
16
70
0
43
0.000000
10
-36.740000
20
9.190000
42
0.412227
10
-36.840000
20
9.290000
10
-36.840000
20
9.290000
10
-38.590000
20
9.290000
10
-38.590000
20
9.290000
42
0.435498
10
-38.690000
20
9.190000
10
-38.690000
20
9.190000
10
-38.690000
20
8.740000
10
-38.690000
20
8.740000
42
0.415501
10
-38.590000
20
8.640000
10
-38.590000
20
8.640000
10
-36.840000
20
8.640000
10
-36.840000
20
8.640000
42
0.394641
10
-36.740000
20
8.740000
10
-36.740000
20
8.740000
10
-36.740000
20
9.190000
0
LWPOLYLINE
5
1244
100
AcDbEntity
8
0
100
AcDbPolyline
90
16
70
0
43
0.000000
10
-41.440000
20
8.770000
42
0.414208
10
-41.680000
20
9.010000
10
-41.680000
20
9.010000
10
-42.160000
20
9.010000
10
-42.160000
20
9.010000
42
0.409364
10
-42.390000
20
8.770000
10
-42.390000
20
8.770000
10
-42.390000
20
8.270000
10
-42.390000
20
8.270000
42
0.406958
10
-42.160000
20
8.030000
10
-42.160000
20
8.030000
10
-41.680000
20
8.030000
10
-41.680000
20
8.030000
42
0.411783
10
-41.440000
20
8.270000
10
-41.440000
20
8.270000
10
-41.440000
20
8.770000
0
LWPOLYLINE
5
1245
100
AcDbEntity
8
0
100
AcDbPolyline
90
16
70
0
43
0.000000
10
-39.420000
20
8.660000
42
0.413604
10
-39.670000
20
8.910000
10
-39.670000
20
8.910000
10
-40.570000
20
8.910000
10
-40.570000
20
8.910000
42
0.408993
10
-40.820000
20
8.660000
10
-40.820000
20
8.660000
10
-40.820000
20
8.010000
10
-40.820000
20
8.010000
42
0.415943
10
-40.570000
20
7.760000
10
-40.570000
20
7.760000
10
-39.670000
20
7.760000
10
-39.670000
20
7.760000
42
0.420747
10
-39.420000
20
8.010000
10
-39.420000
20
8.010000
10
-39.420000
20
8.660000
0
LWPOLYLINE
5
1246
100
AcDbEntity
8
0
100
AcDbPolyline
90
16
70
0
43
0.000000
10
-31.790000
20
9.190000
42
0.412234
10
-31.890000
20
9.290000
10
-31.890000
20
9.290000
10
-33.640000
20
9.290000
10
-33.640000
20
9.290000
42
0.435491
10
-33.740000
20
9.190000
10
-33.740000
20
9.190000
10
-33.740000
20
8.740000
10
-33.740000
20
8.740000
42
0.415494
10
-33.640000
20
8.640000
10
-33.640000
20
8.640000
10
-31.890000
20
8.640000
10
-31.890000
20
8.640000
42
0.394647
10
-31.790000
20
8.740000
10
-31.790000
20
8.740000
10
-31.790000
20
9.190000
0
LWPOLYLINE
5
1247
100
AcDbEntity
8
0
100
AcDbPolyline
90
16
70
0
43
0.000000
10
20.020000
20
9.060000
42
0.404613
10
19.870000
20
9.210000
10
19.870000
20
9.210000
10
19.560000
20
9.210000
10
19.560000
20
9.210000
42
0.420174
10
19.400000
20
9.060000
10
19.400000
20
9.060000
10
19.400000
20
8.630000
10
19.400000
20
8.630000
42
0.416268
10
19.560000
20
8.480000
10
19.560000
20
8.480000
10
19.870000
20
8.480000
10
19.870000
20
8.480000
42
0.400924
10
20.020000
20
8.630000
10
20.020000
20
8.630000
10
20.020000
20
9.060000
0
LWPOLYLINE
5
1248
100
AcDbEntity
8
0
100
AcDbPolyline
90
16
70
0
43
0.000000
10
19.030000
20
9.060000
42
0.404613
10
18.880000
20
9.210000
10
18.880000
20
9.210000
10
18.570000
20
9.210000
10
18.570000
20
9.210000
42
0.420174
10
18.410000
20
9.060000
10
18.410000
20
9.060000
10
18.410000
20
8.630000
10
18.410000
20
8.630000
42
0.416268
10
18.570000
20
8.480000
10
18.570000
20
8.480000
10
18.880000
20
8.480000
10
18.880000
20
8.480000
42
0.400924
10
19.030000
20
8.630000
10
19.030000
20
8.630000
10
19.030000
20
9.060000
0
LWPOLYLINE
5
1249
100
AcDbEntity
8
0
100
AcDbPolyline
90
16
70
0
43
0.000000
10
-30.090000
20
8.720000
42
0.414205
10
-30.330000
20
8.960000
10
-30.330000
20
8.960000
10
-30.800000
20
8.960000
10
-30.800000
20
8.960000
42
0.421624
10
-31.040000
20
8.720000
10
-31.040000
20
8.720000
10
-31.040000
20
8.120000
10
-31.040000
20
8.120000
42
0.419101
10
-30.800000
20
7.880000
10
-30.800000
20
7.880000
10
-30.330000
20
7.880000
10
-30.330000
20
7.880000
42
0.411786
10
-30.090000
20
8.120000
10
-30.090000
20
8.120000
10
-30.090000
20
8.720000
0
LWPOLYLINE
5
1250
100
AcDbEntity
8
0
100
AcDbPolyline
90
16
70
0
43
0.000000
10
-34.200000
20
7.990000
42
0.423039
10
-34.440000
20
8.220000
10
-34.440000
20
8.220000
10
-34.900000
20
8.220000
10
-34.900000
20
8.220000
42
0.417894
10
-35.130000
20
7.990000
10
-35.130000
20
7.990000
10
-35.130000
20
7.520000
10
-35.130000
20
7.520000
42
0.410206
10
-34.900000
20
7.290000
10
-34.900000
20
7.290000
10
-34.440000
20
7.290000
10
-34.440000
20
7.290000
42
0.415293
10
-34.200000
20
7.520000
10
-34.200000
20
7.520000
10
-34.200000
20
7.990000
0
LWPOLYLINE
5
1251
100
AcDbEntity
8
0
100
AcDbPolyline
90
16
70
0
43
0.000000
10
-35.350000
20
7.990000
42
0.423042
10
-35.590000
20
8.220000
10
-35.590000
20
8.220000
10
-36.050000
20
8.220000
10
-36.050000
20
8.220000
42
0.417894
10
-36.280000
20
7.990000
10
-36.280000
20
7.990000
10
-36.280000
20
7.520000
10
-36.280000
20
7.520000
42
0.410206
10
-36.050000
20
7.290000
10
-36.050000
20
7.290000
10
-35.590000
20
7.290000
10
-35.590000
20
7.290000
42
0.415296
10
-35.350000
20
7.520000
10
-35.350000
20
7.520000
10
-35.350000
20
7.990000
0
LWPOLYLINE
5
1252
100
AcDbEntity
8
0
100
AcDbPolyline
90
16
70
0
43
0.000000
10
-36.740000
20
7.920000
42
0.412237
10
-36.840000
20
8.020000
10
-36.840000
20
8.020000
10
-38.590000
20
8.020000
10
-38.590000
20
8.020000
42
0.435510
10
-38.690000
20
7.920000
10
-38.690000
20
7.920000
10
-38.690000
20
7.470000
10
-38.690000
20
7.470000
42
0.415488
10
-38.590000
20
7.370000
10
-38.590000
20
7.370000
10
-36.840000
20
7.370000
10
-36.840000
20
7.370000
42
0.394629
10
-36.740000
20
7.470000
10
-36.740000
20
7.470000
10
-36.740000
20
7.920000
0
LWPOLYLINE
5
1253
100
AcDbEntity
8
0
100
AcDbPolyline
90
16
70
0
43
0.000000
10
-31.790000
20
7.920000
42
0.412245
10
-31.890000
20
8.020000
10
-31.890000
20
8.020000
10
-33.640000
20
8.020000
10
-33.640000
20
8.020000
42
0.435502
10
-33.740000
20
7.920000
10
-33.740000
20
7.920000
10
-33.740000
20
7.470000
10
-33.740000
20
7.470000
42
0.415481
10
-33.640000
20
7.370000
10
-33.640000
20
7.370000
10
-31.890000
20
7.370000
10
-31.890000
20
7.370000
42
0.394636
10
-31.790000
20
7.470000
10
-31.790000
20
7.470000
10
-31.790000
20
7.920000
0
LWPOLYLINE
5
1254
100
AcDbEntity
8
0
100
AcDbPolyline
90
16
70
0
43
0.000000
10
15.800000
20
8.400000
42
0.412444
10
15.550000
20
8.650000
10
15.550000
20
8.650000
10
14.650000
20
8.650000
10
14.650000
20
8.650000
42
0.410144
10
14.400000
20
8.400000
10
14.400000
20
8.400000
10
14.400000
20
7.750000
10
14.400000
20
7.750000
42
0.417141
10
14.650000
20
7.500000
10
14.650000
20
7.500000
10
15.550000
20
7.500000
10
15.550000
20
7.500000
42
0.419537
10
15.800000
20
7.750000
10
15.800000
20
7.750000
10
15.800000
20
8.400000
0
LWPOLYLINE
5
1255
100
AcDbEntity
8
0
100
AcDbPolyline
90
16
70
0
43
0.000000
10
17.940000
20
8.610000
10
17.450000
20
8.610000
10
17.450000
20
8.610000
10
17.450000
20
8.220000
10
17.450000
20
8.220000
10
16.970000
20
8.220000
10
16.970000
20
8.220000
10
16.970000
20
8.610000
10
16.970000
20
8.610000
10
16.490000
20
8.610000
10
16.490000
20
8.610000
10
16.490000
20
7.430000
10
16.490000
20
7.430000
10
17.940000
20
7.430000
10
17.940000
20
7.430000
10
17.940000
20
8.610000
0
LWPOLYLINE
5
1256
100
AcDbEntity
8
0
100
AcDbPolyline
90
16
70
0
43
0.000000
10
35.500000
20
8.530000
42
0.408179
10
35.260000
20
8.760000
10
35.260000
20
8.760000
10
34.780000
20
8.760000
10
34.780000
20
8.760000
42
0.403018
10
34.550000
20
8.530000
10
34.550000
20
8.530000
10
34.550000
20
7.930000
10
34.550000
20
7.930000
42
0.413001
10
34.780000
20
7.690000
10
34.780000
20
7.690000
10
35.260000
20
7.690000
10
35.260000
20
7.690000
42
0.417874
10
35.500000
20
7.930000
10
35.500000
20
7.930000
10
35.500000
20
8.530000
0
LWPOLYLINE
5
1257
100
AcDbEntity
8
0
100
AcDbPolyline
90
16
70
0
43
0.000000
10
32.270000
20
8.520000
42
0.413470
10
32.070000
20
8.720000
10
32.070000
20
8.720000
10
31.570000
20
8.720000
10
31.570000
20
8.720000
42
0.410576
10
31.370000
20
8.520000
10
31.370000
20
8.520000
10
31.370000
20
8.120000
10
31.370000
20
8.120000
42
0.416399
10
31.570000
20
7.920000
10
31.570000
20
7.920000
10
32.070000
20
7.920000
10
32.070000
20
7.920000
42
0.419394
10
32.270000
20
8.120000
10
32.270000
20
8.120000
10
32.270000
20
8.520000
0
LWPOLYLINE
5
1258
100
AcDbEntity
8
0
100
AcDbPolyline
90
16
70
0
43
0.000000
10
20.020000
20
7.920000
42
0.414324
10
19.870000
20
8.080000
10
19.870000
20
8.080000
10
19.560000
20
8.080000
10
19.560000
20
8.080000
42
0.429309
10
19.400000
20
7.920000
10
19.400000
20
7.920000
10
19.400000
20
7.500000
10
19.400000
20
7.500000
42
0.425438
10
19.560000
20
7.340000
10
19.560000
20
7.340000
10
19.870000
20
7.340000
10
19.870000
20
7.340000
42
0.410661
10
20.020000
20
7.500000
10
20.020000
20
7.500000
10
20.020000
20
7.920000
0
LWPOLYLINE
5
1259
100
AcDbEntity
8
0
100
AcDbPolyline
90
16
70
0
43
0.000000
10
19.030000
20
7.920000
42
0.414324
10
18.880000
20
8.080000
10
18.880000
20
8.080000
10
18.570000
20
8.080000
10
18.570000
20
8.080000
42
0.429309
10
18.410000
20
7.920000
10
18.410000
20
7.920000
10
18.410000
20
7.500000
10
18.410000
20
7.500000
42
0.425438
10
18.570000
20
7.340000
10
18.570000
20
7.340000
10
18.880000
20
7.340000
10
18.880000
20
7.340000
42
0.410661
10
19.030000
20
7.500000
10
19.030000
20
7.500000
10
19.030000
20
7.920000
0
LWPOLYLINE
5
1260
100
AcDbEntity
8
0
100
AcDbPolyline
90
16
70
0
43
0.000000
10
33.940000
20
8.430000
42
0.408180
10
33.700000
20
8.660000
10
33.700000
20
8.660000
10
33.220000
20
8.660000
10
33.220000
20
8.660000
42
0.403019
10
32.990000
20
8.430000
10
32.990000
20
8.430000
10
32.990000
20
7.930000
10
32.990000
20
7.930000
42
0.412995
10
33.220000
20
7.690000
10
33.220000
20
7.690000
10
33.700000
20
7.690000
10
33.700000
20
7.690000
42
0.417868
10
33.940000
20
7.930000
10
33.940000
20
7.930000
10
33.940000
20
8.430000
0
LWPOLYLINE
5
1261
100
AcDbEntity
8
0
100
AcDbPolyline
90
16
70
0
43
0.000000
10
-30.090000
20
7.000000
42
0.408178
10
-30.330000
20
7.230000
10
-30.330000
20
7.230000
10
-30.800000
20
7.230000
10
-30.800000
20
7.230000
42
0.415488
10
-31.040000
20
7.000000
10
-31.040000
20
7.000000
10
-31.040000
20
6.400000
10
-31.040000
20
6.400000
42
0.425450
10
-30.800000
20
6.160000
10
-30.800000
20
6.160000
10
-30.330000
20
6.160000
10
-30.330000
20
6.160000
42
0.417870
10
-30.090000
20
6.400000
10
-30.090000
20
6.400000
10
-30.090000
20
7.000000
0
LWPOLYLINE
5
1262
100
AcDbEntity
8
0
100
AcDbPolyline
90
16
70
0
43
0.000000
10
-41.440000
20
6.950000
42
0.408177
10
-41.680000
20
7.180000
10
-41.680000
20
7.180000
10
-42.160000
20
7.180000
10
-42.160000
20
7.180000
42
0.403016
10
-42.390000
20
6.950000
10
-42.390000
20
6.950000
10
-42.390000
20
6.450000
10
-42.390000
20
6.450000
42
0.412996
10
-42.160000
20
6.210000
10
-42.160000
20
6.210000
10
-41.680000
20
6.210000
10
-41.680000
20
6.210000
42
0.417869
10
-41.440000
20
6.450000
10
-41.440000
20
6.450000
10
-41.440000
20
6.950000
0
LWPOLYLINE
5
1263
100
AcDbEntity
8
0
100
AcDbPolyline
90
16
70
0
43
0.000000
10
-39.420000
20
6.610000
42
0.413608
10
-39.670000
20
6.860000
10
-39.670000
20
6.860000
10
-40.570000
20
6.860000
10
-40.570000
20
6.860000
42
0.408996
10
-40.820000
20
6.610000
10
-40.820000
20
6.610000
10
-40.820000
20
5.960000
10
-40.820000
20
5.960000
42
0.415939
10
-40.570000
20
5.710000
10
-40.570000
20
5.710000
10
-39.670000
20
5.710000
10
-39.670000
20
5.710000
42
0.420743
10
-39.420000
20
5.960000
10
-39.420000
20
5.960000
10
-39.420000
20
6.610000
0
LWPOLYLINE
5
1264
100
AcDbEntity
8
0
100
AcDbPolyline
90
16
70
0
43
0.000000
10
-31.790000
20
6.650000
42
0.412257
10
-31.890000
20
6.750000
10
-31.890000
20
6.750000
10
-33.640000
20
6.750000
10
-33.640000
20
6.750000
42
0.435516
10
-33.740000
20
6.650000
10
-33.740000
20
6.650000
10
-33.740000
20
6.200000
10
-33.740000
20
6.200000
42
0.415470
10
-33.640000
20
6.100000
10
-33.640000
20
6.100000
10
-31.890000
20
6.100000
10
-31.890000
20
6.100000
42
0.394626
10
-31.790000
20
6.200000
10
-31.790000
20
6.200000
10
-31.790000
20
6.650000
0
LWPOLYLINE
5
1265
100
AcDbEntity
8
0
100
AcDbPolyline
90
16
70
0
43
0.000000
10
-36.740000
20
6.650000
42
0.412249
10
-36.840000
20
6.750000
10
-36.840000
20
6.750000
10
-38.590000
20
6.750000
10
-38.590000
20
6.750000
42
0.435524
10
-38.690000
20
6.650000
10
-38.690000
20
6.650000
10
-38.690000
20
6.200000
10
-38.690000
20
6.200000
42
0.415477
10
-38.590000
20
6.100000
10
-38.590000
20
6.100000
10
-36.840000
20
6.100000
10
-36.840000
20
6.100000
42
0.394619
10
-36.740000
20
6.200000
10
-36.740000
20
6.200000
10
-36.740000
20
6.650000
0
LWPOLYLINE
5
1266
100
AcDbEntity
8
0
100
AcDbPolyline
90
16
70
0
43
0.000000
10
17.680000
20
6.690000
42
0.403402
10
17.530000
20
6.850000
10
17.530000
20
6.850000
10
17.130000
20
6.850000
10
17.130000
20
6.850000
42
0.410578
10
16.970000
20
6.690000
10
16.970000
20
6.690000
10
16.970000
20
6.370000
10
16.970000
20
6.370000
42
0.417878
10
17.130000
20
6.210000
10
17.130000
20
6.210000
10
17.530000
20
6.210000
10
17.530000
20
6.210000
42
0.410618
10
17.680000
20
6.370000
10
17.680000
20
6.370000
10
17.680000
20
6.690000
0
LWPOLYLINE
5
1267
100
AcDbEntity
8
0
100
AcDbPolyline
90
16
70
0
43
0.000000
10
16.490000
20
6.690000
42
0.412379
10
16.330000
20
6.850000
10
16.330000
20
6.850000
10
15.940000
20
6.850000
10
15.940000
20
6.850000
42
0.419661
10
15.780000
20
6.690000
10
15.780000
20
6.690000
10
15.780000
20
6.370000
10
15.780000
20
6.370000
42
0.427361
10
15.940000
20
6.210000
10
15.940000
20
6.210000
10
16.330000
20
6.210000
10
16.330000
20
6.210000
42
0.419757
10
16.490000
20
6.370000
10
16.490000
20
6.370000
10
16.490000
20
6.690000
0
LWPOLYLINE
5
1268
100
AcDbEntity
8
0
100
AcDbPolyline
90
16
70
0
43
0.000000
10
25.930000
20
6.400000
42
0.391447
10
25.880000
20
6.450000
10
25.880000
20
6.450000
10
25.790000
20
6.450000
10
25.790000
20
6.450000
42
0.438313
10
25.740000
20
6.400000
10
25.740000
20
6.400000
10
25.740000
20
5.540000
10
25.740000
20
5.540000
42
0.466003
10
25.790000
20
5.490000
10
25.790000
20
5.490000
10
25.880000
20
5.490000
10
25.880000
20
5.490000
42
0.412351
10
25.930000
20
5.540000
10
25.930000
20
5.540000
10
25.930000
20
6.400000
0
LWPOLYLINE
5
1269
100
AcDbEntity
8
0
100
AcDbPolyline
90
16
70
0
43
0.000000
10
25.530000
20
6.400000
42
0.391447
10
25.480000
20
6.450000
10
25.480000
20
6.450000
10
25.390000
20
6.450000
10
25.390000
20
6.450000
42
0.438298
10
25.340000
20
6.400000
10
25.340000
20
6.400000
10
25.340000
20
5.540000
10
25.340000
20
5.540000
42
0.465985
10
25.390000
20
5.490000
10
25.390000
20
5.490000
10
25.480000
20
5.490000
10
25.480000
20
5.490000
42
0.412351
10
25.530000
20
5.540000
10
25.530000
20
5.540000
10
25.530000
20
6.400000
0
LWPOLYLINE
5
1270
100
AcDbEntity
8
0
100
AcDbPolyline
90
16
70
0
43
0.000000
10
25.130000
20
6.400000
42
0.391447
10
25.080000
20
6.450000
10
25.080000
20
6.450000
10
24.990000
20
6.450000
10
24.990000
20
6.450000
42
0.438283
10
24.940000
20
6.400000
10
24.940000
20
6.400000
10
24.940000
20
5.540000
10
24.940000
20
5.540000
42
0.465968
10
24.990000
20
5.490000
10
24.990000
20
5.490000
10
25.080000
20
5.490000
10
25.080000
20
5.490000
42
0.412351
10
25.130000
20
5.540000
10
25.130000
20
5.540000
10
25.130000
20
6.400000
0
LWPOLYLINE
5
1271
100
AcDbEntity
8
0
100
AcDbPolyline
90
16
70
0
43
0.000000
10
24.730000
20
6.400000
42
0.391447
10
24.680000
20
6.450000
10
24.680000
20
6.450000
10
24.590000
20
6.450000
10
24.590000
20
6.450000
42
0.438313
10
24.540000
20
6.400000
10
24.540000
20
6.400000
10
24.540000
20
5.540000
10
24.540000
20
5.540000
42
0.466003
10
24.590000
20
5.490000
10
24.590000
20
5.490000
10
24.680000
20
5.490000
10
24.680000
20
5.490000
42
0.412351
10
24.730000
20
5.540000
10
24.730000
20
5.540000
10
24.730000
20
6.400000
0
LWPOLYLINE
5
1272
100
AcDbEntity
8
0
100
AcDbPolyline
90
16
70
0
43
0.000000
10
24.330000
20
6.400000
42
0.391434
10
24.280000
20
6.450000
10
24.280000
20
6.450000
10
24.190000
20
6.450000
10
24.190000
20
6.450000
42
0.438298
10
24.140000
20
6.400000
10
24.140000
20
6.400000
10
24.140000
20
5.540000
10
24.140000
20
5.540000
42
0.465985
10
24.190000
20
5.490000
10
24.190000
20
5.490000
10
24.280000
20
5.490000
10
24.280000
20
5.490000
42
0.412336
10
24.330000
20
5.540000
10
24.330000
20
5.540000
10
24.330000
20
6.400000
0
LWPOLYLINE
5
1273
100
AcDbEntity
8
0
100
AcDbPolyline
90
16
70
0
43
0.000000
10
23.930000
20
6.400000
42
0.391447
10
23.880000
20
6.450000
10
23.880000
20
6.450000
10
23.790000
20
6.450000
10
23.790000
20
6.450000
42
0.438313
10
23.740000
20
6.400000
10
23.740000
20
6.400000
10
23.740000
20
5.540000
10
23.740000
20
5.540000
42
0.466003
10
23.790000
20
5.490000
10
23.790000
20
5.490000
10
23.880000
20
5.490000
10
23.880000
20
5.490000
42
0.412351
10
23.930000
20
5.540000
10
23.930000
20
5.540000
10
23.930000
20
6.400000
0
LWPOLYLINE
5
1274
100
AcDbEntity
8
0
100
AcDbPolyline
90
16
70
0
43
0.000000
10
23.530000
20
6.400000
42
0.391461
10
23.480000
20
6.450000
10
23.480000
20
6.450000
10
23.390000
20
6.450000
10
23.390000
20
6.450000
42
0.438298
10
23.340000
20
6.400000
10
23.340000
20
6.400000
10
23.340000
20
5.540000
10
23.340000
20
5.540000
42
0.465985
10
23.390000
20
5.490000
10
23.390000
20
5.490000
10
23.480000
20
5.490000
10
23.480000
20
5.490000
42
0.412366
10
23.530000
20
5.540000
10
23.530000
20
5.540000
10
23.530000
20
6.400000
0
LWPOLYLINE
5
1275
100
AcDbEntity
8
0
100
AcDbPolyline
90
16
70
0
43
0.000000
10
23.130000
20
6.400000
42
0.391447
10
23.080000
20
6.450000
10
23.080000
20
6.450000
10
22.990000
20
6.450000
10
22.990000
20
6.450000
42
0.438283
10
22.940000
20
6.400000
10
22.940000
20
6.400000
10
22.940000
20
5.540000
10
22.940000
20
5.540000
42
0.465968
10
22.990000
20
5.490000
10
22.990000
20
5.490000
10
23.080000
20
5.490000
10
23.080000
20
5.490000
42
0.412351
10
23.130000
20
5.540000
10
23.130000
20
5.540000
10
23.130000
20
6.400000
0
LWPOLYLINE
5
1276
100
AcDbEntity
8
0
100
AcDbPolyline
90
16
70
0
43
0.000000
10
22.730000
20
6.400000
42
0.391434
10
22.680000
20
6.450000
10
22.680000
20
6.450000
10
22.590000
20
6.450000
10
22.590000
20
6.450000
42
0.438313
10
22.540000
20
6.400000
10
22.540000
20
6.400000
10
22.540000
20
5.540000
10
22.540000
20
5.540000
42
0.466003
10
22.590000
20
5.490000
10
22.590000
20
5.490000
10
22.680000
20
5.490000
10
22.680000
20
5.490000
42
0.412336
10
22.730000
20
5.540000
10
22.730000
20
5.540000
10
22.730000
20
6.400000
0
LWPOLYLINE
5
1277
100
AcDbEntity
8
0
100
AcDbPolyline
90
16
70
0
43
0.000000
10
22.330000
20
6.400000
42
0.391434
10
22.280000
20
6.450000
10
22.280000
20
6.450000
10
22.190000
20
6.450000
10
22.190000
20
6.450000
42
0.438298
10
22.140000
20
6.400000
10
22.140000
20
6.400000
10
22.140000
20
5.540000
10
22.140000
20
5.540000
42
0.465985
10
22.190000
20
5.490000
10
22.190000
20
5.490000
10
22.280000
20
5.490000
10
22.280000
20
5.490000
42
0.412336
10
22.330000
20
5.540000
10
22.330000
20
5.540000
10
22.330000
20
6.400000
0
LWPOLYLINE
5
1278
100
AcDbEntity
8
0
100
AcDbPolyline
90
16
70
0
43
0.000000
10
21.930000
20
6.400000
42
0.391447
10
21.880000
20
6.450000
10
21.880000
20
6.450000
10
21.790000
20
6.450000
10
21.790000
20
6.450000
42
0.438298
10
21.740000
20
6.400000
10
21.740000
20
6.400000
10
21.740000
20
5.540000
10
21.740000
20
5.540000
42
0.465985
10
21.790000
20
5.490000
10
21.790000
20
5.490000
10
21.880000
20
5.490000
10
21.880000
20
5.490000
42
0.412351
10
21.930000
20
5.540000
10
21.930000
20
5.540000
10
21.930000
20
6.400000
0
LWPOLYLINE
5
1279
100
AcDbEntity
8
0
100
AcDbPolyline
90
16
70
0
43
0.000000
10
21.530000
20
6.400000
42
0.391447
10
21.480000
20
6.450000
10
21.480000
20
6.450000
10
21.390000
20
6.450000
10
21.390000
20
6.450000
42
0.438313
10
21.340000
20
6.400000
10
21.340000
20
6.400000
10
21.340000
20
5.540000
10
21.340000
20
5.540000
42
0.466003
10
21.390000
20
5.490000
10
21.390000
20
5.490000
10
21.480000
20
5.490000
10
21.480000
20
5.490000
42
0.412351
10
21.530000
20
5.540000
10
21.530000
20
5.540000
10
21.530000
20
6.400000
0
LWPOLYLINE
5
1280
100
AcDbEntity
8
0
100
AcDbPolyline
90
16
70
0
43
0.000000
10
21.130000
20
6.400000
42
0.391447
10
21.080000
20
6.450000
10
21.080000
20
6.450000
10
20.990000
20
6.450000
10
20.990000
20
6.450000
42
0.438298
10
20.940000
20
6.400000
10
20.940000
20
6.400000
10
20.940000
20
5.540000
10
20.940000
20
5.540000
42
0.465985
10
20.990000
20
5.490000
10
20.990000
20
5.490000
10
21.080000
20
5.490000
10
21.080000
20
5.490000
42
0.412351
10
21.130000
20
5.540000
10
21.130000
20
5.540000
10
21.130000
20
6.400000
0
LWPOLYLINE
5
1281
100
AcDbEntity
8
0
100
AcDbPolyline
90
16
70
0
43
0.000000
10
20.730000
20
6.400000
42
0.391434
10
20.680000
20
6.450000
10
20.680000
20
6.450000
10
20.590000
20
6.450000
10
20.590000
20
6.450000
42
0.438313
10
20.540000
20
6.400000
10
20.540000
20
6.400000
10
20.540000
20
5.540000
10
20.540000
20
5.540000
42
0.466003
10
20.590000
20
5.490000
10
20.590000
20
5.490000
10
20.680000
20
5.490000
10
20.680000
20
5.490000
42
0.412336
10
20.730000
20
5.540000
10
20.730000
20
5.540000
10
20.730000
20
6.400000
0
LWPOLYLINE
5
1282
100
AcDbEntity
8
0
100
AcDbPolyline
90
16
70
0
43
0.000000
10
20.330000
20
6.400000
42
0.391447
10
20.280000
20
6.450000
10
20.280000
20
6.450000
10
20.190000
20
6.450000
10
20.190000
20
6.450000
42
0.438306
10
20.140000
20
6.400000
10
20.140000
20
6.400000
10
20.140000
20
5.540000
10
20.140000
20
5.540000
42
0.465994
10
20.190000
20
5.490000
10
20.190000
20
5.490000
10
20.280000
20
5.490000
10
20.280000
20
5.490000
42
0.412351
10
20.330000
20
5.540000
10
20.330000
20
5.540000
10
20.330000
20
6.400000
0
LWPOLYLINE
5
1283
100
AcDbEntity
8
0
100
AcDbPolyline
90
16
70
0
43
0.000000
10
19.930000
20
6.400000
42
0.391441
10
19.880000
20
6.450000
10
19.880000
20
6.450000
10
19.790000
20
6.450000
10
19.790000
20
6.450000
42
0.438306
10
19.740000
20
6.400000
10
19.740000
20
6.400000
10
19.740000
20
5.540000
10
19.740000
20
5.540000
42
0.465994
10
19.790000
20
5.490000
10
19.790000
20
5.490000
10
19.880000
20
5.490000
10
19.880000
20
5.490000
42
0.412343
10
19.930000
20
5.540000
10
19.930000
20
5.540000
10
19.930000
20
6.400000
0
LWPOLYLINE
5
1284
100
AcDbEntity
8
0
100
AcDbPolyline
90
16
70
0
43
0.000000
10
19.530000
20
6.400000
42
0.391441
10
19.480000
20
6.450000
10
19.480000
20
6.450000
10
19.390000
20
6.450000
10
19.390000
20
6.450000
42
0.438313
10
19.340000
20
6.400000
10
19.340000
20
6.400000
10
19.340000
20
5.540000
10
19.340000
20
5.540000
42
0.466003
10
19.390000
20
5.490000
10
19.390000
20
5.490000
10
19.480000
20
5.490000
10
19.480000
20
5.490000
42
0.412343
10
19.530000
20
5.540000
10
19.530000
20
5.540000
10
19.530000
20
6.400000
0
LWPOLYLINE
5
1285
100
AcDbEntity
8
0
100
AcDbPolyline
90
16
70
0
43
0.000000
10
27.140000
20
5.190000
42
0.386594
10
27.090000
20
5.240000
10
27.090000
20
5.240000
10
26.220000
20
5.240000
10
26.220000
20
5.240000
42
0.386568
10
26.170000
20
5.190000
10
26.170000
20
5.190000
10
26.170000
20
5.100000
10
26.170000
20
5.100000
42
0.407691
10
26.220000
20
5.050000
10
26.220000
20
5.050000
10
27.090000
20
5.050000
10
27.090000
20
5.050000
42
0.407720
10
27.140000
20
5.100000
10
27.140000
20
5.100000
10
27.140000
20
5.190000
0
LWPOLYLINE
5
1286
100
AcDbEntity
8
0
100
AcDbPolyline
90
16
70
0
43
0.000000
10
19.090000
20
5.190000
42
0.391875
10
19.040000
20
5.240000
10
19.040000
20
5.240000
10
18.170000
20
5.240000
10
18.170000
20
5.240000
42
0.381360
10
18.120000
20
5.190000
10
18.120000
20
5.190000
10
18.120000
20
5.100000
10
18.120000
20
5.100000
42
0.401760
10
18.170000
20
5.050000
10
18.170000
20
5.050000
10
19.040000
20
5.050000
10
19.040000
20
5.050000
42
0.413745
10
19.090000
20
5.100000
10
19.090000
20
5.100000
10
19.090000
20
5.190000
0
LWPOLYLINE
5
1287
100
AcDbEntity
8
0
100
AcDbPolyline
90
16
70
0
43
0.000000
10
27.140000
20
4.790000
42
0.386597
10
27.090000
20
4.840000
10
27.090000
20
4.840000
10
26.220000
20
4.840000
10
26.220000
20
4.840000
42
0.386571
10
26.170000
20
4.790000
10
26.170000
20
4.790000
10
26.170000
20
4.700000
10
26.170000
20
4.700000
42
0.407689
10
26.220000
20
4.650000
10
26.220000
20
4.650000
10
27.090000
20
4.650000
10
27.090000
20
4.650000
42
0.407719
10
27.140000
20
4.700000
10
27.140000
20
4.700000
10
27.140000
20
4.790000
0
LWPOLYLINE
5
1288
100
AcDbEntity
8
0
100
AcDbPolyline
90
16
70
0
43
0.000000
10
19.090000
20
4.790000
42
0.391878
10
19.040000
20
4.840000
10
19.040000
20
4.840000
10
18.170000
20
4.840000
10
18.170000
20
4.840000
42
0.381363
10
18.120000
20
4.790000
10
18.120000
20
4.790000
10
18.120000
20
4.700000
10
18.120000
20
4.700000
42
0.401759
10
18.170000
20
4.650000
10
18.170000
20
4.650000
10
19.040000
20
4.650000
10
19.040000
20
4.650000
42
0.413744
10
19.090000
20
4.700000
10
19.090000
20
4.700000
10
19.090000
20
4.790000
0
LWPOLYLINE
5
1289
100
AcDbEntity
8
0
100
AcDbPolyline
90
16
70
0
43
0.000000
10
27.140000
20
4.390000
42
0.386581
10
27.090000
20
4.440000
10
27.090000
20
4.440000
10
26.220000
20
4.440000
10
26.220000
20
4.440000
42
0.386556
10
26.170000
20
4.390000
10
26.170000
20
4.390000
10
26.170000
20
4.300000
10
26.170000
20
4.300000
42
0.407703
10
26.220000
20
4.250000
10
26.220000
20
4.250000
10
27.090000
20
4.250000
10
27.090000
20
4.250000
42
0.407732
10
27.140000
20
4.300000
10
27.140000
20
4.300000
10
27.140000
20
4.390000
0
LWPOLYLINE
5
1290
100
AcDbEntity
8
0
100
AcDbPolyline
90
16
70
0
43
0.000000
10
19.090000
20
4.390000
42
0.391862
10
19.040000
20
4.440000
10
19.040000
20
4.440000
10
18.170000
20
4.440000
10
18.170000
20
4.440000
42
0.381348
10
18.120000
20
4.390000
10
18.120000
20
4.390000
10
18.120000
20
4.300000
10
18.120000
20
4.300000
42
0.401771
10
18.170000
20
4.250000
10
18.170000
20
4.250000
10
19.040000
20
4.250000
10
19.040000
20
4.250000
42
0.413757
10
19.090000
20
4.300000
10
19.090000
20
4.300000
10
19.090000
20
4.390000
0
LWPOLYLINE
5
1291
100
AcDbEntity
8
0
100
AcDbPolyline
90
8
70
0
43
0.000000
10
25.040000
20
4.350000
10
24.380000
20
4.350000
10
24.380000
20
4.350000
10
24.380000
20
3.690000
10
24.380000
20
3.690000
10
25.040000
20
3.690000
10
25.040000
20
3.690000
10
25.040000
20
4.350000
0
LWPOLYLINE
5
1292
100
AcDbEntity
8
0
100
AcDbPolyline
90
8
70
0
43
0.000000
10
23.930000
20
4.350000
10
22.880000
20
4.350000
10
22.880000
20
4.350000
10
22.880000
20
3.690000
10
22.880000
20
3.690000
10
23.930000
20
3.690000
10
23.930000
20
3.690000
10
23.930000
20
4.350000
0
LWPOLYLINE
5
1293
100
AcDbEntity
8
0
100
AcDbPolyline
90
8
70
0
43
0.000000
10
22.380000
20
4.350000
10
21.330000
20
4.350000
10
21.330000
20
4.350000
10
21.330000
20
3.690000
10
21.330000
20
3.690000
10
22.380000
20
3.690000
10
22.380000
20
3.690000
10
22.380000
20
4.350000
0
LWPOLYLINE
5
1294
100
AcDbEntity
8
0
100
AcDbPolyline
90
8
70
0
43
0.000000
10
20.890000
20
4.350000
10
20.230000
20
4.350000
10
20.230000
20
4.350000
10
20.230000
20
3.690000
10
20.230000
20
3.690000
10
20.890000
20
3.690000
10
20.890000
20
3.690000
10
20.890000
20
4.350000
0
LWPOLYLINE
5
1295
100
AcDbEntity
8
0
100
AcDbPolyline
90
16
70
0
43
0.000000
10
19.090000
20
3.990000
42
0.391865
10
19.040000
20
4.040000
10
19.040000
20
4.040000
10
18.170000
20
4.040000
10
18.170000
20
4.040000
42
0.381351
10
18.120000
20
3.990000
10
18.120000
20
3.990000
10
18.120000
20
3.900000
10
18.120000
20
3.900000
42
0.401771
10
18.170000
20
3.850000
10
18.170000
20
3.850000
10
19.040000
20
3.850000
10
19.040000
20
3.850000
42
0.413757
10
19.090000
20
3.900000
10
19.090000
20
3.900000
10
19.090000
20
3.990000
0
LWPOLYLINE
5
1296
100
AcDbEntity
8
0
100
AcDbPolyline
90
16
70
0
43
0.000000
10
27.140000
20
3.990000
42
0.386584
10
27.090000
20
4.040000
10
27.090000
20
4.040000
10
26.220000
20
4.040000
10
26.220000
20
4.040000
42
0.386559
10
26.170000
20
3.990000
10
26.170000
20
3.990000
10
26.170000
20
3.900000
10
26.170000
20
3.900000
42
0.407703
10
26.220000
20
3.850000
10
26.220000
20
3.850000
10
27.090000
20
3.850000
10
27.090000
20
3.850000
42
0.407732
10
27.140000
20
3.900000
10
27.140000
20
3.900000
10
27.140000
20
3.990000
0
LWPOLYLINE
5
1297
100
AcDbEntity
8
0
100
AcDbPolyline
90
16
70
0
43
0.000000
10
27.140000
20
3.590000
42
0.386587
10
27.090000
20
3.640000
10
27.090000
20
3.640000
10
26.220000
20
3.640000
10
26.220000
20
3.640000
42
0.386562
10
26.170000
20
3.590000
10
26.170000
20
3.590000
10
26.170000
20
3.500000
10
26.170000
20
3.500000
42
0.407698
10
26.220000
20
3.450000
10
26.220000
20
3.450000
10
27.090000
20
3.450000
10
27.090000
20
3.450000
42
0.407727
10
27.140000
20
3.500000
10
27.140000
20
3.500000
10
27.140000
20
3.590000
0
LWPOLYLINE
5
1298
100
AcDbEntity
8
0
100
AcDbPolyline
90
16
70
0
43
0.000000
10
19.090000
20
3.590000
42
0.391868
10
19.040000
20
3.640000
10
19.040000
20
3.640000
10
18.170000
20
3.640000
10
18.170000
20
3.640000
42
0.381354
10
18.120000
20
3.590000
10
18.120000
20
3.590000
10
18.120000
20
3.500000
10
18.120000
20
3.500000
42
0.401767
10
18.170000
20
3.450000
10
18.170000
20
3.450000
10
19.040000
20
3.450000
10
19.040000
20
3.450000
42
0.413752
10
19.090000
20
3.500000
10
19.090000
20
3.500000
10
19.090000
20
3.590000
0
LWPOLYLINE
5
1299
100
AcDbEntity
8
0
100
AcDbPolyline
90
16
70
0
43
0.000000
10
46.020000
20
3.060000
42
0.408177
10
45.780000
20
3.290000
10
45.780000
20
3.290000
10
45.300000
20
3.290000
10
45.300000
20
3.290000
42
0.403022
10
45.070000
20
3.060000
10
45.070000
20
3.060000
10
45.070000
20
2.560000
10
45.070000
20
2.560000
42
0.413003
10
45.300000
20
2.320000
10
45.300000
20
2.320000
10
45.780000
20
2.320000
10
45.780000
20
2.320000
42
0.417870
10
46.020000
20
2.560000
10
46.020000
20
2.560000
10
46.020000
20
3.060000
0
LWPOLYLINE
5
1300
100
AcDbEntity
8
0
100
AcDbPolyline
90
18
70
0
43
0.000000
10
23.930000
20
3.240000
10
22.880000
20
3.240000
10
22.880000
20
3.240000
10
22.880000
20
2.810000
10
22.880000
20
2.810000
42
-0.073600
10
23.120000
20
2.700000
10
23.120000
20
2.700000
10
23.390000
20
2.700000
10
23.390000
20
2.700000
10
23.390000
20
2.430000
10
23.390000
20
2.430000
42
-0.070070
10
23.490000
20
2.200000
10
23.490000
20
2.200000
10
23.490000
20
2.190000
10
23.490000
20
2.190000
10
23.930000
20
2.190000
10
23.930000
20
2.190000
10
23.930000
20
3.240000
0
LWPOLYLINE
5
1301
100
AcDbEntity
8
0
100
AcDbPolyline
90
16
70
0
43
0.000000
10
22.380000
20
3.240000
10
21.330000
20
3.240000
10
21.330000
20
3.240000
10
21.330000
20
2.190000
10
21.330000
20
2.190000
10
21.770000
20
2.190000
10
21.770000
20
2.190000
42
-0.072635
10
21.870000
20
2.430000
10
21.870000
20
2.430000
10
21.870000
20
2.700000
10
21.870000
20
2.700000
10
22.140000
20
2.700000
10
22.140000
20
2.700000
42
-0.073532
10
22.380000
20
2.810000
10
22.380000
20
2.810000
10
22.380000
20
3.240000
0
LWPOLYLINE
5
1302
100
AcDbEntity
8
0
100
AcDbPolyline
90
8
70
0
43
0.000000
10
20.890000
20
3.240000
10
20.230000
20
3.240000
10
20.230000
20
3.240000
10
20.230000
20
2.190000
10
20.230000
20
2.190000
10
20.890000
20
2.190000
10
20.890000
20
2.190000
10
20.890000
20
3.240000
0
LWPOLYLINE
5
1303
100
AcDbEntity
8
0
100
AcDbPolyline
90
16
70
0
43
0.000000
10
19.090000
20
3.190000
42
0.391873
10
19.040000
20
3.240000
10
19.040000
20
3.240000
10
18.170000
20
3.240000
10
18.170000
20
3.240000
42
0.381358
10
18.120000
20
3.190000
10
18.120000
20
3.190000
10
18.120000
20
3.100000
10
18.120000
20
3.100000
42
0.401762
10
18.170000
20
3.050000
10
18.170000
20
3.050000
10
19.040000
20
3.050000
10
19.040000
20
3.050000
42
0.413747
10
19.090000
20
3.100000
10
19.090000
20
3.100000
10
19.090000
20
3.190000
0
LWPOLYLINE
5
1304
100
AcDbEntity
8
0
100
AcDbPolyline
90
16
70
0
43
0.000000
10
19.090000
20
2.790000
42
0.391876
10
19.040000
20
2.840000
10
19.040000
20
2.840000
10
18.170000
20
2.840000
10
18.170000
20
2.840000
42
0.381361
10
18.120000
20
2.790000
10
18.120000
20
2.790000
10
18.120000
20
2.700000
10
18.120000
20
2.700000
42
0.401759
10
18.170000
20
2.650000
10
18.170000
20
2.650000
10
19.040000
20
2.650000
10
19.040000
20
2.650000
42
0.413744
10
19.090000
20
2.700000
10
19.090000
20
2.700000
10
19.090000
20
2.790000
0
LWPOLYLINE
5
1305
100
AcDbEntity
8
0
100
AcDbPolyline
90
16
70
0
43
0.000000
10
19.090000
20
2.390000
42
0.391879
10
19.040000
20
2.440000
10
19.040000
20
2.440000
10
18.170000
20
2.440000
10
18.170000
20
2.440000
42
0.381364
10
18.120000
20
2.390000
10
18.120000
20
2.390000
10
18.120000
20
2.300000
10
18.120000
20
2.300000
42
0.401756
10
18.170000
20
2.250000
10
18.170000
20
2.250000
10
19.040000
20
2.250000
10
19.040000
20
2.250000
42
0.413741
10
19.090000
20
2.300000
10
19.090000
20
2.300000
10
19.090000
20
2.390000
0
LWPOLYLINE
5
1306
100
AcDbEntity
8
0
100
AcDbPolyline
90
8
70
0
43
0.000000
10
25.040000
20
3.240000
10
24.380000
20
3.240000
10
24.380000
20
3.240000
10
24.380000
20
2.190000
10
24.380000
20
2.190000
10
25.040000
20
2.190000
10
25.040000
20
2.190000
10
25.040000
20
3.240000
0
LWPOLYLINE
5
1307
100
AcDbEntity
8
0
100
AcDbPolyline
90
16
70
0
43
0.000000
10
27.140000
20
3.190000
42
0.386592
10
27.090000
20
3.240000
10
27.090000
20
3.240000
10
26.220000
20
3.240000
10
26.220000
20
3.240000
42
0.386567
10
26.170000
20
3.190000
10
26.170000
20
3.190000
10
26.170000
20
3.100000
10
26.170000
20
3.100000
42
0.407693
10
26.220000
20
3.050000
10
26.220000
20
3.050000
10
27.090000
20
3.050000
10
27.090000
20
3.050000
42
0.407722
10
27.140000
20
3.100000
10
27.140000
20
3.100000
10
27.140000
20
3.190000
0
LWPOLYLINE
5
1308
100
AcDbEntity
8
0
100
AcDbPolyline
90
16
70
0
43
0.000000
10
27.140000
20
2.790000
42
0.386595
10
27.090000
20
2.840000
10
27.090000
20
2.840000
10
26.220000
20
2.840000
10
26.220000
20
2.840000
42
0.386570
10
26.170000
20
2.790000
10
26.170000
20
2.790000
10
26.170000
20
2.700000
10
26.170000
20
2.700000
42
0.407689
10
26.220000
20
2.650000
10
26.220000
20
2.650000
10
27.090000
20
2.650000
10
27.090000
20
2.650000
42
0.407719
10
27.140000
20
2.700000
10
27.140000
20
2.700000
10
27.140000
20
2.790000
0
LWPOLYLINE
5
1309
100
AcDbEntity
8
0
100
AcDbPolyline
90
16
70
0
43
0.000000
10
27.140000
20
2.390000
42
0.386598
10
27.090000
20
2.440000
10
27.090000
20
2.440000
10
26.220000
20
2.440000
10
26.220000
20
2.440000
42
0.386572
10
26.170000
20
2.390000
10
26.170000
20
2.390000
10
26.170000
20
2.300000
10
26.170000
20
2.300000
42
0.407687
10
26.220000
20
2.250000
10
26.220000
20
2.250000
10
27.090000
20
2.250000
10
27.090000
20
2.250000
42
0.407716
10
27.140000
20
2.300000
10
27.140000
20
2.300000
10
27.140000
20
2.390000
0
LWPOLYLINE
5
1310
100
AcDbEntity
8
0
100
AcDbPolyline
90
16
70
0
43
0.000000
10
51.630000
20
3.180000
10
49.830000
20
3.180000
10
49.830000
20
3.180000
10
49.830000
20
1.860000
10
49.830000
20
1.860000
10
50.430000
20
1.860000
10
50.430000
20
1.860000
10
50.430000
20
2.300000
10
50.430000
20
2.300000
10
51.030000
20
2.300000
10
51.030000
20
2.300000
10
51.030000
20
1.860000
10
51.030000
20
1.860000
10
51.630000
20
1.860000
10
51.630000
20
1.860000
10
51.630000
20
3.180000
0
LWPOLYLINE
5
1311
100
AcDbEntity
8
0
100
AcDbPolyline
90
16
70
0
43
0.000000
10
49.230000
20
2.680000
42
0.414200
10
48.990000
20
2.920000
10
48.990000
20
2.920000
10
48.510000
20
2.920000
10
48.510000
20
2.920000
42
0.409368
10
48.280000
20
2.680000
10
48.280000
20
2.680000
10
48.280000
20
2.080000
10
48.280000
20
2.080000
42
0.406965
10
48.510000
20
1.840000
10
48.510000
20
1.840000
10
48.990000
20
1.840000
10
48.990000
20
1.840000
42
0.411779
10
49.230000
20
2.080000
10
49.230000
20
2.080000
10
49.230000
20
2.680000
0
LWPOLYLINE
5
1312
100
AcDbEntity
8
0
100
AcDbPolyline
90
16
70
0
43
0.000000
10
27.140000
20
1.990000
42
0.386583
10
27.090000
20
2.040000
10
27.090000
20
2.040000
10
26.220000
20
2.040000
10
26.220000
20
2.040000
42
0.386557
10
26.170000
20
1.990000
10
26.170000
20
1.990000
10
26.170000
20
1.900000
10
26.170000
20
1.900000
42
0.407703
10
26.220000
20
1.850000
10
26.220000
20
1.850000
10
27.090000
20
1.850000
10
27.090000
20
1.850000
42
0.407732
10
27.140000
20
1.900000
10
27.140000
20
1.900000
10
27.140000
20
1.990000
0
LWPOLYLINE
5
1313
100
AcDbEntity
8
0
100
AcDbPolyline
90
16
70
0
43
0.000000
10
19.090000
20
1.990000
42
0.391863
10
19.040000
20
2.040000
10
19.040000
20
2.040000
10
18.170000
20
2.040000
10
18.170000
20
2.040000
42
0.381349
10
18.120000
20
1.990000
10
18.120000
20
1.990000
10
18.120000
20
1.900000
10
18.120000
20
1.900000
42
0.401771
10
18.170000
20
1.850000
10
18.170000
20
1.850000
10
19.040000
20
1.850000
10
19.040000
20
1.850000
42
0.413757
10
19.090000
20
1.900000
10
19.090000
20
1.900000
10
19.090000
20
1.990000
0
LWPOLYLINE
5
1314
100
AcDbEntity
8
0
100
AcDbPolyline
90
8
70
0
43
0.000000
10
25.040000
20
1.690000
10
24.380000
20
1.690000
10
24.380000
20
1.690000
10
24.380000
20
0.650000
10
24.380000
20
0.650000
10
25.040000
20
0.650000
10
25.040000
20
0.650000
10
25.040000
20
1.690000
0
LWPOLYLINE
5
1315
100
AcDbEntity
8
0
100
AcDbPolyline
90
16
70
0
43
0.000000
10
23.930000
20
1.690000
10
23.490000
20
1.690000
10
23.490000
20
1.690000
42
-0.070200
10
23.390000
20
1.460000
10
23.390000
20
1.460000
10
23.390000
20
1.190000
10
23.390000
20
1.190000
10
23.120000
20
1.190000
10
23.120000
20
1.190000
42
-0.073898
10
22.880000
20
1.080000
10
22.880000
20
1.080000
10
22.880000
20
0.650000
10
22.880000
20
0.650000
10
23.930000
20
0.650000
10
23.930000
20
0.650000
10
23.930000
20
1.690000
0
LWPOLYLINE
5
1316
100
AcDbEntity
8
0
100
AcDbPolyline
90
16
70
0
43
0.000000
10
21.870000
20
1.460000
42
-0.070057
10
21.770000
20
1.690000
10
21.770000
20
1.690000
10
21.330000
20
1.690000
10
21.330000
20
1.690000
10
21.330000
20
0.650000
10
21.330000
20
0.650000
10
22.380000
20
0.650000
10
22.380000
20
0.650000
10
22.380000
20
1.080000
10
22.380000
20
1.080000
42
-0.073830
10
22.140000
20
1.190000
10
22.140000
20
1.190000
10
21.870000
20
1.190000
10
21.870000
20
1.190000
10
21.870000
20
1.460000
0
LWPOLYLINE
5
1317
100
AcDbEntity
8
0
100
AcDbPolyline
90
8
70
0
43
0.000000
10
20.890000
20
1.690000
10
20.230000
20
1.690000
10
20.230000
20
1.690000
10
20.230000
20
0.650000
10
20.230000
20
0.650000
10
20.890000
20
0.650000
10
20.890000
20
0.650000
10
20.890000
20
1.690000
0
LWPOLYLINE
5
1318
100
AcDbEntity
8
0
100
AcDbPolyline
90
16
70
0
43
0.000000
10
19.090000
20
1.590000
42
0.391867
10
19.040000
20
1.640000
10
19.040000
20
1.640000
10
18.170000
20
1.640000
10
18.170000
20
1.640000
42
0.381353
10
18.120000
20
1.590000
10
18.120000
20
1.590000
10
18.120000
20
1.500000
10
18.120000
20
1.500000
42
0.401767
10
18.170000
20
1.450000
10
18.170000
20
1.450000
10
19.040000
20
1.450000
10
19.040000
20
1.450000
42
0.413753
10
19.090000
20
1.500000
10
19.090000
20
1.500000
10
19.090000
20
1.590000
0
LWPOLYLINE
5
1319
100
AcDbEntity
8
0
100
AcDbPolyline
90
16
70
0
43
0.000000
10
-31.740000
20
1.390000
42
0.412178
10
-31.840000
20
1.490000
10
-31.840000
20
1.490000
10
-33.590000
20
1.490000
10
-33.590000
20
1.490000
42
0.435475
10
-33.690000
20
1.390000
10
-33.690000
20
1.390000
10
-33.690000
20
0.940000
10
-33.690000
20
0.940000
42
0.415552
10
-33.590000
20
0.840000
10
-33.590000
20
0.840000
10
-31.840000
20
0.840000
10
-31.840000
20
0.840000
42
0.394661
10
-31.740000
20
0.940000
10
-31.740000
20
0.940000
10
-31.740000
20
1.390000
0
LWPOLYLINE
5
1320
100
AcDbEntity
8
0
100
AcDbPolyline
90
16
70
0
43
0.000000
10
-36.690000
20
1.390000
42
0.412171
10
-36.790000
20
1.490000
10
-36.790000
20
1.490000
10
-38.540000
20
1.490000
10
-38.540000
20
1.490000
42
0.435475
10
-38.640000
20
1.390000
10
-38.640000
20
1.390000
10
-38.640000
20
0.940000
10
-38.640000
20
0.940000
42
0.415552
10
-38.540000
20
0.840000
10
-38.540000
20
0.840000
10
-36.790000
20
0.840000
10
-36.790000
20
0.840000
42
0.394654
10
-36.690000
20
0.940000
10
-36.690000
20
0.940000
10
-36.690000
20
1.390000
0
LWPOLYLINE
5
1321
100
AcDbEntity
8
0
100
AcDbPolyline
90
16
70
0
43
0.000000
10
-39.370000
20
1.170000
42
0.414214
10
-39.600000
20
1.410000
10
-39.600000
20
1.410000
10
-40.110000
20
1.410000
10
-40.110000
20
1.410000
42
0.414214
10
-40.340000
20
1.170000
10
-40.340000
20
1.170000
10
-40.340000
20
0.700000
10
-40.340000
20
0.700000
42
0.406958
10
-40.110000
20
0.460000
10
-40.110000
20
0.460000
10
-39.600000
20
0.460000
10
-39.600000
20
0.460000
42
0.406958
10
-39.370000
20
0.700000
10
-39.370000
20
0.700000
10
-39.370000
20
1.170000
0
LWPOLYLINE
5
1322
100
AcDbEntity
8
0
100
AcDbPolyline
90
16
70
0
43
0.000000
10
-41.190000
20
1.170000
42
0.420367
10
-41.430000
20
1.410000
10
-41.430000
20
1.410000
10
-41.930000
20
1.410000
10
-41.930000
20
1.410000
42
0.420355
10
-42.170000
20
1.170000
10
-42.170000
20
1.170000
10
-42.170000
20
0.700000
10
-42.170000
20
0.700000
42
0.412988
10
-41.930000
20
0.460000
10
-41.930000
20
0.460000
10
-41.430000
20
0.460000
10
-41.430000
20
0.460000
42
0.413000
10
-41.190000
20
0.700000
10
-41.190000
20
0.700000
10
-41.190000
20
1.170000
0
LWPOLYLINE
5
1323
100
AcDbEntity
8
0
100
AcDbPolyline
90
16
70
0
43
0.000000
10
19.090000
20
1.190000
42
0.391871
10
19.040000
20
1.240000
10
19.040000
20
1.240000
10
18.170000
20
1.240000
10
18.170000
20
1.240000
42
0.381356
10
18.120000
20
1.190000
10
18.120000
20
1.190000
10
18.120000
20
1.100000
10
18.120000
20
1.100000
42
0.401764
10
18.170000
20
1.050000
10
18.170000
20
1.050000
10
19.040000
20
1.050000
10
19.040000
20
1.050000
42
0.413750
10
19.090000
20
1.100000
10
19.090000
20
1.100000
10
19.090000
20
1.190000
0
LWPOLYLINE
5
1324
100
AcDbEntity
8
0
100
AcDbPolyline
90
16
70
0
43
0.000000
10
19.090000
20
0.790000
42
0.391874
10
19.040000
20
0.840000
10
19.040000
20
0.840000
10
18.170000
20
0.840000
10
18.170000
20
0.840000
42
0.381359
10
18.120000
20
0.790000
10
18.120000
20
0.790000
10
18.120000
20
0.700000
10
18.120000
20
0.700000
42
0.401761
10
18.170000
20
0.650000
10
18.170000
20
0.650000
10
19.040000
20
0.650000
10
19.040000
20
0.650000
42
0.413746
10
19.090000
20
0.700000
10
19.090000
20
0.700000
10
19.090000
20
0.790000
0
LWPOLYLINE
5
1325
100
AcDbEntity
8
0
100
AcDbPolyline
90
16
70
0
43
0.000000
10
27.140000
20
1.590000
42
0.386587
10
27.090000
20
1.640000
10
27.090000
20
1.640000
10
26.220000
20
1.640000
10
26.220000
20
1.640000
42
0.386561
10
26.170000
20
1.590000
10
26.170000
20
1.590000
10
26.170000
20
1.500000
10
26.170000
20
1.500000
42
0.407699
10
26.220000
20
1.450000
10
26.220000
20
1.450000
10
27.090000
20
1.450000
10
27.090000
20
1.450000
42
0.407728
10
27.140000
20
1.500000
10
27.140000
20
1.500000
10
27.140000
20
1.590000
0
LWPOLYLINE
5
1326
100
AcDbEntity
8
0
100
AcDbPolyline
90
16
70
0
43
0.000000
10
46.020000
20
1.230000
42
0.414205
10
45.780000
20
1.470000
10
45.780000
20
1.470000
10
45.300000
20
1.470000
10
45.300000
20
1.470000
42
0.409367
10
45.070000
20
1.230000
10
45.070000
20
1.230000
10
45.070000
20
0.730000
10
45.070000
20
0.730000
42
0.406967
10
45.300000
20
0.490000
10
45.300000
20
0.490000
10
45.780000
20
0.490000
10
45.780000
20
0.490000
42
0.411786
10
46.020000
20
0.730000
10
46.020000
20
0.730000
10
46.020000
20
1.230000
0
LWPOLYLINE
5
1327
100
AcDbEntity
8
0
100
AcDbPolyline
90
16
70
0
43
0.000000
10
27.140000
20
1.190000
42
0.386590
10
27.090000
20
1.240000
10
27.090000
20
1.240000
10
26.220000
20
1.240000
10
26.220000
20
1.240000
42
0.386564
10
26.170000
20
1.190000
10
26.170000
20
1.190000
10
26.170000
20
1.100000
10
26.170000
20
1.100000
42
0.407695
10
26.220000
20
1.050000
10
26.220000
20
1.050000
10
27.090000
20
1.050000
10
27.090000
20
1.050000
42
0.407724
10
27.140000
20
1.100000
10
27.140000
20
1.100000
10
27.140000
20
1.190000
0
LWPOLYLINE
5
1328
100
AcDbEntity
8
0
100
AcDbPolyline
90
16
70
0
43
0.000000
10
27.140000
20
0.790000
42
0.386593
10
27.090000
20
0.840000
10
27.090000
20
0.840000
10
26.220000
20
0.840000
10
26.220000
20
0.840000
42
0.386568
10
26.170000
20
0.790000
10
26.170000
20
0.790000
10
26.170000
20
0.700000
10
26.170000
20
0.700000
42
0.407691
10
26.220000
20
0.650000
10
26.220000
20
0.650000
10
27.090000
20
0.650000
10
27.090000
20
0.650000
42
0.407721
10
27.140000
20
0.700000
10
27.140000
20
0.700000
10
27.140000
20
0.790000
0
LWPOLYLINE
5
1329
100
AcDbEntity
8
0
100
AcDbPolyline
90
16
70
0
43
0.000000
10
49.230000
20
0.960000
42
0.408172
10
48.990000
20
1.190000
10
48.990000
20
1.190000
10
48.510000
20
1.190000
10
48.510000
20
1.190000
42
0.403023
10
48.280000
20
0.960000
10
48.280000
20
0.960000
10
48.280000
20
0.360000
10
48.280000
20
0.360000
42
0.413002
10
48.510000
20
0.120000
10
48.510000
20
0.120000
10
48.990000
20
0.120000
10
48.990000
20
0.120000
42
0.417863
10
49.230000
20
0.360000
10
49.230000
20
0.360000
10
49.230000
20
0.960000
0
LWPOLYLINE
5
1330
100
AcDbEntity
8
0
100
AcDbPolyline
90
16
70
0
43
0.000000
10
27.140000
20
0.390000
42
0.386597
10
27.090000
20
0.440000
10
27.090000
20
0.440000
10
26.220000
20
0.440000
10
26.220000
20
0.440000
42
0.386571
10
26.170000
20
0.390000
10
26.170000
20
0.390000
10
26.170000
20
0.300000
10
26.170000
20
0.300000
42
0.407688
10
26.220000
20
0.250000
10
26.220000
20
0.250000
10
27.090000
20
0.250000
10
27.090000
20
0.250000
42
0.407717
10
27.140000
20
0.300000
10
27.140000
20
0.300000
10
27.140000
20
0.390000
0
LWPOLYLINE
5
1331
100
AcDbEntity
8
0
100
AcDbPolyline
90
16
70
0
43
0.000000
10
19.090000
20
0.390000
42
0.391878
10
19.040000
20
0.440000
10
19.040000
20
0.440000
10
18.170000
20
0.440000
10
18.170000
20
0.440000
42
0.381363
10
18.120000
20
0.390000
10
18.120000
20
0.390000
10
18.120000
20
0.300000
10
18.120000
20
0.300000
42
0.401757
10
18.170000
20
0.250000
10
18.170000
20
0.250000
10
19.040000
20
0.250000
10
19.040000
20
0.250000
42
0.413742
10
19.090000
20
0.300000
10
19.090000
20
0.300000
10
19.090000
20
0.390000
0
LWPOLYLINE
5
1332
100
AcDbEntity
8
0
100
AcDbPolyline
90
16
70
0
43
0.000000
10
-34.150000
20
0.070000
42
0.410213
10
-34.380000
20
0.300000
10
-34.380000
20
0.300000
10
-34.850000
20
0.300000
10
-34.850000
20
0.300000
42
0.417887
10
-35.080000
20
0.070000
10
-35.080000
20
0.070000
10
-35.080000
20
-0.400000
10
-35.080000
20
-0.400000
42
0.410200
10
-34.850000
20
-0.630000
10
-34.850000
20
-0.630000
10
-34.380000
20
-0.630000
10
-34.380000
20
-0.630000
42
0.402860
10
-34.150000
20
-0.400000
10
-34.150000
20
-0.400000
10
-34.150000
20
0.070000
0
LWPOLYLINE
5
1333
100
AcDbEntity
8
0
100
AcDbPolyline
90
16
70
0
43
0.000000
10
-35.300000
20
0.070000
42
0.423039
10
-35.540000
20
0.300000
10
-35.540000
20
0.300000
10
-36.000000
20
0.300000
10
-36.000000
20
0.300000
42
0.417893
10
-36.230000
20
0.070000
10
-36.230000
20
0.070000
10
-36.230000
20
-0.400000
10
-36.230000
20
-0.400000
42
0.410206
10
-36.000000
20
-0.630000
10
-36.000000
20
-0.630000
10
-35.540000
20
-0.630000
10
-35.540000
20
-0.630000
42
0.415294
10
-35.300000
20
-0.400000
10
-35.300000
20
-0.400000
10
-35.300000
20
0.070000
0
LWPOLYLINE
5
1334
100
AcDbEntity
8
0
100
AcDbPolyline
90
16
70
0
43
0.000000
10
-36.690000
20
0.120000
42
0.412181
10
-36.790000
20
0.220000
10
-36.790000
20
0.220000
10
-38.540000
20
0.220000
10
-38.540000
20
0.220000
42
0.435487
10
-38.640000
20
0.120000
10
-38.640000
20
0.120000
10
-38.640000
20
-0.330000
10
-38.640000
20
-0.330000
42
0.415541
10
-38.540000
20
-0.430000
10
-38.540000
20
-0.430000
10
-36.790000
20
-0.430000
10
-36.790000
20
-0.430000
42
0.394644
10
-36.690000
20
-0.330000
10
-36.690000
20
-0.330000
10
-36.690000
20
0.120000
0
LWPOLYLINE
5
1335
100
AcDbEntity
8
0
100
AcDbPolyline
90
16
70
0
43
0.000000
10
-41.440000
20
-0.510000
42
0.414208
10
-41.680000
20
-0.270000
10
-41.680000
20
-0.270000
10
-42.160000
20
-0.270000
10
-42.160000
20
-0.270000
42
0.409364
10
-42.390000
20
-0.510000
10
-42.390000
20
-0.510000
10
-42.390000
20
-1.010000
10
-42.390000
20
-1.010000
42
0.406958
10
-42.160000
20
-1.250000
10
-42.160000
20
-1.250000
10
-41.680000
20
-1.250000
10
-41.680000
20
-1.250000
42
0.411783
10
-41.440000
20
-1.010000
10
-41.440000
20
-1.010000
10
-41.440000
20
-0.510000
0
LWPOLYLINE
5
1336
100
AcDbEntity
8
0
100
AcDbPolyline
90
16
70
0
43
0.000000
10
-39.420000
20
-0.520000
42
0.413607
10
-39.670000
20
-0.270000
10
-39.670000
20
-0.270000
10
-40.570000
20
-0.270000
10
-40.570000
20
-0.270000
42
0.408995
10
-40.820000
20
-0.520000
10
-40.820000
20
-0.520000
10
-40.820000
20
-1.170000
10
-40.820000
20
-1.170000
42
0.415940
10
-40.570000
20
-1.420000
10
-40.570000
20
-1.420000
10
-39.670000
20
-1.420000
10
-39.670000
20
-1.420000
42
0.420744
10
-39.420000
20
-1.170000
10
-39.420000
20
-1.170000
10
-39.420000
20
-0.520000
0
LWPOLYLINE
5
1337
100
AcDbEntity
8
0
100
AcDbPolyline
90
16
70
0
43
0.000000
10
-31.740000
20
0.120000
42
0.412188
10
-31.840000
20
0.220000
10
-31.840000
20
0.220000
10
-33.590000
20
0.220000
10
-33.590000
20
0.220000
42
0.435487
10
-33.690000
20
0.120000
10
-33.690000
20
0.120000
10
-33.690000
20
-0.330000
10
-33.690000
20
-0.330000
42
0.415541
10
-33.590000
20
-0.430000
10
-33.590000
20
-0.430000
10
-31.840000
20
-0.430000
10
-31.840000
20
-0.430000
42
0.394650
10
-31.740000
20
-0.330000
10
-31.740000
20
-0.330000
10
-31.740000
20
0.120000
0
LWPOLYLINE
5
1338
100
AcDbEntity
8
0
100
AcDbPolyline
90
8
70
0
43
0.000000
10
25.040000
20
0.200000
10
24.380000
20
0.200000
10
24.380000
20
0.200000
10
24.380000
20
-0.460000
10
24.380000
20
-0.460000
10
25.040000
20
-0.460000
10
25.040000
20
-0.460000
10
25.040000
20
0.200000
0
LWPOLYLINE
5
1339
100
AcDbEntity
8
0
100
AcDbPolyline
90
8
70
0
43
0.000000
10
23.930000
20
0.200000
10
22.880000
20
0.200000
10
22.880000
20
0.200000
10
22.880000
20
-0.460000
10
22.880000
20
-0.460000
10
23.930000
20
-0.460000
10
23.930000
20
-0.460000
10
23.930000
20
0.200000
0
LWPOLYLINE
5
1340
100
AcDbEntity
8
0
100
AcDbPolyline
90
8
70
0
43
0.000000
10
22.380000
20
0.200000
10
21.330000
20
0.200000
10
21.330000
20
0.200000
10
21.330000
20
-0.460000
10
21.330000
20
-0.460000
10
22.380000
20
-0.460000
10
22.380000
20
-0.460000
10
22.380000
20
0.200000
0
LWPOLYLINE
5
1341
100
AcDbEntity
8
0
100
AcDbPolyline
90
8
70
0
43
0.000000
10
20.890000
20
0.200000
10
20.230000
20
0.200000
10
20.230000
20
0.200000
10
20.230000
20
-0.460000
10
20.230000
20
-0.460000
10
20.890000
20
-0.460000
10
20.890000
20
-0.460000
10
20.890000
20
0.200000
0
LWPOLYLINE
5
1342
100
AcDbEntity
8
0
100
AcDbPolyline
90
16
70
0
43
0.000000
10
19.090000
20
-0.010000
42
0.391882
10
19.040000
20
0.040000
10
19.040000
20
0.040000
10
18.170000
20
0.040000
10
18.170000
20
0.040000
42
0.381366
10
18.120000
20
-0.010000
10
18.120000
20
-0.010000
10
18.120000
20
-0.100000
10
18.120000
20
-0.100000
42
0.401754
10
18.170000
20
-0.150000
10
18.170000
20
-0.150000
10
19.040000
20
-0.150000
10
19.040000
20
-0.150000
42
0.413738
10
19.090000
20
-0.100000
10
19.090000
20
-0.100000
10
19.090000
20
-0.010000
0
LWPOLYLINE
5
1343
100
AcDbEntity
8
0
100
AcDbPolyline
90
16
70
0
43
0.000000
10
-30.140000
20
-0.350000
42
0.414212
10
-30.380000
20
-0.110000
10
-30.380000
20
-0.110000
10
-30.860000
20
-0.110000
10
-30.860000
20
-0.110000
42
0.409365
10
-31.090000
20
-0.350000
10
-31.090000
20
-0.350000
10
-31.090000
20
-0.950000
10
-31.090000
20
-0.950000
42
0.406957
10
-30.860000
20
-1.190000
10
-30.860000
20
-1.190000
10
-30.380000
20
-1.190000
10
-30.380000
20
-1.190000
42
0.411786
10
-30.140000
20
-0.950000
10
-30.140000
20
-0.950000
10
-30.140000
20
-0.350000
0
LWPOLYLINE
5
1344
100
AcDbEntity
8
0
100
AcDbPolyline
90
16
70
0
43
0.000000
10
-34.150000
20
-1.080000
42
0.410212
10
-34.380000
20
-0.850000
10
-34.380000
20
-0.850000
10
-34.850000
20
-0.850000
10
-34.850000
20
-0.850000
42
0.417886
10
-35.080000
20
-1.080000
10
-35.080000
20
-1.080000
10
-35.080000
20
-1.550000
10
-35.080000
20
-1.550000
42
0.410201
10
-34.850000
20
-1.780000
10
-34.850000
20
-1.780000
10
-34.380000
20
-1.780000
10
-34.380000
20
-1.780000
42
0.402861
10
-34.150000
20
-1.550000
10
-34.150000
20
-1.550000
10
-34.150000
20
-1.080000
0
LWPOLYLINE
5
1345
100
AcDbEntity
8
0
100
AcDbPolyline
90
16
70
0
43
0.000000
10
-35.300000
20
-1.080000
42
0.423038
10
-35.540000
20
-0.850000
10
-35.540000
20
-0.850000
10
-36.000000
20
-0.850000
10
-36.000000
20
-0.850000
42
0.417892
10
-36.230000
20
-1.080000
10
-36.230000
20
-1.080000
10
-36.230000
20
-1.550000
10
-36.230000
20
-1.550000
42
0.410208
10
-36.000000
20
-1.780000
10
-36.000000
20
-1.780000
10
-35.540000
20
-1.780000
10
-35.540000
20
-1.780000
42
0.415295
10
-35.300000
20
-1.550000
10
-35.300000
20
-1.550000
10
-35.300000
20
-1.080000
0
LWPOLYLINE
5
1346
100
AcDbEntity
8
0
100
AcDbPolyline
90
16
70
0
43
0.000000
10
-36.690000
20
-1.150000
42
0.412192
10
-36.790000
20
-1.050000
10
-36.790000
20
-1.050000
10
-38.540000
20
-1.050000
10
-38.540000
20
-1.050000
42
0.435499
10
-38.640000
20
-1.150000
10
-38.640000
20
-1.150000
10
-38.640000
20
-1.600000
10
-38.640000
20
-1.600000
42
0.415529
10
-38.540000
20
-1.700000
10
-38.540000
20
-1.700000
10
-36.790000
20
-1.700000
10
-36.790000
20
-1.700000
42
0.394634
10
-36.690000
20
-1.600000
10
-36.690000
20
-1.600000
10
-36.690000
20
-1.150000
0
LWPOLYLINE
5
1347
100
AcDbEntity
8
0
100
AcDbPolyline
90
16
70
0
43
0.000000
10
-31.740000
20
-1.150000
42
0.412199
10
-31.840000
20
-1.050000
10
-31.840000
20
-1.050000
10
-33.590000
20
-1.050000
10
-33.590000
20
-1.050000
42
0.435499
10
-33.690000
20
-1.150000
10
-33.690000
20
-1.150000
10
-33.690000
20
-1.600000
10
-33.690000
20
-1.600000
42
0.415529
10
-33.590000
20
-1.700000
10
-33.590000
20
-1.700000
10
-31.840000
20
-1.700000
10
-31.840000
20
-1.700000
42
0.394640
10
-31.740000
20
-1.600000
10
-31.740000
20
-1.600000
10
-31.740000
20
-1.150000
0
LWPOLYLINE
5
1348
100
AcDbEntity
8
0
100
AcDbPolyline
90
16
70
0
43
0.000000
10
19.090000
20
-0.410000
42
0.391865
10
19.040000
20
-0.360000
10
19.040000
20
-0.360000
10
18.170000
20
-0.360000
10
18.170000
20
-0.360000
42
0.381351
10
18.120000
20
-0.410000
10
18.120000
20
-0.410000
10
18.120000
20
-0.500000
10
18.120000
20
-0.500000
42
0.401770
10
18.170000
20
-0.550000
10
18.170000
20
-0.550000
10
19.040000
20
-0.550000
10
19.040000
20
-0.550000
42
0.413755
10
19.090000
20
-0.500000
10
19.090000
20
-0.500000
10
19.090000
20
-0.410000
0
LWPOLYLINE
5
1349
100
AcDbEntity
8
0
100
AcDbPolyline
90
16
70
0
43
0.000000
10
51.630000
20
0.060000
10
51.030000
20
0.060000
10
51.030000
20
0.060000
10
51.030000
20
-0.380000
10
51.030000
20
-0.380000
10
50.430000
20
-0.380000
10
50.430000
20
-0.380000
10
50.430000
20
0.060000
10
50.430000
20
0.060000
10
49.830000
20
0.060000
10
49.830000
20
0.060000
10
49.830000
20
-1.270000
10
49.830000
20
-1.270000
10
51.630000
20
-1.270000
10
51.630000
20
-1.270000
10
51.630000
20
0.060000
0
LWPOLYLINE
5
1350
100
AcDbEntity
8
0
100
AcDbPolyline
90
16
70
0
43
0.000000
10
27.140000
20
-0.010000
42
0.386600
10
27.090000
20
0.040000
10
27.090000
20
0.040000
10
26.220000
20
0.040000
10
26.220000
20
0.040000
42
0.386575
10
26.170000
20
-0.010000
10
26.170000
20
-0.010000
10
26.170000
20
-0.100000
10
26.170000
20
-0.100000
42
0.407684
10
26.220000
20
-0.150000
10
26.220000
20
-0.150000
10
27.090000
20
-0.150000
10
27.090000
20
-0.150000
42
0.407713
10
27.140000
20
-0.100000
10
27.140000
20
-0.100000
10
27.140000
20
-0.010000
0
LWPOLYLINE
5
1351
100
AcDbEntity
8
0
100
AcDbPolyline
90
16
70
0
43
0.000000
10
27.140000
20
-0.410000
42
0.386585
10
27.090000
20
-0.360000
10
27.090000
20
-0.360000
10
26.220000
20
-0.360000
10
26.220000
20
-0.360000
42
0.386559
10
26.170000
20
-0.410000
10
26.170000
20
-0.410000
10
26.170000
20
-0.500000
10
26.170000
20
-0.500000
42
0.407701
10
26.220000
20
-0.550000
10
26.220000
20
-0.550000
10
27.090000
20
-0.550000
10
27.090000
20
-0.550000
42
0.407730
10
27.140000
20
-0.500000
10
27.140000
20
-0.500000
10
27.140000
20
-0.410000
0
LWPOLYLINE
5
1352
100
AcDbEntity
8
0
100
AcDbPolyline
90
16
70
0
43
0.000000
10
27.140000
20
-0.810000
42
0.386588
10
27.090000
20
-0.760000
10
27.090000
20
-0.760000
10
26.220000
20
-0.760000
10
26.220000
20
-0.760000
42
0.386563
10
26.170000
20
-0.810000
10
26.170000
20
-0.810000
10
26.170000
20
-0.900000
10
26.170000
20
-0.900000
42
0.407697
10
26.220000
20
-0.950000
10
26.220000
20
-0.950000
10
27.090000
20
-0.950000
10
27.090000
20
-0.950000
42
0.407726
10
27.140000
20
-0.900000
10
27.140000
20
-0.900000
10
27.140000
20
-0.810000
0
LWPOLYLINE
5
1353
100
AcDbEntity
8
0
100
AcDbPolyline
90
16
70
0
43
0.000000
10
19.090000
20
-0.810000
42
0.391869
10
19.040000
20
-0.760000
10
19.040000
20
-0.760000
10
18.170000
20
-0.760000
10
18.170000
20
-0.760000
42
0.381355
10
18.120000
20
-0.810000
10
18.120000
20
-0.810000
10
18.120000
20
-0.900000
10
18.120000
20
-0.900000
42
0.401766
10
18.170000
20
-0.950000
10
18.170000
20
-0.950000
10
19.040000
20
-0.950000
10
19.040000
20
-0.950000
42
0.413751
10
19.090000
20
-0.900000
10
19.090000
20
-0.900000
10
19.090000
20
-0.810000
0
LWPOLYLINE
5
1354
100
AcDbEntity
8
0
100
AcDbPolyline
90
16
70
0
43
0.000000
10
27.140000
20
-1.210000
42
0.386592
10
27.090000
20
-1.160000
10
27.090000
20
-1.160000
10
26.220000
20
-1.160000
10
26.220000
20
-1.160000
42
0.386566
10
26.170000
20
-1.210000
10
26.170000
20
-1.210000
10
26.170000
20
-1.300000
10
26.170000
20
-1.300000
42
0.407694
10
26.220000
20
-1.350000
10
26.220000
20
-1.350000
10
27.090000
20
-1.350000
10
27.090000
20
-1.350000
42
0.407723
10
27.140000
20
-1.300000
10
27.140000
20
-1.300000
10
27.140000
20
-1.210000
0
LWPOLYLINE
5
1355
100
AcDbEntity
8
0
100
AcDbPolyline
90
16
70
0
43
0.000000
10
19.090000
20
-1.210000
42
0.391873
10
19.040000
20
-1.160000
10
19.040000
20
-1.160000
10
18.170000
20
-1.160000
10
18.170000
20
-1.160000
42
0.381358
10
18.120000
20
-1.210000
10
18.120000
20
-1.210000
10
18.120000
20
-1.300000
10
18.120000
20
-1.300000
42
0.401763
10
18.170000
20
-1.350000
10
18.170000
20
-1.350000
10
19.040000
20
-1.350000
10
19.040000
20
-1.350000
42
0.413748
10
19.090000
20
-1.300000
10
19.090000
20
-1.300000
10
19.090000
20
-1.210000
0
LWPOLYLINE
5
1356
100
AcDbEntity
8
0
100
AcDbPolyline
90
16
70
0
43
0.000000
10
25.930000
20
-1.650000
42
0.391454
10
25.880000
20
-1.600000
10
25.880000
20
-1.600000
10
25.790000
20
-1.600000
10
25.790000
20
-1.600000
42
0.438322
10
25.740000
20
-1.650000
10
25.740000
20
-1.650000
10
25.740000
20
-2.510000
10
25.740000
20
-2.510000
42
0.465992
10
25.790000
20
-2.560000
10
25.790000
20
-2.560000
10
25.880000
20
-2.560000
10
25.880000
20
-2.560000
42
0.412343
10
25.930000
20
-2.510000
10
25.930000
20
-2.510000
10
25.930000
20
-1.650000
0
LWPOLYLINE
5
1357
100
AcDbEntity
8
0
100
AcDbPolyline
90
16
70
0
43
0.000000
10
25.530000
20
-1.650000
42
0.391454
10
25.480000
20
-1.600000
10
25.480000
20
-1.600000
10
25.390000
20
-1.600000
10
25.390000
20
-1.600000
42
0.438307
10
25.340000
20
-1.650000
10
25.340000
20
-1.650000
10
25.340000
20
-2.510000
10
25.340000
20
-2.510000
42
0.465974
10
25.390000
20
-2.560000
10
25.390000
20
-2.560000
10
25.480000
20
-2.560000
10
25.480000
20
-2.560000
42
0.412343
10
25.530000
20
-2.510000
10
25.530000
20
-2.510000
10
25.530000
20
-1.650000
0
LWPOLYLINE
5
1358
100
AcDbEntity
8
0
100
AcDbPolyline
90
16
70
0
43
0.000000
10
25.130000
20
-1.650000
42
0.391454
10
25.080000
20
-1.600000
10
25.080000
20
-1.600000
10
24.990000
20
-1.600000
10
24.990000
20
-1.600000
42
0.438292
10
24.940000
20
-1.650000
10
24.940000
20
-1.650000
10
24.940000
20
-2.510000
10
24.940000
20
-2.510000
42
0.465957
10
24.990000
20
-2.560000
10
24.990000
20
-2.560000
10
25.080000
20
-2.560000
10
25.080000
20
-2.560000
42
0.412343
10
25.130000
20
-2.510000
10
25.130000
20
-2.510000
10
25.130000
20
-1.650000
0
LWPOLYLINE
5
1359
100
AcDbEntity
8
0
100
AcDbPolyline
90
16
70
0
43
0.000000
10
24.730000
20
-1.650000
42
0.391454
10
24.680000
20
-1.600000
10
24.680000
20
-1.600000
10
24.590000
20
-1.600000
10
24.590000
20
-1.600000
42
0.438322
10
24.540000
20
-1.650000
10
24.540000
20
-1.650000
10
24.540000
20
-2.510000
10
24.540000
20
-2.510000
42
0.465992
10
24.590000
20
-2.560000
10
24.590000
20
-2.560000
10
24.680000
20
-2.560000
10
24.680000
20
-2.560000
42
0.412343
10
24.730000
20
-2.510000
10
24.730000
20
-2.510000
10
24.730000
20
-1.650000
0
LWPOLYLINE
5
1360
100
AcDbEntity
8
0
100
AcDbPolyline
90
16
70
0
43
0.000000
10
24.330000
20
-1.650000
42
0.391441
10
24.280000
20
-1.600000
10
24.280000
20
-1.600000
10
24.190000
20
-1.600000
10
24.190000
20
-1.600000
42
0.438307
10
24.140000
20
-1.650000
10
24.140000
20
-1.650000
10
24.140000
20
-2.510000
10
24.140000
20
-2.510000
42
0.465974
10
24.190000
20
-2.560000
10
24.190000
20
-2.560000
10
24.280000
20
-2.560000
10
24.280000
20
-2.560000
42
0.412328
10
24.330000
20
-2.510000
10
24.330000
20
-2.510000
10
24.330000
20
-1.650000
0
LWPOLYLINE
5
1361
100
AcDbEntity
8
0
100
AcDbPolyline
90
16
70
0
43
0.000000
10
23.930000
20
-1.650000
42
0.391454
10
23.880000
20
-1.600000
10
23.880000
20
-1.600000
10
23.790000
20
-1.600000
10
23.790000
20
-1.600000
42
0.438322
10
23.740000
20
-1.650000
10
23.740000
20
-1.650000
10
23.740000
20
-2.510000
10
23.740000
20
-2.510000
42
0.465992
10
23.790000
20
-2.560000
10
23.790000
20
-2.560000
10
23.880000
20
-2.560000
10
23.880000
20
-2.560000
42
0.412343
10
23.930000
20
-2.510000
10
23.930000
20
-2.510000
10
23.930000
20
-1.650000
0
LWPOLYLINE
5
1362
100
AcDbEntity
8
0
100
AcDbPolyline
90
16
70
0
43
0.000000
10
23.530000
20
-1.650000
42
0.391468
10
23.480000
20
-1.600000
10
23.480000
20
-1.600000
10
23.390000
20
-1.600000
10
23.390000
20
-1.600000
42
0.438307
10
23.340000
20
-1.650000
10
23.340000
20
-1.650000
10
23.340000
20
-2.510000
10
23.340000
20
-2.510000
42
0.465974
10
23.390000
20
-2.560000
10
23.390000
20
-2.560000
10
23.480000
20
-2.560000
10
23.480000
20
-2.560000
42
0.412358
10
23.530000
20
-2.510000
10
23.530000
20
-2.510000
10
23.530000
20
-1.650000
0
LWPOLYLINE
5
1363
100
AcDbEntity
8
0
100
AcDbPolyline
90
16
70
0
43
0.000000
10
23.130000
20
-1.650000
42
0.391454
10
23.080000
20
-1.600000
10
23.080000
20
-1.600000
10
22.990000
20
-1.600000
10
22.990000
20
-1.600000
42
0.438292
10
22.940000
20
-1.650000
10
22.940000
20
-1.650000
10
22.940000
20
-2.510000
10
22.940000
20
-2.510000
42
0.465957
10
22.990000
20
-2.560000
10
22.990000
20
-2.560000
10
23.080000
20
-2.560000
10
23.080000
20
-2.560000
42
0.412343
10
23.130000
20
-2.510000
10
23.130000
20
-2.510000
10
23.130000
20
-1.650000
0
LWPOLYLINE
5
1364
100
AcDbEntity
8
0
100
AcDbPolyline
90
16
70
0
43
0.000000
10
22.730000
20
-1.650000
42
0.391441
10
22.680000
20
-1.600000
10
22.680000
20
-1.600000
10
22.590000
20
-1.600000
10
22.590000
20
-1.600000
42
0.438322
10
22.540000
20
-1.650000
10
22.540000
20
-1.650000
10
22.540000
20
-2.510000
10
22.540000
20
-2.510000
42
0.465992
10
22.590000
20
-2.560000
10
22.590000
20
-2.560000
10
22.680000
20
-2.560000
10
22.680000
20
-2.560000
42
0.412328
10
22.730000
20
-2.510000
10
22.730000
20
-2.510000
10
22.730000
20
-1.650000
0
LWPOLYLINE
5
1365
100
AcDbEntity
8
0
100
AcDbPolyline
90
16
70
0
43
0.000000
10
22.330000
20
-1.650000
42
0.391441
10
22.280000
20
-1.600000
10
22.280000
20
-1.600000
10
22.190000
20
-1.600000
10
22.190000
20
-1.600000
42
0.438307
10
22.140000
20
-1.650000
10
22.140000
20
-1.650000
10
22.140000
20
-2.510000
10
22.140000
20
-2.510000
42
0.465974
10
22.190000
20
-2.560000
10
22.190000
20
-2.560000
10
22.280000
20
-2.560000
10
22.280000
20
-2.560000
42
0.412328
10
22.330000
20
-2.510000
10
22.330000
20
-2.510000
10
22.330000
20
-1.650000
0
LWPOLYLINE
5
1366
100
AcDbEntity
8
0
100
AcDbPolyline
90
16
70
0
43
0.000000
10
21.930000
20
-1.650000
42
0.391454
10
21.880000
20
-1.600000
10
21.880000
20
-1.600000
10
21.790000
20
-1.600000
10
21.790000
20
-1.600000
42
0.438307
10
21.740000
20
-1.650000
10
21.740000
20
-1.650000
10
21.740000
20
-2.510000
10
21.740000
20
-2.510000
42
0.465974
10
21.790000
20
-2.560000
10
21.790000
20
-2.560000
10
21.880000
20
-2.560000
10
21.880000
20
-2.560000
42
0.412343
10
21.930000
20
-2.510000
10
21.930000
20
-2.510000
10
21.930000
20
-1.650000
0
LWPOLYLINE
5
1367
100
AcDbEntity
8
0
100
AcDbPolyline
90
16
70
0
43
0.000000
10
21.530000
20
-1.650000
42
0.391454
10
21.480000
20
-1.600000
10
21.480000
20
-1.600000
10
21.390000
20
-1.600000
10
21.390000
20
-1.600000
42
0.438322
10
21.340000
20
-1.650000
10
21.340000
20
-1.650000
10
21.340000
20
-2.510000
10
21.340000
20
-2.510000
42
0.465992
10
21.390000
20
-2.560000
10
21.390000
20
-2.560000
10
21.480000
20
-2.560000
10
21.480000
20
-2.560000
42
0.412343
10
21.530000
20
-2.510000
10
21.530000
20
-2.510000
10
21.530000
20
-1.650000
0
LWPOLYLINE
5
1368
100
AcDbEntity
8
0
100
AcDbPolyline
90
16
70
0
43
0.000000
10
21.130000
20
-1.650000
42
0.391454
10
21.080000
20
-1.600000
10
21.080000
20
-1.600000
10
20.990000
20
-1.600000
10
20.990000
20
-1.600000
42
0.438307
10
20.940000
20
-1.650000
10
20.940000
20
-1.650000
10
20.940000
20
-2.510000
10
20.940000
20
-2.510000
42
0.465974
10
20.990000
20
-2.560000
10
20.990000
20
-2.560000
10
21.080000
20
-2.560000
10
21.080000
20
-2.560000
42
0.412343
10
21.130000
20
-2.510000
10
21.130000
20
-2.510000
10
21.130000
20
-1.650000
0
LWPOLYLINE
5
1369
100
AcDbEntity
8
0
100
AcDbPolyline
90
16
70
0
43
0.000000
10
20.730000
20
-1.650000
42
0.391441
10
20.680000
20
-1.600000
10
20.680000
20
-1.600000
10
20.590000
20
-1.600000
10
20.590000
20
-1.600000
42
0.438322
10
20.540000
20
-1.650000
10
20.540000
20
-1.650000
10
20.540000
20
-2.510000
10
20.540000
20
-2.510000
42
0.465992
10
20.590000
20
-2.560000
10
20.590000
20
-2.560000
10
20.680000
20
-2.560000
10
20.680000
20
-2.560000
42
0.412328
10
20.730000
20
-2.510000
10
20.730000
20
-2.510000
10
20.730000
20
-1.650000
0
LWPOLYLINE
5
1370
100
AcDbEntity
8
0
100
AcDbPolyline
90
16
70
0
43
0.000000
10
20.330000
20
-1.650000
42
0.391454
10
20.280000
20
-1.600000
10
20.280000
20
-1.600000
10
20.190000
20
-1.600000
10
20.190000
20
-1.600000
42
0.438315
10
20.140000
20
-1.650000
10
20.140000
20
-1.650000
10
20.140000
20
-2.510000
10
20.140000
20
-2.510000
42
0.465983
10
20.190000
20
-2.560000
10
20.190000
20
-2.560000
10
20.280000
20
-2.560000
10
20.280000
20
-2.560000
42
0.412343
10
20.330000
20
-2.510000
10
20.330000
20
-2.510000
10
20.330000
20
-1.650000
0
LWPOLYLINE
5
1371
100
AcDbEntity
8
0
100
AcDbPolyline
90
16
70
0
43
0.000000
10
19.930000
20
-1.650000
42
0.391448
10
19.880000
20
-1.600000
10
19.880000
20
-1.600000
10
19.790000
20
-1.600000
10
19.790000
20
-1.600000
42
0.438315
10
19.740000
20
-1.650000
10
19.740000
20
-1.650000
10
19.740000
20
-2.510000
10
19.740000
20
-2.510000
42
0.465983
10
19.790000
20
-2.560000
10
19.790000
20
-2.560000
10
19.880000
20
-2.560000
10
19.880000
20
-2.560000
42
0.412335
10
19.930000
20
-2.510000
10
19.930000
20
-2.510000
10
19.930000
20
-1.650000
0
LWPOLYLINE
5
1372
100
AcDbEntity
8
0
100
AcDbPolyline
90
16
70
0
43
0.000000
10
19.530000
20
-1.650000
42
0.391448
10
19.480000
20
-1.600000
10
19.480000
20
-1.600000
10
19.390000
20
-1.600000
10
19.390000
20
-1.600000
42
0.438322
10
19.340000
20
-1.650000
10
19.340000
20
-1.650000
10
19.340000
20
-2.510000
10
19.340000
20
-2.510000
42
0.465992
10
19.390000
20
-2.560000
10
19.390000
20
-2.560000
10
19.480000
20
-2.560000
10
19.480000
20
-2.560000
42
0.412335
10
19.530000
20
-2.510000
10
19.530000
20
-2.510000
10
19.530000
20
-1.650000
0
LWPOLYLINE
5
1373
100
AcDbEntity
8
0
100
AcDbPolyline
90
16
70
0
43
0.000000
10
-30.140000
20
-2.070000
42
0.408183
10
-30.380000
20
-1.840000
10
-30.380000
20
-1.840000
10
-30.860000
20
-1.840000
10
-30.860000
20
-1.840000
42
0.403018
10
-31.090000
20
-2.070000
10
-31.090000
20
-2.070000
10
-31.090000
20
-2.670000
10
-31.090000
20
-2.670000
42
0.412994
10
-30.860000
20
-2.910000
10
-30.860000
20
-2.910000
10
-30.380000
20
-2.910000
10
-30.380000
20
-2.910000
42
0.417871
10
-30.140000
20
-2.670000
10
-30.140000
20
-2.670000
10
-30.140000
20
-2.070000
0
LWPOLYLINE
5
1374
100
AcDbEntity
8
0
100
AcDbPolyline
90
16
70
0
43
0.000000
10
-41.440000
20
-2.330000
42
0.408177
10
-41.680000
20
-2.100000
10
-41.680000
20
-2.100000
10
-42.160000
20
-2.100000
10
-42.160000
20
-2.100000
42
0.403016
10
-42.390000
20
-2.330000
10
-42.390000
20
-2.330000
10
-42.390000
20
-2.830000
10
-42.390000
20
-2.830000
42
0.412997
10
-42.160000
20
-3.070000
10
-42.160000
20
-3.070000
10
-41.680000
20
-3.070000
10
-41.680000
20
-3.070000
42
0.417870
10
-41.440000
20
-2.830000
10
-41.440000
20
-2.830000
10
-41.440000
20
-2.330000
0
LWPOLYLINE
5
1375
100
AcDbEntity
8
0
100
AcDbPolyline
90
16
70
0
43
0.000000
10
-31.740000
20
-2.420000
42
0.412209
10
-31.840000
20
-2.320000
10
-31.840000
20
-2.320000
10
-33.590000
20
-2.320000
10
-33.590000
20
-2.320000
42
0.435511
10
-33.690000
20
-2.420000
10
-33.690000
20
-2.420000
10
-33.690000
20
-2.870000
10
-33.690000
20
-2.870000
42
0.415518
10
-33.590000
20
-2.970000
10
-33.590000
20
-2.970000
10
-31.840000
20
-2.970000
10
-31.840000
20
-2.970000
42
0.394630
10
-31.740000
20
-2.870000
10
-31.740000
20
-2.870000
10
-31.740000
20
-2.420000
0
LWPOLYLINE
5
1376
100
AcDbEntity
8
0
100
AcDbPolyline
90
16
70
0
43
0.000000
10
-36.690000
20
-2.420000
42
0.412202
10
-36.790000
20
-2.320000
10
-36.790000
20
-2.320000
10
-38.540000
20
-2.320000
10
-38.540000
20
-2.320000
42
0.435511
10
-38.640000
20
-2.420000
10
-38.640000
20
-2.420000
10
-38.640000
20
-2.870000
10
-38.640000
20
-2.870000
42
0.415518
10
-38.540000
20
-2.970000
10
-38.540000
20
-2.970000
10
-36.790000
20
-2.970000
10
-36.790000
20
-2.970000
42
0.394623
10
-36.690000
20
-2.870000
10
-36.690000
20
-2.870000
10
-36.690000
20
-2.420000
0
LWPOLYLINE
5
1377
100
AcDbEntity
8
0
100
AcDbPolyline
90
16
70
0
43
0.000000
10
-39.420000
20
-2.570000
42
0.413609
10
-39.670000
20
-2.320000
10
-39.670000
20
-2.320000
10
-40.570000
20
-2.320000
10
-40.570000
20
-2.320000
42
0.408998
10
-40.820000
20
-2.570000
10
-40.820000
20
-2.570000
10
-40.820000
20
-3.220000
10
-40.820000
20
-3.220000
42
0.415937
10
-40.570000
20
-3.470000
10
-40.570000
20
-3.470000
10
-39.670000
20
-3.470000
10
-39.670000
20
-3.470000
42
0.420741
10
-39.420000
20
-3.220000
10
-39.420000
20
-3.220000
10
-39.420000
20
-2.570000
0
LWPOLYLINE
5
1378
100
AcDbEntity
8
0
100
AcDbPolyline
90
16
70
0
43
0.000000
10
-31.720000
20
-8.040000
42
0.412480
10
-31.820000
20
-7.940000
10
-31.820000
20
-7.940000
10
-33.570000
20
-7.940000
10
-33.570000
20
-7.940000
42
0.405451
10
-33.670000
20
-8.040000
10
-33.670000
20
-8.040000
10
-33.670000
20
-8.490000
10
-33.670000
20
-8.490000
42
0.415822
10
-33.570000
20
-8.590000
10
-33.570000
20
-8.590000
10
-31.820000
20
-8.590000
10
-31.820000
20
-8.590000
42
0.423300
10
-31.720000
20
-8.490000
10
-31.720000
20
-8.490000
10
-31.720000
20
-8.040000
0
LWPOLYLINE
5
1379
100
AcDbEntity
8
0
100
AcDbPolyline
90
16
70
0
43
0.000000
10
-36.670000
20
-8.040000
42
0.412473
10
-36.770000
20
-7.940000
10
-36.770000
20
-7.940000
10
-38.520000
20
-7.940000
10
-38.520000
20
-7.940000
42
0.405457
10
-38.620000
20
-8.040000
10
-38.620000
20
-8.040000
10
-38.620000
20
-8.490000
10
-38.620000
20
-8.490000
42
0.415830
10
-38.520000
20
-8.590000
10
-38.520000
20
-8.590000
10
-36.770000
20
-8.590000
10
-36.770000
20
-8.590000
42
0.423293
10
-36.670000
20
-8.490000
10
-36.670000
20
-8.490000
10
-36.670000
20
-8.040000
0
LWPOLYLINE
5
1380
100
AcDbEntity
8
0
100
AcDbPolyline
90
16
70
0
43
0.000000
10
-39.290000
20
-8.210000
42
0.414210
10
-39.530000
20
-7.970000
10
-39.530000
20
-7.970000
10
-40.030000
20
-7.970000
10
-40.030000
20
-7.970000
42
0.414213
10
-40.270000
20
-8.210000
10
-40.270000
20
-8.210000
10
-40.270000
20
-8.680000
10
-40.270000
20
-8.680000
42
0.419125
10
-40.030000
20
-8.920000
10
-40.030000
20
-8.920000
10
-39.530000
20
-8.920000
10
-39.530000
20
-8.920000
42
0.419122
10
-39.290000
20
-8.680000
10
-39.290000
20
-8.680000
10
-39.290000
20
-8.210000
0
LWPOLYLINE
5
1381
100
AcDbEntity
8
0
100
AcDbPolyline
90
16
70
0
43
0.000000
10
-41.120000
20
-8.210000
42
0.408159
10
-41.350000
20
-7.970000
10
-41.350000
20
-7.970000
10
-41.850000
20
-7.970000
10
-41.850000
20
-7.970000
42
0.420360
10
-42.090000
20
-8.210000
10
-42.090000
20
-8.210000
10
-42.090000
20
-8.680000
10
-42.090000
20
-8.680000
42
0.425450
10
-41.850000
20
-8.920000
10
-41.850000
20
-8.920000
10
-41.350000
20
-8.920000
10
-41.350000
20
-8.920000
42
0.412997
10
-41.120000
20
-8.680000
10
-41.120000
20
-8.680000
10
-41.120000
20
-8.210000
0
LWPOLYLINE
5
1382
100
AcDbEntity
8
0
100
AcDbPolyline
90
16
70
0
43
0.000000
10
-34.130000
20
-9.360000
42
0.410232
10
-34.360000
20
-9.130000
10
-34.360000
20
-9.130000
10
-34.830000
20
-9.130000
10
-34.830000
20
-9.130000
42
0.405299
10
-35.060000
20
-9.360000
10
-35.060000
20
-9.360000
10
-35.060000
20
-9.830000
10
-35.060000
20
-9.830000
42
0.410240
10
-34.830000
20
-10.060000
10
-34.830000
20
-10.060000
10
-34.360000
20
-10.060000
10
-34.360000
20
-10.060000
42
0.415321
10
-34.130000
20
-9.830000
10
-34.130000
20
-9.830000
10
-34.130000
20
-9.360000
0
LWPOLYLINE
5
1383
100
AcDbEntity
8
0
100
AcDbPolyline
90
16
70
0
43
0.000000
10
-35.280000
20
-9.360000
42
0.410238
10
-35.510000
20
-9.130000
10
-35.510000
20
-9.130000
10
-35.980000
20
-9.130000
10
-35.980000
20
-9.130000
42
0.405296
10
-36.210000
20
-9.360000
10
-36.210000
20
-9.360000
10
-36.210000
20
-9.830000
10
-36.210000
20
-9.830000
42
0.410237
10
-35.980000
20
-10.060000
10
-35.980000
20
-10.060000
10
-35.510000
20
-10.060000
10
-35.510000
20
-10.060000
42
0.415328
10
-35.280000
20
-9.830000
10
-35.280000
20
-9.830000
10
-35.280000
20
-9.360000
0
LWPOLYLINE
5
1384
100
AcDbEntity
8
0
100
AcDbPolyline
90
16
70
0
43
0.000000
10
-36.670000
20
-9.310000
42
0.412484
10
-36.770000
20
-9.210000
10
-36.770000
20
-9.210000
10
-38.520000
20
-9.210000
10
-38.520000
20
-9.210000
42
0.405468
10
-38.620000
20
-9.310000
10
-38.620000
20
-9.310000
10
-38.620000
20
-9.760000
10
-38.620000
20
-9.760000
42
0.415819
10
-38.520000
20
-9.860000
10
-38.520000
20
-9.860000
10
-36.770000
20
-9.860000
10
-36.770000
20
-9.860000
42
0.423281
10
-36.670000
20
-9.760000
10
-36.670000
20
-9.760000
10
-36.670000
20
-9.310000
0
LWPOLYLINE
5
1385
100
AcDbEntity
8
0
100
AcDbPolyline
90
16
70
0
43
0.000000
10
-41.370000
20
-9.870000
42
0.414260
10
-41.610000
20
-9.640000
10
-41.610000
20
-9.640000
10
-42.080000
20
-9.640000
10
-42.080000
20
-9.640000
42
0.409389
10
-42.320000
20
-9.870000
10
-42.320000
20
-9.870000
10
-42.320000
20
-10.370000
10
-42.320000
20
-10.370000
42
0.419124
10
-42.080000
20
-10.610000
10
-42.080000
20
-10.610000
10
-41.610000
20
-10.610000
10
-41.610000
20
-10.610000
42
0.424175
10
-41.370000
20
-10.370000
10
-41.370000
20
-10.370000
10
-41.370000
20
-9.870000
0
LWPOLYLINE
5
1386
100
AcDbEntity
8
0
100
AcDbPolyline
90
16
70
0
43
0.000000
10
-39.340000
20
-9.890000
42
0.413592
10
-39.590000
20
-9.640000
10
-39.590000
20
-9.640000
10
-40.490000
20
-9.640000
10
-40.490000
20
-9.640000
42
0.420743
10
-40.740000
20
-9.890000
10
-40.740000
20
-9.890000
10
-40.740000
20
-10.540000
10
-40.740000
20
-10.540000
42
0.415955
10
-40.490000
20
-10.790000
10
-40.490000
20
-10.790000
10
-39.590000
20
-10.790000
10
-39.590000
20
-10.790000
42
0.408996
10
-39.340000
20
-10.540000
10
-39.340000
20
-10.540000
10
-39.340000
20
-9.890000
0
LWPOLYLINE
5
1387
100
AcDbEntity
8
0
100
AcDbPolyline
90
16
70
0
43
0.000000
10
-31.720000
20
-9.310000
42
0.412491
10
-31.820000
20
-9.210000
10
-31.820000
20
-9.210000
10
-33.570000
20
-9.210000
10
-33.570000
20
-9.210000
42
0.405461
10
-33.670000
20
-9.310000
10
-33.670000
20
-9.310000
10
-33.670000
20
-9.760000
10
-33.670000
20
-9.760000
42
0.415812
10
-33.570000
20
-9.860000
10
-33.570000
20
-9.860000
10
-31.820000
20
-9.860000
10
-31.820000
20
-9.860000
42
0.423289
10
-31.720000
20
-9.760000
10
-31.720000
20
-9.760000
10
-31.720000
20
-9.310000
0
LWPOLYLINE
5
1388
100
AcDbEntity
8
0
100
AcDbPolyline
90
16
70
0
43
0.000000
10
-30.070000
20
-9.780000
42
0.414259
10
-30.310000
20
-9.550000
10
-30.310000
20
-9.550000
10
-30.780000
20
-9.550000
10
-30.780000
20
-9.550000
42
0.409388
10
-31.020000
20
-9.780000
10
-31.020000
20
-9.780000
10
-31.020000
20
-10.380000
10
-31.020000
20
-10.380000
42
0.419124
10
-30.780000
20
-10.620000
10
-30.780000
20
-10.620000
10
-30.310000
20
-10.620000
10
-30.310000
20
-10.620000
42
0.424175
10
-30.070000
20
-10.380000
10
-30.070000
20
-10.380000
10
-30.070000
20
-9.780000
0
LWPOLYLINE
5
1389
100
AcDbEntity
8
0
100
AcDbPolyline
90
16
70
0
43
0.000000
10
-34.130000
20
-10.510000
42
0.410234
10
-34.360000
20
-10.280000
10
-34.360000
20
-10.280000
10
-34.830000
20
-10.280000
10
-34.830000
20
-10.280000
42
0.405301
10
-35.060000
20
-10.510000
10
-35.060000
20
-10.510000
10
-35.060000
20
-10.980000
10
-35.060000
20
-10.980000
42
0.410237
10
-34.830000
20
-11.210000
10
-34.830000
20
-11.210000
10
-34.360000
20
-11.210000
10
-34.360000
20
-11.210000
42
0.415318
10
-34.130000
20
-10.980000
10
-34.130000
20
-10.980000
10
-34.130000
20
-10.510000
0
LWPOLYLINE
5
1390
100
AcDbEntity
8
0
100
AcDbPolyline
90
16
70
0
43
0.000000
10
-35.280000
20
-10.510000
42
0.410240
10
-35.510000
20
-10.280000
10
-35.510000
20
-10.280000
10
-35.980000
20
-10.280000
10
-35.980000
20
-10.280000
42
0.405298
10
-36.210000
20
-10.510000
10
-36.210000
20
-10.510000
10
-36.210000
20
-10.980000
10
-36.210000
20
-10.980000
42
0.410234
10
-35.980000
20
-11.210000
10
-35.980000
20
-11.210000
10
-35.510000
20
-11.210000
10
-35.510000
20
-11.210000
42
0.415324
10
-35.280000
20
-10.980000
10
-35.280000
20
-10.980000
10
-35.280000
20
-10.510000
0
LWPOLYLINE
5
1391
100
AcDbEntity
8
0
100
AcDbPolyline
90
16
70
0
43
0.000000
10
-36.670000
20
-10.580000
42
0.412497
10
-36.770000
20
-10.480000
10
-36.770000
20
-10.480000
10
-38.520000
20
-10.480000
10
-38.520000
20
-10.480000
42
0.405480
10
-38.620000
20
-10.580000
10
-38.620000
20
-10.580000
10
-38.620000
20
-11.030000
10
-38.620000
20
-11.030000
42
0.415807
10
-38.520000
20
-11.130000
10
-38.520000
20
-11.130000
10
-36.770000
20
-11.130000
10
-36.770000
20
-11.130000
42
0.423268
10
-36.670000
20
-11.030000
10
-36.670000
20
-11.030000
10
-36.670000
20
-10.580000
0
LWPOLYLINE
5
1392
100
AcDbEntity
8
0
100
AcDbPolyline
90
16
70
0
43
0.000000
10
-31.720000
20
-10.580000
42
0.412504
10
-31.820000
20
-10.480000
10
-31.820000
20
-10.480000
10
-33.570000
20
-10.480000
10
-33.570000
20
-10.480000
42
0.405473
10
-33.670000
20
-10.580000
10
-33.670000
20
-10.580000
10
-33.670000
20
-11.030000
10
-33.670000
20
-11.030000
42
0.415799
10
-33.570000
20
-11.130000
10
-33.570000
20
-11.130000
10
-31.820000
20
-11.130000
10
-31.820000
20
-11.130000
42
0.423276
10
-31.720000
20
-11.030000
10
-31.720000
20
-11.030000
10
-31.720000
20
-10.580000
0
LWPOLYLINE
5
1393
100
AcDbEntity
8
0
100
AcDbPolyline
90
16
70
0
43
0.000000
10
-30.070000
20
-11.510000
42
0.420378
10
-30.310000
20
-11.270000
10
-30.310000
20
-11.270000
10
-30.780000
20
-11.270000
10
-30.780000
20
-11.270000
42
0.415434
10
-31.020000
20
-11.510000
10
-31.020000
20
-11.510000
10
-31.020000
20
-12.110000
10
-31.020000
20
-12.110000
42
0.412997
10
-30.780000
20
-12.350000
10
-30.780000
20
-12.350000
10
-30.310000
20
-12.350000
10
-30.310000
20
-12.350000
42
0.417871
10
-30.070000
20
-12.110000
10
-30.070000
20
-12.110000
10
-30.070000
20
-11.510000
0
LWPOLYLINE
5
1394
100
AcDbEntity
8
0
100
AcDbPolyline
90
16
70
0
43
0.000000
10
-41.370000
20
-11.700000
42
0.420374
10
-41.610000
20
-11.460000
10
-41.610000
20
-11.460000
10
-42.080000
20
-11.460000
10
-42.080000
20
-11.460000
42
0.415429
10
-42.320000
20
-11.700000
10
-42.320000
20
-11.700000
10
-42.320000
20
-12.200000
10
-42.320000
20
-12.200000
42
0.413001
10
-42.080000
20
-12.440000
10
-42.080000
20
-12.440000
10
-41.610000
20
-12.440000
10
-41.610000
20
-12.440000
42
0.417875
10
-41.370000
20
-12.200000
10
-41.370000
20
-12.200000
10
-41.370000
20
-11.700000
0
LWPOLYLINE
5
1395
100
AcDbEntity
8
0
100
AcDbPolyline
90
16
70
0
43
0.000000
10
-39.340000
20
-11.940000
42
0.413590
10
-39.590000
20
-11.690000
10
-39.590000
20
-11.690000
10
-40.490000
20
-11.690000
10
-40.490000
20
-11.690000
42
0.420741
10
-40.740000
20
-11.940000
10
-40.740000
20
-11.940000
10
-40.740000
20
-12.590000
10
-40.740000
20
-12.590000
42
0.415957
10
-40.490000
20
-12.840000
10
-40.490000
20
-12.840000
10
-39.590000
20
-12.840000
10
-39.590000
20
-12.840000
42
0.408998
10
-39.340000
20
-12.590000
10
-39.340000
20
-12.590000
10
-39.340000
20
-11.940000
0
LWPOLYLINE
5
1396
100
AcDbEntity
8
0
100
AcDbPolyline
90
16
70
0
43
0.000000
10
-31.720000
20
-11.850000
42
0.412515
10
-31.820000
20
-11.750000
10
-31.820000
20
-11.750000
10
-33.570000
20
-11.750000
10
-33.570000
20
-11.750000
42
0.405483
10
-33.670000
20
-11.850000
10
-33.670000
20
-11.850000
10
-33.670000
20
-12.300000
10
-33.670000
20
-12.300000
42
0.415789
10
-33.570000
20
-12.400000
10
-33.570000
20
-12.400000
10
-31.820000
20
-12.400000
10
-31.820000
20
-12.400000
42
0.423265
10
-31.720000
20
-12.300000
10
-31.720000
20
-12.300000
10
-31.720000
20
-11.850000
0
LWPOLYLINE
5
1397
100
AcDbEntity
8
0
100
AcDbPolyline
90
16
70
0
43
0.000000
10
-36.670000
20
-11.850000
42
0.412508
10
-36.770000
20
-11.750000
10
-36.770000
20
-11.750000
10
-38.520000
20
-11.750000
10
-38.520000
20
-11.750000
42
0.405490
10
-38.620000
20
-11.850000
10
-38.620000
20
-11.850000
10
-38.620000
20
-12.300000
10
-38.620000
20
-12.300000
42
0.415796
10
-38.520000
20
-12.400000
10
-38.520000
20
-12.400000
10
-36.770000
20
-12.400000
10
-36.770000
20
-12.400000
42
0.423257
10
-36.670000
20
-12.300000
10
-36.670000
20
-12.300000
10
-36.670000
20
-11.850000
0
LWPOLYLINE
5
1398
100
AcDbEntity
8
0
100
AcDbPolyline
90
16
70
0
43
0.000000
10
14.480000
20
-14.010000
42
0.419535
10
14.230000
20
-13.760000
10
14.230000
20
-13.760000
10
12.830000
20
-13.760000
10
12.830000
20
-13.760000
42
0.417133
10
12.580000
20
-14.010000
10
12.580000
20
-14.010000
10
12.580000
20
-17.660000
10
12.580000
20
-17.660000
42
0.410145
10
12.830000
20
-17.910000
10
12.830000
20
-17.910000
10
14.230000
20
-17.910000
10
14.230000
20
-17.910000
42
0.412451
10
14.480000
20
-17.660000
10
14.480000
20
-17.660000
10
14.480000
20
-14.010000
0
LWPOLYLINE
5
1399
100
AcDbEntity
8
0
100
AcDbPolyline
90
16
70
0
43
0.000000
10
-8.920000
20
-14.210000
42
0.419532
10
-9.170000
20
-13.960000
10
-9.170000
20
-13.960000
10
-10.570000
20
-13.960000
10
-10.570000
20
-13.960000
42
0.417130
10
-10.820000
20
-14.210000
10
-10.820000
20
-14.210000
10
-10.820000
20
-17.860000
10
-10.820000
20
-17.860000
42
0.410148
10
-10.570000
20
-18.110000
10
-10.570000
20
-18.110000
10
-9.170000
20
-18.110000
10
-9.170000
20
-18.110000
42
0.412454
10
-8.920000
20
-17.860000
10
-8.920000
20
-17.860000
10
-8.920000
20
-14.210000
0
LWPOLYLINE
5
1400
100
AcDbEntity
8
0
100
AcDbPolyline
90
16
70
0
43
0.000000
10
-32.120000
20
-14.210000
42
0.419532
10
-32.370000
20
-13.960000
10
-32.370000
20
-13.960000
10
-33.770000
20
-13.960000
10
-33.770000
20
-13.960000
42
0.417133
10
-34.020000
20
-14.210000
10
-34.020000
20
-14.210000
10
-34.020000
20
-17.860000
10
-34.020000
20
-17.860000
42
0.410151
10
-33.770000
20
-18.110000
10
-33.770000
20
-18.110000
10
-32.370000
20
-18.110000
10
-32.370000
20
-18.110000
42
0.412454
10
-32.120000
20
-17.860000
10
-32.120000
20
-17.860000
10
-32.120000
20
-14.210000
0
LWPOLYLINE
5
1401
100
AcDbEntity
8
0
100
AcDbPolyline
90
16
70
0
43
0.000000
10
-26.360000
20
-15.920000
42
0.404613
10
-26.510000
20
-15.770000
10
-26.510000
20
-15.770000
10
-26.820000
20
-15.770000
10
-26.820000
20
-15.770000
42
0.420174
10
-26.980000
20
-15.920000
10
-26.980000
20
-15.920000
10
-26.980000
20
-16.350000
10
-26.980000
20
-16.350000
42
0.416268
10
-26.820000
20
-16.500000
10
-26.820000
20
-16.500000
10
-26.510000
20
-16.500000
10
-26.510000
20
-16.500000
42
0.400924
10
-26.360000
20
-16.350000
10
-26.360000
20
-16.350000
10
-26.360000
20
-15.920000
0
LWPOLYLINE
5
1402
100
AcDbEntity
8
0
100
AcDbPolyline
90
16
70
0
43
0.000000
10
-27.360000
20
-15.920000
42
0.404618
10
-27.510000
20
-15.770000
10
-27.510000
20
-15.770000
10
-27.820000
20
-15.770000
10
-27.820000
20
-15.770000
42
0.420169
10
-27.980000
20
-15.920000
10
-27.980000
20
-15.920000
10
-27.980000
20
-16.350000
10
-27.980000
20
-16.350000
42
0.416263
10
-27.820000
20
-16.500000
10
-27.820000
20
-16.500000
10
-27.510000
20
-16.500000
10
-27.510000
20
-16.500000
42
0.400928
10
-27.360000
20
-16.350000
10
-27.360000
20
-16.350000
10
-27.360000
20
-15.920000
0
LWPOLYLINE
5
1403
100
AcDbEntity
8
0
100
AcDbPolyline
90
16
70
0
43
0.000000
10
-26.360000
20
-17.060000
42
0.414323
10
-26.510000
20
-16.900000
10
-26.510000
20
-16.900000
10
-26.820000
20
-16.900000
10
-26.820000
20
-16.900000
42
0.429308
10
-26.980000
20
-17.060000
10
-26.980000
20
-17.060000
10
-26.980000
20
-17.480000
10
-26.980000
20
-17.480000
42
0.425438
10
-26.820000
20
-17.640000
10
-26.820000
20
-17.640000
10
-26.510000
20
-17.640000
10
-26.510000
20
-17.640000
42
0.410661
10
-26.360000
20
-17.480000
10
-26.360000
20
-17.480000
10
-26.360000
20
-17.060000
0
LWPOLYLINE
5
1404
100
AcDbEntity
8
0
100
AcDbPolyline
90
16
70
0
43
0.000000
10
-27.360000
20
-17.060000
42
0.414328
10
-27.510000
20
-16.900000
10
-27.510000
20
-16.900000
10
-27.820000
20
-16.900000
10
-27.820000
20
-16.900000
42
0.429303
10
-27.980000
20
-17.060000
10
-27.980000
20
-17.060000
10
-27.980000
20
-17.480000
10
-27.980000
20
-17.480000
42
0.425433
10
-27.820000
20
-17.640000
10
-27.820000
20
-17.640000
10
-27.510000
20
-17.640000
10
-27.510000
20
-17.640000
42
0.410666
10
-27.360000
20
-17.480000
10
-27.360000
20
-17.480000
10
-27.360000
20
-17.060000
0
LWPOLYLINE
5
1405
100
AcDbEntity
8
0
100
AcDbPolyline
90
16
70
0
43
0.000000
10
-4.030000
20
-15.920000
42
0.418276
10
-4.190000
20
-15.770000
10
-4.190000
20
-15.770000
10
-4.500000
20
-15.770000
10
-4.500000
20
-15.770000
42
0.406511
10
-4.650000
20
-15.920000
10
-4.650000
20
-15.920000
10
-4.650000
20
-16.350000
10
-4.650000
20
-16.350000
42
0.402779
10
-4.500000
20
-16.500000
10
-4.500000
20
-16.500000
10
-4.190000
20
-16.500000
10
-4.190000
20
-16.500000
42
0.414412
10
-4.030000
20
-16.350000
10
-4.030000
20
-16.350000
10
-4.030000
20
-15.920000
0
LWPOLYLINE
5
1406
100
AcDbEntity
8
0
100
AcDbPolyline
90
16
70
0
43
0.000000
10
-3.060000
20
-15.920000
42
0.416334
10
-3.220000
20
-15.770000
10
-3.220000
20
-15.770000
10
-3.530000
20
-15.770000
10
-3.530000
20
-15.770000
42
0.404639
10
-3.680000
20
-15.920000
10
-3.680000
20
-15.920000
10
-3.680000
20
-16.350000
10
-3.680000
20
-16.350000
42
0.404649
10
-3.530000
20
-16.500000
10
-3.530000
20
-16.500000
10
-3.220000
20
-16.500000
10
-3.220000
20
-16.500000
42
0.416343
10
-3.060000
20
-16.350000
10
-3.060000
20
-16.350000
10
-3.060000
20
-15.920000
0
LWPOLYLINE
5
1407
100
AcDbEntity
8
0
100
AcDbPolyline
90
16
70
0
43
0.000000
10
-4.030000
20
-17.060000
42
0.427368
10
-4.190000
20
-16.900000
10
-4.190000
20
-16.900000
10
-4.500000
20
-16.900000
10
-4.500000
20
-16.900000
42
0.416264
10
-4.650000
20
-17.060000
10
-4.650000
20
-17.060000
10
-4.650000
20
-17.480000
10
-4.650000
20
-17.480000
42
0.412561
10
-4.500000
20
-17.640000
10
-4.500000
20
-17.640000
10
-4.190000
20
-17.640000
10
-4.190000
20
-17.640000
42
0.423540
10
-4.030000
20
-17.480000
10
-4.030000
20
-17.480000
10
-4.030000
20
-17.060000
0
LWPOLYLINE
5
1408
100
AcDbEntity
8
0
100
AcDbPolyline
90
16
70
0
43
0.000000
10
-3.060000
20
-17.060000
42
0.425449
10
-3.220000
20
-16.900000
10
-3.220000
20
-16.900000
10
-3.530000
20
-16.900000
10
-3.530000
20
-16.900000
42
0.414412
10
-3.680000
20
-17.060000
10
-3.680000
20
-17.060000
10
-3.680000
20
-17.480000
10
-3.680000
20
-17.480000
42
0.414410
10
-3.530000
20
-17.640000
10
-3.530000
20
-17.640000
10
-3.220000
20
-17.640000
10
-3.220000
20
-17.640000
42
0.425446
10
-3.060000
20
-17.480000
10
-3.060000
20
-17.480000
10
-3.060000
20
-17.060000
0
LWPOLYLINE
5
1409
100
AcDbEntity
8
0
100
AcDbPolyline
90
16
70
0
43
0.000000
10
38.080000
20
-14.210000
42
0.419532
10
37.830000
20
-13.960000
10
37.830000
20
-13.960000
10
36.430000
20
-13.960000
10
36.430000
20
-13.960000
42
0.417133
10
36.180000
20
-14.210000
10
36.180000
20
-14.210000
10
36.180000
20
-17.860000
10
36.180000
20
-17.860000
42
0.410151
10
36.430000
20
-18.110000
10
36.430000
20
-18.110000
10
37.830000
20
-18.110000
10
37.830000
20
-18.110000
42
0.412454
10
38.080000
20
-17.860000
10
38.080000
20
-17.860000
10
38.080000
20
-14.210000
0
LWPOLYLINE
5
1410
100
AcDbEntity
8
0
100
AcDbPolyline
90
16
70
0
43
0.000000
10
20.440000
20
-15.890000
42
0.404616
10
20.290000
20
-15.740000
10
20.290000
20
-15.740000
10
19.980000
20
-15.740000
10
19.980000
20
-15.740000
42
0.420176
10
19.820000
20
-15.890000
10
19.820000
20
-15.890000
10
19.820000
20
-16.320000
10
19.820000
20
-16.320000
42
0.416265
10
19.980000
20
-16.470000
10
19.980000
20
-16.470000
10
20.290000
20
-16.470000
10
20.290000
20
-16.470000
42
0.400921
10
20.440000
20
-16.320000
10
20.440000
20
-16.320000
10
20.440000
20
-15.890000
0
LWPOLYLINE
5
1411
100
AcDbEntity
8
0
100
AcDbPolyline
90
16
70
0
43
0.000000
10
19.460000
20
-15.890000
42
0.412266
10
19.310000
20
-15.740000
10
19.310000
20
-15.740000
10
19.000000
20
-15.740000
10
19.000000
20
-15.740000
42
0.412627
10
18.840000
20
-15.890000
10
18.840000
20
-15.890000
10
18.840000
20
-16.320000
10
18.840000
20
-16.320000
42
0.408882
10
19.000000
20
-16.470000
10
19.000000
20
-16.470000
10
19.310000
20
-16.470000
10
19.310000
20
-16.470000
42
0.408401
10
19.460000
20
-16.320000
10
19.460000
20
-16.320000
10
19.460000
20
-15.890000
0
LWPOLYLINE
5
1412
100
AcDbEntity
8
0
100
AcDbPolyline
90
16
70
0
43
0.000000
10
20.440000
20
-17.030000
42
0.414330
10
20.290000
20
-16.870000
10
20.290000
20
-16.870000
10
19.980000
20
-16.870000
10
19.980000
20
-16.870000
42
0.429315
10
19.820000
20
-17.030000
10
19.820000
20
-17.030000
10
19.820000
20
-17.450000
10
19.820000
20
-17.450000
42
0.425433
10
19.980000
20
-17.610000
10
19.980000
20
-17.610000
10
20.290000
20
-17.610000
10
20.290000
20
-17.610000
42
0.410657
10
20.440000
20
-17.450000
10
20.440000
20
-17.450000
10
20.440000
20
-17.030000
0
LWPOLYLINE
5
1413
100
AcDbEntity
8
0
100
AcDbPolyline
90
16
70
0
43
0.000000
10
19.460000
20
-17.030000
42
0.422160
10
19.310000
20
-16.870000
10
19.310000
20
-16.870000
10
19.000000
20
-16.870000
10
19.000000
20
-16.870000
42
0.421603
10
18.840000
20
-17.030000
10
18.840000
20
-17.030000
10
18.840000
20
-17.450000
10
18.840000
20
-17.450000
42
0.417885
10
19.000000
20
-17.610000
10
19.000000
20
-17.610000
10
19.310000
20
-17.610000
10
19.310000
20
-17.610000
42
0.418318
10
19.460000
20
-17.450000
10
19.460000
20
-17.450000
10
19.460000
20
-17.030000
0
LWPOLYLINE
5
1414
100
AcDbEntity
8
0
100
AcDbPolyline
90
16
70
0
43
0.000000
10
43.840000
20
-15.920000
42
0.404595
10
43.690000
20
-15.770000
10
43.690000
20
-15.770000
10
43.380000
20
-15.770000
10
43.380000
20
-15.770000
42
0.420193
10
43.220000
20
-15.920000
10
43.220000
20
-15.920000
10
43.220000
20
-16.350000
10
43.220000
20
-16.350000
42
0.416286
10
43.380000
20
-16.500000
10
43.380000
20
-16.500000
10
43.690000
20
-16.500000
10
43.690000
20
-16.500000
42
0.400906
10
43.840000
20
-16.350000
10
43.840000
20
-16.350000
10
43.840000
20
-15.920000
0
LWPOLYLINE
5
1415
100
AcDbEntity
8
0
100
AcDbPolyline
90
16
70
0
43
0.000000
10
42.840000
20
-15.920000
42
0.404595
10
42.690000
20
-15.770000
10
42.690000
20
-15.770000
10
42.380000
20
-15.770000
10
42.380000
20
-15.770000
42
0.420193
10
42.220000
20
-15.920000
10
42.220000
20
-15.920000
10
42.220000
20
-16.350000
10
42.220000
20
-16.350000
42
0.416286
10
42.380000
20
-16.500000
10
42.380000
20
-16.500000
10
42.690000
20
-16.500000
10
42.690000
20
-16.500000
42
0.400906
10
42.840000
20
-16.350000
10
42.840000
20
-16.350000
10
42.840000
20
-15.920000
0
LWPOLYLINE
5
1416
100
AcDbEntity
8
0
100
AcDbPolyline
90
16
70
0
43
0.000000
10
43.840000
20
-17.060000
42
0.414304
10
43.690000
20
-16.900000
10
43.690000
20
-16.900000
10
43.380000
20
-16.900000
10
43.380000
20
-16.900000
42
0.429327
10
43.220000
20
-17.060000
10
43.220000
20
-17.060000
10
43.220000
20
-17.480000
10
43.220000
20
-17.480000
42
0.425457
10
43.380000
20
-17.640000
10
43.380000
20
-17.640000
10
43.690000
20
-17.640000
10
43.690000
20
-17.640000
42
0.410642
10
43.840000
20
-17.480000
10
43.840000
20
-17.480000
10
43.840000
20
-17.060000
0
LWPOLYLINE
5
1417
100
AcDbEntity
8
0
100
AcDbPolyline
90
16
70
0
43
0.000000
10
42.840000
20
-17.060000
42
0.414304
10
42.690000
20
-16.900000
10
42.690000
20
-16.900000
10
42.380000
20
-16.900000
10
42.380000
20
-16.900000
42
0.429327
10
42.220000
20
-17.060000
10
42.220000
20
-17.060000
10
42.220000
20
-17.480000
10
42.220000
20
-17.480000
42
0.425457
10
42.380000
20
-17.640000
10
42.380000
20
-17.640000
10
42.690000
20
-17.640000
10
42.690000
20
-17.640000
42
0.410642
10
42.840000
20
-17.480000
10
42.840000
20
-17.480000
10
42.840000
20
-17.060000
0
LWPOLYLINE
5
1418
100
AcDbEntity
8
0
100
AcDbPolyline
90
16
70
0
43
0.000000
10
14.480000
20
-20.960000
42
0.419538
10
14.230000
20
-20.710000
10
14.230000
20
-20.710000
10
12.830000
20
-20.710000
10
12.830000
20
-20.710000
42
0.417136
10
12.580000
20
-20.960000
10
12.580000
20
-20.960000
10
12.580000
20
-24.610000
10
12.580000
20
-24.610000
42
0.410144
10
12.830000
20
-24.860000
10
12.830000
20
-24.860000
10
14.230000
20
-24.860000
10
14.230000
20
-24.860000
42
0.412449
10
14.480000
20
-24.610000
10
14.480000
20
-24.610000
10
14.480000
20
-20.960000
0
LWPOLYLINE
5
1419
100
AcDbEntity
8
0
100
AcDbPolyline
90
16
70
0
43
0.000000
10
-22.760000
20
-20.840000
42
0.450607
10
-22.820000
20
-20.790000
10
-22.820000
20
-20.790000
10
-22.960000
20
-20.790000
10
-22.960000
20
-20.790000
42
0.391747
10
-23.000000
20
-20.840000
10
-23.000000
20
-20.840000
10
-23.000000
20
-21.600000
10
-23.000000
20
-21.600000
42
0.391747
10
-22.960000
20
-21.650000
10
-22.960000
20
-21.650000
10
-22.820000
20
-21.650000
10
-22.820000
20
-21.650000
42
0.450607
10
-22.760000
20
-21.600000
10
-22.760000
20
-21.600000
10
-22.760000
20
-20.840000
0
LWPOLYLINE
5
1420
100
AcDbEntity
8
0
100
AcDbPolyline
90
16
70
0
43
0.000000
10
-23.270000
20
-20.840000
42
0.402345
10
-23.320000
20
-20.790000
10
-23.320000
20
-20.790000
10
-23.460000
20
-20.790000
10
-23.460000
20
-20.790000
42
0.438688
10
-23.510000
20
-20.840000
10
-23.510000
20
-20.840000
10
-23.510000
20
-21.600000
10
-23.510000
20
-21.600000
42
0.438688
10
-23.460000
20
-21.650000
10
-23.460000
20
-21.650000
10
-23.320000
20
-21.650000
10
-23.320000
20
-21.650000
42
0.402345
10
-23.270000
20
-21.600000
10
-23.270000
20
-21.600000
10
-23.270000
20
-20.840000
0
LWPOLYLINE
5
1421
100
AcDbEntity
8
0
100
AcDbPolyline
90
16
70
0
43
0.000000
10
-23.780000
20
-20.840000
42
0.414096
10
-23.830000
20
-20.790000
10
-23.830000
20
-20.790000
10
-23.970000
20
-20.790000
10
-23.970000
20
-20.790000
42
0.426230
10
-24.020000
20
-20.840000
10
-24.020000
20
-20.840000
10
-24.020000
20
-21.600000
10
-24.020000
20
-21.600000
42
0.426230
10
-23.970000
20
-21.650000
10
-23.970000
20
-21.650000
10
-23.830000
20
-21.650000
10
-23.830000
20
-21.650000
42
0.414096
10
-23.780000
20
-21.600000
10
-23.780000
20
-21.600000
10
-23.780000
20
-20.840000
0
LWPOLYLINE
5
1422
100
AcDbEntity
8
0
100
AcDbPolyline
90
16
70
0
43
0.000000
10
-24.290000
20
-20.840000
42
0.426230
10
-24.340000
20
-20.790000
10
-24.340000
20
-20.790000
10
-24.480000
20
-20.790000
10
-24.480000
20
-20.790000
42
0.414096
10
-24.530000
20
-20.840000
10
-24.530000
20
-20.840000
10
-24.530000
20
-21.600000
10
-24.530000
20
-21.600000
42
0.414096
10
-24.480000
20
-21.650000
10
-24.480000
20
-21.650000
10
-24.340000
20
-21.650000
10
-24.340000
20
-21.650000
42
0.426230
10
-24.290000
20
-21.600000
10
-24.290000
20
-21.600000
10
-24.290000
20
-20.840000
0
LWPOLYLINE
5
1423
100
AcDbEntity
8
0
100
AcDbPolyline
90
16
70
0
43
0.000000
10
-24.800000
20
-20.840000
42
0.438688
10
-24.850000
20
-20.790000
10
-24.850000
20
-20.790000
10
-24.990000
20
-20.790000
10
-24.990000
20
-20.790000
42
0.402331
10
-25.040000
20
-20.840000
10
-25.040000
20
-20.840000
10
-25.040000
20
-21.600000
10
-25.040000
20
-21.600000
42
0.402331
10
-24.990000
20
-21.650000
10
-24.990000
20
-21.650000
10
-24.850000
20
-21.650000
10
-24.850000
20
-21.650000
42
0.438688
10
-24.800000
20
-21.600000
10
-24.800000
20
-21.600000
10
-24.800000
20
-20.840000
0
LWPOLYLINE
5
1424
100
AcDbEntity
8
0
100
AcDbPolyline
90
16
70
0
43
0.000000
10
-25.300000
20
-20.840000
42
0.450607
10
-25.360000
20
-20.790000
10
-25.360000
20
-20.790000
10
-25.500000
20
-20.790000
10
-25.500000
20
-20.790000
42
0.391747
10
-25.540000
20
-20.840000
10
-25.540000
20
-20.840000
10
-25.540000
20
-21.600000
10
-25.540000
20
-21.600000
42
0.391747
10
-25.500000
20
-21.650000
10
-25.500000
20
-21.650000
10
-25.360000
20
-21.650000
10
-25.360000
20
-21.650000
42
0.450607
10
-25.300000
20
-21.600000
10
-25.300000
20
-21.600000
10
-25.300000
20
-20.840000
0
LWPOLYLINE
5
1425
100
AcDbEntity
8
0
100
AcDbPolyline
90
16
70
0
43
0.000000
10
-25.810000
20
-20.840000
42
0.402345
10
-25.860000
20
-20.790000
10
-25.860000
20
-20.790000
10
-26.000000
20
-20.790000
10
-26.000000
20
-20.790000
42
0.438688
10
-26.050000
20
-20.840000
10
-26.050000
20
-20.840000
10
-26.050000
20
-21.600000
10
-26.050000
20
-21.600000
42
0.438688
10
-26.000000
20
-21.650000
10
-26.000000
20
-21.650000
10
-25.860000
20
-21.650000
10
-25.860000
20
-21.650000
42
0.402345
10
-25.810000
20
-21.600000
10
-25.810000
20
-21.600000
10
-25.810000
20
-20.840000
0
LWPOLYLINE
5
1426
100
AcDbEntity
8
0
100
AcDbPolyline
90
16
70
0
43
0.000000
10
-32.120000
20
-21.160000
42
0.419532
10
-32.370000
20
-20.910000
10
-32.370000
20
-20.910000
10
-33.770000
20
-20.910000
10
-33.770000
20
-20.910000
42
0.417133
10
-34.020000
20
-21.160000
10
-34.020000
20
-21.160000
10
-34.020000
20
-24.810000
10
-34.020000
20
-24.810000
42
0.410149
10
-33.770000
20
-25.060000
10
-33.770000
20
-25.060000
10
-32.370000
20
-25.060000
10
-32.370000
20
-25.060000
42
0.412452
10
-32.120000
20
-24.810000
10
-32.120000
20
-24.810000
10
-32.120000
20
-21.160000
0
LWPOLYLINE
5
1427
100
AcDbEntity
8
0
100
AcDbPolyline
90
16
70
0
43
0.000000
10
0.540000
20
-20.910000
42
0.402867
10
0.490000
20
-20.870000
10
0.490000
20
-20.870000
10
0.350000
20
-20.870000
10
0.350000
20
-20.870000
42
0.370180
10
0.300000
20
-20.910000
10
0.300000
20
-20.910000
10
0.300000
20
-21.680000
10
0.300000
20
-21.680000
42
0.381487
10
0.350000
20
-21.730000
10
0.350000
20
-21.730000
10
0.490000
20
-21.730000
10
0.490000
20
-21.730000
42
0.413189
10
0.540000
20
-21.680000
10
0.540000
20
-21.680000
10
0.540000
20
-20.910000
0
LWPOLYLINE
5
1428
100
AcDbEntity
8
0
100
AcDbPolyline
90
16
70
0
43
0.000000
10
0.040000
20
-20.910000
42
0.359780
10
-0.010000
20
-20.870000
10
-0.010000
20
-20.870000
10
-0.160000
20
-20.870000
10
-0.160000
20
-20.870000
42
0.359769
10
-0.210000
20
-20.910000
10
-0.210000
20
-20.910000
10
-0.210000
20
-21.680000
10
-0.210000
20
-21.680000
42
0.371454
10
-0.160000
20
-21.730000
10
-0.160000
20
-21.730000
10
-0.010000
20
-21.730000
10
-0.010000
20
-21.730000
42
0.371466
10
0.040000
20
-21.680000
10
0.040000
20
-21.680000
10
0.040000
20
-20.910000
0
LWPOLYLINE
5
1429
100
AcDbEntity
8
0
100
AcDbPolyline
90
16
70
0
43
0.000000
10
-0.470000
20
-20.910000
42
0.370172
10
-0.520000
20
-20.870000
10
-0.520000
20
-20.870000
10
-0.660000
20
-20.870000
10
-0.660000
20
-20.870000
42
0.402875
10
-0.710000
20
-20.910000
10
-0.710000
20
-20.910000
10
-0.710000
20
-21.680000
10
-0.710000
20
-21.680000
42
0.413197
10
-0.660000
20
-21.730000
10
-0.660000
20
-21.730000
10
-0.520000
20
-21.730000
10
-0.520000
20
-21.730000
42
0.381479
10
-0.470000
20
-21.680000
10
-0.470000
20
-21.680000
10
-0.470000
20
-20.910000
0
LWPOLYLINE
5
1430
100
AcDbEntity
8
0
100
AcDbPolyline
90
16
70
0
43
0.000000
10
-0.980000
20
-20.910000
42
0.380836
10
-1.030000
20
-20.870000
10
-1.030000
20
-20.870000
10
-1.170000
20
-20.870000
10
-1.170000
20
-20.870000
42
0.391748
10
-1.220000
20
-20.910000
10
-1.220000
20
-20.910000
10
-1.220000
20
-21.680000
10
-1.220000
20
-21.680000
42
0.402360
10
-1.170000
20
-21.730000
10
-1.170000
20
-21.730000
10
-1.030000
20
-21.730000
10
-1.030000
20
-21.730000
42
0.391781
10
-0.980000
20
-21.680000
10
-0.980000
20
-21.680000
10
-0.980000
20
-20.910000
0
LWPOLYLINE
5
1431
100
AcDbEntity
8
0
100
AcDbPolyline
90
16
70
0
43
0.000000
10
-1.490000
20
-20.910000
42
0.391740
10
-1.540000
20
-20.870000
10
-1.540000
20
-20.870000
10
-1.680000
20
-20.870000
10
-1.680000
20
-20.870000
42
0.380843
10
-1.730000
20
-20.910000
10
-1.730000
20
-20.910000
10
-1.730000
20
-21.680000
10
-1.730000
20
-21.680000
42
0.391789
10
-1.680000
20
-21.730000
10
-1.680000
20
-21.730000
10
-1.540000
20
-21.730000
10
-1.540000
20
-21.730000
42
0.402353
10
-1.490000
20
-21.680000
10
-1.490000
20
-21.680000
10
-1.490000
20
-20.910000
0
LWPOLYLINE
5
1432
100
AcDbEntity
8
0
100
AcDbPolyline
90
16
70
0
43
0.000000
10
-2.000000
20
-20.910000
42
0.402869
10
-2.050000
20
-20.870000
10
-2.050000
20
-20.870000
10
-2.190000
20
-20.870000
10
-2.190000
20
-20.870000
42
0.370177
10
-2.240000
20
-20.910000
10
-2.240000
20
-20.910000
10
-2.240000
20
-21.680000
10
-2.240000
20
-21.680000
42
0.381484
10
-2.190000
20
-21.730000
10
-2.190000
20
-21.730000
10
-2.050000
20
-21.730000
10
-2.050000
20
-21.730000
42
0.413190
10
-2.000000
20
-21.680000
10
-2.000000
20
-21.680000
10
-2.000000
20
-20.910000
0
LWPOLYLINE
5
1433
100
AcDbEntity
8
0
100
AcDbPolyline
90
16
70
0
43
0.000000
10
-2.500000
20
-20.910000
42
0.359783
10
-2.550000
20
-20.870000
10
-2.550000
20
-20.870000
10
-2.700000
20
-20.870000
10
-2.700000
20
-20.870000
42
0.350761
10
-2.740000
20
-20.910000
10
-2.740000
20
-20.910000
10
-2.740000
20
-21.680000
10
-2.740000
20
-21.680000
42
0.370211
10
-2.700000
20
-21.730000
10
-2.700000
20
-21.730000
10
-2.550000
20
-21.730000
10
-2.550000
20
-21.730000
42
0.371468
10
-2.500000
20
-21.680000
10
-2.500000
20
-21.680000
10
-2.500000
20
-20.910000
0
LWPOLYLINE
5
1434
100
AcDbEntity
8
0
100
AcDbPolyline
90
16
70
0
43
0.000000
10
-8.920000
20
-21.160000
42
0.419532
10
-9.170000
20
-20.910000
10
-9.170000
20
-20.910000
10
-10.570000
20
-20.910000
10
-10.570000
20
-20.910000
42
0.417130
10
-10.820000
20
-21.160000
10
-10.820000
20
-21.160000
10
-10.820000
20
-24.810000
10
-10.820000
20
-24.810000
42
0.410147
10
-10.570000
20
-25.060000
10
-10.570000
20
-25.060000
10
-9.170000
20
-25.060000
10
-9.170000
20
-25.060000
42
0.412452
10
-8.920000
20
-24.810000
10
-8.920000
20
-24.810000
10
-8.920000
20
-21.160000
0
LWPOLYLINE
5
1435
100
AcDbEntity
8
0
100
AcDbPolyline
90
16
70
0
43
0.000000
10
-22.760000
20
-22.460000
42
0.425929
10
-22.820000
20
-22.410000
10
-22.820000
20
-22.410000
10
-22.960000
20
-22.410000
10
-22.960000
20
-22.410000
42
0.370166
10
-23.000000
20
-22.460000
10
-23.000000
20
-22.460000
10
-23.000000
20
-23.230000
10
-23.000000
20
-23.230000
42
0.350794
10
-22.960000
20
-23.270000
10
-22.960000
20
-23.270000
10
-22.820000
20
-23.270000
10
-22.820000
20
-23.270000
42
0.422957
10
-22.760000
20
-23.230000
10
-22.760000
20
-23.230000
10
-22.760000
20
-22.460000
0
LWPOLYLINE
5
1436
100
AcDbEntity
8
0
100
AcDbPolyline
90
16
70
0
43
0.000000
10
-23.270000
20
-22.460000
42
0.381461
10
-23.320000
20
-22.410000
10
-23.320000
20
-22.410000
10
-23.460000
20
-22.410000
10
-23.460000
20
-22.410000
42
0.413131
10
-23.510000
20
-22.460000
10
-23.510000
20
-22.460000
10
-23.510000
20
-23.230000
10
-23.510000
20
-23.230000
42
0.402903
10
-23.460000
20
-23.270000
10
-23.460000
20
-23.270000
10
-23.320000
20
-23.270000
10
-23.320000
20
-23.270000
42
0.370231
10
-23.270000
20
-23.230000
10
-23.270000
20
-23.230000
10
-23.270000
20
-22.460000
0
LWPOLYLINE
5
1437
100
AcDbEntity
8
0
100
AcDbPolyline
90
16
70
0
43
0.000000
10
-23.780000
20
-22.460000
42
0.391742
10
-23.830000
20
-22.410000
10
-23.830000
20
-22.410000
10
-23.970000
20
-22.410000
10
-23.970000
20
-22.410000
42
0.402317
10
-24.020000
20
-22.460000
10
-24.020000
20
-22.460000
10
-24.020000
20
-23.230000
10
-24.020000
20
-23.230000
42
0.391793
10
-23.970000
20
-23.270000
10
-23.970000
20
-23.270000
10
-23.830000
20
-23.270000
10
-23.830000
20
-23.270000
42
0.380879
10
-23.780000
20
-23.230000
10
-23.780000
20
-23.230000
10
-23.780000
20
-22.460000
0
LWPOLYLINE
5
1438
100
AcDbEntity
8
0
100
AcDbPolyline
90
16
70
0
43
0.000000
10
-24.290000
20
-22.460000
42
0.402317
10
-24.340000
20
-22.410000
10
-24.340000
20
-22.410000
10
-24.480000
20
-22.410000
10
-24.480000
20
-22.410000
42
0.391742
10
-24.530000
20
-22.460000
10
-24.530000
20
-22.460000
10
-24.530000
20
-23.230000
10
-24.530000
20
-23.230000
42
0.380879
10
-24.480000
20
-23.270000
10
-24.480000
20
-23.270000
10
-24.340000
20
-23.270000
10
-24.340000
20
-23.270000
42
0.391793
10
-24.290000
20
-23.230000
10
-24.290000
20
-23.230000
10
-24.290000
20
-22.460000
0
LWPOLYLINE
5
1439
100
AcDbEntity
8
0
100
AcDbPolyline
90
16
70
0
43
0.000000
10
-24.800000
20
-22.460000
42
0.413131
10
-24.850000
20
-22.410000
10
-24.850000
20
-22.410000
10
-24.990000
20
-22.410000
10
-24.990000
20
-22.410000
42
0.381449
10
-25.040000
20
-22.460000
10
-25.040000
20
-22.460000
10
-25.040000
20
-23.230000
10
-25.040000
20
-23.230000
42
0.370219
10
-24.990000
20
-23.270000
10
-24.990000
20
-23.270000
10
-24.850000
20
-23.270000
10
-24.850000
20
-23.270000
42
0.402903
10
-24.800000
20
-23.230000
10
-24.800000
20
-23.230000
10
-24.800000
20
-22.460000
0
LWPOLYLINE
5
1440
100
AcDbEntity
8
0
100
AcDbPolyline
90
16
70
0
43
0.000000
10
-25.300000
20
-22.460000
42
0.425929
10
-25.360000
20
-22.410000
10
-25.360000
20
-22.410000
10
-25.500000
20
-22.410000
10
-25.500000
20
-22.410000
42
0.370166
10
-25.540000
20
-22.460000
10
-25.540000
20
-22.460000
10
-25.540000
20
-23.230000
10
-25.540000
20
-23.230000
42
0.350794
10
-25.500000
20
-23.270000
10
-25.500000
20
-23.270000
10
-25.360000
20
-23.270000
10
-25.360000
20
-23.270000
42
0.422957
10
-25.300000
20
-23.230000
10
-25.300000
20
-23.230000
10
-25.300000
20
-22.460000
0
LWPOLYLINE
5
1441
100
AcDbEntity
8
0
100
AcDbPolyline
90
16
70
0
43
0.000000
10
-25.810000
20
-22.460000
42
0.381461
10
-25.860000
20
-22.410000
10
-25.860000
20
-22.410000
10
-26.000000
20
-22.410000
10
-26.000000
20
-22.410000
42
0.413131
10
-26.050000
20
-22.460000
10
-26.050000
20
-22.460000
10
-26.050000
20
-23.230000
10
-26.050000
20
-23.230000
42
0.402903
10
-26.000000
20
-23.270000
10
-26.000000
20
-23.270000
10
-25.860000
20
-23.270000
10
-25.860000
20
-23.270000
42
0.370231
10
-25.810000
20
-23.230000
10
-25.810000
20
-23.230000
10
-25.810000
20
-22.460000
0
LWPOLYLINE
5
1442
100
AcDbEntity
8
0
100
AcDbPolyline
90
16
70
0
43
0.000000
10
0.540000
20
-22.540000
42
0.438703
10
0.490000
20
-22.490000
10
0.490000
20
-22.490000
10
0.350000
20
-22.490000
10
0.350000
20
-22.490000
42
0.402332
10
0.300000
20
-22.540000
10
0.300000
20
-22.540000
10
0.300000
20
-23.300000
10
0.300000
20
-23.300000
42
0.402332
10
0.350000
20
-23.350000
10
0.350000
20
-23.350000
10
0.490000
20
-23.350000
10
0.490000
20
-23.350000
42
0.438703
10
0.540000
20
-23.300000
10
0.540000
20
-23.300000
10
0.540000
20
-22.540000
0
LWPOLYLINE
5
1443
100
AcDbEntity
8
0
100
AcDbPolyline
90
16
70
0
43
0.000000
10
0.040000
20
-22.540000
42
0.390926
10
-0.010000
20
-22.490000
10
-0.010000
20
-22.490000
10
-0.160000
20
-22.490000
10
-0.160000
20
-22.490000
42
0.390913
10
-0.210000
20
-22.540000
10
-0.210000
20
-22.540000
10
-0.210000
20
-23.300000
10
-0.210000
20
-23.300000
42
0.390913
10
-0.160000
20
-23.350000
10
-0.160000
20
-23.350000
10
-0.010000
20
-23.350000
10
-0.010000
20
-23.350000
42
0.390926
10
0.040000
20
-23.300000
10
0.040000
20
-23.300000
10
0.040000
20
-22.540000
0
LWPOLYLINE
5
1444
100
AcDbEntity
8
0
100
AcDbPolyline
90
16
70
0
43
0.000000
10
-0.470000
20
-22.540000
42
0.402324
10
-0.520000
20
-22.490000
10
-0.520000
20
-22.490000
10
-0.660000
20
-22.490000
10
-0.660000
20
-22.490000
42
0.438712
10
-0.710000
20
-22.540000
10
-0.710000
20
-22.540000
10
-0.710000
20
-23.300000
10
-0.710000
20
-23.300000
42
0.438712
10
-0.660000
20
-23.350000
10
-0.660000
20
-23.350000
10
-0.520000
20
-23.350000
10
-0.520000
20
-23.350000
42
0.402324
10
-0.470000
20
-23.300000
10
-0.470000
20
-23.300000
10
-0.470000
20
-22.540000
0
LWPOLYLINE
5
1445
100
AcDbEntity
8
0
100
AcDbPolyline
90
16
70
0
43
0.000000
10
-0.980000
20
-22.540000
42
0.414095
10
-1.030000
20
-22.490000
10
-1.030000
20
-22.490000
10
-1.170000
20
-22.490000
10
-1.170000
20
-22.490000
42
0.426231
10
-1.220000
20
-22.540000
10
-1.220000
20
-22.540000
10
-1.220000
20
-23.300000
10
-1.220000
20
-23.300000
42
0.426231
10
-1.170000
20
-23.350000
10
-1.170000
20
-23.350000
10
-1.030000
20
-23.350000
10
-1.030000
20
-23.350000
42
0.414095
10
-0.980000
20
-23.300000
10
-0.980000
20
-23.300000
10
-0.980000
20
-22.540000
0
LWPOLYLINE
5
1446
100
AcDbEntity
8
0
100
AcDbPolyline
90
16
70
0
43
0.000000
10
-1.490000
20
-22.540000
42
0.426222
10
-1.540000
20
-22.490000
10
-1.540000
20
-22.490000
10
-1.680000
20
-22.490000
10
-1.680000
20
-22.490000
42
0.414103
10
-1.730000
20
-22.540000
10
-1.730000
20
-22.540000
10
-1.730000
20
-23.300000
10
-1.730000
20
-23.300000
42
0.414103
10
-1.680000
20
-23.350000
10
-1.680000
20
-23.350000
10
-1.540000
20
-23.350000
10
-1.540000
20
-23.350000
42
0.426222
10
-1.490000
20
-23.300000
10
-1.490000
20
-23.300000
10
-1.490000
20
-22.540000
0
LWPOLYLINE
5
1447
100
AcDbEntity
8
0
100
AcDbPolyline
90
16
70
0
43
0.000000
10
-2.000000
20
-22.540000
42
0.438705
10
-2.050000
20
-22.490000
10
-2.050000
20
-22.490000
10
-2.190000
20
-22.490000
10
-2.190000
20
-22.490000
42
0.402330
10
-2.240000
20
-22.540000
10
-2.240000
20
-22.540000
10
-2.240000
20
-23.300000
10
-2.240000
20
-23.300000
42
0.402330
10
-2.190000
20
-23.350000
10
-2.190000
20
-23.350000
10
-2.050000
20
-23.350000
10
-2.050000
20
-23.350000
42
0.438705
10
-2.000000
20
-23.300000
10
-2.000000
20
-23.300000
10
-2.000000
20
-22.540000
0
LWPOLYLINE
5
1448
100
AcDbEntity
8
0
100
AcDbPolyline
90
16
70
0
43
0.000000
10
-2.500000
20
-22.540000
42
0.390928
10
-2.550000
20
-22.490000
10
-2.550000
20
-22.490000
10
-2.700000
20
-22.490000
10
-2.700000
20
-22.490000
42
0.391755
10
-2.740000
20
-22.540000
10
-2.740000
20
-22.540000
10
-2.740000
20
-23.300000
10
-2.740000
20
-23.300000
42
0.391755
10
-2.700000
20
-23.350000
10
-2.700000
20
-23.350000
10
-2.550000
20
-23.350000
10
-2.550000
20
-23.350000
42
0.390928
10
-2.500000
20
-23.300000
10
-2.500000
20
-23.300000
10
-2.500000
20
-22.540000
0
LWPOLYLINE
5
1449
100
AcDbEntity
8
0
100
AcDbPolyline
90
16
70
0
43
0.000000
10
47.220000
20
-20.910000
42
0.350741
10
47.180000
20
-20.870000
10
47.180000
20
-20.870000
10
47.040000
20
-20.870000
10
47.040000
20
-20.870000
42
0.414224
10
46.990000
20
-20.910000
10
46.990000
20
-20.910000
10
46.990000
20
-21.680000
10
46.990000
20
-21.680000
42
0.424309
10
47.040000
20
-21.730000
10
47.040000
20
-21.730000
10
47.180000
20
-21.730000
10
47.180000
20
-21.730000
42
0.370191
10
47.220000
20
-21.680000
10
47.220000
20
-21.680000
10
47.220000
20
-20.910000
0
LWPOLYLINE
5
1450
100
AcDbEntity
8
0
100
AcDbPolyline
90
16
70
0
43
0.000000
10
46.720000
20
-20.910000
42
0.370166
10
46.670000
20
-20.870000
10
46.670000
20
-20.870000
10
46.530000
20
-20.870000
10
46.530000
20
-20.870000
42
0.402909
10
46.480000
20
-20.910000
10
46.480000
20
-20.910000
10
46.480000
20
-21.680000
10
46.480000
20
-21.680000
42
0.413230
10
46.530000
20
-21.730000
10
46.530000
20
-21.730000
10
46.670000
20
-21.730000
10
46.670000
20
-21.730000
42
0.381473
10
46.720000
20
-21.680000
10
46.720000
20
-21.680000
10
46.720000
20
-20.910000
0
LWPOLYLINE
5
1451
100
AcDbEntity
8
0
100
AcDbPolyline
90
16
70
0
43
0.000000
10
46.210000
20
-20.910000
42
0.380810
10
46.160000
20
-20.870000
10
46.160000
20
-20.870000
10
46.020000
20
-20.870000
10
46.020000
20
-20.870000
42
0.391801
10
45.970000
20
-20.910000
10
45.970000
20
-20.910000
10
45.970000
20
-21.680000
10
45.970000
20
-21.680000
42
0.402412
10
46.020000
20
-21.730000
10
46.020000
20
-21.730000
10
46.160000
20
-21.730000
10
46.160000
20
-21.730000
42
0.391757
10
46.210000
20
-21.680000
10
46.210000
20
-21.680000
10
46.210000
20
-20.910000
0
LWPOLYLINE
5
1452
100
AcDbEntity
8
0
100
AcDbPolyline
90
16
70
0
43
0.000000
10
45.700000
20
-20.910000
42
0.391747
10
45.650000
20
-20.870000
10
45.650000
20
-20.870000
10
45.510000
20
-20.870000
10
45.510000
20
-20.870000
42
0.380837
10
45.460000
20
-20.910000
10
45.460000
20
-20.910000
10
45.460000
20
-21.680000
10
45.460000
20
-21.680000
42
0.391782
10
45.510000
20
-21.730000
10
45.510000
20
-21.730000
10
45.650000
20
-21.730000
10
45.650000
20
-21.730000
42
0.402360
10
45.700000
20
-21.680000
10
45.700000
20
-21.680000
10
45.700000
20
-20.910000
0
LWPOLYLINE
5
1453
100
AcDbEntity
8
0
100
AcDbPolyline
90
16
70
0
43
0.000000
10
45.190000
20
-20.910000
42
0.402854
10
45.140000
20
-20.870000
10
45.140000
20
-20.870000
10
45.000000
20
-20.870000
10
45.000000
20
-20.870000
42
0.370192
10
44.950000
20
-20.910000
10
44.950000
20
-20.910000
10
44.950000
20
-21.680000
10
44.950000
20
-21.680000
42
0.381498
10
45.000000
20
-21.730000
10
45.000000
20
-21.730000
10
45.140000
20
-21.730000
10
45.140000
20
-21.730000
42
0.413176
10
45.190000
20
-21.680000
10
45.190000
20
-21.680000
10
45.190000
20
-20.910000
0
LWPOLYLINE
5
1454
100
AcDbEntity
8
0
100
AcDbPolyline
90
16
70
0
43
0.000000
10
44.680000
20
-20.910000
42
0.350714
10
44.640000
20
-20.870000
10
44.640000
20
-20.870000
10
44.500000
20
-20.870000
10
44.500000
20
-20.870000
42
0.414252
10
44.450000
20
-20.910000
10
44.450000
20
-20.910000
10
44.450000
20
-21.680000
10
44.450000
20
-21.680000
42
0.424336
10
44.500000
20
-21.730000
10
44.500000
20
-21.730000
10
44.640000
20
-21.730000
10
44.640000
20
-21.730000
42
0.370165
10
44.680000
20
-21.680000
10
44.680000
20
-21.680000
10
44.680000
20
-20.910000
0
LWPOLYLINE
5
1455
100
AcDbEntity
8
0
100
AcDbPolyline
90
16
70
0
43
0.000000
10
44.180000
20
-20.910000
42
0.370166
10
44.130000
20
-20.870000
10
44.130000
20
-20.870000
10
43.990000
20
-20.870000
10
43.990000
20
-20.870000
42
0.402882
10
43.940000
20
-20.910000
10
43.940000
20
-20.910000
10
43.940000
20
-21.680000
10
43.940000
20
-21.680000
42
0.413203
10
43.990000
20
-21.730000
10
43.990000
20
-21.730000
10
44.130000
20
-21.730000
10
44.130000
20
-21.730000
42
0.381473
10
44.180000
20
-21.680000
10
44.180000
20
-21.680000
10
44.180000
20
-20.910000
0
LWPOLYLINE
5
1456
100
AcDbEntity
8
0
100
AcDbPolyline
90
16
70
0
43
0.000000
10
23.750000
20
-20.920000
42
0.391750
10
23.710000
20
-20.870000
10
23.710000
20
-20.870000
10
23.560000
20
-20.870000
10
23.560000
20
-20.870000
42
0.390881
10
23.510000
20
-20.920000
10
23.510000
20
-20.920000
10
23.510000
20
-21.680000
10
23.510000
20
-21.680000
42
0.390918
10
23.560000
20
-21.730000
10
23.560000
20
-21.730000
10
23.710000
20
-21.730000
10
23.710000
20
-21.730000
42
0.391791
10
23.750000
20
-21.680000
10
23.750000
20
-21.680000
10
23.750000
20
-20.920000
0
LWPOLYLINE
5
1457
100
AcDbEntity
8
0
100
AcDbPolyline
90
16
70
0
43
0.000000
10
23.250000
20
-20.920000
42
0.402291
10
23.200000
20
-20.870000
10
23.200000
20
-20.870000
10
23.060000
20
-20.870000
10
23.060000
20
-20.870000
42
0.438672
10
23.010000
20
-20.920000
10
23.010000
20
-20.920000
10
23.010000
20
-21.680000
10
23.010000
20
-21.680000
42
0.438720
10
23.060000
20
-21.730000
10
23.060000
20
-21.730000
10
23.200000
20
-21.730000
10
23.200000
20
-21.730000
42
0.402330
10
23.250000
20
-21.680000
10
23.250000
20
-21.680000
10
23.250000
20
-20.920000
0
LWPOLYLINE
5
1458
100
AcDbEntity
8
0
100
AcDbPolyline
90
16
70
0
43
0.000000
10
22.740000
20
-20.920000
42
0.414068
10
22.690000
20
-20.870000
10
22.690000
20
-20.870000
10
22.550000
20
-20.870000
10
22.550000
20
-20.870000
42
0.426200
10
22.500000
20
-20.920000
10
22.500000
20
-20.920000
10
22.500000
20
-21.680000
10
22.500000
20
-21.680000
42
0.426245
10
22.550000
20
-21.730000
10
22.550000
20
-21.730000
10
22.690000
20
-21.730000
10
22.690000
20
-21.730000
42
0.414110
10
22.740000
20
-21.680000
10
22.740000
20
-21.680000
10
22.740000
20
-20.920000
0
LWPOLYLINE
5
1459
100
AcDbEntity
8
0
100
AcDbPolyline
90
16
70
0
43
0.000000
10
22.230000
20
-20.920000
42
0.426200
10
22.180000
20
-20.870000
10
22.180000
20
-20.870000
10
22.040000
20
-20.870000
10
22.040000
20
-20.870000
42
0.414068
10
21.990000
20
-20.920000
10
21.990000
20
-20.920000
10
21.990000
20
-21.680000
10
21.990000
20
-21.680000
42
0.414110
10
22.040000
20
-21.730000
10
22.040000
20
-21.730000
10
22.180000
20
-21.730000
10
22.180000
20
-21.730000
42
0.426245
10
22.230000
20
-21.680000
10
22.230000
20
-21.680000
10
22.230000
20
-20.920000
0
LWPOLYLINE
5
1460
100
AcDbEntity
8
0
100
AcDbPolyline
90
16
70
0
43
0.000000
10
21.720000
20
-20.920000
42
0.438672
10
21.670000
20
-20.870000
10
21.670000
20
-20.870000
10
21.530000
20
-20.870000
10
21.530000
20
-20.870000
42
0.402305
10
21.480000
20
-20.920000
10
21.480000
20
-20.920000
10
21.480000
20
-21.680000
10
21.480000
20
-21.680000
42
0.402344
10
21.530000
20
-21.730000
10
21.530000
20
-21.730000
10
21.670000
20
-21.730000
10
21.670000
20
-21.730000
42
0.438720
10
21.720000
20
-21.680000
10
21.720000
20
-21.680000
10
21.720000
20
-20.920000
0
LWPOLYLINE
5
1461
100
AcDbEntity
8
0
100
AcDbPolyline
90
16
70
0
43
0.000000
10
21.210000
20
-20.920000
42
0.391750
10
21.170000
20
-20.870000
10
21.170000
20
-20.870000
10
21.030000
20
-20.870000
10
21.030000
20
-20.870000
42
0.450547
10
20.970000
20
-20.920000
10
20.970000
20
-20.920000
10
20.970000
20
-21.680000
10
20.970000
20
-21.680000
42
0.450594
10
21.030000
20
-21.730000
10
21.030000
20
-21.730000
10
21.170000
20
-21.730000
10
21.170000
20
-21.730000
42
0.391791
10
21.210000
20
-21.680000
10
21.210000
20
-21.680000
10
21.210000
20
-20.920000
0
LWPOLYLINE
5
1462
100
AcDbEntity
8
0
100
AcDbPolyline
90
16
70
0
43
0.000000
10
20.710000
20
-20.920000
42
0.402305
10
20.660000
20
-20.870000
10
20.660000
20
-20.870000
10
20.520000
20
-20.870000
10
20.520000
20
-20.870000
42
0.438672
10
20.470000
20
-20.920000
10
20.470000
20
-20.920000
10
20.470000
20
-21.680000
10
20.470000
20
-21.680000
42
0.438720
10
20.520000
20
-21.730000
10
20.520000
20
-21.730000
10
20.660000
20
-21.730000
10
20.660000
20
-21.730000
42
0.402344
10
20.710000
20
-21.680000
10
20.710000
20
-21.680000
10
20.710000
20
-20.920000
0
LWPOLYLINE
5
1463
100
AcDbEntity
8
0
100
AcDbPolyline
90
16
70
0
43
0.000000
10
38.080000
20
-21.160000
42
0.419532
10
37.830000
20
-20.910000
10
37.830000
20
-20.910000
10
36.430000
20
-20.910000
10
36.430000
20
-20.910000
42
0.417133
10
36.180000
20
-21.160000
10
36.180000
20
-21.160000
10
36.180000
20
-24.810000
10
36.180000
20
-24.810000
42
0.410149
10
36.430000
20
-25.060000
10
36.430000
20
-25.060000
10
37.830000
20
-25.060000
10
37.830000
20
-25.060000
42
0.412452
10
38.080000
20
-24.810000
10
38.080000
20
-24.810000
10
38.080000
20
-21.160000
0
LWPOLYLINE
5
1464
100
AcDbEntity
8
0
100
AcDbPolyline
90
16
70
0
43
0.000000
10
23.750000
20
-22.540000
42
0.370205
10
23.710000
20
-22.490000
10
23.710000
20
-22.490000
10
23.560000
20
-22.490000
10
23.560000
20
-22.490000
42
0.371425
10
23.510000
20
-22.540000
10
23.510000
20
-22.540000
10
23.510000
20
-23.310000
10
23.510000
20
-23.310000
42
0.359774
10
23.560000
20
-23.350000
10
23.560000
20
-23.350000
10
23.710000
20
-23.350000
10
23.710000
20
-23.350000
42
0.350794
10
23.750000
20
-23.310000
10
23.750000
20
-23.310000
10
23.750000
20
-22.540000
0
LWPOLYLINE
5
1465
100
AcDbEntity
8
0
100
AcDbPolyline
90
16
70
0
43
0.000000
10
23.250000
20
-22.540000
42
0.381449
10
23.200000
20
-22.490000
10
23.200000
20
-22.490000
10
23.060000
20
-22.490000
10
23.060000
20
-22.490000
42
0.413159
10
23.010000
20
-22.540000
10
23.010000
20
-22.540000
10
23.010000
20
-23.310000
10
23.010000
20
-23.310000
42
0.402884
10
23.060000
20
-23.350000
10
23.060000
20
-23.350000
10
23.200000
20
-23.350000
10
23.200000
20
-23.350000
42
0.370179
10
23.250000
20
-23.310000
10
23.250000
20
-23.310000
10
23.250000
20
-22.540000
0
LWPOLYLINE
5
1466
100
AcDbEntity
8
0
100
AcDbPolyline
90
16
70
0
43
0.000000
10
22.740000
20
-22.540000
42
0.391756
10
22.690000
20
-22.490000
10
22.690000
20
-22.490000
10
22.550000
20
-22.490000
10
22.550000
20
-22.490000
42
0.402331
10
22.500000
20
-22.540000
10
22.500000
20
-22.540000
10
22.500000
20
-23.310000
10
22.500000
20
-23.310000
42
0.391762
10
22.550000
20
-23.350000
10
22.550000
20
-23.350000
10
22.690000
20
-23.350000
10
22.690000
20
-23.350000
42
0.380851
10
22.740000
20
-23.310000
10
22.740000
20
-23.310000
10
22.740000
20
-22.540000
0
LWPOLYLINE
5
1467
100
AcDbEntity
8
0
100
AcDbPolyline
90
16
70
0
43
0.000000
10
22.230000
20
-22.540000
42
0.402331
10
22.180000
20
-22.490000
10
22.180000
20
-22.490000
10
22.040000
20
-22.490000
10
22.040000
20
-22.490000
42
0.391756
10
21.990000
20
-22.540000
10
21.990000
20
-22.540000
10
21.990000
20
-23.310000
10
21.990000
20
-23.310000
42
0.380851
10
22.040000
20
-23.350000
10
22.040000
20
-23.350000
10
22.180000
20
-23.350000
10
22.180000
20
-23.350000
42
0.391762
10
22.230000
20
-23.310000
10
22.230000
20
-23.310000
10
22.230000
20
-22.540000
0
LWPOLYLINE
5
1468
100
AcDbEntity
8
0
100
AcDbPolyline
90
16
70
0
43
0.000000
10
21.720000
20
-22.540000
42
0.413159
10
21.670000
20
-22.490000
10
21.670000
20
-22.490000
10
21.530000
20
-22.490000
10
21.530000
20
-22.490000
42
0.381461
10
21.480000
20
-22.540000
10
21.480000
20
-22.540000
10
21.480000
20
-23.310000
10
21.480000
20
-23.310000
42
0.370192
10
21.530000
20
-23.350000
10
21.530000
20
-23.350000
10
21.670000
20
-23.350000
10
21.670000
20
-23.350000
42
0.402884
10
21.720000
20
-23.310000
10
21.720000
20
-23.310000
10
21.720000
20
-22.540000
0
LWPOLYLINE
5
1469
100
AcDbEntity
8
0
100
AcDbPolyline
90
16
70
0
43
0.000000
10
21.210000
20
-22.540000
42
0.370205
10
21.170000
20
-22.490000
10
21.170000
20
-22.490000
10
21.030000
20
-22.490000
10
21.030000
20
-22.490000
42
0.425918
10
20.970000
20
-22.540000
10
20.970000
20
-22.540000
10
20.970000
20
-23.310000
10
20.970000
20
-23.310000
42
0.422899
10
21.030000
20
-23.350000
10
21.030000
20
-23.350000
10
21.170000
20
-23.350000
10
21.170000
20
-23.350000
42
0.350794
10
21.210000
20
-23.310000
10
21.210000
20
-23.310000
10
21.210000
20
-22.540000
0
LWPOLYLINE
5
1470
100
AcDbEntity
8
0
100
AcDbPolyline
90
16
70
0
43
0.000000
10
20.710000
20
-22.540000
42
0.381461
10
20.660000
20
-22.490000
10
20.660000
20
-22.490000
10
20.520000
20
-22.490000
10
20.520000
20
-22.490000
42
0.413159
10
20.470000
20
-22.540000
10
20.470000
20
-22.540000
10
20.470000
20
-23.310000
10
20.470000
20
-23.310000
42
0.402884
10
20.520000
20
-23.350000
10
20.520000
20
-23.350000
10
20.660000
20
-23.350000
10
20.660000
20
-23.350000
42
0.370192
10
20.710000
20
-23.310000
10
20.710000
20
-23.310000
10
20.710000
20
-22.540000
0
LWPOLYLINE
5
1471
100
AcDbEntity
8
0
100
AcDbPolyline
90
16
70
0
43
0.000000
10
47.220000
20
-22.540000
42
0.391732
10
47.180000
20
-22.490000
10
47.180000
20
-22.490000
10
47.040000
20
-22.490000
10
47.040000
20
-22.490000
42
0.451566
10
46.990000
20
-22.540000
10
46.990000
20
-22.540000
10
46.990000
20
-23.300000
10
46.990000
20
-23.300000
42
0.451566
10
47.040000
20
-23.350000
10
47.040000
20
-23.350000
10
47.180000
20
-23.350000
10
47.180000
20
-23.350000
42
0.391732
10
47.220000
20
-23.300000
10
47.220000
20
-23.300000
10
47.220000
20
-22.540000
0
LWPOLYLINE
5
1472
100
AcDbEntity
8
0
100
AcDbPolyline
90
16
70
0
43
0.000000
10
46.720000
20
-22.540000
42
0.402317
10
46.670000
20
-22.490000
10
46.670000
20
-22.490000
10
46.530000
20
-22.490000
10
46.530000
20
-22.490000
42
0.438750
10
46.480000
20
-22.540000
10
46.480000
20
-22.540000
10
46.480000
20
-23.300000
10
46.480000
20
-23.300000
42
0.438750
10
46.530000
20
-23.350000
10
46.530000
20
-23.350000
10
46.670000
20
-23.350000
10
46.670000
20
-23.350000
42
0.402317
10
46.720000
20
-23.300000
10
46.720000
20
-23.300000
10
46.720000
20
-22.540000
0
LWPOLYLINE
5
1473
100
AcDbEntity
8
0
100
AcDbPolyline
90
16
70
0
43
0.000000
10
46.210000
20
-22.540000
42
0.414067
10
46.160000
20
-22.490000
10
46.160000
20
-22.490000
10
46.020000
20
-22.490000
10
46.020000
20
-22.490000
42
0.426290
10
45.970000
20
-22.540000
10
45.970000
20
-22.540000
10
45.970000
20
-23.300000
10
45.970000
20
-23.300000
42
0.426290
10
46.020000
20
-23.350000
10
46.020000
20
-23.350000
10
46.160000
20
-23.350000
10
46.160000
20
-23.350000
42
0.414067
10
46.210000
20
-23.300000
10
46.210000
20
-23.300000
10
46.210000
20
-22.540000
0
LWPOLYLINE
5
1474
100
AcDbEntity
8
0
100
AcDbPolyline
90
16
70
0
43
0.000000
10
45.700000
20
-22.540000
42
0.426230
10
45.650000
20
-22.490000
10
45.650000
20
-22.490000
10
45.510000
20
-22.490000
10
45.510000
20
-22.490000
42
0.414096
10
45.460000
20
-22.540000
10
45.460000
20
-22.540000
10
45.460000
20
-23.300000
10
45.460000
20
-23.300000
42
0.414096
10
45.510000
20
-23.350000
10
45.510000
20
-23.350000
10
45.650000
20
-23.350000
10
45.650000
20
-23.350000
42
0.426230
10
45.700000
20
-23.300000
10
45.700000
20
-23.300000
10
45.700000
20
-22.540000
0
LWPOLYLINE
5
1475
100
AcDbEntity
8
0
100
AcDbPolyline
90
16
70
0
43
0.000000
10
45.190000
20
-22.540000
42
0.438688
10
45.140000
20
-22.490000
10
45.140000
20
-22.490000
10
45.000000
20
-22.490000
10
45.000000
20
-22.490000
42
0.402345
10
44.950000
20
-22.540000
10
44.950000
20
-22.540000
10
44.950000
20
-23.300000
10
44.950000
20
-23.300000
42
0.402345
10
45.000000
20
-23.350000
10
45.000000
20
-23.350000
10
45.140000
20
-23.350000
10
45.140000
20
-23.350000
42
0.438688
10
45.190000
20
-23.300000
10
45.190000
20
-23.300000
10
45.190000
20
-22.540000
0
LWPOLYLINE
5
1476
100
AcDbEntity
8
0
100
AcDbPolyline
90
16
70
0
43
0.000000
10
44.680000
20
-22.540000
42
0.391701
10
44.640000
20
-22.490000
10
44.640000
20
-22.490000
10
44.500000
20
-22.490000
10
44.500000
20
-22.490000
42
0.451598
10
44.450000
20
-22.540000
10
44.450000
20
-22.540000
10
44.450000
20
-23.300000
10
44.450000
20
-23.300000
42
0.451598
10
44.500000
20
-23.350000
10
44.500000
20
-23.350000
10
44.640000
20
-23.350000
10
44.640000
20
-23.350000
42
0.391701
10
44.680000
20
-23.300000
10
44.680000
20
-23.300000
10
44.680000
20
-22.540000
0
LWPOLYLINE
5
1477
100
AcDbEntity
8
0
100
AcDbPolyline
90
16
70
0
43
0.000000
10
44.180000
20
-22.540000
42
0.402317
10
44.130000
20
-22.490000
10
44.130000
20
-22.490000
10
43.990000
20
-22.490000
10
43.990000
20
-22.490000
42
0.438719
10
43.940000
20
-22.540000
10
43.940000
20
-22.540000
10
43.940000
20
-23.300000
10
43.940000
20
-23.300000
42
0.438719
10
43.990000
20
-23.350000
10
43.990000
20
-23.350000
10
44.130000
20
-23.350000
10
44.130000
20
-23.350000
42
0.402317
10
44.180000
20
-23.300000
10
44.180000
20
-23.300000
10
44.180000
20
-22.540000
0
LWPOLYLINE
5
1478
100
AcDbEntity
8
0
100
AcDbPolyline
90
16
70
0
43
0.000000
10
8.660000
20
-25.460000
10
7.210000
20
-25.460000
10
7.210000
20
-25.460000
10
7.210000
20
-26.640000
10
7.210000
20
-26.640000
10
7.690000
20
-26.640000
10
7.690000
20
-26.640000
10
7.690000
20
-26.240000
10
7.690000
20
-26.240000
10
8.170000
20
-26.240000
10
8.170000
20
-26.240000
10
8.170000
20
-26.640000
10
8.170000
20
-26.640000
10
8.660000
20
-26.640000
10
8.660000
20
-26.640000
10
8.660000
20
-25.460000
0
LWPOLYLINE
5
1479
100
AcDbEntity
8
0
100
AcDbPolyline
90
16
70
0
43
0.000000
10
-12.370000
20
-25.810000
42
0.421886
10
-12.620000
20
-25.550000
10
-12.620000
20
-25.550000
10
-13.520000
20
-25.550000
10
-13.520000
20
-25.550000
42
0.419505
10
-13.770000
20
-25.810000
10
-13.770000
20
-25.810000
10
-13.770000
20
-26.460000
10
-13.770000
20
-26.460000
42
0.407840
10
-13.520000
20
-26.710000
10
-13.520000
20
-26.710000
10
-12.620000
20
-26.710000
10
-12.620000
20
-26.710000
42
0.410109
10
-12.370000
20
-26.460000
10
-12.370000
20
-26.460000
10
-12.370000
20
-25.810000
0
LWPOLYLINE
5
1480
100
AcDbEntity
8
0
100
AcDbPolyline
90
16
70
0
43
0.000000
10
-14.540000
20
-25.560000
10
-15.990000
20
-25.560000
10
-15.990000
20
-25.560000
10
-15.990000
20
-26.740000
10
-15.990000
20
-26.740000
10
-15.510000
20
-26.740000
10
-15.510000
20
-26.740000
10
-15.510000
20
-26.340000
10
-15.510000
20
-26.340000
10
-15.030000
20
-26.340000
10
-15.030000
20
-26.340000
10
-15.030000
20
-26.740000
10
-15.030000
20
-26.740000
10
-14.540000
20
-26.740000
10
-14.540000
20
-26.740000
10
-14.540000
20
-25.560000
0
LWPOLYLINE
5
1481
100
AcDbEntity
8
0
100
AcDbPolyline
90
16
70
0
43
0.000000
10
-37.940000
20
-25.730000
10
-39.390000
20
-25.730000
10
-39.390000
20
-25.730000
10
-39.390000
20
-26.910000
10
-39.390000
20
-26.910000
10
-38.910000
20
-26.910000
10
-38.910000
20
-26.910000
10
-38.910000
20
-26.510000
10
-38.910000
20
-26.510000
10
-38.430000
20
-26.510000
10
-38.430000
20
-26.510000
10
-38.430000
20
-26.910000
10
-38.430000
20
-26.910000
10
-37.940000
20
-26.910000
10
-37.940000
20
-26.910000
10
-37.940000
20
-25.730000
0
LWPOLYLINE
5
1482
100
AcDbEntity
8
0
100
AcDbPolyline
90
16
70
0
43
0.000000
10
-35.770000
20
-26.000000
42
0.410111
10
-36.020000
20
-25.750000
10
-36.020000
20
-25.750000
10
-36.920000
20
-25.750000
10
-36.920000
20
-25.750000
42
0.407832
10
-37.170000
20
-26.000000
10
-37.170000
20
-26.000000
10
-37.170000
20
-26.660000
10
-37.170000
20
-26.660000
42
0.407843
10
-36.920000
20
-26.910000
10
-36.920000
20
-26.910000
10
-36.020000
20
-26.910000
10
-36.020000
20
-26.910000
42
0.410123
10
-35.770000
20
-26.660000
10
-35.770000
20
-26.660000
10
-35.770000
20
-26.000000
0
LWPOLYLINE
5
1483
100
AcDbEntity
8
0
100
AcDbPolyline
90
16
70
0
43
0.000000
10
34.130000
20
-25.810000
42
0.421886
10
33.880000
20
-25.550000
10
33.880000
20
-25.550000
10
32.980000
20
-25.550000
10
32.980000
20
-25.550000
42
0.419508
10
32.730000
20
-25.810000
10
32.730000
20
-25.810000
10
32.730000
20
-26.460000
10
32.730000
20
-26.460000
42
0.407843
10
32.980000
20
-26.710000
10
32.980000
20
-26.710000
10
33.880000
20
-26.710000
10
33.880000
20
-26.710000
42
0.410109
10
34.130000
20
-26.460000
10
34.130000
20
-26.460000
10
34.130000
20
-25.810000
0
LWPOLYLINE
5
1484
100
AcDbEntity
8
0
100
AcDbPolyline
90
16
70
0
43
0.000000
10
10.830000
20
-25.810000
42
0.421887
10
10.580000
20
-25.550000
10
10.580000
20
-25.550000
10
9.680000
20
-25.550000
10
9.680000
20
-25.550000
42
0.419503
10
9.430000
20
-25.810000
10
9.430000
20
-25.810000
10
9.430000
20
-26.460000
10
9.430000
20
-26.460000
42
0.407838
10
9.680000
20
-26.710000
10
9.680000
20
-26.710000
10
10.580000
20
-26.710000
10
10.580000
20
-26.710000
42
0.410110
10
10.830000
20
-26.460000
10
10.830000
20
-26.460000
10
10.830000
20
-25.810000
0
LWPOLYLINE
5
1485
100
AcDbEntity
8
0
100
AcDbPolyline
90
16
70
0
43
0.000000
10
32.060000
20
-25.560000
10
30.610000
20
-25.560000
10
30.610000
20
-25.560000
10
30.610000
20
-26.740000
10
30.610000
20
-26.740000
10
31.090000
20
-26.740000
10
31.090000
20
-26.740000
10
31.090000
20
-26.340000
10
31.090000
20
-26.340000
10
31.570000
20
-26.340000
10
31.570000
20
-26.340000
10
31.570000
20
-26.740000
10
31.570000
20
-26.740000
10
32.060000
20
-26.740000
10
32.060000
20
-26.740000
10
32.060000
20
-25.560000
0
LWPOLYLINE
5
1486
100
AcDbEntity
8
0
100
AcDbPolyline
90
16
70
0
43
0.000000
10
8.660000
20
-27.530000
10
8.170000
20
-27.530000
10
8.170000
20
-27.530000
10
8.170000
20
-27.920000
10
8.170000
20
-27.920000
10
7.690000
20
-27.920000
10
7.690000
20
-27.920000
10
7.690000
20
-27.530000
10
7.690000
20
-27.530000
10
7.210000
20
-27.530000
10
7.210000
20
-27.530000
10
7.210000
20
-28.710000
10
7.210000
20
-28.710000
10
8.660000
20
-28.710000
10
8.660000
20
-28.710000
10
8.660000
20
-27.530000
0
LWPOLYLINE
5
1487
100
AcDbEntity
8
0
100
AcDbPolyline
90
16
70
0
43
0.000000
10
-12.370000
20
-27.850000
42
0.410103
10
-12.620000
20
-27.600000
10
-12.620000
20
-27.600000
10
-13.520000
20
-27.600000
10
-13.520000
20
-27.600000
42
0.407834
10
-13.770000
20
-27.850000
10
-13.770000
20
-27.850000
10
-13.770000
20
-28.510000
10
-13.770000
20
-28.510000
42
0.407848
10
-13.520000
20
-28.760000
10
-13.520000
20
-28.760000
10
-12.620000
20
-28.760000
10
-12.620000
20
-28.760000
42
0.410117
10
-12.370000
20
-28.510000
10
-12.370000
20
-28.510000
10
-12.370000
20
-27.850000
0
LWPOLYLINE
5
1488
100
AcDbEntity
8
0
100
AcDbPolyline
90
16
70
0
43
0.000000
10
-14.540000
20
-27.630000
10
-15.030000
20
-27.630000
10
-15.030000
20
-27.630000
10
-15.030000
20
-28.020000
10
-15.030000
20
-28.020000
10
-15.510000
20
-28.020000
10
-15.510000
20
-28.020000
10
-15.510000
20
-27.630000
10
-15.510000
20
-27.630000
10
-15.990000
20
-27.630000
10
-15.990000
20
-27.630000
10
-15.990000
20
-28.810000
10
-15.990000
20
-28.810000
10
-14.540000
20
-28.810000
10
-14.540000
20
-28.810000
10
-14.540000
20
-27.630000
0
LWPOLYLINE
5
1489
100
AcDbEntity
8
0
100
AcDbPolyline
90
16
70
0
43
0.000000
10
-37.940000
20
-27.800000
10
-38.430000
20
-27.800000
10
-38.430000
20
-27.800000
10
-38.430000
20
-28.190000
10
-38.430000
20
-28.190000
10
-38.910000
20
-28.190000
10
-38.910000
20
-28.190000
10
-38.910000
20
-27.800000
10
-38.910000
20
-27.800000
10
-39.390000
20
-27.800000
10
-39.390000
20
-27.800000
10
-39.390000
20
-28.980000
10
-39.390000
20
-28.980000
10
-37.940000
20
-28.980000
10
-37.940000
20
-28.980000
10
-37.940000
20
-27.800000
0
LWPOLYLINE
5
1490
100
AcDbEntity
8
0
100
AcDbPolyline
90
16
70
0
43
0.000000
10
-35.770000
20
-28.050000
42
0.410151
10
-36.020000
20
-27.810000
10
-36.020000
20
-27.810000
10
-36.920000
20
-27.810000
10
-36.920000
20
-27.810000
42
0.407825
10
-37.170000
20
-28.050000
10
-37.170000
20
-28.050000
10
-37.170000
20
-28.710000
10
-37.170000
20
-28.710000
42
0.407840
10
-36.920000
20
-28.960000
10
-36.920000
20
-28.960000
10
-36.020000
20
-28.960000
10
-36.020000
20
-28.960000
42
0.410120
10
-35.770000
20
-28.710000
10
-35.770000
20
-28.710000
10
-35.770000
20
-28.050000
0
LWPOLYLINE
5
1491
100
AcDbEntity
8
0
100
AcDbPolyline
90
16
70
0
43
0.000000
10
34.130000
20
-27.850000
42
0.410103
10
33.880000
20
-27.600000
10
33.880000
20
-27.600000
10
32.980000
20
-27.600000
10
32.980000
20
-27.600000
42
0.407837
10
32.730000
20
-27.850000
10
32.730000
20
-27.850000
10
32.730000
20
-28.510000
10
32.730000
20
-28.510000
42
0.407851
10
32.980000
20
-28.760000
10
32.980000
20
-28.760000
10
33.880000
20
-28.760000
10
33.880000
20
-28.760000
42
0.410117
10
34.130000
20
-28.510000
10
34.130000
20
-28.510000
10
34.130000
20
-27.850000
0
LWPOLYLINE
5
1492
100
AcDbEntity
8
0
100
AcDbPolyline
90
16
70
0
43
0.000000
10
10.830000
20
-27.850000
42
0.410104
10
10.580000
20
-27.600000
10
10.580000
20
-27.600000
10
9.680000
20
-27.600000
10
9.680000
20
-27.600000
42
0.407832
10
9.430000
20
-27.850000
10
9.430000
20
-27.850000
10
9.430000
20
-28.510000
10
9.430000
20
-28.510000
42
0.407846
10
9.680000
20
-28.760000
10
9.680000
20
-28.760000
10
10.580000
20
-28.760000
10
10.580000
20
-28.760000
42
0.410119
10
10.830000
20
-28.510000
10
10.830000
20
-28.510000
10
10.830000
20
-27.850000
0
LWPOLYLINE
5
1493
100
AcDbEntity
8
0
100
AcDbPolyline
90
16
70
0
43
0.000000
10
32.060000
20
-27.630000
10
31.570000
20
-27.630000
10
31.570000
20
-27.630000
10
31.570000
20
-28.020000
10
31.570000
20
-28.020000
10
31.090000
20
-28.020000
10
31.090000
20
-28.020000
10
31.090000
20
-27.630000
10
31.090000
20
-27.630000
10
30.610000
20
-27.630000
10
30.610000
20
-27.630000
10
30.610000
20
-28.810000
10
30.610000
20
-28.810000
10
32.060000
20
-28.810000
10
32.060000
20
-28.810000
10
32.060000
20
-27.630000
0
LWPOLYLINE
5
1494
100
AcDbEntity
8
0
100
AcDbPolyline
90
4
70
0
43
0.000000
10
55.260000
20
-32.260000
42
1.000000
10
58.460000
20
-32.260000
10
58.460000
20
-32.260000
42
1.000000
10
55.260000
20
-32.260000
0
LWPOLYLINE
5
1495
100
AcDbEntity
8
0
100
AcDbPolyline
90
4
70
0
43
0.000000
10
-43.120000
20
-32.260000
42
1.000000
10
-39.920000
20
-32.260000
10
-39.920000
20
-32.260000
42
1.000000
10
-43.120000
20
-32.260000
0
LWPOLYLINE
5
1496
100
AcDbEntity
8
0
100
AcDbPolyline
90
16
70
0
43
0.000000
10
34.430000
20
-34.790000
42
0.421641
10
34.190000
20
-34.550000
10
34.190000
20
-34.550000
10
33.690000
20
-34.550000
10
33.690000
20
-34.550000
42
0.411819
10
33.460000
20
-34.790000
10
33.460000
20
-34.790000
10
33.460000
20
-35.260000
10
33.460000
20
-35.260000
42
0.411819
10
33.690000
20
-35.500000
10
33.690000
20
-35.500000
10
34.190000
20
-35.500000
10
34.190000
20
-35.500000
42
0.421641
10
34.430000
20
-35.260000
10
34.430000
20
-35.260000
10
34.430000
20
-34.790000
0
LWPOLYLINE
5
1497
100
AcDbEntity
8
0
100
AcDbPolyline
90
16
70
0
43
0.000000
10
32.610000
20
-34.790000
42
0.415430
10
32.370000
20
-34.550000
10
32.370000
20
-34.550000
10
31.870000
20
-34.550000
10
31.870000
20
-34.550000
42
0.417899
10
31.630000
20
-34.790000
10
31.630000
20
-34.790000
10
31.630000
20
-35.260000
10
31.630000
20
-35.260000
42
0.417899
10
31.870000
20
-35.500000
10
31.870000
20
-35.500000
10
32.370000
20
-35.500000
10
32.370000
20
-35.500000
42
0.415430
10
32.610000
20
-35.260000
10
32.610000
20
-35.260000
10
32.610000
20
-34.790000
0
LWPOLYLINE
5
1498
100
AcDbEntity
8
0
100
AcDbPolyline
90
16
70
0
43
0.000000
10
-12.350000
20
-34.820000
42
0.419143
10
-12.590000
20
-34.580000
10
-12.590000
20
-34.580000
10
-13.090000
20
-34.580000
10
-13.090000
20
-34.580000
42
0.416644
10
-13.330000
20
-34.820000
10
-13.330000
20
-34.820000
10
-13.330000
20
-35.290000
10
-13.330000
20
-35.290000
42
0.414207
10
-13.090000
20
-35.530000
10
-13.090000
20
-35.530000
10
-12.590000
20
-35.530000
10
-12.590000
20
-35.530000
42
0.416671
10
-12.350000
20
-35.290000
10
-12.350000
20
-35.290000
10
-12.350000
20
-34.820000
0
LWPOLYLINE
5
1499
100
AcDbEntity
8
0
100
AcDbPolyline
90
16
70
0
43
0.000000
10
-14.180000
20
-34.820000
42
0.413040
10
-14.410000
20
-34.580000
10
-14.410000
20
-34.580000
10
-14.910000
20
-34.580000
10
-14.910000
20
-34.580000
42
0.422907
10
-15.150000
20
-34.820000
10
-15.150000
20
-34.820000
10
-15.150000
20
-35.290000
10
-15.150000
20
-35.290000
42
0.420381
10
-14.910000
20
-35.530000
10
-14.910000
20
-35.530000
10
-14.410000
20
-35.530000
10
-14.410000
20
-35.530000
42
0.410604
10
-14.180000
20
-35.290000
10
-14.180000
20
-35.290000
10
-14.180000
20
-34.820000
0
LWPOLYLINE
5
1500
100
AcDbEntity
8
0
100
AcDbPolyline
90
16
70
0
43
0.000000
10
-35.600000
20
-34.900000
42
0.421641
10
-35.840000
20
-34.660000
10
-35.840000
20
-34.660000
10
-36.340000
20
-34.660000
10
-36.340000
20
-34.660000
42
0.411819
10
-36.570000
20
-34.900000
10
-36.570000
20
-34.900000
10
-36.570000
20
-35.370000
10
-36.570000
20
-35.370000
42
0.411819
10
-36.340000
20
-35.610000
10
-36.340000
20
-35.610000
10
-35.840000
20
-35.610000
10
-35.840000
20
-35.610000
42
0.421641
10
-35.600000
20
-35.370000
10
-35.600000
20
-35.370000
10
-35.600000
20
-34.900000
0
LWPOLYLINE
5
1501
100
AcDbEntity
8
0
100
AcDbPolyline
90
16
70
0
43
0.000000
10
-37.420000
20
-34.900000
42
0.415427
10
-37.660000
20
-34.660000
10
-37.660000
20
-34.660000
10
-38.160000
20
-34.660000
10
-38.160000
20
-34.660000
42
0.417893
10
-38.400000
20
-34.900000
10
-38.400000
20
-34.900000
10
-38.400000
20
-35.370000
10
-38.400000
20
-35.370000
42
0.417893
10
-38.160000
20
-35.610000
10
-38.160000
20
-35.610000
10
-37.660000
20
-35.610000
10
-37.660000
20
-35.610000
42
0.415427
10
-37.420000
20
-35.370000
10
-37.420000
20
-35.370000
10
-37.420000
20
-34.900000
0
LWPOLYLINE
5
1502
100
AcDbEntity
8
0
100
AcDbPolyline
90
16
70
0
43
0.000000
10
10.940000
20
-34.930000
42
0.412968
10
10.700000
20
-34.690000
10
10.700000
20
-34.690000
10
10.200000
20
-34.690000
10
10.200000
20
-34.690000
42
0.420393
10
9.960000
20
-34.930000
10
9.960000
20
-34.930000
10
9.960000
20
-35.400000
10
9.960000
20
-35.400000
42
0.420387
10
10.200000
20
-35.640000
10
10.200000
20
-35.640000
10
10.700000
20
-35.640000
10
10.700000
20
-35.640000
42
0.412962
10
10.940000
20
-35.400000
10
10.940000
20
-35.400000
10
10.940000
20
-34.930000
0
LWPOLYLINE
5
1503
100
AcDbEntity
8
0
100
AcDbPolyline
90
16
70
0
43
0.000000
10
9.110000
20
-34.930000
42
0.419146
10
8.870000
20
-34.690000
10
8.870000
20
-34.690000
10
8.370000
20
-34.690000
10
8.370000
20
-34.690000
42
0.414195
10
8.130000
20
-34.930000
10
8.130000
20
-34.930000
10
8.130000
20
-35.400000
10
8.130000
20
-35.400000
42
0.414190
10
8.370000
20
-35.640000
10
8.370000
20
-35.640000
10
8.870000
20
-35.640000
10
8.870000
20
-35.640000
42
0.419140
10
9.110000
20
-35.400000
10
9.110000
20
-35.400000
10
9.110000
20
-34.930000
0
LWPOLYLINE
5
2004
100
AcDbEntity
8
0
100
AcDbPolyline
90
120
70
0
43
0.000000
10
-63.200000
20
-64.580000
10
-63.480000
20
-64.600000
10
-63.480000
20
-64.600000
10
-63.740000
20
-64.630000
10
-63.740000
20
-64.630000
10
-63.980000
20
-64.690000
10
-63.980000
20
-64.690000
10
-64.210000
20
-64.780000
10
-64.210000
20
-64.780000
10
-64.410000
20
-64.890000
10
-64.410000
20
-64.890000
10
-64.600000
20
-65.020000
10
-64.600000
20
-65.020000
10
-64.760000
20
-65.180000
10
-64.760000
20
-65.180000
10
-64.910000
20
-65.360000
10
-64.910000
20
-65.360000
10
-65.030000
20
-65.560000
10
-65.030000
20
-65.560000
10
-65.130000
20
-65.770000
10
-65.130000
20
-65.770000
10
-65.210000
20
-66.010000
10
-65.210000
20
-66.010000
10
-65.270000
20
-66.260000
10
-65.270000
20
-66.260000
10
-65.300000
20
-66.540000
10
-65.300000
20
-66.540000
10
-65.310000
20
-66.830000
10
-65.310000
20
-66.830000
10
-65.300000
20
-67.130000
10
-65.300000
20
-67.130000
10
-65.270000
20
-67.410000
10
-65.270000
20
-67.410000
10
-65.210000
20
-67.670000
10
-65.210000
20
-67.670000
10
-65.130000
20
-67.910000
10
-65.130000
20
-67.910000
10
-65.030000
20
-68.130000
10
-65.030000
20
-68.130000
10
-64.910000
20
-68.340000
10
-64.910000
20
-68.340000
10
-64.760000
20
-68.520000
10
-64.760000
20
-68.520000
10
-64.600000
20
-68.680000
10
-64.600000
20
-68.680000
10
-64.410000
20
-68.810000
10
-64.410000
20
-68.810000
10
-64.210000
20
-68.920000
10
-64.210000
20
-68.920000
10
-63.990000
20
-69.010000
10
-63.990000
20
-69.010000
10
-63.750000
20
-69.070000
10
-63.750000
20
-69.070000
10
-63.490000
20
-69.100000
10
-63.490000
20
-69.100000
10
-63.210000
20
-69.120000
10
-63.210000
20
-69.120000
10
-63.030000
20
-69.110000
10
-63.030000
20
-69.110000
10
-62.850000
20
-69.090000
10
-62.850000
20
-69.090000
10
-62.680000
20
-69.070000
10
-62.680000
20
-69.070000
10
-62.520000
20
-69.030000
10
-62.520000
20
-69.030000
10
-62.360000
20
-68.980000
10
-62.360000
20
-68.980000
10
-62.220000
20
-68.920000
10
-62.220000
20
-68.920000
10
-62.080000
20
-68.850000
10
-62.080000
20
-68.850000
10
-61.820000
20
-68.670000
10
-61.820000
20
-68.670000
10
-61.600000
20
-68.450000
10
-61.600000
20
-68.450000
10
-61.510000
20
-68.330000
10
-61.510000
20
-68.330000
10
-61.420000
20
-68.190000
10
-61.420000
20
-68.190000
10
-61.350000
20
-68.050000
10
-61.350000
20
-68.050000
10
-61.270000
20
-67.900000
10
-61.270000
20
-67.900000
10
-61.210000
20
-67.740000
10
-61.210000
20
-67.740000
10
-61.130000
20
-67.400000
10
-61.130000
20
-67.400000
10
-61.100000
20
-67.220000
10
-61.100000
20
-67.220000
10
-61.080000
20
-67.030000
10
-61.080000
20
-67.030000
10
-61.080000
20
-66.830000
10
-61.080000
20
-66.830000
10
-61.090000
20
-66.540000
10
-61.090000
20
-66.540000
10
-61.130000
20
-66.270000
10
-61.130000
20
-66.270000
10
-61.180000
20
-66.020000
10
-61.180000
20
-66.020000
10
-61.260000
20
-65.780000
10
-61.260000
20
-65.780000
10
-61.370000
20
-65.560000
10
-61.370000
20
-65.560000
10
-61.500000
20
-65.360000
10
-61.500000
20
-65.360000
10
-61.650000
20
-65.180000
10
-61.650000
20
-65.180000
10
-61.810000
20
-65.020000
10
-61.810000
20
-65.020000
10
-62.000000
20
-64.890000
10
-62.000000
20
-64.890000
10
-62.200000
20
-64.780000
10
-62.200000
20
-64.780000
10
-62.420000
20
-64.690000
10
-62.420000
20
-64.690000
10
-62.660000
20
-64.630000
10
-62.660000
20
-64.630000
10
-62.920000
20
-64.600000
10
-62.920000
20
-64.600000
10
-63.200000
20
-64.580000
0
LWPOLYLINE
5
2005
100
AcDbEntity
8
0
100
AcDbPolyline
90
76
70
0
43
0.000000
10
-58.410000
20
-64.650000
10
-59.870000
20
-64.650000
10
-59.870000
20
-64.650000
10
-59.870000
20
-69.070000
10
-59.870000
20
-69.070000
10
-58.260000
20
-69.070000
10
-58.260000
20
-69.070000
10
-58.080000
20
-69.060000
10
-58.080000
20
-69.060000
10
-57.910000
20
-69.040000
10
-57.910000
20
-69.040000
10
-57.750000
20
-69.010000
10
-57.750000
20
-69.010000
10
-57.590000
20
-68.970000
10
-57.590000
20
-68.970000
10
-57.440000
20
-68.920000
10
-57.440000
20
-68.920000
10
-57.290000
20
-68.860000
10
-57.290000
20
-68.860000
10
-57.160000
20
-68.780000
10
-57.160000
20
-68.780000
10
-57.020000
20
-68.700000
10
-57.020000
20
-68.700000
10
-56.900000
20
-68.610000
10
-56.900000
20
-68.610000
10
-56.790000
20
-68.510000
10
-56.790000
20
-68.510000
10
-56.680000
20
-68.400000
10
-56.680000
20
-68.400000
10
-56.590000
20
-68.280000
10
-56.590000
20
-68.280000
10
-56.500000
20
-68.150000
10
-56.500000
20
-68.150000
10
-56.420000
20
-68.020000
10
-56.420000
20
-68.020000
10
-56.350000
20
-67.870000
10
-56.350000
20
-67.870000
10
-56.290000
20
-67.710000
10
-56.290000
20
-67.710000
10
-56.240000
20
-67.550000
10
-56.240000
20
-67.550000
10
-56.210000
20
-67.380000
10
-56.210000
20
-67.380000
10
-56.180000
20
-67.200000
10
-56.180000
20
-67.200000
10
-56.160000
20
-67.010000
10
-56.160000
20
-67.010000
10
-56.160000
20
-66.820000
10
-56.160000
20
-66.820000
10
-56.170000
20
-66.530000
10
-56.170000
20
-66.530000
10
-56.200000
20
-66.260000
10
-56.200000
20
-66.260000
10
-56.260000
20
-66.010000
10
-56.260000
20
-66.010000
10
-56.350000
20
-65.780000
10
-56.350000
20
-65.780000
10
-56.450000
20
-65.570000
10
-56.450000
20
-65.570000
10
-56.590000
20
-65.380000
10
-56.590000
20
-65.380000
10
-56.740000
20
-65.220000
10
-56.740000
20
-65.220000
10
-56.910000
20
-65.070000
10
-56.910000
20
-65.070000
10
-57.110000
20
-64.940000
10
-57.110000
20
-64.940000
10
-57.320000
20
-64.830000
10
-57.320000
20
-64.830000
10
-57.560000
20
-64.750000
10
-57.560000
20
-64.750000
10
-57.820000
20
-64.700000
10
-57.820000
20
-64.700000
10
-58.100000
20
-64.660000
10
-58.100000
20
-64.660000
10
-58.410000
20
-64.650000
0
LWPOLYLINE
5
2006
100
AcDbEntity
8
0
100
AcDbPolyline
90
98
70
0
43
0.000000
10
-35.940000
20
-64.650000
10
-37.190000
20
-64.650000
10
-37.190000
20
-64.650000
10
-37.190000
20
-69.070000
10
-37.190000
20
-69.070000
10
-35.760000
20
-69.070000
10
-35.760000
20
-69.070000
10
-35.540000
20
-69.060000
10
-35.540000
20
-69.060000
10
-35.340000
20
-69.040000
10
-35.340000
20
-69.040000
10
-35.150000
20
-69.010000
10
-35.150000
20
-69.010000
10
-34.980000
20
-68.960000
10
-34.980000
20
-68.960000
10
-34.820000
20
-68.900000
10
-34.820000
20
-68.900000
10
-34.670000
20
-68.820000
10
-34.670000
20
-68.820000
10
-34.540000
20
-68.730000
10
-34.540000
20
-68.730000
10
-34.420000
20
-68.640000
10
-34.420000
20
-68.640000
10
-34.320000
20
-68.530000
10
-34.320000
20
-68.530000
10
-34.240000
20
-68.410000
10
-34.240000
20
-68.410000
10
-34.180000
20
-68.280000
10
-34.180000
20
-68.280000
10
-34.130000
20
-68.140000
10
-34.130000
20
-68.140000
10
-34.100000
20
-67.980000
10
-34.100000
20
-67.980000
10
-34.090000
20
-67.820000
10
-34.090000
20
-67.820000
10
-34.100000
20
-67.690000
10
-34.100000
20
-67.690000
10
-34.120000
20
-67.570000
10
-34.120000
20
-67.570000
10
-34.150000
20
-67.460000
10
-34.150000
20
-67.460000
10
-34.190000
20
-67.360000
10
-34.190000
20
-67.360000
10
-34.250000
20
-67.260000
10
-34.250000
20
-67.260000
10
-34.310000
20
-67.170000
10
-34.310000
20
-67.170000
10
-34.390000
20
-67.080000
10
-34.390000
20
-67.080000
10
-34.570000
20
-66.940000
10
-34.570000
20
-66.940000
10
-34.680000
20
-66.880000
10
-34.680000
20
-66.880000
10
-34.790000
20
-66.840000
10
-34.790000
20
-66.840000
10
-34.920000
20
-66.800000
10
-34.920000
20
-66.800000
10
-35.050000
20
-66.770000
10
-35.050000
20
-66.770000
10
-35.190000
20
-66.750000
10
-35.190000
20
-66.750000
10
-35.080000
20
-66.720000
10
-35.080000
20
-66.720000
10
-34.980000
20
-66.680000
10
-34.980000
20
-66.680000
10
-34.880000
20
-66.630000
10
-34.880000
20
-66.630000
10
-34.800000
20
-66.580000
10
-34.800000
20
-66.580000
10
-34.640000
20
-66.460000
10
-34.640000
20
-66.460000
10
-34.520000
20
-66.300000
10
-34.520000
20
-66.300000
10
-34.470000
20
-66.220000
10
-34.470000
20
-66.220000
10
-34.430000
20
-66.130000
10
-34.430000
20
-66.130000
10
-34.400000
20
-66.040000
10
-34.400000
20
-66.040000
10
-34.380000
20
-65.940000
10
-34.380000
20
-65.940000
10
-34.370000
20
-65.840000
10
-34.370000
20
-65.840000
10
-34.360000
20
-65.730000
10
-34.360000
20
-65.730000
10
-34.390000
20
-65.450000
10
-34.390000
20
-65.450000
10
-34.490000
20
-65.200000
10
-34.490000
20
-65.200000
10
-34.650000
20
-65.000000
10
-34.650000
20
-65.000000
10
-34.880000
20
-64.850000
10
-34.880000
20
-64.850000
10
-35.170000
20
-64.740000
10
-35.170000
20
-64.740000
10
-35.520000
20
-64.670000
10
-35.520000
20
-64.670000
10
-35.940000
20
-64.650000
0
LWPOLYLINE
5
2007
100
AcDbEntity
8
0
100
AcDbPolyline
90
72
70
0
43
0.000000
10
-28.570000
20
-64.650000
10
-29.950000
20
-64.650000
10
-29.950000
20
-64.650000
10
-29.950000
20
-69.070000
10
-29.950000
20
-69.070000
10
-29.200000
20
-69.070000
10
-29.200000
20
-69.070000
10
-29.200000
20
-67.400000
10
-29.200000
20
-67.400000
10
-28.400000
20
-67.400000
10
-28.400000
20
-67.400000
10
-28.270000
20
-67.380000
10
-28.270000
20
-67.380000
10
-28.140000
20
-67.370000
10
-28.140000
20
-67.370000
10
-28.030000
20
-67.340000
10
-28.030000
20
-67.340000
10
-27.910000
20
-67.310000
10
-27.910000
20
-67.310000
10
-27.800000
20
-67.270000
10
-27.800000
20
-67.270000
10
-27.600000
20
-67.170000
10
-27.600000
20
-67.170000
10
-27.510000
20
-67.110000
10
-27.510000
20
-67.110000
10
-27.430000
20
-67.050000
10
-27.430000
20
-67.050000
10
-27.360000
20
-66.980000
10
-27.360000
20
-66.980000
10
-27.220000
20
-66.820000
10
-27.220000
20
-66.820000
10
-27.170000
20
-66.730000
10
-27.170000
20
-66.730000
10
-27.110000
20
-66.640000
10
-27.110000
20
-66.640000
10
-27.030000
20
-66.440000
10
-27.030000
20
-66.440000
10
-27.000000
20
-66.340000
10
-27.000000
20
-66.340000
10
-26.980000
20
-66.230000
10
-26.980000
20
-66.230000
10
-26.970000
20
-66.120000
10
-26.970000
20
-66.120000
10
-26.970000
20
-66.000000
10
-26.970000
20
-66.000000
10
-26.980000
20
-65.820000
10
-26.980000
20
-65.820000
10
-27.000000
20
-65.660000
10
-27.000000
20
-65.660000
10
-27.040000
20
-65.510000
10
-27.040000
20
-65.510000
10
-27.100000
20
-65.360000
10
-27.100000
20
-65.360000
10
-27.180000
20
-65.230000
10
-27.180000
20
-65.230000
10
-27.270000
20
-65.110000
10
-27.270000
20
-65.110000
10
-27.380000
20
-65.000000
10
-27.380000
20
-65.000000
10
-27.510000
20
-64.910000
10
-27.510000
20
-64.910000
10
-27.650000
20
-64.830000
10
-27.650000
20
-64.830000
10
-27.810000
20
-64.760000
10
-27.810000
20
-64.760000
10
-27.970000
20
-64.710000
10
-27.970000
20
-64.710000
10
-28.160000
20
-64.680000
10
-28.160000
20
-64.680000
10
-28.360000
20
-64.660000
10
-28.360000
20
-64.660000
10
-28.570000
20
-64.650000
0
LWPOLYLINE
5
2008
100
AcDbEntity
8
0
100
AcDbPolyline
90
122
70
0
43
0.000000
10
-3.750000
20
-65.780000
10
-3.950000
20
-65.800000
10
-3.950000
20
-65.800000
10
-4.140000
20
-65.830000
10
-4.140000
20
-65.830000
10
-4.310000
20
-65.900000
10
-4.310000
20
-65.900000
10
-4.460000
20
-65.980000
10
-4.460000
20
-65.980000
10
-4.590000
20
-66.100000
10
-4.590000
20
-66.100000
10
-4.700000
20
-66.240000
10
-4.700000
20
-66.240000
10
-4.800000
20
-66.400000
10
-4.800000
20
-66.400000
10
-4.820000
20
-66.400000
10
-4.820000
20
-66.400000
10
-4.820000
20
-66.190000
10
-4.820000
20
-66.190000
10
-4.830000
20
-66.110000
10
-4.830000
20
-66.110000
10
-4.830000
20
-66.030000
10
-4.830000
20
-66.030000
10
-4.850000
20
-65.850000
10
-4.850000
20
-65.850000
10
-5.550000
20
-65.850000
10
-5.550000
20
-65.850000
10
-5.530000
20
-66.070000
10
-5.530000
20
-66.070000
10
-5.530000
20
-66.180000
10
-5.530000
20
-66.180000
10
-5.520000
20
-66.280000
10
-5.520000
20
-66.280000
10
-5.520000
20
-70.280000
10
-5.520000
20
-70.280000
10
-4.800000
20
-70.280000
10
-4.800000
20
-70.280000
10
-4.800000
20
-68.670000
10
-4.800000
20
-68.670000
10
-4.810000
20
-68.630000
10
-4.810000
20
-68.630000
10
-4.810000
20
-68.600000
10
-4.810000
20
-68.600000
10
-4.820000
20
-68.570000
10
-4.820000
20
-68.570000
10
-4.800000
20
-68.570000
10
-4.800000
20
-68.570000
10
-4.750000
20
-68.640000
10
-4.750000
20
-68.640000
10
-4.710000
20
-68.710000
10
-4.710000
20
-68.710000
10
-4.660000
20
-68.770000
10
-4.660000
20
-68.770000
10
-4.540000
20
-68.890000
10
-4.540000
20
-68.890000
10
-4.480000
20
-68.940000
10
-4.480000
20
-68.940000
10
-4.420000
20
-68.980000
10
-4.420000
20
-68.980000
10
-4.340000
20
-69.020000
10
-4.340000
20
-69.020000
10
-4.260000
20
-69.050000
10
-4.260000
20
-69.050000
10
-4.180000
20
-69.070000
10
-4.180000
20
-69.070000
10
-4.000000
20
-69.110000
10
-4.000000
20
-69.110000
10
-3.900000
20
-69.110000
10
-3.900000
20
-69.110000
10
-3.800000
20
-69.120000
10
-3.800000
20
-69.120000
10
-3.620000
20
-69.110000
10
-3.620000
20
-69.110000
10
-3.450000
20
-69.080000
10
-3.450000
20
-69.080000
10
-3.290000
20
-69.030000
10
-3.290000
20
-69.030000
10
-3.150000
20
-68.970000
10
-3.150000
20
-68.970000
10
-3.010000
20
-68.890000
10
-3.010000
20
-68.890000
10
-2.890000
20
-68.790000
10
-2.890000
20
-68.790000
10
-2.780000
20
-68.670000
10
-2.780000
20
-68.670000
10
-2.680000
20
-68.540000
10
-2.680000
20
-68.540000
10
-2.600000
20
-68.390000
10
-2.600000
20
-68.390000
10
-2.540000
20
-68.230000
10
-2.540000
20
-68.230000
10
-2.480000
20
-68.050000
10
-2.480000
20
-68.050000
10
-2.450000
20
-67.860000
10
-2.450000
20
-67.860000
10
-2.420000
20
-67.650000
10
-2.420000
20
-67.650000
10
-2.420000
20
-67.220000
10
-2.420000
20
-67.220000
10
-2.440000
20
-67.010000
10
-2.440000
20
-67.010000
10
-2.520000
20
-66.650000
10
-2.520000
20
-66.650000
10
-2.590000
20
-66.490000
10
-2.590000
20
-66.490000
10
-2.660000
20
-66.350000
10
-2.660000
20
-66.350000
10
-2.750000
20
-66.220000
10
-2.750000
20
-66.220000
10
-2.860000
20
-66.100000
10
-2.860000
20
-66.100000
10
-2.970000
20
-66.000000
10
-2.970000
20
-66.000000
10
-3.100000
20
-65.920000
10
-3.100000
20
-65.920000
10
-3.250000
20
-65.860000
10
-3.250000
20
-65.860000
10
-3.400000
20
-65.820000
10
-3.400000
20
-65.820000
10
-3.570000
20
-65.790000
10
-3.570000
20
-65.790000
10
-3.750000
20
-65.780000
0
LWPOLYLINE
5
2009
100
AcDbEntity
8
0
100
AcDbPolyline
90
188
70
0
43
0.000000
10
-0.090000
20
-65.780000
10
-0.250000
20
-65.790000
10
-0.250000
20
-65.790000
10
-0.390000
20
-65.800000
10
-0.390000
20
-65.800000
10
-0.520000
20
-65.820000
10
-0.520000
20
-65.820000
10
-0.640000
20
-65.840000
10
-0.640000
20
-65.840000
10
-0.750000
20
-65.880000
10
-0.750000
20
-65.880000
10
-0.850000
20
-65.920000
10
-0.850000
20
-65.920000
10
-1.030000
20
-66.020000
10
-1.030000
20
-66.020000
10
-1.100000
20
-66.090000
10
-1.100000
20
-66.090000
10
-1.160000
20
-66.160000
10
-1.160000
20
-66.160000
10
-1.220000
20
-66.250000
10
-1.220000
20
-66.250000
10
-1.270000
20
-66.340000
10
-1.270000
20
-66.340000
10
-1.310000
20
-66.440000
10
-1.310000
20
-66.440000
10
-1.340000
20
-66.550000
10
-1.340000
20
-66.550000
10
-0.640000
20
-66.670000
10
-0.640000
20
-66.670000
10
-0.630000
20
-66.610000
10
-0.630000
20
-66.610000
10
-0.590000
20
-66.510000
10
-0.590000
20
-66.510000
10
-0.570000
20
-66.470000
10
-0.570000
20
-66.470000
10
-0.540000
20
-66.430000
10
-0.540000
20
-66.430000
10
-0.480000
20
-66.370000
10
-0.480000
20
-66.370000
10
-0.440000
20
-66.340000
10
-0.440000
20
-66.340000
10
-0.400000
20
-66.320000
10
-0.400000
20
-66.320000
10
-0.300000
20
-66.280000
10
-0.300000
20
-66.280000
10
-0.240000
20
-66.270000
10
-0.240000
20
-66.270000
10
-0.030000
20
-66.270000
10
-0.030000
20
-66.270000
10
0.050000
20
-66.280000
10
0.050000
20
-66.280000
10
0.170000
20
-66.320000
10
0.170000
20
-66.320000
10
0.220000
20
-66.350000
10
0.220000
20
-66.350000
10
0.270000
20
-66.390000
10
0.270000
20
-66.390000
10
0.310000
20
-66.430000
10
0.310000
20
-66.430000
10
0.340000
20
-66.490000
10
0.340000
20
-66.490000
10
0.360000
20
-66.550000
10
0.360000
20
-66.550000
10
0.380000
20
-66.620000
10
0.380000
20
-66.620000
10
0.400000
20
-66.700000
10
0.400000
20
-66.700000
10
0.420000
20
-66.880000
10
0.420000
20
-66.880000
10
0.420000
20
-67.080000
10
0.420000
20
-67.080000
10
-0.130000
20
-67.100000
10
-0.130000
20
-67.100000
10
-0.320000
20
-67.110000
10
-0.320000
20
-67.110000
10
-0.490000
20
-67.130000
10
-0.490000
20
-67.130000
10
-0.650000
20
-67.160000
10
-0.650000
20
-67.160000
10
-0.800000
20
-67.200000
10
-0.800000
20
-67.200000
10
-0.940000
20
-67.250000
10
-0.940000
20
-67.250000
10
-1.070000
20
-67.310000
10
-1.070000
20
-67.310000
10
-1.180000
20
-67.380000
10
-1.180000
20
-67.380000
10
-1.270000
20
-67.460000
10
-1.270000
20
-67.460000
10
-1.350000
20
-67.550000
10
-1.350000
20
-67.550000
10
-1.410000
20
-67.650000
10
-1.410000
20
-67.650000
10
-1.460000
20
-67.760000
10
-1.460000
20
-67.760000
10
-1.500000
20
-67.880000
10
-1.500000
20
-67.880000
10
-1.520000
20
-68.010000
10
-1.520000
20
-68.010000
10
-1.530000
20
-68.150000
10
-1.530000
20
-68.150000
10
-1.520000
20
-68.280000
10
-1.520000
20
-68.280000
10
-1.510000
20
-68.400000
10
-1.510000
20
-68.400000
10
-1.480000
20
-68.510000
10
-1.480000
20
-68.510000
10
-1.450000
20
-68.610000
10
-1.450000
20
-68.610000
10
-1.400000
20
-68.710000
10
-1.400000
20
-68.710000
10
-1.280000
20
-68.870000
10
-1.280000
20
-68.870000
10
-1.200000
20
-68.930000
10
-1.200000
20
-68.930000
10
-1.110000
20
-68.990000
10
-1.110000
20
-68.990000
10
-1.010000
20
-69.030000
10
-1.010000
20
-69.030000
10
-0.900000
20
-69.070000
10
-0.900000
20
-69.070000
10
-0.780000
20
-69.100000
10
-0.780000
20
-69.100000
10
-0.650000
20
-69.110000
10
-0.650000
20
-69.110000
10
-0.510000
20
-69.120000
10
-0.510000
20
-69.120000
10
-0.420000
20
-69.110000
10
-0.420000
20
-69.110000
10
-0.340000
20
-69.110000
10
-0.340000
20
-69.110000
10
-0.250000
20
-69.100000
10
-0.250000
20
-69.100000
10
-0.180000
20
-69.080000
10
-0.180000
20
-69.080000
10
-0.100000
20
-69.060000
10
-0.100000
20
-69.060000
10
0.040000
20
-69.000000
10
0.040000
20
-69.000000
10
0.100000
20
-68.960000
10
0.100000
20
-68.960000
10
0.160000
20
-68.910000
10
0.160000
20
-68.910000
10
0.220000
20
-68.850000
10
0.220000
20
-68.850000
10
0.270000
20
-68.790000
10
0.270000
20
-68.790000
10
0.320000
20
-68.720000
10
0.320000
20
-68.720000
10
0.370000
20
-68.640000
10
0.370000
20
-68.640000
10
0.410000
20
-68.560000
10
0.410000
20
-68.560000
10
0.420000
20
-68.560000
10
0.420000
20
-68.560000
10
0.440000
20
-69.070000
10
0.440000
20
-69.070000
10
1.140000
20
-69.070000
10
1.140000
20
-69.070000
10
1.140000
20
-67.030000
10
1.140000
20
-67.030000
10
1.130000
20
-66.860000
10
1.130000
20
-66.860000
10
1.110000
20
-66.700000
10
1.110000
20
-66.700000
10
1.080000
20
-66.550000
10
1.080000
20
-66.550000
10
1.040000
20
-66.420000
10
1.040000
20
-66.420000
10
0.990000
20
-66.300000
10
0.990000
20
-66.300000
10
0.920000
20
-66.190000
10
0.920000
20
-66.190000
10
0.840000
20
-66.100000
10
0.840000
20
-66.100000
10
0.750000
20
-66.020000
10
0.750000
20
-66.020000
10
0.640000
20
-65.940000
10
0.640000
20
-65.940000
10
0.520000
20
-65.890000
10
0.520000
20
-65.890000
10
0.390000
20
-65.840000
10
0.390000
20
-65.840000
10
0.240000
20
-65.810000
10
0.240000
20
-65.810000
10
0.080000
20
-65.790000
10
0.080000
20
-65.790000
10
-0.090000
20
-65.780000
0
LWPOLYLINE
5
2010
100
AcDbEntity
8
0
100
AcDbPolyline
90
110
70
0
43
0.000000
10
13.060000
20
-65.780000
10
12.850000
20
-65.790000
10
12.850000
20
-65.790000
10
12.650000
20
-65.820000
10
12.650000
20
-65.820000
10
12.460000
20
-65.870000
10
12.460000
20
-65.870000
10
12.290000
20
-65.930000
10
12.290000
20
-65.930000
10
12.130000
20
-66.010000
10
12.130000
20
-66.010000
10
11.990000
20
-66.110000
10
11.990000
20
-66.110000
10
11.860000
20
-66.230000
10
11.860000
20
-66.230000
10
11.740000
20
-66.360000
10
11.740000
20
-66.360000
10
11.650000
20
-66.510000
10
11.650000
20
-66.510000
10
11.570000
20
-66.670000
10
11.570000
20
-66.670000
10
11.510000
20
-66.840000
10
11.510000
20
-66.840000
10
11.460000
20
-67.030000
10
11.460000
20
-67.030000
10
11.430000
20
-67.230000
10
11.430000
20
-67.230000
10
11.430000
20
-67.660000
10
11.430000
20
-67.660000
10
11.460000
20
-67.860000
10
11.460000
20
-67.860000
10
11.510000
20
-68.050000
10
11.510000
20
-68.050000
10
11.570000
20
-68.220000
10
11.570000
20
-68.220000
10
11.650000
20
-68.380000
10
11.650000
20
-68.380000
10
11.740000
20
-68.530000
10
11.740000
20
-68.530000
10
11.860000
20
-68.670000
10
11.860000
20
-68.670000
10
11.990000
20
-68.790000
10
11.990000
20
-68.790000
10
12.130000
20
-68.890000
10
12.130000
20
-68.890000
10
12.280000
20
-68.970000
10
12.280000
20
-68.970000
10
12.450000
20
-69.030000
10
12.450000
20
-69.030000
10
12.630000
20
-69.080000
10
12.630000
20
-69.080000
10
12.830000
20
-69.110000
10
12.830000
20
-69.110000
10
13.040000
20
-69.120000
10
13.040000
20
-69.120000
10
13.260000
20
-69.110000
10
13.260000
20
-69.110000
10
13.460000
20
-69.080000
10
13.460000
20
-69.080000
10
13.650000
20
-69.040000
10
13.650000
20
-69.040000
10
13.830000
20
-68.980000
10
13.830000
20
-68.980000
10
13.990000
20
-68.900000
10
13.990000
20
-68.900000
10
14.140000
20
-68.800000
10
14.140000
20
-68.800000
10
14.280000
20
-68.680000
10
14.280000
20
-68.680000
10
14.390000
20
-68.550000
10
14.390000
20
-68.550000
10
14.490000
20
-68.400000
10
14.490000
20
-68.400000
10
14.570000
20
-68.240000
10
14.570000
20
-68.240000
10
14.630000
20
-68.060000
10
14.630000
20
-68.060000
10
14.670000
20
-67.870000
10
14.670000
20
-67.870000
10
14.700000
20
-67.670000
10
14.700000
20
-67.670000
10
14.710000
20
-67.450000
10
14.710000
20
-67.450000
10
14.700000
20
-67.230000
10
14.700000
20
-67.230000
10
14.680000
20
-67.020000
10
14.680000
20
-67.020000
10
14.630000
20
-66.830000
10
14.630000
20
-66.830000
10
14.570000
20
-66.660000
10
14.570000
20
-66.660000
10
14.500000
20
-66.490000
10
14.500000
20
-66.490000
10
14.400000
20
-66.350000
10
14.400000
20
-66.350000
10
14.290000
20
-66.220000
10
14.290000
20
-66.220000
10
14.160000
20
-66.100000
10
14.160000
20
-66.100000
10
14.020000
20
-66.000000
10
14.020000
20
-66.000000
10
13.850000
20
-65.920000
10
13.850000
20
-65.920000
10
13.680000
20
-65.860000
10
13.680000
20
-65.860000
10
13.490000
20
-65.820000
10
13.490000
20
-65.820000
10
13.280000
20
-65.790000
10
13.280000
20
-65.790000
10
13.060000
20
-65.780000
0
LWPOLYLINE
5
2011
100
AcDbEntity
8
0
100
AcDbPolyline
90
184
70
0
43
0.000000
10
28.410000
20
-65.780000
10
28.260000
20
-65.790000
10
28.260000
20
-65.790000
10
28.120000
20
-65.800000
10
28.120000
20
-65.800000
10
27.990000
20
-65.820000
10
27.990000
20
-65.820000
10
27.870000
20
-65.840000
10
27.870000
20
-65.840000
10
27.750000
20
-65.880000
10
27.750000
20
-65.880000
10
27.650000
20
-65.920000
10
27.650000
20
-65.920000
10
27.560000
20
-65.970000
10
27.560000
20
-65.970000
10
27.480000
20
-66.020000
10
27.480000
20
-66.020000
10
27.340000
20
-66.160000
10
27.340000
20
-66.160000
10
27.240000
20
-66.340000
10
27.240000
20
-66.340000
10
27.200000
20
-66.440000
10
27.200000
20
-66.440000
10
27.160000
20
-66.550000
10
27.160000
20
-66.550000
10
27.860000
20
-66.670000
10
27.860000
20
-66.670000
10
27.880000
20
-66.610000
10
27.880000
20
-66.610000
10
27.920000
20
-66.510000
10
27.920000
20
-66.510000
10
27.940000
20
-66.470000
10
27.940000
20
-66.470000
10
27.970000
20
-66.430000
10
27.970000
20
-66.430000
10
28.030000
20
-66.370000
10
28.030000
20
-66.370000
10
28.070000
20
-66.340000
10
28.070000
20
-66.340000
10
28.150000
20
-66.300000
10
28.150000
20
-66.300000
10
28.210000
20
-66.280000
10
28.210000
20
-66.280000
10
28.260000
20
-66.270000
10
28.260000
20
-66.270000
10
28.480000
20
-66.270000
10
28.480000
20
-66.270000
10
28.550000
20
-66.280000
10
28.550000
20
-66.280000
10
28.620000
20
-66.300000
10
28.620000
20
-66.300000
10
28.680000
20
-66.320000
10
28.680000
20
-66.320000
10
28.730000
20
-66.350000
10
28.730000
20
-66.350000
10
28.780000
20
-66.390000
10
28.780000
20
-66.390000
10
28.810000
20
-66.430000
10
28.810000
20
-66.430000
10
28.870000
20
-66.550000
10
28.870000
20
-66.550000
10
28.890000
20
-66.620000
10
28.890000
20
-66.620000
10
28.910000
20
-66.700000
10
28.910000
20
-66.700000
10
28.930000
20
-66.880000
10
28.930000
20
-66.880000
10
28.930000
20
-67.080000
10
28.930000
20
-67.080000
10
28.380000
20
-67.100000
10
28.380000
20
-67.100000
10
28.190000
20
-67.110000
10
28.190000
20
-67.110000
10
28.010000
20
-67.130000
10
28.010000
20
-67.130000
10
27.850000
20
-67.160000
10
27.850000
20
-67.160000
10
27.700000
20
-67.200000
10
27.700000
20
-67.200000
10
27.560000
20
-67.250000
10
27.560000
20
-67.250000
10
27.440000
20
-67.310000
10
27.440000
20
-67.310000
10
27.330000
20
-67.380000
10
27.330000
20
-67.380000
10
27.240000
20
-67.460000
10
27.240000
20
-67.460000
10
27.160000
20
-67.550000
10
27.160000
20
-67.550000
10
27.090000
20
-67.650000
10
27.090000
20
-67.650000
10
27.040000
20
-67.760000
10
27.040000
20
-67.760000
10
27.010000
20
-67.880000
10
27.010000
20
-67.880000
10
26.990000
20
-68.010000
10
26.990000
20
-68.010000
10
26.980000
20
-68.150000
10
26.980000
20
-68.150000
10
26.980000
20
-68.280000
10
26.980000
20
-68.280000
10
27.000000
20
-68.400000
10
27.000000
20
-68.400000
10
27.030000
20
-68.510000
10
27.030000
20
-68.510000
10
27.060000
20
-68.610000
10
27.060000
20
-68.610000
10
27.110000
20
-68.710000
10
27.110000
20
-68.710000
10
27.160000
20
-68.790000
10
27.160000
20
-68.790000
10
27.230000
20
-68.870000
10
27.230000
20
-68.870000
10
27.310000
20
-68.930000
10
27.310000
20
-68.930000
10
27.400000
20
-68.990000
10
27.400000
20
-68.990000
10
27.500000
20
-69.030000
10
27.500000
20
-69.030000
10
27.610000
20
-69.070000
10
27.610000
20
-69.070000
10
27.730000
20
-69.100000
10
27.730000
20
-69.100000
10
27.860000
20
-69.110000
10
27.860000
20
-69.110000
10
28.000000
20
-69.120000
10
28.000000
20
-69.120000
10
28.080000
20
-69.110000
10
28.080000
20
-69.110000
10
28.170000
20
-69.110000
10
28.170000
20
-69.110000
10
28.250000
20
-69.100000
10
28.250000
20
-69.100000
10
28.410000
20
-69.060000
10
28.410000
20
-69.060000
10
28.550000
20
-69.000000
10
28.550000
20
-69.000000
10
28.610000
20
-68.960000
10
28.610000
20
-68.960000
10
28.670000
20
-68.910000
10
28.670000
20
-68.910000
10
28.720000
20
-68.850000
10
28.720000
20
-68.850000
10
28.780000
20
-68.790000
10
28.780000
20
-68.790000
10
28.830000
20
-68.720000
10
28.830000
20
-68.720000
10
28.880000
20
-68.640000
10
28.880000
20
-68.640000
10
28.920000
20
-68.560000
10
28.920000
20
-68.560000
10
28.930000
20
-68.560000
10
28.930000
20
-68.560000
10
28.950000
20
-69.070000
10
28.950000
20
-69.070000
10
29.650000
20
-69.070000
10
29.650000
20
-69.070000
10
29.650000
20
-67.030000
10
29.650000
20
-67.030000
10
29.640000
20
-66.860000
10
29.640000
20
-66.860000
10
29.620000
20
-66.700000
10
29.620000
20
-66.700000
10
29.590000
20
-66.550000
10
29.590000
20
-66.550000
10
29.550000
20
-66.420000
10
29.550000
20
-66.420000
10
29.490000
20
-66.300000
10
29.490000
20
-66.300000
10
29.430000
20
-66.190000
10
29.430000
20
-66.190000
10
29.350000
20
-66.100000
10
29.350000
20
-66.100000
10
29.150000
20
-65.940000
10
29.150000
20
-65.940000
10
29.030000
20
-65.890000
10
29.030000
20
-65.890000
10
28.890000
20
-65.840000
10
28.890000
20
-65.840000
10
28.750000
20
-65.810000
10
28.750000
20
-65.810000
10
28.590000
20
-65.790000
10
28.590000
20
-65.790000
10
28.410000
20
-65.780000
0
LWPOLYLINE
5
2012
100
AcDbEntity
8
0
100
AcDbPolyline
90
140
70
0
43
0.000000
10
36.520000
20
-64.520000
10
35.810000
20
-64.520000
10
35.810000
20
-64.520000
10
35.810000
20
-66.170000
10
35.810000
20
-66.170000
10
35.820000
20
-66.210000
10
35.820000
20
-66.210000
10
35.820000
20
-66.350000
10
35.820000
20
-66.350000
10
35.810000
20
-66.350000
10
35.810000
20
-66.350000
10
35.710000
20
-66.190000
10
35.710000
20
-66.190000
10
35.650000
20
-66.120000
10
35.650000
20
-66.120000
10
35.590000
20
-66.060000
10
35.590000
20
-66.060000
10
35.470000
20
-65.960000
10
35.470000
20
-65.960000
10
35.410000
20
-65.920000
10
35.410000
20
-65.920000
10
35.330000
20
-65.880000
10
35.330000
20
-65.880000
10
35.260000
20
-65.850000
10
35.260000
20
-65.850000
10
35.170000
20
-65.830000
10
35.170000
20
-65.830000
10
35.090000
20
-65.810000
10
35.090000
20
-65.810000
10
35.000000
20
-65.790000
10
35.000000
20
-65.790000
10
34.900000
20
-65.790000
10
34.900000
20
-65.790000
10
34.810000
20
-65.780000
10
34.810000
20
-65.780000
10
34.620000
20
-65.790000
10
34.620000
20
-65.790000
10
34.450000
20
-65.820000
10
34.450000
20
-65.820000
10
34.290000
20
-65.870000
10
34.290000
20
-65.870000
10
34.140000
20
-65.930000
10
34.140000
20
-65.930000
10
34.010000
20
-66.010000
10
34.010000
20
-66.010000
10
33.880000
20
-66.110000
10
33.880000
20
-66.110000
10
33.770000
20
-66.230000
10
33.770000
20
-66.230000
10
33.680000
20
-66.370000
10
33.680000
20
-66.370000
10
33.600000
20
-66.520000
10
33.600000
20
-66.520000
10
33.540000
20
-66.680000
10
33.540000
20
-66.680000
10
33.490000
20
-66.860000
10
33.490000
20
-66.860000
10
33.450000
20
-67.050000
10
33.450000
20
-67.050000
10
33.430000
20
-67.250000
10
33.430000
20
-67.250000
10
33.420000
20
-67.470000
10
33.420000
20
-67.470000
10
33.430000
20
-67.690000
10
33.430000
20
-67.690000
10
33.450000
20
-67.890000
10
33.450000
20
-67.890000
10
33.490000
20
-68.080000
10
33.490000
20
-68.080000
10
33.540000
20
-68.260000
10
33.540000
20
-68.260000
10
33.600000
20
-68.410000
10
33.600000
20
-68.410000
10
33.680000
20
-68.560000
10
33.680000
20
-68.560000
10
33.770000
20
-68.680000
10
33.770000
20
-68.680000
10
33.880000
20
-68.800000
10
33.880000
20
-68.800000
10
34.000000
20
-68.900000
10
34.000000
20
-68.900000
10
34.130000
20
-68.980000
10
34.130000
20
-68.980000
10
34.270000
20
-69.040000
10
34.270000
20
-69.040000
10
34.430000
20
-69.080000
10
34.430000
20
-69.080000
10
34.590000
20
-69.110000
10
34.590000
20
-69.110000
10
34.770000
20
-69.120000
10
34.770000
20
-69.120000
10
34.970000
20
-69.100000
10
34.970000
20
-69.100000
10
35.150000
20
-69.070000
10
35.150000
20
-69.070000
10
35.310000
20
-69.010000
10
35.310000
20
-69.010000
10
35.460000
20
-68.920000
10
35.460000
20
-68.920000
10
35.590000
20
-68.810000
10
35.590000
20
-68.810000
10
35.710000
20
-68.680000
10
35.710000
20
-68.680000
10
35.800000
20
-68.530000
10
35.800000
20
-68.530000
10
35.810000
20
-68.530000
10
35.810000
20
-68.530000
10
35.810000
20
-68.700000
10
35.810000
20
-68.700000
10
35.820000
20
-68.750000
10
35.820000
20
-68.750000
10
35.820000
20
-68.800000
10
35.820000
20
-68.800000
10
35.830000
20
-68.860000
10
35.830000
20
-68.860000
10
35.830000
20
-68.910000
10
35.830000
20
-68.910000
10
35.840000
20
-68.960000
10
35.840000
20
-68.960000
10
35.840000
20
-68.990000
10
35.840000
20
-68.990000
10
35.850000
20
-69.020000
10
35.850000
20
-69.020000
10
35.850000
20
-69.050000
10
35.850000
20
-69.050000
10
35.860000
20
-69.070000
10
35.860000
20
-69.070000
10
36.560000
20
-69.070000
10
36.560000
20
-69.070000
10
36.550000
20
-68.950000
10
36.550000
20
-68.950000
10
36.540000
20
-68.840000
10
36.540000
20
-68.840000
10
36.530000
20
-68.740000
10
36.530000
20
-68.740000
10
36.530000
20
-68.540000
10
36.530000
20
-68.540000
10
36.520000
20
-68.440000
10
36.520000
20
-68.440000
10
36.520000
20
-64.520000
0
LWPOLYLINE
5
2013
100
AcDbEntity
8
0
100
AcDbPolyline
90
100
70
0
43
0.000000
10
42.150000
20
-64.650000
10
40.900000
20
-64.650000
10
40.900000
20
-64.650000
10
40.900000
20
-69.070000
10
40.900000
20
-69.070000
10
42.330000
20
-69.070000
10
42.330000
20
-69.070000
10
42.550000
20
-69.060000
10
42.550000
20
-69.060000
10
42.750000
20
-69.040000
10
42.750000
20
-69.040000
10
42.940000
20
-69.010000
10
42.940000
20
-69.010000
10
43.110000
20
-68.960000
10
43.110000
20
-68.960000
10
43.270000
20
-68.900000
10
43.270000
20
-68.900000
10
43.420000
20
-68.820000
10
43.420000
20
-68.820000
10
43.550000
20
-68.730000
10
43.550000
20
-68.730000
10
43.670000
20
-68.640000
10
43.670000
20
-68.640000
10
43.770000
20
-68.530000
10
43.770000
20
-68.530000
10
43.850000
20
-68.410000
10
43.850000
20
-68.410000
10
43.920000
20
-68.280000
10
43.920000
20
-68.280000
10
43.960000
20
-68.140000
10
43.960000
20
-68.140000
10
43.990000
20
-67.980000
10
43.990000
20
-67.980000
10
44.000000
20
-67.820000
10
44.000000
20
-67.820000
10
43.990000
20
-67.690000
10
43.990000
20
-67.690000
10
43.970000
20
-67.570000
10
43.970000
20
-67.570000
10
43.940000
20
-67.460000
10
43.940000
20
-67.460000
10
43.900000
20
-67.360000
10
43.900000
20
-67.360000
10
43.850000
20
-67.260000
10
43.850000
20
-67.260000
10
43.780000
20
-67.170000
10
43.780000
20
-67.170000
10
43.700000
20
-67.080000
10
43.700000
20
-67.080000
10
43.520000
20
-66.940000
10
43.520000
20
-66.940000
10
43.410000
20
-66.880000
10
43.410000
20
-66.880000
10
43.300000
20
-66.840000
10
43.300000
20
-66.840000
10
43.180000
20
-66.800000
10
43.180000
20
-66.800000
10
43.040000
20
-66.770000
10
43.040000
20
-66.770000
10
42.900000
20
-66.750000
10
42.900000
20
-66.750000
10
43.010000
20
-66.720000
10
43.010000
20
-66.720000
10
43.110000
20
-66.680000
10
43.110000
20
-66.680000
10
43.210000
20
-66.630000
10
43.210000
20
-66.630000
10
43.300000
20
-66.580000
10
43.300000
20
-66.580000
10
43.380000
20
-66.520000
10
43.380000
20
-66.520000
10
43.450000
20
-66.460000
10
43.450000
20
-66.460000
10
43.520000
20
-66.380000
10
43.520000
20
-66.380000
10
43.620000
20
-66.220000
10
43.620000
20
-66.220000
10
43.660000
20
-66.130000
10
43.660000
20
-66.130000
10
43.690000
20
-66.040000
10
43.690000
20
-66.040000
10
43.720000
20
-65.940000
10
43.720000
20
-65.940000
10
43.730000
20
-65.840000
10
43.730000
20
-65.840000
10
43.730000
20
-65.730000
10
43.730000
20
-65.730000
10
43.700000
20
-65.450000
10
43.700000
20
-65.450000
10
43.600000
20
-65.200000
10
43.600000
20
-65.200000
10
43.440000
20
-65.000000
10
43.440000
20
-65.000000
10
43.220000
20
-64.850000
10
43.220000
20
-64.850000
10
42.920000
20
-64.740000
10
42.920000
20
-64.740000
10
42.570000
20
-64.670000
10
42.570000
20
-64.670000
10
42.150000
20
-64.650000
0
LWPOLYLINE
5
2014
100
AcDbEntity
8
0
100
AcDbPolyline
90
112
70
0
43
0.000000
10
46.490000
20
-65.780000
10
46.280000
20
-65.790000
10
46.280000
20
-65.790000
10
46.080000
20
-65.820000
10
46.080000
20
-65.820000
10
45.890000
20
-65.870000
10
45.890000
20
-65.870000
10
45.720000
20
-65.930000
10
45.720000
20
-65.930000
10
45.560000
20
-66.010000
10
45.560000
20
-66.010000
10
45.420000
20
-66.110000
10
45.420000
20
-66.110000
10
45.290000
20
-66.230000
10
45.290000
20
-66.230000
10
45.170000
20
-66.360000
10
45.170000
20
-66.360000
10
45.080000
20
-66.510000
10
45.080000
20
-66.510000
10
45.000000
20
-66.670000
10
45.000000
20
-66.670000
10
44.930000
20
-66.840000
10
44.930000
20
-66.840000
10
44.890000
20
-67.030000
10
44.890000
20
-67.030000
10
44.860000
20
-67.230000
10
44.860000
20
-67.230000
10
44.850000
20
-67.450000
10
44.850000
20
-67.450000
10
44.860000
20
-67.660000
10
44.860000
20
-67.660000
10
44.890000
20
-67.860000
10
44.890000
20
-67.860000
10
44.930000
20
-68.050000
10
44.930000
20
-68.050000
10
45.000000
20
-68.220000
10
45.000000
20
-68.220000
10
45.080000
20
-68.380000
10
45.080000
20
-68.380000
10
45.170000
20
-68.530000
10
45.170000
20
-68.530000
10
45.290000
20
-68.670000
10
45.290000
20
-68.670000
10
45.410000
20
-68.790000
10
45.410000
20
-68.790000
10
45.550000
20
-68.890000
10
45.550000
20
-68.890000
10
45.710000
20
-68.970000
10
45.710000
20
-68.970000
10
45.880000
20
-69.030000
10
45.880000
20
-69.030000
10
46.060000
20
-69.080000
10
46.060000
20
-69.080000
10
46.260000
20
-69.110000
10
46.260000
20
-69.110000
10
46.470000
20
-69.120000
10
46.470000
20
-69.120000
10
46.690000
20
-69.110000
10
46.690000
20
-69.110000
10
46.890000
20
-69.080000
10
46.890000
20
-69.080000
10
47.080000
20
-69.040000
10
47.080000
20
-69.040000
10
47.260000
20
-68.980000
10
47.260000
20
-68.980000
10
47.420000
20
-68.900000
10
47.420000
20
-68.900000
10
47.570000
20
-68.800000
10
47.570000
20
-68.800000
10
47.700000
20
-68.680000
10
47.700000
20
-68.680000
10
47.820000
20
-68.550000
10
47.820000
20
-68.550000
10
47.920000
20
-68.400000
10
47.920000
20
-68.400000
10
48.000000
20
-68.240000
10
48.000000
20
-68.240000
10
48.060000
20
-68.060000
10
48.060000
20
-68.060000
10
48.100000
20
-67.870000
10
48.100000
20
-67.870000
10
48.130000
20
-67.670000
10
48.130000
20
-67.670000
10
48.140000
20
-67.450000
10
48.140000
20
-67.450000
10
48.130000
20
-67.230000
10
48.130000
20
-67.230000
10
48.100000
20
-67.020000
10
48.100000
20
-67.020000
10
48.060000
20
-66.830000
10
48.060000
20
-66.830000
10
48.000000
20
-66.660000
10
48.000000
20
-66.660000
10
47.930000
20
-66.490000
10
47.930000
20
-66.490000
10
47.830000
20
-66.350000
10
47.830000
20
-66.350000
10
47.720000
20
-66.220000
10
47.720000
20
-66.220000
10
47.590000
20
-66.100000
10
47.590000
20
-66.100000
10
47.440000
20
-66.000000
10
47.440000
20
-66.000000
10
47.280000
20
-65.920000
10
47.280000
20
-65.920000
10
47.110000
20
-65.860000
10
47.110000
20
-65.860000
10
46.910000
20
-65.820000
10
46.910000
20
-65.820000
10
46.710000
20
-65.790000
10
46.710000
20
-65.790000
10
46.490000
20
-65.780000
0
LWPOLYLINE
5
2015
100
AcDbEntity
8
0
100
AcDbPolyline
90
188
70
0
43
0.000000
10
50.430000
20
-65.780000
10
50.270000
20
-65.790000
10
50.270000
20
-65.790000
10
50.130000
20
-65.800000
10
50.130000
20
-65.800000
10
50.000000
20
-65.820000
10
50.000000
20
-65.820000
10
49.880000
20
-65.840000
10
49.880000
20
-65.840000
10
49.770000
20
-65.880000
10
49.770000
20
-65.880000
10
49.670000
20
-65.920000
10
49.670000
20
-65.920000
10
49.490000
20
-66.020000
10
49.490000
20
-66.020000
10
49.420000
20
-66.090000
10
49.420000
20
-66.090000
10
49.360000
20
-66.160000
10
49.360000
20
-66.160000
10
49.300000
20
-66.250000
10
49.300000
20
-66.250000
10
49.250000
20
-66.340000
10
49.250000
20
-66.340000
10
49.210000
20
-66.440000
10
49.210000
20
-66.440000
10
49.180000
20
-66.550000
10
49.180000
20
-66.550000
10
49.880000
20
-66.670000
10
49.880000
20
-66.670000
10
49.890000
20
-66.610000
10
49.890000
20
-66.610000
10
49.930000
20
-66.510000
10
49.930000
20
-66.510000
10
49.950000
20
-66.470000
10
49.950000
20
-66.470000
10
49.980000
20
-66.430000
10
49.980000
20
-66.430000
10
50.040000
20
-66.370000
10
50.040000
20
-66.370000
10
50.080000
20
-66.340000
10
50.080000
20
-66.340000
10
50.120000
20
-66.320000
10
50.120000
20
-66.320000
10
50.220000
20
-66.280000
10
50.220000
20
-66.280000
10
50.280000
20
-66.270000
10
50.280000
20
-66.270000
10
50.490000
20
-66.270000
10
50.490000
20
-66.270000
10
50.570000
20
-66.280000
10
50.570000
20
-66.280000
10
50.690000
20
-66.320000
10
50.690000
20
-66.320000
10
50.740000
20
-66.350000
10
50.740000
20
-66.350000
10
50.790000
20
-66.390000
10
50.790000
20
-66.390000
10
50.830000
20
-66.430000
10
50.830000
20
-66.430000
10
50.860000
20
-66.490000
10
50.860000
20
-66.490000
10
50.880000
20
-66.550000
10
50.880000
20
-66.550000
10
50.900000
20
-66.620000
10
50.900000
20
-66.620000
10
50.920000
20
-66.700000
10
50.920000
20
-66.700000
10
50.940000
20
-66.880000
10
50.940000
20
-66.880000
10
50.940000
20
-67.080000
10
50.940000
20
-67.080000
10
50.390000
20
-67.100000
10
50.390000
20
-67.100000
10
50.200000
20
-67.110000
10
50.200000
20
-67.110000
10
50.030000
20
-67.130000
10
50.030000
20
-67.130000
10
49.870000
20
-67.160000
10
49.870000
20
-67.160000
10
49.720000
20
-67.200000
10
49.720000
20
-67.200000
10
49.580000
20
-67.250000
10
49.580000
20
-67.250000
10
49.450000
20
-67.310000
10
49.450000
20
-67.310000
10
49.340000
20
-67.380000
10
49.340000
20
-67.380000
10
49.250000
20
-67.460000
10
49.250000
20
-67.460000
10
49.170000
20
-67.550000
10
49.170000
20
-67.550000
10
49.110000
20
-67.650000
10
49.110000
20
-67.650000
10
49.060000
20
-67.760000
10
49.060000
20
-67.760000
10
49.020000
20
-67.880000
10
49.020000
20
-67.880000
10
49.000000
20
-68.010000
10
49.000000
20
-68.010000
10
48.990000
20
-68.150000
10
48.990000
20
-68.150000
10
49.000000
20
-68.280000
10
49.000000
20
-68.280000
10
49.010000
20
-68.400000
10
49.010000
20
-68.400000
10
49.040000
20
-68.510000
10
49.040000
20
-68.510000
10
49.070000
20
-68.610000
10
49.070000
20
-68.610000
10
49.120000
20
-68.710000
10
49.120000
20
-68.710000
10
49.240000
20
-68.870000
10
49.240000
20
-68.870000
10
49.320000
20
-68.930000
10
49.320000
20
-68.930000
10
49.410000
20
-68.990000
10
49.410000
20
-68.990000
10
49.510000
20
-69.030000
10
49.510000
20
-69.030000
10
49.620000
20
-69.070000
10
49.620000
20
-69.070000
10
49.740000
20
-69.100000
10
49.740000
20
-69.100000
10
49.870000
20
-69.110000
10
49.870000
20
-69.110000
10
50.010000
20
-69.120000
10
50.010000
20
-69.120000
10
50.100000
20
-69.110000
10
50.100000
20
-69.110000
10
50.180000
20
-69.110000
10
50.180000
20
-69.110000
10
50.270000
20
-69.100000
10
50.270000
20
-69.100000
10
50.340000
20
-69.080000
10
50.340000
20
-69.080000
10
50.420000
20
-69.060000
10
50.420000
20
-69.060000
10
50.560000
20
-69.000000
10
50.560000
20
-69.000000
10
50.620000
20
-68.960000
10
50.620000
20
-68.960000
10
50.680000
20
-68.910000
10
50.680000
20
-68.910000
10
50.740000
20
-68.850000
10
50.740000
20
-68.850000
10
50.790000
20
-68.790000
10
50.790000
20
-68.790000
10
50.840000
20
-68.720000
10
50.840000
20
-68.720000
10
50.890000
20
-68.640000
10
50.890000
20
-68.640000
10
50.930000
20
-68.560000
10
50.930000
20
-68.560000
10
50.940000
20
-68.560000
10
50.940000
20
-68.560000
10
50.960000
20
-69.070000
10
50.960000
20
-69.070000
10
51.660000
20
-69.070000
10
51.660000
20
-69.070000
10
51.660000
20
-67.030000
10
51.660000
20
-67.030000
10
51.650000
20
-66.860000
10
51.650000
20
-66.860000
10
51.630000
20
-66.700000
10
51.630000
20
-66.700000
10
51.600000
20
-66.550000
10
51.600000
20
-66.550000
10
51.560000
20
-66.420000
10
51.560000
20
-66.420000
10
51.510000
20
-66.300000
10
51.510000
20
-66.300000
10
51.440000
20
-66.190000
10
51.440000
20
-66.190000
10
51.360000
20
-66.100000
10
51.360000
20
-66.100000
10
51.270000
20
-66.020000
10
51.270000
20
-66.020000
10
51.160000
20
-65.940000
10
51.160000
20
-65.940000
10
51.040000
20
-65.890000
10
51.040000
20
-65.890000
10
50.910000
20
-65.840000
10
50.910000
20
-65.840000
10
50.760000
20
-65.810000
10
50.760000
20
-65.810000
10
50.600000
20
-65.790000
10
50.600000
20
-65.790000
10
50.430000
20
-65.780000
0
LWPOLYLINE
5
2016
100
AcDbEntity
8
0
100
AcDbPolyline
90
138
70
0
43
0.000000
10
58.540000
20
-64.520000
10
57.820000
20
-64.520000
10
57.820000
20
-64.520000
10
57.820000
20
-66.140000
10
57.820000
20
-66.140000
10
57.830000
20
-66.170000
10
57.830000
20
-66.170000
10
57.830000
20
-66.280000
10
57.830000
20
-66.280000
10
57.840000
20
-66.320000
10
57.840000
20
-66.320000
10
57.840000
20
-66.350000
10
57.840000
20
-66.350000
10
57.820000
20
-66.350000
10
57.820000
20
-66.350000
10
57.720000
20
-66.190000
10
57.720000
20
-66.190000
10
57.660000
20
-66.120000
10
57.660000
20
-66.120000
10
57.610000
20
-66.060000
10
57.610000
20
-66.060000
10
57.550000
20
-66.010000
10
57.550000
20
-66.010000
10
57.480000
20
-65.960000
10
57.480000
20
-65.960000
10
57.420000
20
-65.920000
10
57.420000
20
-65.920000
10
57.350000
20
-65.880000
10
57.350000
20
-65.880000
10
57.270000
20
-65.850000
10
57.270000
20
-65.850000
10
57.190000
20
-65.830000
10
57.190000
20
-65.830000
10
57.010000
20
-65.790000
10
57.010000
20
-65.790000
10
56.920000
20
-65.790000
10
56.920000
20
-65.790000
10
56.820000
20
-65.780000
10
56.820000
20
-65.780000
10
56.640000
20
-65.790000
10
56.640000
20
-65.790000
10
56.460000
20
-65.820000
10
56.460000
20
-65.820000
10
56.300000
20
-65.870000
10
56.300000
20
-65.870000
10
56.160000
20
-65.930000
10
56.160000
20
-65.930000
10
56.020000
20
-66.010000
10
56.020000
20
-66.010000
10
55.900000
20
-66.110000
10
55.900000
20
-66.110000
10
55.790000
20
-66.230000
10
55.790000
20
-66.230000
10
55.690000
20
-66.370000
10
55.690000
20
-66.370000
10
55.610000
20
-66.520000
10
55.610000
20
-66.520000
10
55.550000
20
-66.680000
10
55.550000
20
-66.680000
10
55.500000
20
-66.860000
10
55.500000
20
-66.860000
10
55.460000
20
-67.050000
10
55.460000
20
-67.050000
10
55.440000
20
-67.250000
10
55.440000
20
-67.250000
10
55.440000
20
-67.690000
10
55.440000
20
-67.690000
10
55.460000
20
-67.890000
10
55.460000
20
-67.890000
10
55.500000
20
-68.080000
10
55.500000
20
-68.080000
10
55.550000
20
-68.260000
10
55.550000
20
-68.260000
10
55.610000
20
-68.410000
10
55.610000
20
-68.410000
10
55.690000
20
-68.560000
10
55.690000
20
-68.560000
10
55.890000
20
-68.800000
10
55.890000
20
-68.800000
10
56.010000
20
-68.900000
10
56.010000
20
-68.900000
10
56.140000
20
-68.980000
10
56.140000
20
-68.980000
10
56.280000
20
-69.040000
10
56.280000
20
-69.040000
10
56.440000
20
-69.080000
10
56.440000
20
-69.080000
10
56.610000
20
-69.110000
10
56.610000
20
-69.110000
10
56.790000
20
-69.120000
10
56.790000
20
-69.120000
10
56.980000
20
-69.100000
10
56.980000
20
-69.100000
10
57.160000
20
-69.070000
10
57.160000
20
-69.070000
10
57.330000
20
-69.010000
10
57.330000
20
-69.010000
10
57.470000
20
-68.920000
10
57.470000
20
-68.920000
10
57.610000
20
-68.810000
10
57.610000
20
-68.810000
10
57.720000
20
-68.680000
10
57.720000
20
-68.680000
10
57.810000
20
-68.530000
10
57.810000
20
-68.530000
10
57.820000
20
-68.530000
10
57.820000
20
-68.530000
10
57.820000
20
-68.650000
10
57.820000
20
-68.650000
10
57.830000
20
-68.700000
10
57.830000
20
-68.700000
10
57.830000
20
-68.750000
10
57.830000
20
-68.750000
10
57.840000
20
-68.800000
10
57.840000
20
-68.800000
10
57.840000
20
-68.860000
10
57.840000
20
-68.860000
10
57.850000
20
-68.910000
10
57.850000
20
-68.910000
10
57.850000
20
-68.960000
10
57.850000
20
-68.960000
10
57.860000
20
-68.990000
10
57.860000
20
-68.990000
10
57.860000
20
-69.050000
10
57.860000
20
-69.050000
10
57.870000
20
-69.070000
10
57.870000
20
-69.070000
10
58.570000
20
-69.070000
10
58.570000
20
-69.070000
10
58.560000
20
-68.950000
10
58.560000
20
-68.950000
10
58.550000
20
-68.840000
10
58.550000
20
-68.840000
10
58.550000
20
-68.740000
10
58.550000
20
-68.740000
10
58.540000
20
-68.640000
10
58.540000
20
-68.640000
10
58.540000
20
-64.520000
0
LWPOLYLINE
5
2017
100
AcDbEntity
8
0
100
AcDbPolyline
90
108
70
0
43
0.000000
10
64.160000
20
-64.580000
10
64.010000
20
-64.590000
10
64.010000
20
-64.590000
10
63.870000
20
-64.600000
10
63.870000
20
-64.600000
10
63.740000
20
-64.630000
10
63.740000
20
-64.630000
10
63.620000
20
-64.660000
10
63.620000
20
-64.660000
10
63.500000
20
-64.710000
10
63.500000
20
-64.710000
10
63.300000
20
-64.830000
10
63.300000
20
-64.830000
10
63.210000
20
-64.910000
10
63.210000
20
-64.910000
10
63.130000
20
-64.990000
10
63.130000
20
-64.990000
10
63.050000
20
-65.080000
10
63.050000
20
-65.080000
10
62.910000
20
-65.300000
10
62.910000
20
-65.300000
10
62.850000
20
-65.430000
10
62.850000
20
-65.430000
10
62.800000
20
-65.570000
10
62.800000
20
-65.570000
10
62.750000
20
-65.720000
10
62.750000
20
-65.720000
10
62.710000
20
-65.880000
10
62.710000
20
-65.880000
10
62.680000
20
-66.050000
10
62.680000
20
-66.050000
10
62.660000
20
-66.230000
10
62.660000
20
-66.230000
10
62.640000
20
-66.430000
10
62.640000
20
-66.430000
10
62.630000
20
-66.630000
10
62.630000
20
-66.630000
10
62.630000
20
-66.850000
10
62.630000
20
-66.850000
10
62.660000
20
-67.450000
10
62.660000
20
-67.450000
10
62.750000
20
-67.960000
10
62.750000
20
-67.960000
10
62.910000
20
-68.380000
10
62.910000
20
-68.380000
10
63.120000
20
-68.700000
10
63.120000
20
-68.700000
10
63.400000
20
-68.930000
10
63.400000
20
-68.930000
10
63.740000
20
-69.070000
10
63.740000
20
-69.070000
10
64.150000
20
-69.120000
10
64.150000
20
-69.120000
10
64.350000
20
-69.110000
10
64.350000
20
-69.110000
10
64.540000
20
-69.070000
10
64.540000
20
-69.070000
10
64.720000
20
-69.010000
10
64.720000
20
-69.010000
10
64.880000
20
-68.930000
10
64.880000
20
-68.930000
10
65.030000
20
-68.830000
10
65.030000
20
-68.830000
10
65.160000
20
-68.700000
10
65.160000
20
-68.700000
10
65.280000
20
-68.550000
10
65.280000
20
-68.550000
10
65.380000
20
-68.370000
10
65.380000
20
-68.370000
10
65.470000
20
-68.170000
10
65.470000
20
-68.170000
10
65.540000
20
-67.950000
10
65.540000
20
-67.950000
10
65.590000
20
-67.710000
10
65.590000
20
-67.710000
10
65.630000
20
-67.440000
10
65.630000
20
-67.440000
10
65.650000
20
-67.160000
10
65.650000
20
-67.160000
10
65.660000
20
-66.850000
10
65.660000
20
-66.850000
10
65.660000
20
-66.530000
10
65.660000
20
-66.530000
10
65.630000
20
-66.240000
10
65.630000
20
-66.240000
10
65.600000
20
-65.970000
10
65.600000
20
-65.970000
10
65.540000
20
-65.730000
10
65.540000
20
-65.730000
10
65.480000
20
-65.510000
10
65.480000
20
-65.510000
10
65.390000
20
-65.320000
10
65.390000
20
-65.320000
10
65.300000
20
-65.150000
10
65.300000
20
-65.150000
10
65.180000
20
-65.000000
10
65.180000
20
-65.000000
10
65.050000
20
-64.870000
10
65.050000
20
-64.870000
10
64.910000
20
-64.770000
10
64.910000
20
-64.770000
10
64.750000
20
-64.690000
10
64.750000
20
-64.690000
10
64.570000
20
-64.630000
10
64.570000
20
-64.630000
10
64.370000
20
-64.590000
10
64.370000
20
-64.590000
10
64.160000
20
-64.580000
0
LWPOLYLINE
5
2018
100
AcDbEntity
8
0
100
AcDbPolyline
90
194
70
0
43
0.000000
10
84.790000
20
-64.580000
10
84.590000
20
-64.590000
10
84.590000
20
-64.590000
10
84.410000
20
-64.610000
10
84.410000
20
-64.610000
10
84.240000
20
-64.650000
10
84.240000
20
-64.650000
10
84.080000
20
-64.710000
10
84.080000
20
-64.710000
10
83.940000
20
-64.780000
10
83.940000
20
-64.780000
10
83.810000
20
-64.860000
10
83.810000
20
-64.860000
10
83.690000
20
-64.970000
10
83.690000
20
-64.970000
10
83.590000
20
-65.080000
10
83.590000
20
-65.080000
10
83.500000
20
-65.210000
10
83.500000
20
-65.210000
10
83.430000
20
-65.350000
10
83.430000
20
-65.350000
10
83.380000
20
-65.510000
10
83.380000
20
-65.510000
10
83.340000
20
-65.680000
10
83.340000
20
-65.680000
10
83.320000
20
-65.860000
10
83.320000
20
-65.860000
10
83.310000
20
-66.050000
10
83.310000
20
-66.050000
10
83.320000
20
-66.240000
10
83.320000
20
-66.240000
10
83.340000
20
-66.420000
10
83.340000
20
-66.420000
10
83.370000
20
-66.580000
10
83.370000
20
-66.580000
10
83.420000
20
-66.730000
10
83.420000
20
-66.730000
10
83.490000
20
-66.870000
10
83.490000
20
-66.870000
10
83.570000
20
-67.000000
10
83.570000
20
-67.000000
10
83.660000
20
-67.120000
10
83.660000
20
-67.120000
10
83.760000
20
-67.220000
10
83.760000
20
-67.220000
10
83.870000
20
-67.300000
10
83.870000
20
-67.300000
10
83.990000
20
-67.370000
10
83.990000
20
-67.370000
10
84.120000
20
-67.430000
10
84.120000
20
-67.430000
10
84.260000
20
-67.470000
10
84.260000
20
-67.470000
10
84.410000
20
-67.490000
10
84.410000
20
-67.490000
10
84.580000
20
-67.500000
10
84.580000
20
-67.500000
10
84.670000
20
-67.500000
10
84.670000
20
-67.500000
10
84.770000
20
-67.490000
10
84.770000
20
-67.490000
10
84.860000
20
-67.480000
10
84.860000
20
-67.480000
10
84.950000
20
-67.460000
10
84.950000
20
-67.460000
10
85.190000
20
-67.370000
10
85.190000
20
-67.370000
10
85.270000
20
-67.330000
10
85.270000
20
-67.330000
10
85.330000
20
-67.280000
10
85.330000
20
-67.280000
10
85.400000
20
-67.230000
10
85.400000
20
-67.230000
10
85.510000
20
-67.120000
10
85.510000
20
-67.120000
10
85.550000
20
-67.050000
10
85.550000
20
-67.050000
10
85.580000
20
-66.990000
10
85.580000
20
-66.990000
10
85.590000
20
-66.990000
10
85.590000
20
-66.990000
10
85.570000
20
-67.400000
10
85.570000
20
-67.400000
10
85.510000
20
-67.750000
10
85.510000
20
-67.750000
10
85.410000
20
-68.040000
10
85.410000
20
-68.040000
10
85.290000
20
-68.260000
10
85.290000
20
-68.260000
10
85.130000
20
-68.420000
10
85.130000
20
-68.420000
10
84.940000
20
-68.520000
10
84.940000
20
-68.520000
10
84.710000
20
-68.550000
10
84.710000
20
-68.550000
10
84.570000
20
-68.540000
10
84.570000
20
-68.540000
10
84.440000
20
-68.510000
10
84.440000
20
-68.510000
10
84.330000
20
-68.460000
10
84.330000
20
-68.460000
10
84.240000
20
-68.390000
10
84.240000
20
-68.390000
10
84.160000
20
-68.300000
10
84.160000
20
-68.300000
10
84.090000
20
-68.190000
10
84.090000
20
-68.190000
10
84.040000
20
-68.080000
10
84.040000
20
-68.080000
10
83.970000
20
-68.080000
10
83.970000
20
-68.080000
10
83.360000
20
-68.170000
10
83.360000
20
-68.170000
10
83.400000
20
-68.300000
10
83.400000
20
-68.300000
10
83.450000
20
-68.420000
10
83.450000
20
-68.420000
10
83.570000
20
-68.640000
10
83.570000
20
-68.640000
10
83.640000
20
-68.730000
10
83.640000
20
-68.730000
10
83.720000
20
-68.810000
10
83.720000
20
-68.810000
10
83.810000
20
-68.880000
10
83.810000
20
-68.880000
10
83.910000
20
-68.950000
10
83.910000
20
-68.950000
10
84.020000
20
-69.000000
10
84.020000
20
-69.000000
10
84.130000
20
-69.040000
10
84.130000
20
-69.040000
10
84.260000
20
-69.070000
10
84.260000
20
-69.070000
10
84.400000
20
-69.100000
10
84.400000
20
-69.100000
10
84.540000
20
-69.110000
10
84.540000
20
-69.110000
10
84.690000
20
-69.120000
10
84.690000
20
-69.120000
10
84.910000
20
-69.100000
10
84.910000
20
-69.100000
10
85.120000
20
-69.070000
10
85.120000
20
-69.070000
10
85.300000
20
-69.010000
10
85.300000
20
-69.010000
10
85.480000
20
-68.930000
10
85.480000
20
-68.930000
10
85.630000
20
-68.820000
10
85.630000
20
-68.820000
10
85.770000
20
-68.690000
10
85.770000
20
-68.690000
10
85.890000
20
-68.530000
10
85.890000
20
-68.530000
10
86.000000
20
-68.350000
10
86.000000
20
-68.350000
10
86.100000
20
-68.150000
10
86.100000
20
-68.150000
10
86.170000
20
-67.920000
10
86.170000
20
-67.920000
10
86.230000
20
-67.670000
10
86.230000
20
-67.670000
10
86.280000
20
-67.400000
10
86.280000
20
-67.400000
10
86.300000
20
-67.100000
10
86.300000
20
-67.100000
10
86.310000
20
-66.780000
10
86.310000
20
-66.780000
10
86.300000
20
-66.480000
10
86.300000
20
-66.480000
10
86.280000
20
-66.190000
10
86.280000
20
-66.190000
10
86.240000
20
-65.930000
10
86.240000
20
-65.930000
10
86.180000
20
-65.700000
10
86.180000
20
-65.700000
10
86.110000
20
-65.490000
10
86.110000
20
-65.490000
10
86.030000
20
-65.300000
10
86.030000
20
-65.300000
10
85.930000
20
-65.130000
10
85.930000
20
-65.130000
10
85.810000
20
-64.990000
10
85.810000
20
-64.990000
10
85.680000
20
-64.860000
10
85.680000
20
-64.860000
10
85.530000
20
-64.760000
10
85.530000
20
-64.760000
10
85.370000
20
-64.680000
10
85.370000
20
-64.680000
10
85.190000
20
-64.630000
10
85.190000
20
-64.630000
10
85.000000
20
-64.590000
10
85.000000
20
-64.590000
10
84.790000
20
-64.580000
0
LWPOLYLINE
5
2019
100
AcDbEntity
8
0
100
AcDbPolyline
90
120
70
0
43
0.000000
10
96.820000
20
-64.580000
10
96.540000
20
-64.600000
10
96.540000
20
-64.600000
10
96.280000
20
-64.630000
10
96.280000
20
-64.630000
10
96.040000
20
-64.690000
10
96.040000
20
-64.690000
10
95.810000
20
-64.780000
10
95.810000
20
-64.780000
10
95.610000
20
-64.890000
10
95.610000
20
-64.890000
10
95.420000
20
-65.020000
10
95.420000
20
-65.020000
10
95.260000
20
-65.180000
10
95.260000
20
-65.180000
10
95.110000
20
-65.360000
10
95.110000
20
-65.360000
10
94.990000
20
-65.560000
10
94.990000
20
-65.560000
10
94.890000
20
-65.770000
10
94.890000
20
-65.770000
10
94.810000
20
-66.010000
10
94.810000
20
-66.010000
10
94.750000
20
-66.260000
10
94.750000
20
-66.260000
10
94.720000
20
-66.540000
10
94.720000
20
-66.540000
10
94.710000
20
-66.830000
10
94.710000
20
-66.830000
10
94.720000
20
-67.130000
10
94.720000
20
-67.130000
10
94.750000
20
-67.410000
10
94.750000
20
-67.410000
10
94.810000
20
-67.670000
10
94.810000
20
-67.670000
10
94.890000
20
-67.910000
10
94.890000
20
-67.910000
10
94.990000
20
-68.130000
10
94.990000
20
-68.130000
10
95.110000
20
-68.340000
10
95.110000
20
-68.340000
10
95.260000
20
-68.520000
10
95.260000
20
-68.520000
10
95.420000
20
-68.680000
10
95.420000
20
-68.680000
10
95.610000
20
-68.810000
10
95.610000
20
-68.810000
10
95.810000
20
-68.920000
10
95.810000
20
-68.920000
10
96.030000
20
-69.010000
10
96.030000
20
-69.010000
10
96.270000
20
-69.070000
10
96.270000
20
-69.070000
10
96.530000
20
-69.100000
10
96.530000
20
-69.100000
10
96.810000
20
-69.120000
10
96.810000
20
-69.120000
10
96.990000
20
-69.110000
10
96.990000
20
-69.110000
10
97.170000
20
-69.090000
10
97.170000
20
-69.090000
10
97.340000
20
-69.070000
10
97.340000
20
-69.070000
10
97.500000
20
-69.030000
10
97.500000
20
-69.030000
10
97.660000
20
-68.980000
10
97.660000
20
-68.980000
10
97.800000
20
-68.920000
10
97.800000
20
-68.920000
10
97.940000
20
-68.850000
10
97.940000
20
-68.850000
10
98.200000
20
-68.670000
10
98.200000
20
-68.670000
10
98.420000
20
-68.450000
10
98.420000
20
-68.450000
10
98.510000
20
-68.330000
10
98.510000
20
-68.330000
10
98.600000
20
-68.190000
10
98.600000
20
-68.190000
10
98.670000
20
-68.050000
10
98.670000
20
-68.050000
10
98.750000
20
-67.900000
10
98.750000
20
-67.900000
10
98.810000
20
-67.740000
10
98.810000
20
-67.740000
10
98.890000
20
-67.400000
10
98.890000
20
-67.400000
10
98.920000
20
-67.220000
10
98.920000
20
-67.220000
10
98.940000
20
-67.030000
10
98.940000
20
-67.030000
10
98.940000
20
-66.830000
10
98.940000
20
-66.830000
10
98.930000
20
-66.540000
10
98.930000
20
-66.540000
10
98.890000
20
-66.270000
10
98.890000
20
-66.270000
10
98.840000
20
-66.020000
10
98.840000
20
-66.020000
10
98.760000
20
-65.780000
10
98.760000
20
-65.780000
10
98.650000
20
-65.560000
10
98.650000
20
-65.560000
10
98.520000
20
-65.360000
10
98.520000
20
-65.360000
10
98.370000
20
-65.180000
10
98.370000
20
-65.180000
10
98.210000
20
-65.020000
10
98.210000
20
-65.020000
10
98.020000
20
-64.890000
10
98.020000
20
-64.890000
10
97.820000
20
-64.780000
10
97.820000
20
-64.780000
10
97.600000
20
-64.690000
10
97.600000
20
-64.690000
10
97.360000
20
-64.630000
10
97.360000
20
-64.630000
10
97.100000
20
-64.600000
10
97.100000
20
-64.600000
10
96.820000
20
-64.580000
0
LWPOLYLINE
5
2020
100
AcDbEntity
8
0
100
AcDbPolyline
90
70
70
0
43
0.000000
10
101.530000
20
-64.650000
10
100.150000
20
-64.650000
10
100.150000
20
-64.650000
10
100.150000
20
-69.070000
10
100.150000
20
-69.070000
10
100.900000
20
-69.070000
10
100.900000
20
-69.070000
10
100.900000
20
-67.400000
10
100.900000
20
-67.400000
10
101.700000
20
-67.400000
10
101.700000
20
-67.400000
10
101.830000
20
-67.380000
10
101.830000
20
-67.380000
10
101.950000
20
-67.370000
10
101.950000
20
-67.370000
10
102.190000
20
-67.310000
10
102.190000
20
-67.310000
10
102.290000
20
-67.270000
10
102.290000
20
-67.270000
10
102.400000
20
-67.220000
10
102.400000
20
-67.220000
10
102.490000
20
-67.170000
10
102.490000
20
-67.170000
10
102.670000
20
-67.050000
10
102.670000
20
-67.050000
10
102.740000
20
-66.980000
10
102.740000
20
-66.980000
10
102.810000
20
-66.900000
10
102.810000
20
-66.900000
10
102.870000
20
-66.820000
10
102.870000
20
-66.820000
10
102.930000
20
-66.730000
10
102.930000
20
-66.730000
10
102.980000
20
-66.640000
10
102.980000
20
-66.640000
10
103.030000
20
-66.540000
10
103.030000
20
-66.540000
10
103.090000
20
-66.340000
10
103.090000
20
-66.340000
10
103.130000
20
-66.120000
10
103.130000
20
-66.120000
10
103.130000
20
-66.000000
10
103.130000
20
-66.000000
10
103.120000
20
-65.820000
10
103.120000
20
-65.820000
10
103.100000
20
-65.660000
10
103.100000
20
-65.660000
10
103.050000
20
-65.510000
10
103.050000
20
-65.510000
10
102.990000
20
-65.360000
10
102.990000
20
-65.360000
10
102.920000
20
-65.230000
10
102.920000
20
-65.230000
10
102.820000
20
-65.110000
10
102.820000
20
-65.110000
10
102.710000
20
-65.000000
10
102.710000
20
-65.000000
10
102.590000
20
-64.910000
10
102.590000
20
-64.910000
10
102.450000
20
-64.830000
10
102.450000
20
-64.830000
10
102.290000
20
-64.760000
10
102.290000
20
-64.760000
10
102.120000
20
-64.710000
10
102.120000
20
-64.710000
10
101.940000
20
-64.680000
10
101.940000
20
-64.680000
10
101.740000
20
-64.660000
10
101.740000
20
-64.660000
10
101.530000
20
-64.650000
0
LWPOLYLINE
5
2021
100
AcDbEntity
8
0
100
AcDbPolyline
90
22
70
0
43
0.000000
10
-49.470000
20
-72.130000
10
-50.300000
20
-72.130000
10
-50.300000
20
-72.130000
10
-52.120000
20
-75.030000
10
-52.120000
20
-75.030000
10
-52.120000
20
-75.610000
10
-52.120000
20
-75.610000
10
-50.170000
20
-75.610000
10
-50.170000
20
-75.610000
10
-50.170000
20
-76.550000
10
-50.170000
20
-76.550000
10
-49.470000
20
-76.550000
10
-49.470000
20
-76.550000
10
-49.470000
20
-75.610000
10
-49.470000
20
-75.610000
10
-48.840000
20
-75.610000
10
-48.840000
20
-75.610000
10
-48.840000
20
-75.030000
10
-48.840000
20
-75.030000
10
-49.470000
20
-75.030000
10
-49.470000
20
-75.030000
10
-49.470000
20
-72.130000
0
LWPOLYLINE
5
2022
100
AcDbEntity
8
0
100
AcDbPolyline
90
110
70
0
43
0.000000
10
3.200000
20
-72.060000
10
3.050000
20
-72.070000
10
3.050000
20
-72.070000
10
2.910000
20
-72.080000
10
2.910000
20
-72.080000
10
2.650000
20
-72.140000
10
2.650000
20
-72.140000
10
2.540000
20
-72.190000
10
2.540000
20
-72.190000
10
2.430000
20
-72.250000
10
2.430000
20
-72.250000
10
2.330000
20
-72.310000
10
2.330000
20
-72.310000
10
2.240000
20
-72.390000
10
2.240000
20
-72.390000
10
2.160000
20
-72.470000
10
2.160000
20
-72.470000
10
2.080000
20
-72.560000
10
2.080000
20
-72.560000
10
2.010000
20
-72.670000
10
2.010000
20
-72.670000
10
1.950000
20
-72.780000
10
1.950000
20
-72.780000
10
1.890000
20
-72.910000
10
1.890000
20
-72.910000
10
1.830000
20
-73.050000
10
1.830000
20
-73.050000
10
1.790000
20
-73.200000
10
1.790000
20
-73.200000
10
1.750000
20
-73.360000
10
1.750000
20
-73.360000
10
1.720000
20
-73.530000
10
1.720000
20
-73.530000
10
1.700000
20
-73.710000
10
1.700000
20
-73.710000
10
1.680000
20
-73.910000
10
1.680000
20
-73.910000
10
1.670000
20
-74.110000
10
1.670000
20
-74.110000
10
1.660000
20
-74.330000
10
1.660000
20
-74.330000
10
1.700000
20
-74.930000
10
1.700000
20
-74.930000
10
1.790000
20
-75.440000
10
1.790000
20
-75.440000
10
1.940000
20
-75.860000
10
1.940000
20
-75.860000
10
2.160000
20
-76.180000
10
2.160000
20
-76.180000
10
2.440000
20
-76.410000
10
2.440000
20
-76.410000
10
2.780000
20
-76.550000
10
2.780000
20
-76.550000
10
3.180000
20
-76.600000
10
3.180000
20
-76.600000
10
3.390000
20
-76.590000
10
3.390000
20
-76.590000
10
3.580000
20
-76.550000
10
3.580000
20
-76.550000
10
3.760000
20
-76.490000
10
3.760000
20
-76.490000
10
3.920000
20
-76.410000
10
3.920000
20
-76.410000
10
4.070000
20
-76.310000
10
4.070000
20
-76.310000
10
4.200000
20
-76.180000
10
4.200000
20
-76.180000
10
4.310000
20
-76.030000
10
4.310000
20
-76.030000
10
4.420000
20
-75.850000
10
4.420000
20
-75.850000
10
4.500000
20
-75.650000
10
4.500000
20
-75.650000
10
4.570000
20
-75.430000
10
4.570000
20
-75.430000
10
4.630000
20
-75.190000
10
4.630000
20
-75.190000
10
4.670000
20
-74.920000
10
4.670000
20
-74.920000
10
4.690000
20
-74.640000
10
4.690000
20
-74.640000
10
4.700000
20
-74.330000
10
4.700000
20
-74.330000
10
4.690000
20
-74.010000
10
4.690000
20
-74.010000
10
4.670000
20
-73.720000
10
4.670000
20
-73.720000
10
4.630000
20
-73.450000
10
4.630000
20
-73.450000
10
4.580000
20
-73.210000
10
4.580000
20
-73.210000
10
4.510000
20
-72.990000
10
4.510000
20
-72.990000
10
4.430000
20
-72.800000
10
4.430000
20
-72.800000
10
4.330000
20
-72.630000
10
4.330000
20
-72.630000
10
4.220000
20
-72.480000
10
4.220000
20
-72.480000
10
4.090000
20
-72.350000
10
4.090000
20
-72.350000
10
3.940000
20
-72.250000
10
3.940000
20
-72.250000
10
3.780000
20
-72.170000
10
3.780000
20
-72.170000
10
3.600000
20
-72.110000
10
3.600000
20
-72.110000
10
3.410000
20
-72.070000
10
3.410000
20
-72.070000
10
3.200000
20
-72.060000
0
LWPOLYLINE
5
2023
100
AcDbEntity
8
0
100
AcDbPolyline
90
108
70
0
43
0.000000
10
12.910000
20
-72.060000
10
12.760000
20
-72.070000
10
12.760000
20
-72.070000
10
12.620000
20
-72.080000
10
12.620000
20
-72.080000
10
12.490000
20
-72.110000
10
12.490000
20
-72.110000
10
12.370000
20
-72.140000
10
12.370000
20
-72.140000
10
12.250000
20
-72.190000
10
12.250000
20
-72.190000
10
12.050000
20
-72.310000
10
12.050000
20
-72.310000
10
11.960000
20
-72.390000
10
11.960000
20
-72.390000
10
11.880000
20
-72.470000
10
11.880000
20
-72.470000
10
11.800000
20
-72.560000
10
11.800000
20
-72.560000
10
11.660000
20
-72.780000
10
11.660000
20
-72.780000
10
11.600000
20
-72.910000
10
11.600000
20
-72.910000
10
11.550000
20
-73.050000
10
11.550000
20
-73.050000
10
11.500000
20
-73.200000
10
11.500000
20
-73.200000
10
11.460000
20
-73.360000
10
11.460000
20
-73.360000
10
11.430000
20
-73.530000
10
11.430000
20
-73.530000
10
11.410000
20
-73.710000
10
11.410000
20
-73.710000
10
11.390000
20
-73.910000
10
11.390000
20
-73.910000
10
11.380000
20
-74.110000
10
11.380000
20
-74.110000
10
11.380000
20
-74.330000
10
11.380000
20
-74.330000
10
11.410000
20
-74.930000
10
11.410000
20
-74.930000
10
11.500000
20
-75.440000
10
11.500000
20
-75.440000
10
11.660000
20
-75.860000
10
11.660000
20
-75.860000
10
11.870000
20
-76.180000
10
11.870000
20
-76.180000
10
12.150000
20
-76.410000
10
12.150000
20
-76.410000
10
12.490000
20
-76.550000
10
12.490000
20
-76.550000
10
12.900000
20
-76.600000
10
12.900000
20
-76.600000
10
13.100000
20
-76.590000
10
13.100000
20
-76.590000
10
13.290000
20
-76.550000
10
13.290000
20
-76.550000
10
13.470000
20
-76.490000
10
13.470000
20
-76.490000
10
13.630000
20
-76.410000
10
13.630000
20
-76.410000
10
13.780000
20
-76.310000
10
13.780000
20
-76.310000
10
13.910000
20
-76.180000
10
13.910000
20
-76.180000
10
14.030000
20
-76.030000
10
14.030000
20
-76.030000
10
14.130000
20
-75.850000
10
14.130000
20
-75.850000
10
14.220000
20
-75.650000
10
14.220000
20
-75.650000
10
14.290000
20
-75.430000
10
14.290000
20
-75.430000
10
14.340000
20
-75.190000
10
14.340000
20
-75.190000
10
14.380000
20
-74.920000
10
14.380000
20
-74.920000
10
14.400000
20
-74.640000
10
14.400000
20
-74.640000
10
14.410000
20
-74.330000
10
14.410000
20
-74.330000
10
14.410000
20
-74.010000
10
14.410000
20
-74.010000
10
14.380000
20
-73.720000
10
14.380000
20
-73.720000
10
14.350000
20
-73.450000
10
14.350000
20
-73.450000
10
14.290000
20
-73.210000
10
14.290000
20
-73.210000
10
14.230000
20
-72.990000
10
14.230000
20
-72.990000
10
14.140000
20
-72.800000
10
14.140000
20
-72.800000
10
14.050000
20
-72.630000
10
14.050000
20
-72.630000
10
13.930000
20
-72.480000
10
13.930000
20
-72.480000
10
13.800000
20
-72.350000
10
13.800000
20
-72.350000
10
13.660000
20
-72.250000
10
13.660000
20
-72.250000
10
13.500000
20
-72.170000
10
13.500000
20
-72.170000
10
13.320000
20
-72.110000
10
13.320000
20
-72.110000
10
13.120000
20
-72.070000
10
13.120000
20
-72.070000
10
12.910000
20
-72.060000
0
LWPOLYLINE
5
2024
100
AcDbEntity
8
0
100
AcDbPolyline
90
76
70
0
43
0.000000
10
-69.870000
20
-79.610000
10
-71.330000
20
-79.610000
10
-71.330000
20
-79.610000
10
-71.330000
20
-84.030000
10
-71.330000
20
-84.030000
10
-69.720000
20
-84.030000
10
-69.720000
20
-84.030000
10
-69.540000
20
-84.020000
10
-69.540000
20
-84.020000
10
-69.370000
20
-84.000000
10
-69.370000
20
-84.000000
10
-69.210000
20
-83.970000
10
-69.210000
20
-83.970000
10
-69.050000
20
-83.930000
10
-69.050000
20
-83.930000
10
-68.900000
20
-83.880000
10
-68.900000
20
-83.880000
10
-68.750000
20
-83.820000
10
-68.750000
20
-83.820000
10
-68.620000
20
-83.740000
10
-68.620000
20
-83.740000
10
-68.480000
20
-83.660000
10
-68.480000
20
-83.660000
10
-68.360000
20
-83.570000
10
-68.360000
20
-83.570000
10
-68.250000
20
-83.470000
10
-68.250000
20
-83.470000
10
-68.140000
20
-83.360000
10
-68.140000
20
-83.360000
10
-68.050000
20
-83.240000
10
-68.050000
20
-83.240000
10
-67.960000
20
-83.110000
10
-67.960000
20
-83.110000
10
-67.880000
20
-82.980000
10
-67.880000
20
-82.980000
10
-67.810000
20
-82.830000
10
-67.810000
20
-82.830000
10
-67.750000
20
-82.670000
10
-67.750000
20
-82.670000
10
-67.700000
20
-82.510000
10
-67.700000
20
-82.510000
10
-67.670000
20
-82.340000
10
-67.670000
20
-82.340000
10
-67.640000
20
-82.160000
10
-67.640000
20
-82.160000
10
-67.620000
20
-81.970000
10
-67.620000
20
-81.970000
10
-67.620000
20
-81.780000
10
-67.620000
20
-81.780000
10
-67.630000
20
-81.490000
10
-67.630000
20
-81.490000
10
-67.660000
20
-81.220000
10
-67.660000
20
-81.220000
10
-67.720000
20
-80.970000
10
-67.720000
20
-80.970000
10
-67.810000
20
-80.740000
10
-67.810000
20
-80.740000
10
-67.910000
20
-80.530000
10
-67.910000
20
-80.530000
10
-68.050000
20
-80.340000
10
-68.050000
20
-80.340000
10
-68.200000
20
-80.180000
10
-68.200000
20
-80.180000
10
-68.370000
20
-80.030000
10
-68.370000
20
-80.030000
10
-68.570000
20
-79.900000
10
-68.570000
20
-79.900000
10
-68.780000
20
-79.790000
10
-68.780000
20
-79.790000
10
-69.020000
20
-79.710000
10
-69.020000
20
-79.710000
10
-69.280000
20
-79.660000
10
-69.280000
20
-79.660000
10
-69.560000
20
-79.620000
10
-69.560000
20
-79.620000
10
-69.870000
20
-79.610000
0
LWPOLYLINE
5
2025
100
AcDbEntity
8
0
100
AcDbPolyline
90
16
70
0
43
0.000000
10
-64.360000
20
-79.610000
10
-65.250000
20
-79.610000
10
-65.250000
20
-79.610000
10
-66.900000
20
-84.030000
10
-66.900000
20
-84.030000
10
-66.130000
20
-84.030000
10
-66.130000
20
-84.030000
10
-65.700000
20
-82.810000
10
-65.700000
20
-82.810000
10
-63.930000
20
-82.810000
10
-63.930000
20
-82.810000
10
-63.480000
20
-84.030000
10
-63.480000
20
-84.030000
10
-62.730000
20
-84.030000
10
-62.730000
20
-84.030000
10
-64.360000
20
-79.610000
0
LWPOLYLINE
5
2026
100
AcDbEntity
8
0
100
AcDbPolyline
90
108
70
0
43
0.000000
10
-47.140000
20
-79.540000
10
-47.290000
20
-79.550000
10
-47.290000
20
-79.550000
10
-47.430000
20
-79.560000
10
-47.430000
20
-79.560000
10
-47.560000
20
-79.590000
10
-47.560000
20
-79.590000
10
-47.680000
20
-79.620000
10
-47.680000
20
-79.620000
10
-47.800000
20
-79.670000
10
-47.800000
20
-79.670000
10
-48.000000
20
-79.790000
10
-48.000000
20
-79.790000
10
-48.090000
20
-79.870000
10
-48.090000
20
-79.870000
10
-48.170000
20
-79.950000
10
-48.170000
20
-79.950000
10
-48.250000
20
-80.040000
10
-48.250000
20
-80.040000
10
-48.390000
20
-80.260000
10
-48.390000
20
-80.260000
10
-48.450000
20
-80.390000
10
-48.450000
20
-80.390000
10
-48.500000
20
-80.530000
10
-48.500000
20
-80.530000
10
-48.550000
20
-80.680000
10
-48.550000
20
-80.680000
10
-48.590000
20
-80.840000
10
-48.590000
20
-80.840000
10
-48.620000
20
-81.010000
10
-48.620000
20
-81.010000
10
-48.640000
20
-81.190000
10
-48.640000
20
-81.190000
10
-48.660000
20
-81.390000
10
-48.660000
20
-81.390000
10
-48.670000
20
-81.590000
10
-48.670000
20
-81.590000
10
-48.670000
20
-81.810000
10
-48.670000
20
-81.810000
10
-48.640000
20
-82.410000
10
-48.640000
20
-82.410000
10
-48.550000
20
-82.920000
10
-48.550000
20
-82.920000
10
-48.390000
20
-83.340000
10
-48.390000
20
-83.340000
10
-48.180000
20
-83.660000
10
-48.180000
20
-83.660000
10
-47.900000
20
-83.890000
10
-47.900000
20
-83.890000
10
-47.560000
20
-84.030000
10
-47.560000
20
-84.030000
10
-47.150000
20
-84.080000
10
-47.150000
20
-84.080000
10
-46.950000
20
-84.070000
10
-46.950000
20
-84.070000
10
-46.760000
20
-84.030000
10
-46.760000
20
-84.030000
10
-46.580000
20
-83.970000
10
-46.580000
20
-83.970000
10
-46.420000
20
-83.890000
10
-46.420000
20
-83.890000
10
-46.270000
20
-83.790000
10
-46.270000
20
-83.790000
10
-46.140000
20
-83.660000
10
-46.140000
20
-83.660000
10
-46.020000
20
-83.510000
10
-46.020000
20
-83.510000
10
-45.920000
20
-83.330000
10
-45.920000
20
-83.330000
10
-45.830000
20
-83.130000
10
-45.830000
20
-83.130000
10
-45.760000
20
-82.910000
10
-45.760000
20
-82.910000
10
-45.710000
20
-82.670000
10
-45.710000
20
-82.670000
10
-45.670000
20
-82.400000
10
-45.670000
20
-82.400000
10
-45.650000
20
-82.120000
10
-45.650000
20
-82.120000
10
-45.640000
20
-81.810000
10
-45.640000
20
-81.810000
10
-45.640000
20
-81.490000
10
-45.640000
20
-81.490000
10
-45.670000
20
-81.200000
10
-45.670000
20
-81.200000
10
-45.700000
20
-80.930000
10
-45.700000
20
-80.930000
10
-45.760000
20
-80.690000
10
-45.760000
20
-80.690000
10
-45.820000
20
-80.470000
10
-45.820000
20
-80.470000
10
-45.910000
20
-80.280000
10
-45.910000
20
-80.280000
10
-46.000000
20
-80.110000
10
-46.000000
20
-80.110000
10
-46.120000
20
-79.960000
10
-46.120000
20
-79.960000
10
-46.250000
20
-79.830000
10
-46.250000
20
-79.830000
10
-46.390000
20
-79.730000
10
-46.390000
20
-79.730000
10
-46.550000
20
-79.650000
10
-46.550000
20
-79.650000
10
-46.730000
20
-79.590000
10
-46.730000
20
-79.590000
10
-46.930000
20
-79.550000
10
-46.930000
20
-79.550000
10
-47.140000
20
-79.540000
0
LWPOLYLINE
5
2027
100
AcDbEntity
8
0
100
AcDbPolyline
90
192
70
0
43
0.000000
10
-39.190000
20
-79.540000
10
-39.420000
20
-79.560000
10
-39.420000
20
-79.560000
10
-39.630000
20
-79.590000
10
-39.630000
20
-79.590000
10
-39.820000
20
-79.650000
10
-39.820000
20
-79.650000
10
-39.990000
20
-79.740000
10
-39.990000
20
-79.740000
10
-40.150000
20
-79.850000
10
-40.150000
20
-79.850000
10
-40.290000
20
-79.980000
10
-40.290000
20
-79.980000
10
-40.410000
20
-80.140000
10
-40.410000
20
-80.140000
10
-40.520000
20
-80.330000
10
-40.520000
20
-80.330000
10
-40.610000
20
-80.530000
10
-40.610000
20
-80.530000
10
-40.680000
20
-80.760000
10
-40.680000
20
-80.760000
10
-40.740000
20
-81.020000
10
-40.740000
20
-81.020000
10
-40.780000
20
-81.300000
10
-40.780000
20
-81.300000
10
-40.800000
20
-81.600000
10
-40.800000
20
-81.600000
10
-40.810000
20
-81.930000
10
-40.810000
20
-81.930000
10
-40.800000
20
-82.220000
10
-40.800000
20
-82.220000
10
-40.780000
20
-82.500000
10
-40.780000
20
-82.500000
10
-40.740000
20
-82.750000
10
-40.740000
20
-82.750000
10
-40.680000
20
-82.990000
10
-40.680000
20
-82.990000
10
-40.610000
20
-83.190000
10
-40.610000
20
-83.190000
10
-40.520000
20
-83.380000
10
-40.520000
20
-83.380000
10
-40.410000
20
-83.540000
10
-40.410000
20
-83.540000
10
-40.290000
20
-83.680000
10
-40.290000
20
-83.680000
10
-40.150000
20
-83.800000
10
-40.150000
20
-83.800000
10
-40.000000
20
-83.900000
10
-40.000000
20
-83.900000
10
-39.840000
20
-83.980000
10
-39.840000
20
-83.980000
10
-39.660000
20
-84.030000
10
-39.660000
20
-84.030000
10
-39.470000
20
-84.070000
10
-39.470000
20
-84.070000
10
-39.260000
20
-84.080000
10
-39.260000
20
-84.080000
10
-39.080000
20
-84.070000
10
-39.080000
20
-84.070000
10
-38.900000
20
-84.040000
10
-38.900000
20
-84.040000
10
-38.740000
20
-84.000000
10
-38.740000
20
-84.000000
10
-38.590000
20
-83.950000
10
-38.590000
20
-83.950000
10
-38.450000
20
-83.870000
10
-38.450000
20
-83.870000
10
-38.330000
20
-83.780000
10
-38.330000
20
-83.780000
10
-38.210000
20
-83.680000
10
-38.210000
20
-83.680000
10
-38.110000
20
-83.560000
10
-38.110000
20
-83.560000
10
-38.020000
20
-83.420000
10
-38.020000
20
-83.420000
10
-37.950000
20
-83.280000
10
-37.950000
20
-83.280000
10
-37.900000
20
-83.120000
10
-37.900000
20
-83.120000
10
-37.860000
20
-82.950000
10
-37.860000
20
-82.950000
10
-37.840000
20
-82.770000
10
-37.840000
20
-82.770000
10
-37.830000
20
-82.580000
10
-37.830000
20
-82.580000
10
-37.830000
20
-82.400000
10
-37.830000
20
-82.400000
10
-37.860000
20
-82.230000
10
-37.860000
20
-82.230000
10
-37.890000
20
-82.070000
10
-37.890000
20
-82.070000
10
-37.940000
20
-81.920000
10
-37.940000
20
-81.920000
10
-38.010000
20
-81.780000
10
-38.010000
20
-81.780000
10
-38.080000
20
-81.660000
10
-38.080000
20
-81.660000
10
-38.180000
20
-81.540000
10
-38.180000
20
-81.540000
10
-38.280000
20
-81.450000
10
-38.280000
20
-81.450000
10
-38.400000
20
-81.360000
10
-38.400000
20
-81.360000
10
-38.520000
20
-81.300000
10
-38.520000
20
-81.300000
10
-38.650000
20
-81.240000
10
-38.650000
20
-81.240000
10
-38.950000
20
-81.180000
10
-38.950000
20
-81.180000
10
-39.200000
20
-81.180000
10
-39.200000
20
-81.180000
10
-39.380000
20
-81.200000
10
-39.380000
20
-81.200000
10
-39.540000
20
-81.240000
10
-39.540000
20
-81.240000
10
-39.620000
20
-81.270000
10
-39.620000
20
-81.270000
10
-39.690000
20
-81.310000
10
-39.690000
20
-81.310000
10
-39.770000
20
-81.350000
10
-39.770000
20
-81.350000
10
-39.840000
20
-81.400000
10
-39.840000
20
-81.400000
10
-39.960000
20
-81.500000
10
-39.960000
20
-81.500000
10
-40.020000
20
-81.560000
10
-40.020000
20
-81.560000
10
-40.070000
20
-81.620000
10
-40.070000
20
-81.620000
10
-40.100000
20
-81.680000
10
-40.100000
20
-81.680000
10
-40.110000
20
-81.680000
10
-40.110000
20
-81.680000
10
-40.090000
20
-81.280000
10
-40.090000
20
-81.280000
10
-40.030000
20
-80.930000
10
-40.030000
20
-80.930000
10
-39.940000
20
-80.640000
10
-39.940000
20
-80.640000
10
-39.810000
20
-80.410000
10
-39.810000
20
-80.410000
10
-39.640000
20
-80.250000
10
-39.640000
20
-80.250000
10
-39.450000
20
-80.160000
10
-39.450000
20
-80.160000
10
-39.210000
20
-80.130000
10
-39.210000
20
-80.130000
10
-39.090000
20
-80.140000
10
-39.090000
20
-80.140000
10
-38.980000
20
-80.160000
10
-38.980000
20
-80.160000
10
-38.880000
20
-80.210000
10
-38.880000
20
-80.210000
10
-38.790000
20
-80.270000
10
-38.790000
20
-80.270000
10
-38.720000
20
-80.360000
10
-38.720000
20
-80.360000
10
-38.660000
20
-80.460000
10
-38.660000
20
-80.460000
10
-38.610000
20
-80.570000
10
-38.610000
20
-80.570000
10
-38.540000
20
-80.570000
10
-38.540000
20
-80.570000
10
-37.940000
20
-80.480000
10
-37.940000
20
-80.480000
10
-37.990000
20
-80.340000
10
-37.990000
20
-80.340000
10
-38.040000
20
-80.210000
10
-38.040000
20
-80.210000
10
-38.090000
20
-80.100000
10
-38.090000
20
-80.100000
10
-38.160000
20
-80.000000
10
-38.160000
20
-80.000000
10
-38.230000
20
-79.910000
10
-38.230000
20
-79.910000
10
-38.310000
20
-79.830000
10
-38.310000
20
-79.830000
10
-38.390000
20
-79.760000
10
-38.390000
20
-79.760000
10
-38.480000
20
-79.700000
10
-38.480000
20
-79.700000
10
-38.580000
20
-79.650000
10
-38.580000
20
-79.650000
10
-38.690000
20
-79.610000
10
-38.690000
20
-79.610000
10
-38.800000
20
-79.580000
10
-38.800000
20
-79.580000
10
-38.920000
20
-79.560000
10
-38.920000
20
-79.560000
10
-39.060000
20
-79.550000
10
-39.060000
20
-79.550000
10
-39.190000
20
-79.540000
0
LWPOLYLINE
5
2028
100
AcDbEntity
8
0
100
AcDbPolyline
90
108
70
0
43
0.000000
10
-31.870000
20
-79.540000
10
-32.020000
20
-79.550000
10
-32.020000
20
-79.550000
10
-32.160000
20
-79.560000
10
-32.160000
20
-79.560000
10
-32.290000
20
-79.590000
10
-32.290000
20
-79.590000
10
-32.410000
20
-79.620000
10
-32.410000
20
-79.620000
10
-32.530000
20
-79.670000
10
-32.530000
20
-79.670000
10
-32.730000
20
-79.790000
10
-32.730000
20
-79.790000
10
-32.820000
20
-79.870000
10
-32.820000
20
-79.870000
10
-32.900000
20
-79.950000
10
-32.900000
20
-79.950000
10
-32.980000
20
-80.040000
10
-32.980000
20
-80.040000
10
-33.120000
20
-80.260000
10
-33.120000
20
-80.260000
10
-33.180000
20
-80.390000
10
-33.180000
20
-80.390000
10
-33.230000
20
-80.530000
10
-33.230000
20
-80.530000
10
-33.280000
20
-80.680000
10
-33.280000
20
-80.680000
10
-33.320000
20
-80.840000
10
-33.320000
20
-80.840000
10
-33.350000
20
-81.010000
10
-33.350000
20
-81.010000
10
-33.370000
20
-81.190000
10
-33.370000
20
-81.190000
10
-33.390000
20
-81.390000
10
-33.390000
20
-81.390000
10
-33.400000
20
-81.590000
10
-33.400000
20
-81.590000
10
-33.400000
20
-81.810000
10
-33.400000
20
-81.810000
10
-33.370000
20
-82.410000
10
-33.370000
20
-82.410000
10
-33.280000
20
-82.920000
10
-33.280000
20
-82.920000
10
-33.120000
20
-83.340000
10
-33.120000
20
-83.340000
10
-32.910000
20
-83.660000
10
-32.910000
20
-83.660000
10
-32.630000
20
-83.890000
10
-32.630000
20
-83.890000
10
-32.290000
20
-84.030000
10
-32.290000
20
-84.030000
10
-31.880000
20
-84.080000
10
-31.880000
20
-84.080000
10
-31.680000
20
-84.070000
10
-31.680000
20
-84.070000
10
-31.490000
20
-84.030000
10
-31.490000
20
-84.030000
10
-31.310000
20
-83.970000
10
-31.310000
20
-83.970000
10
-31.150000
20
-83.890000
10
-31.150000
20
-83.890000
10
-31.000000
20
-83.790000
10
-31.000000
20
-83.790000
10
-30.870000
20
-83.660000
10
-30.870000
20
-83.660000
10
-30.750000
20
-83.510000
10
-30.750000
20
-83.510000
10
-30.650000
20
-83.330000
10
-30.650000
20
-83.330000
10
-30.560000
20
-83.130000
10
-30.560000
20
-83.130000
10
-30.490000
20
-82.910000
10
-30.490000
20
-82.910000
10
-30.440000
20
-82.670000
10
-30.440000
20
-82.670000
10
-30.400000
20
-82.400000
10
-30.400000
20
-82.400000
10
-30.380000
20
-82.120000
10
-30.380000
20
-82.120000
10
-30.370000
20
-81.810000
10
-30.370000
20
-81.810000
10
-30.370000
20
-81.490000
10
-30.370000
20
-81.490000
10
-30.400000
20
-81.200000
10
-30.400000
20
-81.200000
10
-30.430000
20
-80.930000
10
-30.430000
20
-80.930000
10
-30.490000
20
-80.690000
10
-30.490000
20
-80.690000
10
-30.550000
20
-80.470000
10
-30.550000
20
-80.470000
10
-30.640000
20
-80.280000
10
-30.640000
20
-80.280000
10
-30.730000
20
-80.110000
10
-30.730000
20
-80.110000
10
-30.850000
20
-79.960000
10
-30.850000
20
-79.960000
10
-30.980000
20
-79.830000
10
-30.980000
20
-79.830000
10
-31.120000
20
-79.730000
10
-31.120000
20
-79.730000
10
-31.280000
20
-79.650000
10
-31.280000
20
-79.650000
10
-31.460000
20
-79.590000
10
-31.460000
20
-79.590000
10
-31.660000
20
-79.550000
10
-31.660000
20
-79.550000
10
-31.870000
20
-79.540000
0
LWPOLYLINE
5
2029
100
AcDbEntity
8
0
100
AcDbPolyline
90
206
70
0
43
0.000000
10
-28.000000
20
-79.540000
10
-28.180000
20
-79.550000
10
-28.180000
20
-79.550000
10
-28.340000
20
-79.570000
10
-28.340000
20
-79.570000
10
-28.500000
20
-79.600000
10
-28.500000
20
-79.600000
10
-28.650000
20
-79.650000
10
-28.650000
20
-79.650000
10
-28.780000
20
-79.700000
10
-28.780000
20
-79.700000
10
-28.900000
20
-79.780000
10
-28.900000
20
-79.780000
10
-29.010000
20
-79.860000
10
-29.010000
20
-79.860000
10
-29.110000
20
-79.950000
10
-29.110000
20
-79.950000
10
-29.190000
20
-80.050000
10
-29.190000
20
-80.050000
10
-29.260000
20
-80.160000
10
-29.260000
20
-80.160000
10
-29.310000
20
-80.270000
10
-29.310000
20
-80.270000
10
-29.350000
20
-80.400000
10
-29.350000
20
-80.400000
10
-29.370000
20
-80.530000
10
-29.370000
20
-80.530000
10
-29.380000
20
-80.680000
10
-29.380000
20
-80.680000
10
-29.360000
20
-80.880000
10
-29.360000
20
-80.880000
10
-29.340000
20
-80.980000
10
-29.340000
20
-80.980000
10
-29.280000
20
-81.160000
10
-29.280000
20
-81.160000
10
-29.230000
20
-81.240000
10
-29.230000
20
-81.240000
10
-29.180000
20
-81.330000
10
-29.180000
20
-81.330000
10
-29.110000
20
-81.410000
10
-29.110000
20
-81.410000
10
-29.040000
20
-81.480000
10
-29.040000
20
-81.480000
10
-28.970000
20
-81.540000
10
-28.970000
20
-81.540000
10
-28.890000
20
-81.600000
10
-28.890000
20
-81.600000
10
-28.710000
20
-81.680000
10
-28.710000
20
-81.680000
10
-28.610000
20
-81.710000
10
-28.610000
20
-81.710000
10
-28.830000
20
-81.770000
10
-28.830000
20
-81.770000
10
-29.010000
20
-81.870000
10
-29.010000
20
-81.870000
10
-29.100000
20
-81.930000
10
-29.100000
20
-81.930000
10
-29.180000
20
-82.000000
10
-29.180000
20
-82.000000
10
-29.250000
20
-82.080000
10
-29.250000
20
-82.080000
10
-29.310000
20
-82.160000
10
-29.310000
20
-82.160000
10
-29.360000
20
-82.260000
10
-29.360000
20
-82.260000
10
-29.440000
20
-82.460000
10
-29.440000
20
-82.460000
10
-29.460000
20
-82.560000
10
-29.460000
20
-82.560000
10
-29.470000
20
-82.680000
10
-29.470000
20
-82.680000
10
-29.480000
20
-82.790000
10
-29.480000
20
-82.790000
10
-29.470000
20
-82.960000
10
-29.470000
20
-82.960000
10
-29.450000
20
-83.120000
10
-29.450000
20
-83.120000
10
-29.410000
20
-83.270000
10
-29.410000
20
-83.270000
10
-29.350000
20
-83.410000
10
-29.350000
20
-83.410000
10
-29.280000
20
-83.530000
10
-29.280000
20
-83.530000
10
-29.200000
20
-83.640000
10
-29.200000
20
-83.640000
10
-29.100000
20
-83.740000
10
-29.100000
20
-83.740000
10
-28.970000
20
-83.830000
10
-28.970000
20
-83.830000
10
-28.840000
20
-83.910000
10
-28.840000
20
-83.910000
10
-28.690000
20
-83.970000
10
-28.690000
20
-83.970000
10
-28.540000
20
-84.020000
10
-28.540000
20
-84.020000
10
-28.360000
20
-84.050000
10
-28.360000
20
-84.050000
10
-28.180000
20
-84.070000
10
-28.180000
20
-84.070000
10
-27.980000
20
-84.080000
10
-27.980000
20
-84.080000
10
-27.780000
20
-84.070000
10
-27.780000
20
-84.070000
10
-27.590000
20
-84.050000
10
-27.590000
20
-84.050000
10
-27.410000
20
-84.020000
10
-27.410000
20
-84.020000
10
-27.260000
20
-83.970000
10
-27.260000
20
-83.970000
10
-27.110000
20
-83.910000
10
-27.110000
20
-83.910000
10
-26.980000
20
-83.830000
10
-26.980000
20
-83.830000
10
-26.860000
20
-83.740000
10
-26.860000
20
-83.740000
10
-26.760000
20
-83.640000
10
-26.760000
20
-83.640000
10
-26.670000
20
-83.530000
10
-26.670000
20
-83.530000
10
-26.600000
20
-83.400000
10
-26.600000
20
-83.400000
10
-26.550000
20
-83.260000
10
-26.550000
20
-83.260000
10
-26.510000
20
-83.110000
10
-26.510000
20
-83.110000
10
-26.490000
20
-82.950000
10
-26.490000
20
-82.950000
10
-26.480000
20
-82.780000
10
-26.480000
20
-82.780000
10
-26.480000
20
-82.660000
10
-26.480000
20
-82.660000
10
-26.500000
20
-82.540000
10
-26.500000
20
-82.540000
10
-26.520000
20
-82.430000
10
-26.520000
20
-82.430000
10
-26.600000
20
-82.230000
10
-26.600000
20
-82.230000
10
-26.650000
20
-82.140000
10
-26.650000
20
-82.140000
10
-26.710000
20
-82.060000
10
-26.710000
20
-82.060000
10
-26.780000
20
-81.980000
10
-26.780000
20
-81.980000
10
-26.940000
20
-81.860000
10
-26.940000
20
-81.860000
10
-27.030000
20
-81.810000
10
-27.030000
20
-81.810000
10
-27.230000
20
-81.730000
10
-27.230000
20
-81.730000
10
-27.350000
20
-81.710000
10
-27.350000
20
-81.710000
10
-27.350000
20
-81.690000
10
-27.350000
20
-81.690000
10
-27.250000
20
-81.670000
10
-27.250000
20
-81.670000
10
-27.160000
20
-81.640000
10
-27.160000
20
-81.640000
10
-27.070000
20
-81.600000
10
-27.070000
20
-81.600000
10
-26.990000
20
-81.550000
10
-26.990000
20
-81.550000
10
-26.920000
20
-81.490000
10
-26.920000
20
-81.490000
10
-26.860000
20
-81.420000
10
-26.860000
20
-81.420000
10
-26.740000
20
-81.260000
10
-26.740000
20
-81.260000
10
-26.690000
20
-81.170000
10
-26.690000
20
-81.170000
10
-26.650000
20
-81.090000
10
-26.650000
20
-81.090000
10
-26.620000
20
-80.990000
10
-26.620000
20
-80.990000
10
-26.600000
20
-80.900000
10
-26.600000
20
-80.900000
10
-26.580000
20
-80.800000
10
-26.580000
20
-80.800000
10
-26.580000
20
-80.690000
10
-26.580000
20
-80.690000
10
-26.590000
20
-80.540000
10
-26.590000
20
-80.540000
10
-26.610000
20
-80.400000
10
-26.610000
20
-80.400000
10
-26.650000
20
-80.270000
10
-26.650000
20
-80.270000
10
-26.700000
20
-80.150000
10
-26.700000
20
-80.150000
10
-26.770000
20
-80.040000
10
-26.770000
20
-80.040000
10
-26.850000
20
-79.930000
10
-26.850000
20
-79.930000
10
-26.950000
20
-79.840000
10
-26.950000
20
-79.840000
10
-27.060000
20
-79.760000
10
-27.060000
20
-79.760000
10
-27.190000
20
-79.700000
10
-27.190000
20
-79.700000
10
-27.330000
20
-79.640000
10
-27.330000
20
-79.640000
10
-27.480000
20
-79.600000
10
-27.480000
20
-79.600000
10
-27.640000
20
-79.570000
10
-27.640000
20
-79.570000
10
-27.810000
20
-79.550000
10
-27.810000
20
-79.550000
10
-28.000000
20
-79.540000
0
LWPOLYLINE
5
2030
100
AcDbEntity
8
0
100
AcDbPolyline
90
104
70
0
43
0.000000
10
-0.860000
20
-79.540000
10
-1.140000
20
-79.560000
10
-1.140000
20
-79.560000
10
-1.280000
20
-79.590000
10
-1.280000
20
-79.590000
10
-1.400000
20
-79.620000
10
-1.400000
20
-79.620000
10
-1.520000
20
-79.670000
10
-1.520000
20
-79.670000
10
-1.720000
20
-79.790000
10
-1.720000
20
-79.790000
10
-1.810000
20
-79.870000
10
-1.810000
20
-79.870000
10
-1.890000
20
-79.950000
10
-1.890000
20
-79.950000
10
-1.970000
20
-80.040000
10
-1.970000
20
-80.040000
10
-2.110000
20
-80.260000
10
-2.110000
20
-80.260000
10
-2.170000
20
-80.390000
10
-2.170000
20
-80.390000
10
-2.220000
20
-80.530000
10
-2.220000
20
-80.530000
10
-2.270000
20
-80.680000
10
-2.270000
20
-80.680000
10
-2.300000
20
-80.840000
10
-2.300000
20
-80.840000
10
-2.330000
20
-81.010000
10
-2.330000
20
-81.010000
10
-2.360000
20
-81.190000
10
-2.360000
20
-81.190000
10
-2.380000
20
-81.390000
10
-2.380000
20
-81.390000
10
-2.390000
20
-81.590000
10
-2.390000
20
-81.590000
10
-2.390000
20
-81.810000
10
-2.390000
20
-81.810000
10
-2.360000
20
-82.410000
10
-2.360000
20
-82.410000
10
-2.270000
20
-82.920000
10
-2.270000
20
-82.920000
10
-2.110000
20
-83.340000
10
-2.110000
20
-83.340000
10
-1.890000
20
-83.660000
10
-1.890000
20
-83.660000
10
-1.620000
20
-83.890000
10
-1.620000
20
-83.890000
10
-1.270000
20
-84.030000
10
-1.270000
20
-84.030000
10
-0.870000
20
-84.080000
10
-0.870000
20
-84.080000
10
-0.670000
20
-84.070000
10
-0.670000
20
-84.070000
10
-0.470000
20
-84.030000
10
-0.470000
20
-84.030000
10
-0.300000
20
-83.970000
10
-0.300000
20
-83.970000
10
-0.130000
20
-83.890000
10
-0.130000
20
-83.890000
10
0.010000
20
-83.790000
10
0.010000
20
-83.790000
10
0.140000
20
-83.660000
10
0.140000
20
-83.660000
10
0.260000
20
-83.510000
10
0.260000
20
-83.510000
10
0.360000
20
-83.330000
10
0.360000
20
-83.330000
10
0.450000
20
-83.130000
10
0.450000
20
-83.130000
10
0.520000
20
-82.910000
10
0.520000
20
-82.910000
10
0.570000
20
-82.670000
10
0.570000
20
-82.670000
10
0.610000
20
-82.400000
10
0.610000
20
-82.400000
10
0.640000
20
-82.120000
10
0.640000
20
-82.120000
10
0.640000
20
-81.490000
10
0.640000
20
-81.490000
10
0.610000
20
-81.200000
10
0.610000
20
-81.200000
10
0.580000
20
-80.930000
10
0.580000
20
-80.930000
10
0.520000
20
-80.690000
10
0.520000
20
-80.690000
10
0.460000
20
-80.470000
10
0.460000
20
-80.470000
10
0.380000
20
-80.280000
10
0.380000
20
-80.280000
10
0.280000
20
-80.110000
10
0.280000
20
-80.110000
10
0.160000
20
-79.960000
10
0.160000
20
-79.960000
10
0.040000
20
-79.830000
10
0.040000
20
-79.830000
10
-0.110000
20
-79.730000
10
-0.110000
20
-79.730000
10
-0.270000
20
-79.650000
10
-0.270000
20
-79.650000
10
-0.450000
20
-79.590000
10
-0.450000
20
-79.590000
10
-0.640000
20
-79.550000
10
-0.640000
20
-79.550000
10
-0.860000
20
-79.540000
0
LWPOLYLINE
5
2031
100
AcDbEntity
8
0
100
AcDbPolyline
90
112
70
0
43
0.000000
10
3.050000
20
-79.540000
10
2.900000
20
-79.550000
10
2.900000
20
-79.550000
10
2.760000
20
-79.560000
10
2.760000
20
-79.560000
10
2.630000
20
-79.590000
10
2.630000
20
-79.590000
10
2.510000
20
-79.620000
10
2.510000
20
-79.620000
10
2.390000
20
-79.670000
10
2.390000
20
-79.670000
10
2.280000
20
-79.730000
10
2.280000
20
-79.730000
10
2.180000
20
-79.790000
10
2.180000
20
-79.790000
10
2.090000
20
-79.870000
10
2.090000
20
-79.870000
10
2.010000
20
-79.950000
10
2.010000
20
-79.950000
10
1.940000
20
-80.040000
10
1.940000
20
-80.040000
10
1.860000
20
-80.150000
10
1.860000
20
-80.150000
10
1.800000
20
-80.260000
10
1.800000
20
-80.260000
10
1.740000
20
-80.390000
10
1.740000
20
-80.390000
10
1.680000
20
-80.530000
10
1.680000
20
-80.530000
10
1.640000
20
-80.680000
10
1.640000
20
-80.680000
10
1.600000
20
-80.840000
10
1.600000
20
-80.840000
10
1.570000
20
-81.010000
10
1.570000
20
-81.010000
10
1.550000
20
-81.190000
10
1.550000
20
-81.190000
10
1.530000
20
-81.390000
10
1.530000
20
-81.390000
10
1.520000
20
-81.590000
10
1.520000
20
-81.590000
10
1.520000
20
-81.810000
10
1.520000
20
-81.810000
10
1.550000
20
-82.410000
10
1.550000
20
-82.410000
10
1.640000
20
-82.920000
10
1.640000
20
-82.920000
10
1.790000
20
-83.340000
10
1.790000
20
-83.340000
10
2.010000
20
-83.660000
10
2.010000
20
-83.660000
10
2.290000
20
-83.890000
10
2.290000
20
-83.890000
10
2.630000
20
-84.030000
10
2.630000
20
-84.030000
10
3.030000
20
-84.080000
10
3.030000
20
-84.080000
10
3.240000
20
-84.070000
10
3.240000
20
-84.070000
10
3.430000
20
-84.030000
10
3.430000
20
-84.030000
10
3.610000
20
-83.970000
10
3.610000
20
-83.970000
10
3.770000
20
-83.890000
10
3.770000
20
-83.890000
10
3.920000
20
-83.790000
10
3.920000
20
-83.790000
10
4.050000
20
-83.660000
10
4.050000
20
-83.660000
10
4.170000
20
-83.510000
10
4.170000
20
-83.510000
10
4.270000
20
-83.330000
10
4.270000
20
-83.330000
10
4.350000
20
-83.130000
10
4.350000
20
-83.130000
10
4.420000
20
-82.910000
10
4.420000
20
-82.910000
10
4.480000
20
-82.670000
10
4.480000
20
-82.670000
10
4.520000
20
-82.400000
10
4.520000
20
-82.400000
10
4.540000
20
-82.120000
10
4.540000
20
-82.120000
10
4.550000
20
-81.810000
10
4.550000
20
-81.810000
10
4.540000
20
-81.490000
10
4.540000
20
-81.490000
10
4.520000
20
-81.200000
10
4.520000
20
-81.200000
10
4.480000
20
-80.930000
10
4.480000
20
-80.930000
10
4.430000
20
-80.690000
10
4.430000
20
-80.690000
10
4.360000
20
-80.470000
10
4.360000
20
-80.470000
10
4.280000
20
-80.280000
10
4.280000
20
-80.280000
10
4.180000
20
-80.110000
10
4.180000
20
-80.110000
10
4.070000
20
-79.960000
10
4.070000
20
-79.960000
10
3.940000
20
-79.830000
10
3.940000
20
-79.830000
10
3.790000
20
-79.730000
10
3.790000
20
-79.730000
10
3.630000
20
-79.650000
10
3.630000
20
-79.650000
10
3.450000
20
-79.590000
10
3.450000
20
-79.590000
10
3.260000
20
-79.550000
10
3.260000
20
-79.550000
10
3.050000
20
-79.540000
0
LWPOLYLINE
5
2032
100
AcDbEntity
8
0
100
AcDbPolyline
90
124
70
0
43
0.000000
10
-64.210000
20
-87.020000
10
-64.490000
20
-87.040000
10
-64.490000
20
-87.040000
10
-64.760000
20
-87.070000
10
-64.760000
20
-87.070000
10
-65.000000
20
-87.130000
10
-65.000000
20
-87.130000
10
-65.220000
20
-87.220000
10
-65.220000
20
-87.220000
10
-65.430000
20
-87.330000
10
-65.430000
20
-87.330000
10
-65.610000
20
-87.460000
10
-65.610000
20
-87.460000
10
-65.780000
20
-87.620000
10
-65.780000
20
-87.620000
10
-65.920000
20
-87.800000
10
-65.920000
20
-87.800000
10
-66.050000
20
-88.000000
10
-66.050000
20
-88.000000
10
-66.150000
20
-88.210000
10
-66.150000
20
-88.210000
10
-66.230000
20
-88.450000
10
-66.230000
20
-88.450000
10
-66.280000
20
-88.700000
10
-66.280000
20
-88.700000
10
-66.320000
20
-88.980000
10
-66.320000
20
-88.980000
10
-66.330000
20
-89.270000
10
-66.330000
20
-89.270000
10
-66.320000
20
-89.570000
10
-66.320000
20
-89.570000
10
-66.280000
20
-89.850000
10
-66.280000
20
-89.850000
10
-66.230000
20
-90.110000
10
-66.230000
20
-90.110000
10
-66.150000
20
-90.350000
10
-66.150000
20
-90.350000
10
-66.050000
20
-90.570000
10
-66.050000
20
-90.570000
10
-65.920000
20
-90.780000
10
-65.920000
20
-90.780000
10
-65.780000
20
-90.960000
10
-65.780000
20
-90.960000
10
-65.610000
20
-91.120000
10
-65.610000
20
-91.120000
10
-65.430000
20
-91.250000
10
-65.430000
20
-91.250000
10
-65.220000
20
-91.360000
10
-65.220000
20
-91.360000
10
-65.000000
20
-91.450000
10
-65.000000
20
-91.450000
10
-64.760000
20
-91.510000
10
-64.760000
20
-91.510000
10
-64.510000
20
-91.540000
10
-64.510000
20
-91.540000
10
-64.230000
20
-91.560000
10
-64.230000
20
-91.560000
10
-64.040000
20
-91.550000
10
-64.040000
20
-91.550000
10
-63.860000
20
-91.530000
10
-63.860000
20
-91.530000
10
-63.690000
20
-91.510000
10
-63.690000
20
-91.510000
10
-63.530000
20
-91.470000
10
-63.530000
20
-91.470000
10
-63.380000
20
-91.420000
10
-63.380000
20
-91.420000
10
-63.230000
20
-91.360000
10
-63.230000
20
-91.360000
10
-63.100000
20
-91.290000
10
-63.100000
20
-91.290000
10
-62.960000
20
-91.200000
10
-62.960000
20
-91.200000
10
-62.840000
20
-91.110000
10
-62.840000
20
-91.110000
10
-62.720000
20
-91.000000
10
-62.720000
20
-91.000000
10
-62.620000
20
-90.890000
10
-62.620000
20
-90.890000
10
-62.520000
20
-90.770000
10
-62.520000
20
-90.770000
10
-62.360000
20
-90.490000
10
-62.360000
20
-90.490000
10
-62.290000
20
-90.340000
10
-62.290000
20
-90.340000
10
-62.230000
20
-90.180000
10
-62.230000
20
-90.180000
10
-62.180000
20
-90.010000
10
-62.180000
20
-90.010000
10
-62.140000
20
-89.840000
10
-62.140000
20
-89.840000
10
-62.120000
20
-89.660000
10
-62.120000
20
-89.660000
10
-62.100000
20
-89.470000
10
-62.100000
20
-89.470000
10
-62.100000
20
-89.270000
10
-62.100000
20
-89.270000
10
-62.110000
20
-88.980000
10
-62.110000
20
-88.980000
10
-62.140000
20
-88.710000
10
-62.140000
20
-88.710000
10
-62.200000
20
-88.460000
10
-62.200000
20
-88.460000
10
-62.280000
20
-88.220000
10
-62.280000
20
-88.220000
10
-62.380000
20
-88.000000
10
-62.380000
20
-88.000000
10
-62.510000
20
-87.800000
10
-62.510000
20
-87.800000
10
-62.660000
20
-87.620000
10
-62.660000
20
-87.620000
10
-62.830000
20
-87.460000
10
-62.830000
20
-87.460000
10
-63.010000
20
-87.330000
10
-63.010000
20
-87.330000
10
-63.220000
20
-87.220000
10
-63.220000
20
-87.220000
10
-63.440000
20
-87.130000
10
-63.440000
20
-87.130000
10
-63.680000
20
-87.070000
10
-63.680000
20
-87.070000
10
-63.940000
20
-87.040000
10
-63.940000
20
-87.040000
10
-64.210000
20
-87.020000
0
LWPOLYLINE
5
2033
100
AcDbEntity
8
0
100
AcDbPolyline
90
124
70
0
43
0.000000
10
-53.280000
20
-87.020000
10
-53.560000
20
-87.040000
10
-53.560000
20
-87.040000
10
-53.820000
20
-87.070000
10
-53.820000
20
-87.070000
10
-54.070000
20
-87.130000
10
-54.070000
20
-87.130000
10
-54.290000
20
-87.220000
10
-54.290000
20
-87.220000
10
-54.490000
20
-87.330000
10
-54.490000
20
-87.330000
10
-54.680000
20
-87.460000
10
-54.680000
20
-87.460000
10
-54.850000
20
-87.620000
10
-54.850000
20
-87.620000
10
-54.990000
20
-87.800000
10
-54.990000
20
-87.800000
10
-55.120000
20
-88.000000
10
-55.120000
20
-88.000000
10
-55.220000
20
-88.210000
10
-55.220000
20
-88.210000
10
-55.300000
20
-88.450000
10
-55.300000
20
-88.450000
10
-55.350000
20
-88.700000
10
-55.350000
20
-88.700000
10
-55.390000
20
-88.980000
10
-55.390000
20
-88.980000
10
-55.400000
20
-89.270000
10
-55.400000
20
-89.270000
10
-55.390000
20
-89.570000
10
-55.390000
20
-89.570000
10
-55.350000
20
-89.850000
10
-55.350000
20
-89.850000
10
-55.300000
20
-90.110000
10
-55.300000
20
-90.110000
10
-55.220000
20
-90.350000
10
-55.220000
20
-90.350000
10
-55.120000
20
-90.570000
10
-55.120000
20
-90.570000
10
-54.990000
20
-90.780000
10
-54.990000
20
-90.780000
10
-54.850000
20
-90.960000
10
-54.850000
20
-90.960000
10
-54.680000
20
-91.120000
10
-54.680000
20
-91.120000
10
-54.500000
20
-91.250000
10
-54.500000
20
-91.250000
10
-54.290000
20
-91.360000
10
-54.290000
20
-91.360000
10
-54.070000
20
-91.450000
10
-54.070000
20
-91.450000
10
-53.830000
20
-91.510000
10
-53.830000
20
-91.510000
10
-53.570000
20
-91.540000
10
-53.570000
20
-91.540000
10
-53.300000
20
-91.560000
10
-53.300000
20
-91.560000
10
-53.110000
20
-91.550000
10
-53.110000
20
-91.550000
10
-52.930000
20
-91.530000
10
-52.930000
20
-91.530000
10
-52.760000
20
-91.510000
10
-52.760000
20
-91.510000
10
-52.600000
20
-91.470000
10
-52.600000
20
-91.470000
10
-52.450000
20
-91.420000
10
-52.450000
20
-91.420000
10
-52.300000
20
-91.360000
10
-52.300000
20
-91.360000
10
-52.160000
20
-91.290000
10
-52.160000
20
-91.290000
10
-52.030000
20
-91.200000
10
-52.030000
20
-91.200000
10
-51.910000
20
-91.110000
10
-51.910000
20
-91.110000
10
-51.790000
20
-91.000000
10
-51.790000
20
-91.000000
10
-51.690000
20
-90.890000
10
-51.690000
20
-90.890000
10
-51.590000
20
-90.770000
10
-51.590000
20
-90.770000
10
-51.430000
20
-90.490000
10
-51.430000
20
-90.490000
10
-51.360000
20
-90.340000
10
-51.360000
20
-90.340000
10
-51.300000
20
-90.180000
10
-51.300000
20
-90.180000
10
-51.250000
20
-90.010000
10
-51.250000
20
-90.010000
10
-51.210000
20
-89.840000
10
-51.210000
20
-89.840000
10
-51.190000
20
-89.660000
10
-51.190000
20
-89.660000
10
-51.170000
20
-89.470000
10
-51.170000
20
-89.470000
10
-51.160000
20
-89.270000
10
-51.160000
20
-89.270000
10
-51.180000
20
-88.980000
10
-51.180000
20
-88.980000
10
-51.210000
20
-88.710000
10
-51.210000
20
-88.710000
10
-51.270000
20
-88.460000
10
-51.270000
20
-88.460000
10
-51.350000
20
-88.220000
10
-51.350000
20
-88.220000
10
-51.450000
20
-88.000000
10
-51.450000
20
-88.000000
10
-51.580000
20
-87.800000
10
-51.580000
20
-87.800000
10
-51.730000
20
-87.620000
10
-51.730000
20
-87.620000
10
-51.900000
20
-87.460000
10
-51.900000
20
-87.460000
10
-52.080000
20
-87.330000
10
-52.080000
20
-87.330000
10
-52.280000
20
-87.220000
10
-52.280000
20
-87.220000
10
-52.510000
20
-87.130000
10
-52.510000
20
-87.130000
10
-52.750000
20
-87.070000
10
-52.750000
20
-87.070000
10
-53.000000
20
-87.040000
10
-53.000000
20
-87.040000
10
-53.280000
20
-87.020000
0
LWPOLYLINE
5
2034
100
AcDbEntity
8
0
100
AcDbPolyline
90
188
70
0
43
0.000000
10
-40.780000
20
-87.020000
10
-41.010000
20
-87.040000
10
-41.010000
20
-87.040000
10
-41.210000
20
-87.070000
10
-41.210000
20
-87.070000
10
-41.410000
20
-87.130000
10
-41.410000
20
-87.130000
10
-41.580000
20
-87.220000
10
-41.580000
20
-87.220000
10
-41.740000
20
-87.330000
10
-41.740000
20
-87.330000
10
-41.880000
20
-87.460000
10
-41.880000
20
-87.460000
10
-42.000000
20
-87.620000
10
-42.000000
20
-87.620000
10
-42.110000
20
-87.810000
10
-42.110000
20
-87.810000
10
-42.190000
20
-88.010000
10
-42.190000
20
-88.010000
10
-42.270000
20
-88.240000
10
-42.270000
20
-88.240000
10
-42.330000
20
-88.500000
10
-42.330000
20
-88.500000
10
-42.370000
20
-88.780000
10
-42.370000
20
-88.780000
10
-42.390000
20
-89.080000
10
-42.390000
20
-89.080000
10
-42.400000
20
-89.410000
10
-42.400000
20
-89.410000
10
-42.390000
20
-89.700000
10
-42.390000
20
-89.700000
10
-42.370000
20
-89.980000
10
-42.370000
20
-89.980000
10
-42.330000
20
-90.230000
10
-42.330000
20
-90.230000
10
-42.270000
20
-90.470000
10
-42.270000
20
-90.470000
10
-42.190000
20
-90.670000
10
-42.190000
20
-90.670000
10
-42.110000
20
-90.860000
10
-42.110000
20
-90.860000
10
-42.000000
20
-91.020000
10
-42.000000
20
-91.020000
10
-41.880000
20
-91.160000
10
-41.880000
20
-91.160000
10
-41.740000
20
-91.280000
10
-41.740000
20
-91.280000
10
-41.590000
20
-91.380000
10
-41.590000
20
-91.380000
10
-41.430000
20
-91.460000
10
-41.430000
20
-91.460000
10
-41.250000
20
-91.510000
10
-41.250000
20
-91.510000
10
-41.060000
20
-91.550000
10
-41.060000
20
-91.550000
10
-40.850000
20
-91.560000
10
-40.850000
20
-91.560000
10
-40.660000
20
-91.550000
10
-40.660000
20
-91.550000
10
-40.490000
20
-91.520000
10
-40.490000
20
-91.520000
10
-40.330000
20
-91.480000
10
-40.330000
20
-91.480000
10
-40.180000
20
-91.430000
10
-40.180000
20
-91.430000
10
-40.040000
20
-91.350000
10
-40.040000
20
-91.350000
10
-39.910000
20
-91.260000
10
-39.910000
20
-91.260000
10
-39.800000
20
-91.160000
10
-39.800000
20
-91.160000
10
-39.700000
20
-91.040000
10
-39.700000
20
-91.040000
10
-39.610000
20
-90.900000
10
-39.610000
20
-90.900000
10
-39.540000
20
-90.760000
10
-39.540000
20
-90.760000
10
-39.490000
20
-90.600000
10
-39.490000
20
-90.600000
10
-39.450000
20
-90.430000
10
-39.450000
20
-90.430000
10
-39.420000
20
-90.250000
10
-39.420000
20
-90.250000
10
-39.420000
20
-89.880000
10
-39.420000
20
-89.880000
10
-39.440000
20
-89.710000
10
-39.440000
20
-89.710000
10
-39.480000
20
-89.550000
10
-39.480000
20
-89.550000
10
-39.530000
20
-89.400000
10
-39.530000
20
-89.400000
10
-39.590000
20
-89.260000
10
-39.590000
20
-89.260000
10
-39.670000
20
-89.140000
10
-39.670000
20
-89.140000
10
-39.770000
20
-89.020000
10
-39.770000
20
-89.020000
10
-39.870000
20
-88.930000
10
-39.870000
20
-88.930000
10
-39.980000
20
-88.840000
10
-39.980000
20
-88.840000
10
-40.240000
20
-88.720000
10
-40.240000
20
-88.720000
10
-40.380000
20
-88.690000
10
-40.380000
20
-88.690000
10
-40.540000
20
-88.660000
10
-40.540000
20
-88.660000
10
-40.790000
20
-88.660000
10
-40.790000
20
-88.660000
10
-40.970000
20
-88.680000
10
-40.970000
20
-88.680000
10
-41.130000
20
-88.720000
10
-41.130000
20
-88.720000
10
-41.210000
20
-88.750000
10
-41.210000
20
-88.750000
10
-41.280000
20
-88.790000
10
-41.280000
20
-88.790000
10
-41.360000
20
-88.830000
10
-41.360000
20
-88.830000
10
-41.430000
20
-88.880000
10
-41.430000
20
-88.880000
10
-41.550000
20
-88.980000
10
-41.550000
20
-88.980000
10
-41.650000
20
-89.100000
10
-41.650000
20
-89.100000
10
-41.690000
20
-89.160000
10
-41.690000
20
-89.160000
10
-41.700000
20
-89.160000
10
-41.700000
20
-89.160000
10
-41.680000
20
-88.760000
10
-41.680000
20
-88.760000
10
-41.620000
20
-88.410000
10
-41.620000
20
-88.410000
10
-41.530000
20
-88.120000
10
-41.530000
20
-88.120000
10
-41.400000
20
-87.890000
10
-41.400000
20
-87.890000
10
-41.230000
20
-87.730000
10
-41.230000
20
-87.730000
10
-41.030000
20
-87.640000
10
-41.030000
20
-87.640000
10
-40.800000
20
-87.610000
10
-40.800000
20
-87.610000
10
-40.680000
20
-87.620000
10
-40.680000
20
-87.620000
10
-40.570000
20
-87.640000
10
-40.570000
20
-87.640000
10
-40.470000
20
-87.690000
10
-40.470000
20
-87.690000
10
-40.380000
20
-87.750000
10
-40.380000
20
-87.750000
10
-40.310000
20
-87.840000
10
-40.310000
20
-87.840000
10
-40.250000
20
-87.940000
10
-40.250000
20
-87.940000
10
-40.200000
20
-88.050000
10
-40.200000
20
-88.050000
10
-40.130000
20
-88.050000
10
-40.130000
20
-88.050000
10
-39.530000
20
-87.960000
10
-39.530000
20
-87.960000
10
-39.570000
20
-87.820000
10
-39.570000
20
-87.820000
10
-39.620000
20
-87.690000
10
-39.620000
20
-87.690000
10
-39.680000
20
-87.580000
10
-39.680000
20
-87.580000
10
-39.740000
20
-87.480000
10
-39.740000
20
-87.480000
10
-39.820000
20
-87.390000
10
-39.820000
20
-87.390000
10
-39.900000
20
-87.310000
10
-39.900000
20
-87.310000
10
-39.980000
20
-87.240000
10
-39.980000
20
-87.240000
10
-40.070000
20
-87.180000
10
-40.070000
20
-87.180000
10
-40.170000
20
-87.130000
10
-40.170000
20
-87.130000
10
-40.280000
20
-87.090000
10
-40.280000
20
-87.090000
10
-40.390000
20
-87.060000
10
-40.390000
20
-87.060000
10
-40.510000
20
-87.040000
10
-40.510000
20
-87.040000
10
-40.640000
20
-87.030000
10
-40.640000
20
-87.030000
10
-40.780000
20
-87.020000
0
LWPOLYLINE
5
2035
100
AcDbEntity
8
0
100
AcDbPolyline
90
112
70
0
43
0.000000
10
-37.010000
20
-87.020000
10
-37.160000
20
-87.030000
10
-37.160000
20
-87.030000
10
-37.300000
20
-87.040000
10
-37.300000
20
-87.040000
10
-37.430000
20
-87.070000
10
-37.430000
20
-87.070000
10
-37.550000
20
-87.100000
10
-37.550000
20
-87.100000
10
-37.670000
20
-87.150000
10
-37.670000
20
-87.150000
10
-37.780000
20
-87.210000
10
-37.780000
20
-87.210000
10
-37.880000
20
-87.270000
10
-37.880000
20
-87.270000
10
-37.970000
20
-87.350000
10
-37.970000
20
-87.350000
10
-38.050000
20
-87.430000
10
-38.050000
20
-87.430000
10
-38.120000
20
-87.520000
10
-38.120000
20
-87.520000
10
-38.200000
20
-87.630000
10
-38.200000
20
-87.630000
10
-38.260000
20
-87.740000
10
-38.260000
20
-87.740000
10
-38.320000
20
-87.870000
10
-38.320000
20
-87.870000
10
-38.380000
20
-88.010000
10
-38.380000
20
-88.010000
10
-38.420000
20
-88.160000
10
-38.420000
20
-88.160000
10
-38.460000
20
-88.320000
10
-38.460000
20
-88.320000
10
-38.490000
20
-88.490000
10
-38.490000
20
-88.490000
10
-38.510000
20
-88.670000
10
-38.510000
20
-88.670000
10
-38.530000
20
-88.870000
10
-38.530000
20
-88.870000
10
-38.540000
20
-89.070000
10
-38.540000
20
-89.070000
10
-38.540000
20
-89.290000
10
-38.540000
20
-89.290000
10
-38.510000
20
-89.890000
10
-38.510000
20
-89.890000
10
-38.420000
20
-90.400000
10
-38.420000
20
-90.400000
10
-38.270000
20
-90.820000
10
-38.270000
20
-90.820000
10
-38.050000
20
-91.140000
10
-38.050000
20
-91.140000
10
-37.770000
20
-91.370000
10
-37.770000
20
-91.370000
10
-37.430000
20
-91.510000
10
-37.430000
20
-91.510000
10
-37.030000
20
-91.560000
10
-37.030000
20
-91.560000
10
-36.820000
20
-91.550000
10
-36.820000
20
-91.550000
10
-36.630000
20
-91.510000
10
-36.630000
20
-91.510000
10
-36.450000
20
-91.450000
10
-36.450000
20
-91.450000
10
-36.290000
20
-91.370000
10
-36.290000
20
-91.370000
10
-36.140000
20
-91.270000
10
-36.140000
20
-91.270000
10
-36.010000
20
-91.140000
10
-36.010000
20
-91.140000
10
-35.890000
20
-90.990000
10
-35.890000
20
-90.990000
10
-35.790000
20
-90.810000
10
-35.790000
20
-90.810000
10
-35.710000
20
-90.610000
10
-35.710000
20
-90.610000
10
-35.640000
20
-90.390000
10
-35.640000
20
-90.390000
10
-35.580000
20
-90.150000
10
-35.580000
20
-90.150000
10
-35.540000
20
-89.880000
10
-35.540000
20
-89.880000
10
-35.520000
20
-89.600000
10
-35.520000
20
-89.600000
10
-35.510000
20
-89.290000
10
-35.510000
20
-89.290000
10
-35.520000
20
-88.970000
10
-35.520000
20
-88.970000
10
-35.540000
20
-88.680000
10
-35.540000
20
-88.680000
10
-35.580000
20
-88.410000
10
-35.580000
20
-88.410000
10
-35.630000
20
-88.170000
10
-35.630000
20
-88.170000
10
-35.700000
20
-87.950000
10
-35.700000
20
-87.950000
10
-35.780000
20
-87.760000
10
-35.780000
20
-87.760000
10
-35.880000
20
-87.590000
10
-35.880000
20
-87.590000
10
-35.990000
20
-87.440000
10
-35.990000
20
-87.440000
10
-36.120000
20
-87.310000
10
-36.120000
20
-87.310000
10
-36.270000
20
-87.210000
10
-36.270000
20
-87.210000
10
-36.430000
20
-87.130000
10
-36.430000
20
-87.130000
10
-36.610000
20
-87.070000
10
-36.610000
20
-87.070000
10
-36.800000
20
-87.030000
10
-36.800000
20
-87.030000
10
-37.010000
20
-87.020000
0
LWPOLYLINE
5
2036
100
AcDbEntity
8
0
100
AcDbPolyline
90
214
70
0
43
0.000000
10
-33.140000
20
-87.020000
10
-33.320000
20
-87.030000
10
-33.320000
20
-87.030000
10
-33.490000
20
-87.050000
10
-33.490000
20
-87.050000
10
-33.640000
20
-87.080000
10
-33.640000
20
-87.080000
10
-33.790000
20
-87.130000
10
-33.790000
20
-87.130000
10
-33.920000
20
-87.180000
10
-33.920000
20
-87.180000
10
-34.050000
20
-87.260000
10
-34.050000
20
-87.260000
10
-34.160000
20
-87.340000
10
-34.160000
20
-87.340000
10
-34.250000
20
-87.430000
10
-34.250000
20
-87.430000
10
-34.340000
20
-87.530000
10
-34.340000
20
-87.530000
10
-34.400000
20
-87.640000
10
-34.400000
20
-87.640000
10
-34.450000
20
-87.750000
10
-34.450000
20
-87.750000
10
-34.490000
20
-87.880000
10
-34.490000
20
-87.880000
10
-34.510000
20
-88.010000
10
-34.510000
20
-88.010000
10
-34.520000
20
-88.160000
10
-34.520000
20
-88.160000
10
-34.520000
20
-88.260000
10
-34.520000
20
-88.260000
10
-34.510000
20
-88.360000
10
-34.510000
20
-88.360000
10
-34.490000
20
-88.460000
10
-34.490000
20
-88.460000
10
-34.460000
20
-88.550000
10
-34.460000
20
-88.550000
10
-34.420000
20
-88.640000
10
-34.420000
20
-88.640000
10
-34.380000
20
-88.720000
10
-34.380000
20
-88.720000
10
-34.320000
20
-88.810000
10
-34.320000
20
-88.810000
10
-34.260000
20
-88.890000
10
-34.260000
20
-88.890000
10
-34.190000
20
-88.960000
10
-34.190000
20
-88.960000
10
-34.030000
20
-89.080000
10
-34.030000
20
-89.080000
10
-33.850000
20
-89.160000
10
-33.850000
20
-89.160000
10
-33.760000
20
-89.190000
10
-33.760000
20
-89.190000
10
-33.870000
20
-89.220000
10
-33.870000
20
-89.220000
10
-33.970000
20
-89.250000
10
-33.970000
20
-89.250000
10
-34.070000
20
-89.300000
10
-34.070000
20
-89.300000
10
-34.160000
20
-89.350000
10
-34.160000
20
-89.350000
10
-34.240000
20
-89.410000
10
-34.240000
20
-89.410000
10
-34.320000
20
-89.480000
10
-34.320000
20
-89.480000
10
-34.390000
20
-89.560000
10
-34.390000
20
-89.560000
10
-34.450000
20
-89.640000
10
-34.450000
20
-89.640000
10
-34.550000
20
-89.840000
10
-34.550000
20
-89.840000
10
-34.580000
20
-89.940000
10
-34.580000
20
-89.940000
10
-34.600000
20
-90.040000
10
-34.600000
20
-90.040000
10
-34.620000
20
-90.160000
10
-34.620000
20
-90.160000
10
-34.620000
20
-90.270000
10
-34.620000
20
-90.270000
10
-34.610000
20
-90.440000
10
-34.610000
20
-90.440000
10
-34.590000
20
-90.600000
10
-34.590000
20
-90.600000
10
-34.550000
20
-90.750000
10
-34.550000
20
-90.750000
10
-34.500000
20
-90.890000
10
-34.500000
20
-90.890000
10
-34.430000
20
-91.010000
10
-34.430000
20
-91.010000
10
-34.340000
20
-91.120000
10
-34.340000
20
-91.120000
10
-34.240000
20
-91.220000
10
-34.240000
20
-91.220000
10
-34.120000
20
-91.310000
10
-34.120000
20
-91.310000
10
-33.980000
20
-91.390000
10
-33.980000
20
-91.390000
10
-33.840000
20
-91.450000
10
-33.840000
20
-91.450000
10
-33.680000
20
-91.500000
10
-33.680000
20
-91.500000
10
-33.510000
20
-91.530000
10
-33.510000
20
-91.530000
10
-33.320000
20
-91.550000
10
-33.320000
20
-91.550000
10
-33.120000
20
-91.560000
10
-33.120000
20
-91.560000
10
-32.920000
20
-91.550000
10
-32.920000
20
-91.550000
10
-32.730000
20
-91.530000
10
-32.730000
20
-91.530000
10
-32.560000
20
-91.500000
10
-32.560000
20
-91.500000
10
-32.400000
20
-91.450000
10
-32.400000
20
-91.450000
10
-32.250000
20
-91.390000
10
-32.250000
20
-91.390000
10
-32.120000
20
-91.310000
10
-32.120000
20
-91.310000
10
-32.010000
20
-91.220000
10
-32.010000
20
-91.220000
10
-31.900000
20
-91.120000
10
-31.900000
20
-91.120000
10
-31.820000
20
-91.010000
10
-31.820000
20
-91.010000
10
-31.750000
20
-90.880000
10
-31.750000
20
-90.880000
10
-31.690000
20
-90.740000
10
-31.690000
20
-90.740000
10
-31.650000
20
-90.590000
10
-31.650000
20
-90.590000
10
-31.630000
20
-90.430000
10
-31.630000
20
-90.430000
10
-31.620000
20
-90.260000
10
-31.620000
20
-90.260000
10
-31.640000
20
-90.020000
10
-31.640000
20
-90.020000
10
-31.670000
20
-89.910000
10
-31.670000
20
-89.910000
10
-31.700000
20
-89.810000
10
-31.700000
20
-89.810000
10
-31.740000
20
-89.710000
10
-31.740000
20
-89.710000
10
-31.790000
20
-89.620000
10
-31.790000
20
-89.620000
10
-31.930000
20
-89.460000
10
-31.930000
20
-89.460000
10
-32.000000
20
-89.400000
10
-32.000000
20
-89.400000
10
-32.090000
20
-89.340000
10
-32.090000
20
-89.340000
10
-32.180000
20
-89.290000
10
-32.180000
20
-89.290000
10
-32.270000
20
-89.250000
10
-32.270000
20
-89.250000
10
-32.380000
20
-89.210000
10
-32.380000
20
-89.210000
10
-32.490000
20
-89.190000
10
-32.490000
20
-89.190000
10
-32.490000
20
-89.170000
10
-32.490000
20
-89.170000
10
-32.390000
20
-89.150000
10
-32.390000
20
-89.150000
10
-32.300000
20
-89.120000
10
-32.300000
20
-89.120000
10
-32.220000
20
-89.080000
10
-32.220000
20
-89.080000
10
-32.140000
20
-89.030000
10
-32.140000
20
-89.030000
10
-32.070000
20
-88.970000
10
-32.070000
20
-88.970000
10
-32.000000
20
-88.900000
10
-32.000000
20
-88.900000
10
-31.880000
20
-88.740000
10
-31.880000
20
-88.740000
10
-31.830000
20
-88.650000
10
-31.830000
20
-88.650000
10
-31.790000
20
-88.570000
10
-31.790000
20
-88.570000
10
-31.760000
20
-88.470000
10
-31.760000
20
-88.470000
10
-31.740000
20
-88.380000
10
-31.740000
20
-88.380000
10
-31.730000
20
-88.280000
10
-31.730000
20
-88.280000
10
-31.720000
20
-88.170000
10
-31.720000
20
-88.170000
10
-31.730000
20
-88.020000
10
-31.730000
20
-88.020000
10
-31.750000
20
-87.880000
10
-31.750000
20
-87.880000
10
-31.790000
20
-87.750000
10
-31.790000
20
-87.750000
10
-31.840000
20
-87.630000
10
-31.840000
20
-87.630000
10
-31.910000
20
-87.520000
10
-31.910000
20
-87.520000
10
-31.990000
20
-87.410000
10
-31.990000
20
-87.410000
10
-32.090000
20
-87.320000
10
-32.090000
20
-87.320000
10
-32.200000
20
-87.240000
10
-32.200000
20
-87.240000
10
-32.330000
20
-87.180000
10
-32.330000
20
-87.180000
10
-32.470000
20
-87.120000
10
-32.470000
20
-87.120000
10
-32.620000
20
-87.080000
10
-32.620000
20
-87.080000
10
-32.780000
20
-87.050000
10
-32.780000
20
-87.050000
10
-32.950000
20
-87.030000
10
-32.950000
20
-87.030000
10
-33.140000
20
-87.020000
0
LWPOLYLINE
5
2037
100
AcDbEntity
8
0
100
AcDbPolyline
90
22
70
0
43
0.000000
10
-24.310000
20
-87.090000
10
-25.150000
20
-87.090000
10
-25.150000
20
-87.090000
10
-26.960000
20
-89.990000
10
-26.960000
20
-89.990000
10
-26.960000
20
-90.570000
10
-26.960000
20
-90.570000
10
-25.010000
20
-90.570000
10
-25.010000
20
-90.570000
10
-25.010000
20
-91.510000
10
-25.010000
20
-91.510000
10
-24.310000
20
-91.510000
10
-24.310000
20
-91.510000
10
-24.310000
20
-90.570000
10
-24.310000
20
-90.570000
10
-23.680000
20
-90.570000
10
-23.680000
20
-90.570000
10
-23.680000
20
-89.990000
10
-23.680000
20
-89.990000
10
-24.310000
20
-89.990000
10
-24.310000
20
-89.990000
10
-24.310000
20
-87.090000
0
LWPOLYLINE
5
2038
100
AcDbEntity
8
0
100
AcDbPolyline
90
112
70
0
43
0.000000
10
-21.390000
20
-87.020000
10
-21.540000
20
-87.030000
10
-21.540000
20
-87.030000
10
-21.680000
20
-87.040000
10
-21.680000
20
-87.040000
10
-21.810000
20
-87.070000
10
-21.810000
20
-87.070000
10
-21.930000
20
-87.100000
10
-21.930000
20
-87.100000
10
-22.050000
20
-87.150000
10
-22.050000
20
-87.150000
10
-22.160000
20
-87.210000
10
-22.160000
20
-87.210000
10
-22.260000
20
-87.270000
10
-22.260000
20
-87.270000
10
-22.350000
20
-87.350000
10
-22.350000
20
-87.350000
10
-22.430000
20
-87.430000
10
-22.430000
20
-87.430000
10
-22.500000
20
-87.520000
10
-22.500000
20
-87.520000
10
-22.580000
20
-87.630000
10
-22.580000
20
-87.630000
10
-22.640000
20
-87.740000
10
-22.640000
20
-87.740000
10
-22.700000
20
-87.870000
10
-22.700000
20
-87.870000
10
-22.760000
20
-88.010000
10
-22.760000
20
-88.010000
10
-22.800000
20
-88.160000
10
-22.800000
20
-88.160000
10
-22.840000
20
-88.320000
10
-22.840000
20
-88.320000
10
-22.870000
20
-88.490000
10
-22.870000
20
-88.490000
10
-22.890000
20
-88.670000
10
-22.890000
20
-88.670000
10
-22.910000
20
-88.870000
10
-22.910000
20
-88.870000
10
-22.920000
20
-89.070000
10
-22.920000
20
-89.070000
10
-22.920000
20
-89.290000
10
-22.920000
20
-89.290000
10
-22.890000
20
-89.890000
10
-22.890000
20
-89.890000
10
-22.800000
20
-90.400000
10
-22.800000
20
-90.400000
10
-22.650000
20
-90.820000
10
-22.650000
20
-90.820000
10
-22.430000
20
-91.140000
10
-22.430000
20
-91.140000
10
-22.150000
20
-91.370000
10
-22.150000
20
-91.370000
10
-21.810000
20
-91.510000
10
-21.810000
20
-91.510000
10
-21.410000
20
-91.560000
10
-21.410000
20
-91.560000
10
-21.200000
20
-91.550000
10
-21.200000
20
-91.550000
10
-21.010000
20
-91.510000
10
-21.010000
20
-91.510000
10
-20.830000
20
-91.450000
10
-20.830000
20
-91.450000
10
-20.670000
20
-91.370000
10
-20.670000
20
-91.370000
10
-20.520000
20
-91.270000
10
-20.520000
20
-91.270000
10
-20.390000
20
-91.140000
10
-20.390000
20
-91.140000
10
-20.270000
20
-90.990000
10
-20.270000
20
-90.990000
10
-20.170000
20
-90.810000
10
-20.170000
20
-90.810000
10
-20.090000
20
-90.610000
10
-20.090000
20
-90.610000
10
-20.020000
20
-90.390000
10
-20.020000
20
-90.390000
10
-19.960000
20
-90.150000
10
-19.960000
20
-90.150000
10
-19.920000
20
-89.880000
10
-19.920000
20
-89.880000
10
-19.900000
20
-89.600000
10
-19.900000
20
-89.600000
10
-19.890000
20
-89.290000
10
-19.890000
20
-89.290000
10
-19.900000
20
-88.970000
10
-19.900000
20
-88.970000
10
-19.920000
20
-88.680000
10
-19.920000
20
-88.680000
10
-19.960000
20
-88.410000
10
-19.960000
20
-88.410000
10
-20.010000
20
-88.170000
10
-20.010000
20
-88.170000
10
-20.080000
20
-87.950000
10
-20.080000
20
-87.950000
10
-20.160000
20
-87.760000
10
-20.160000
20
-87.760000
10
-20.260000
20
-87.590000
10
-20.260000
20
-87.590000
10
-20.370000
20
-87.440000
10
-20.370000
20
-87.440000
10
-20.500000
20
-87.310000
10
-20.500000
20
-87.310000
10
-20.650000
20
-87.210000
10
-20.650000
20
-87.210000
10
-20.810000
20
-87.130000
10
-20.810000
20
-87.130000
10
-20.990000
20
-87.070000
10
-20.990000
20
-87.070000
10
-21.180000
20
-87.030000
10
-21.180000
20
-87.030000
10
-21.390000
20
-87.020000
0
LWPOLYLINE
5
2039
100
AcDbEntity
8
0
100
AcDbPolyline
90
188
70
0
43
0.000000
10
-17.350000
20
-87.020000
10
-17.580000
20
-87.040000
10
-17.580000
20
-87.040000
10
-17.780000
20
-87.070000
10
-17.780000
20
-87.070000
10
-17.980000
20
-87.130000
10
-17.980000
20
-87.130000
10
-18.150000
20
-87.220000
10
-18.150000
20
-87.220000
10
-18.310000
20
-87.330000
10
-18.310000
20
-87.330000
10
-18.450000
20
-87.460000
10
-18.450000
20
-87.460000
10
-18.570000
20
-87.620000
10
-18.570000
20
-87.620000
10
-18.680000
20
-87.810000
10
-18.680000
20
-87.810000
10
-18.760000
20
-88.010000
10
-18.760000
20
-88.010000
10
-18.840000
20
-88.240000
10
-18.840000
20
-88.240000
10
-18.900000
20
-88.500000
10
-18.900000
20
-88.500000
10
-18.940000
20
-88.780000
10
-18.940000
20
-88.780000
10
-18.960000
20
-89.080000
10
-18.960000
20
-89.080000
10
-18.970000
20
-89.410000
10
-18.970000
20
-89.410000
10
-18.960000
20
-89.700000
10
-18.960000
20
-89.700000
10
-18.940000
20
-89.980000
10
-18.940000
20
-89.980000
10
-18.900000
20
-90.230000
10
-18.900000
20
-90.230000
10
-18.840000
20
-90.470000
10
-18.840000
20
-90.470000
10
-18.760000
20
-90.670000
10
-18.760000
20
-90.670000
10
-18.680000
20
-90.860000
10
-18.680000
20
-90.860000
10
-18.570000
20
-91.020000
10
-18.570000
20
-91.020000
10
-18.450000
20
-91.160000
10
-18.450000
20
-91.160000
10
-18.310000
20
-91.280000
10
-18.310000
20
-91.280000
10
-18.160000
20
-91.380000
10
-18.160000
20
-91.380000
10
-18.000000
20
-91.460000
10
-18.000000
20
-91.460000
10
-17.820000
20
-91.510000
10
-17.820000
20
-91.510000
10
-17.630000
20
-91.550000
10
-17.630000
20
-91.550000
10
-17.420000
20
-91.560000
10
-17.420000
20
-91.560000
10
-17.230000
20
-91.550000
10
-17.230000
20
-91.550000
10
-17.060000
20
-91.520000
10
-17.060000
20
-91.520000
10
-16.900000
20
-91.480000
10
-16.900000
20
-91.480000
10
-16.750000
20
-91.430000
10
-16.750000
20
-91.430000
10
-16.610000
20
-91.350000
10
-16.610000
20
-91.350000
10
-16.480000
20
-91.260000
10
-16.480000
20
-91.260000
10
-16.370000
20
-91.160000
10
-16.370000
20
-91.160000
10
-16.270000
20
-91.040000
10
-16.270000
20
-91.040000
10
-16.180000
20
-90.900000
10
-16.180000
20
-90.900000
10
-16.110000
20
-90.760000
10
-16.110000
20
-90.760000
10
-16.060000
20
-90.600000
10
-16.060000
20
-90.600000
10
-16.020000
20
-90.430000
10
-16.020000
20
-90.430000
10
-15.990000
20
-90.250000
10
-15.990000
20
-90.250000
10
-15.990000
20
-89.880000
10
-15.990000
20
-89.880000
10
-16.010000
20
-89.710000
10
-16.010000
20
-89.710000
10
-16.050000
20
-89.550000
10
-16.050000
20
-89.550000
10
-16.100000
20
-89.400000
10
-16.100000
20
-89.400000
10
-16.160000
20
-89.260000
10
-16.160000
20
-89.260000
10
-16.240000
20
-89.140000
10
-16.240000
20
-89.140000
10
-16.340000
20
-89.020000
10
-16.340000
20
-89.020000
10
-16.440000
20
-88.930000
10
-16.440000
20
-88.930000
10
-16.550000
20
-88.840000
10
-16.550000
20
-88.840000
10
-16.810000
20
-88.720000
10
-16.810000
20
-88.720000
10
-16.950000
20
-88.690000
10
-16.950000
20
-88.690000
10
-17.110000
20
-88.660000
10
-17.110000
20
-88.660000
10
-17.360000
20
-88.660000
10
-17.360000
20
-88.660000
10
-17.540000
20
-88.680000
10
-17.540000
20
-88.680000
10
-17.700000
20
-88.720000
10
-17.700000
20
-88.720000
10
-17.780000
20
-88.750000
10
-17.780000
20
-88.750000
10
-17.850000
20
-88.790000
10
-17.850000
20
-88.790000
10
-17.930000
20
-88.830000
10
-17.930000
20
-88.830000
10
-18.000000
20
-88.880000
10
-18.000000
20
-88.880000
10
-18.120000
20
-88.980000
10
-18.120000
20
-88.980000
10
-18.220000
20
-89.100000
10
-18.220000
20
-89.100000
10
-18.260000
20
-89.160000
10
-18.260000
20
-89.160000
10
-18.270000
20
-89.160000
10
-18.270000
20
-89.160000
10
-18.250000
20
-88.760000
10
-18.250000
20
-88.760000
10
-18.190000
20
-88.410000
10
-18.190000
20
-88.410000
10
-18.100000
20
-88.120000
10
-18.100000
20
-88.120000
10
-17.970000
20
-87.890000
10
-17.970000
20
-87.890000
10
-17.800000
20
-87.730000
10
-17.800000
20
-87.730000
10
-17.600000
20
-87.640000
10
-17.600000
20
-87.640000
10
-17.370000
20
-87.610000
10
-17.370000
20
-87.610000
10
-17.250000
20
-87.620000
10
-17.250000
20
-87.620000
10
-17.140000
20
-87.640000
10
-17.140000
20
-87.640000
10
-17.040000
20
-87.690000
10
-17.040000
20
-87.690000
10
-16.950000
20
-87.750000
10
-16.950000
20
-87.750000
10
-16.880000
20
-87.840000
10
-16.880000
20
-87.840000
10
-16.820000
20
-87.940000
10
-16.820000
20
-87.940000
10
-16.770000
20
-88.050000
10
-16.770000
20
-88.050000
10
-16.700000
20
-88.050000
10
-16.700000
20
-88.050000
10
-16.100000
20
-87.960000
10
-16.100000
20
-87.960000
10
-16.140000
20
-87.820000
10
-16.140000
20
-87.820000
10
-16.190000
20
-87.690000
10
-16.190000
20
-87.690000
10
-16.250000
20
-87.580000
10
-16.250000
20
-87.580000
10
-16.310000
20
-87.480000
10
-16.310000
20
-87.480000
10
-16.390000
20
-87.390000
10
-16.390000
20
-87.390000
10
-16.470000
20
-87.310000
10
-16.470000
20
-87.310000
10
-16.550000
20
-87.240000
10
-16.550000
20
-87.240000
10
-16.640000
20
-87.180000
10
-16.640000
20
-87.180000
10
-16.740000
20
-87.130000
10
-16.740000
20
-87.130000
10
-16.850000
20
-87.090000
10
-16.850000
20
-87.090000
10
-16.960000
20
-87.060000
10
-16.960000
20
-87.060000
10
-17.080000
20
-87.040000
10
-17.080000
20
-87.040000
10
-17.210000
20
-87.030000
10
-17.210000
20
-87.030000
10
-17.350000
20
-87.020000
0
LWPOLYLINE
5
2040
100
AcDbEntity
8
0
100
AcDbPolyline
90
210
70
0
43
0.000000
10
14.050000
20
-87.020000
10
13.870000
20
-87.030000
10
13.870000
20
-87.030000
10
13.700000
20
-87.050000
10
13.700000
20
-87.050000
10
13.540000
20
-87.080000
10
13.540000
20
-87.080000
10
13.260000
20
-87.180000
10
13.260000
20
-87.180000
10
13.140000
20
-87.260000
10
13.140000
20
-87.260000
10
13.030000
20
-87.340000
10
13.030000
20
-87.340000
10
12.930000
20
-87.430000
10
12.930000
20
-87.430000
10
12.850000
20
-87.530000
10
12.850000
20
-87.530000
10
12.780000
20
-87.640000
10
12.780000
20
-87.640000
10
12.730000
20
-87.750000
10
12.730000
20
-87.750000
10
12.690000
20
-87.880000
10
12.690000
20
-87.880000
10
12.670000
20
-88.010000
10
12.670000
20
-88.010000
10
12.660000
20
-88.160000
10
12.660000
20
-88.160000
10
12.680000
20
-88.360000
10
12.680000
20
-88.360000
10
12.700000
20
-88.460000
10
12.700000
20
-88.460000
10
12.730000
20
-88.550000
10
12.730000
20
-88.550000
10
12.770000
20
-88.640000
10
12.770000
20
-88.640000
10
12.810000
20
-88.720000
10
12.810000
20
-88.720000
10
12.860000
20
-88.810000
10
12.860000
20
-88.810000
10
12.930000
20
-88.890000
10
12.930000
20
-88.890000
10
13.000000
20
-88.960000
10
13.000000
20
-88.960000
10
13.070000
20
-89.020000
10
13.070000
20
-89.020000
10
13.160000
20
-89.080000
10
13.160000
20
-89.080000
10
13.240000
20
-89.120000
10
13.240000
20
-89.120000
10
13.330000
20
-89.160000
10
13.330000
20
-89.160000
10
13.430000
20
-89.190000
10
13.430000
20
-89.190000
10
13.320000
20
-89.220000
10
13.320000
20
-89.220000
10
13.220000
20
-89.250000
10
13.220000
20
-89.250000
10
13.120000
20
-89.300000
10
13.120000
20
-89.300000
10
13.030000
20
-89.350000
10
13.030000
20
-89.350000
10
12.940000
20
-89.410000
10
12.940000
20
-89.410000
10
12.870000
20
-89.480000
10
12.870000
20
-89.480000
10
12.800000
20
-89.560000
10
12.800000
20
-89.560000
10
12.740000
20
-89.640000
10
12.740000
20
-89.640000
10
12.680000
20
-89.740000
10
12.680000
20
-89.740000
10
12.640000
20
-89.840000
10
12.640000
20
-89.840000
10
12.580000
20
-90.040000
10
12.580000
20
-90.040000
10
12.570000
20
-90.160000
10
12.570000
20
-90.160000
10
12.560000
20
-90.270000
10
12.560000
20
-90.270000
10
12.570000
20
-90.440000
10
12.570000
20
-90.440000
10
12.600000
20
-90.600000
10
12.600000
20
-90.600000
10
12.630000
20
-90.750000
10
12.630000
20
-90.750000
10
12.690000
20
-90.890000
10
12.690000
20
-90.890000
10
12.760000
20
-91.010000
10
12.760000
20
-91.010000
10
12.850000
20
-91.120000
10
12.850000
20
-91.120000
10
12.950000
20
-91.220000
10
12.950000
20
-91.220000
10
13.070000
20
-91.310000
10
13.070000
20
-91.310000
10
13.200000
20
-91.390000
10
13.200000
20
-91.390000
10
13.350000
20
-91.450000
10
13.350000
20
-91.450000
10
13.510000
20
-91.500000
10
13.510000
20
-91.500000
10
13.680000
20
-91.530000
10
13.680000
20
-91.530000
10
13.870000
20
-91.550000
10
13.870000
20
-91.550000
10
14.060000
20
-91.560000
10
14.060000
20
-91.560000
10
14.270000
20
-91.550000
10
14.270000
20
-91.550000
10
14.450000
20
-91.530000
10
14.450000
20
-91.530000
10
14.630000
20
-91.500000
10
14.630000
20
-91.500000
10
14.790000
20
-91.450000
10
14.790000
20
-91.450000
10
14.930000
20
-91.390000
10
14.930000
20
-91.390000
10
15.060000
20
-91.310000
10
15.060000
20
-91.310000
10
15.180000
20
-91.220000
10
15.180000
20
-91.220000
10
15.280000
20
-91.120000
10
15.280000
20
-91.120000
10
15.370000
20
-91.010000
10
15.370000
20
-91.010000
10
15.440000
20
-90.880000
10
15.440000
20
-90.880000
10
15.490000
20
-90.740000
10
15.490000
20
-90.740000
10
15.530000
20
-90.590000
10
15.530000
20
-90.590000
10
15.560000
20
-90.430000
10
15.560000
20
-90.430000
10
15.560000
20
-90.140000
10
15.560000
20
-90.140000
10
15.550000
20
-90.020000
10
15.550000
20
-90.020000
10
15.520000
20
-89.910000
10
15.520000
20
-89.910000
10
15.490000
20
-89.810000
10
15.490000
20
-89.810000
10
15.450000
20
-89.710000
10
15.450000
20
-89.710000
10
15.390000
20
-89.620000
10
15.390000
20
-89.620000
10
15.330000
20
-89.540000
10
15.330000
20
-89.540000
10
15.260000
20
-89.460000
10
15.260000
20
-89.460000
10
15.100000
20
-89.340000
10
15.100000
20
-89.340000
10
15.010000
20
-89.290000
10
15.010000
20
-89.290000
10
14.810000
20
-89.210000
10
14.810000
20
-89.210000
10
14.700000
20
-89.190000
10
14.700000
20
-89.190000
10
14.700000
20
-89.170000
10
14.700000
20
-89.170000
10
14.790000
20
-89.150000
10
14.790000
20
-89.150000
10
14.890000
20
-89.120000
10
14.890000
20
-89.120000
10
14.970000
20
-89.080000
10
14.970000
20
-89.080000
10
15.050000
20
-89.030000
10
15.050000
20
-89.030000
10
15.120000
20
-88.970000
10
15.120000
20
-88.970000
10
15.190000
20
-88.900000
10
15.190000
20
-88.900000
10
15.310000
20
-88.740000
10
15.310000
20
-88.740000
10
15.350000
20
-88.650000
10
15.350000
20
-88.650000
10
15.390000
20
-88.570000
10
15.390000
20
-88.570000
10
15.420000
20
-88.470000
10
15.420000
20
-88.470000
10
15.450000
20
-88.380000
10
15.450000
20
-88.380000
10
15.460000
20
-88.280000
10
15.460000
20
-88.280000
10
15.460000
20
-88.020000
10
15.460000
20
-88.020000
10
15.430000
20
-87.880000
10
15.430000
20
-87.880000
10
15.400000
20
-87.750000
10
15.400000
20
-87.750000
10
15.340000
20
-87.630000
10
15.340000
20
-87.630000
10
15.280000
20
-87.520000
10
15.280000
20
-87.520000
10
15.200000
20
-87.410000
10
15.200000
20
-87.410000
10
15.100000
20
-87.320000
10
15.100000
20
-87.320000
10
14.980000
20
-87.240000
10
14.980000
20
-87.240000
10
14.860000
20
-87.180000
10
14.860000
20
-87.180000
10
14.720000
20
-87.120000
10
14.720000
20
-87.120000
10
14.570000
20
-87.080000
10
14.570000
20
-87.080000
10
14.410000
20
-87.050000
10
14.410000
20
-87.050000
10
14.230000
20
-87.030000
10
14.230000
20
-87.030000
10
14.050000
20
-87.020000
0
LWPOLYLINE
5
2041
100
AcDbEntity
8
0
100
AcDbPolyline
90
190
70
0
43
0.000000
10
21.840000
20
-87.020000
10
21.640000
20
-87.030000
10
21.640000
20
-87.030000
10
21.460000
20
-87.050000
10
21.460000
20
-87.050000
10
21.290000
20
-87.090000
10
21.290000
20
-87.090000
10
21.130000
20
-87.150000
10
21.130000
20
-87.150000
10
20.990000
20
-87.220000
10
20.990000
20
-87.220000
10
20.860000
20
-87.300000
10
20.860000
20
-87.300000
10
20.740000
20
-87.410000
10
20.740000
20
-87.410000
10
20.640000
20
-87.520000
10
20.640000
20
-87.520000
10
20.550000
20
-87.650000
10
20.550000
20
-87.650000
10
20.480000
20
-87.790000
10
20.480000
20
-87.790000
10
20.430000
20
-87.950000
10
20.430000
20
-87.950000
10
20.390000
20
-88.120000
10
20.390000
20
-88.120000
10
20.370000
20
-88.300000
10
20.370000
20
-88.300000
10
20.360000
20
-88.490000
10
20.360000
20
-88.490000
10
20.360000
20
-88.680000
10
20.360000
20
-88.680000
10
20.390000
20
-88.860000
10
20.390000
20
-88.860000
10
20.420000
20
-89.020000
10
20.420000
20
-89.020000
10
20.470000
20
-89.170000
10
20.470000
20
-89.170000
10
20.540000
20
-89.310000
10
20.540000
20
-89.310000
10
20.610000
20
-89.440000
10
20.610000
20
-89.440000
10
20.710000
20
-89.560000
10
20.710000
20
-89.560000
10
20.810000
20
-89.660000
10
20.810000
20
-89.660000
10
20.920000
20
-89.740000
10
20.920000
20
-89.740000
10
21.040000
20
-89.810000
10
21.040000
20
-89.810000
10
21.170000
20
-89.870000
10
21.170000
20
-89.870000
10
21.310000
20
-89.910000
10
21.310000
20
-89.910000
10
21.460000
20
-89.930000
10
21.460000
20
-89.930000
10
21.620000
20
-89.940000
10
21.620000
20
-89.940000
10
21.720000
20
-89.940000
10
21.720000
20
-89.940000
10
21.820000
20
-89.930000
10
21.820000
20
-89.930000
10
21.910000
20
-89.920000
10
21.910000
20
-89.920000
10
22.000000
20
-89.900000
10
22.000000
20
-89.900000
10
22.240000
20
-89.810000
10
22.240000
20
-89.810000
10
22.310000
20
-89.770000
10
22.310000
20
-89.770000
10
22.450000
20
-89.670000
10
22.450000
20
-89.670000
10
22.500000
20
-89.620000
10
22.500000
20
-89.620000
10
22.550000
20
-89.560000
10
22.550000
20
-89.560000
10
22.600000
20
-89.490000
10
22.600000
20
-89.490000
10
22.630000
20
-89.430000
10
22.630000
20
-89.430000
10
22.640000
20
-89.430000
10
22.640000
20
-89.430000
10
22.610000
20
-89.840000
10
22.610000
20
-89.840000
10
22.560000
20
-90.190000
10
22.560000
20
-90.190000
10
22.460000
20
-90.480000
10
22.460000
20
-90.480000
10
22.340000
20
-90.700000
10
22.340000
20
-90.700000
10
22.180000
20
-90.860000
10
22.180000
20
-90.860000
10
21.980000
20
-90.960000
10
21.980000
20
-90.960000
10
21.760000
20
-90.990000
10
21.760000
20
-90.990000
10
21.620000
20
-90.980000
10
21.620000
20
-90.980000
10
21.490000
20
-90.950000
10
21.490000
20
-90.950000
10
21.380000
20
-90.900000
10
21.380000
20
-90.900000
10
21.290000
20
-90.830000
10
21.290000
20
-90.830000
10
21.210000
20
-90.740000
10
21.210000
20
-90.740000
10
21.140000
20
-90.630000
10
21.140000
20
-90.630000
10
21.090000
20
-90.520000
10
21.090000
20
-90.520000
10
21.020000
20
-90.520000
10
21.020000
20
-90.520000
10
20.410000
20
-90.610000
10
20.410000
20
-90.610000
10
20.450000
20
-90.740000
10
20.450000
20
-90.740000
10
20.500000
20
-90.860000
10
20.500000
20
-90.860000
10
20.620000
20
-91.080000
10
20.620000
20
-91.080000
10
20.690000
20
-91.170000
10
20.690000
20
-91.170000
10
20.770000
20
-91.250000
10
20.770000
20
-91.250000
10
20.860000
20
-91.320000
10
20.860000
20
-91.320000
10
20.960000
20
-91.390000
10
20.960000
20
-91.390000
10
21.070000
20
-91.440000
10
21.070000
20
-91.440000
10
21.180000
20
-91.480000
10
21.180000
20
-91.480000
10
21.440000
20
-91.540000
10
21.440000
20
-91.540000
10
21.740000
20
-91.560000
10
21.740000
20
-91.560000
10
21.960000
20
-91.540000
10
21.960000
20
-91.540000
10
22.170000
20
-91.510000
10
22.170000
20
-91.510000
10
22.350000
20
-91.450000
10
22.350000
20
-91.450000
10
22.520000
20
-91.370000
10
22.520000
20
-91.370000
10
22.680000
20
-91.260000
10
22.680000
20
-91.260000
10
22.820000
20
-91.130000
10
22.820000
20
-91.130000
10
22.940000
20
-90.970000
10
22.940000
20
-90.970000
10
23.050000
20
-90.790000
10
23.050000
20
-90.790000
10
23.150000
20
-90.590000
10
23.150000
20
-90.590000
10
23.220000
20
-90.360000
10
23.220000
20
-90.360000
10
23.280000
20
-90.110000
10
23.280000
20
-90.110000
10
23.320000
20
-89.840000
10
23.320000
20
-89.840000
10
23.350000
20
-89.540000
10
23.350000
20
-89.540000
10
23.360000
20
-89.220000
10
23.360000
20
-89.220000
10
23.350000
20
-88.920000
10
23.350000
20
-88.920000
10
23.330000
20
-88.630000
10
23.330000
20
-88.630000
10
23.290000
20
-88.370000
10
23.290000
20
-88.370000
10
23.230000
20
-88.140000
10
23.230000
20
-88.140000
10
23.160000
20
-87.930000
10
23.160000
20
-87.930000
10
23.080000
20
-87.740000
10
23.080000
20
-87.740000
10
22.970000
20
-87.570000
10
22.970000
20
-87.570000
10
22.860000
20
-87.430000
10
22.860000
20
-87.430000
10
22.730000
20
-87.300000
10
22.730000
20
-87.300000
10
22.580000
20
-87.200000
10
22.580000
20
-87.200000
10
22.420000
20
-87.120000
10
22.420000
20
-87.120000
10
22.240000
20
-87.070000
10
22.240000
20
-87.070000
10
22.050000
20
-87.030000
10
22.050000
20
-87.030000
10
21.840000
20
-87.020000
0
LWPOLYLINE
5
2042
100
AcDbEntity
8
0
100
AcDbPolyline
90
192
70
0
43
0.000000
10
25.750000
20
-87.020000
10
25.550000
20
-87.030000
10
25.550000
20
-87.030000
10
25.360000
20
-87.050000
10
25.360000
20
-87.050000
10
25.190000
20
-87.090000
10
25.190000
20
-87.090000
10
25.040000
20
-87.150000
10
25.040000
20
-87.150000
10
24.890000
20
-87.220000
10
24.890000
20
-87.220000
10
24.760000
20
-87.300000
10
24.760000
20
-87.300000
10
24.540000
20
-87.520000
10
24.540000
20
-87.520000
10
24.460000
20
-87.650000
10
24.460000
20
-87.650000
10
24.390000
20
-87.790000
10
24.390000
20
-87.790000
10
24.330000
20
-87.950000
10
24.330000
20
-87.950000
10
24.290000
20
-88.120000
10
24.290000
20
-88.120000
10
24.270000
20
-88.300000
10
24.270000
20
-88.300000
10
24.260000
20
-88.490000
10
24.260000
20
-88.490000
10
24.270000
20
-88.680000
10
24.270000
20
-88.680000
10
24.290000
20
-88.860000
10
24.290000
20
-88.860000
10
24.330000
20
-89.020000
10
24.330000
20
-89.020000
10
24.380000
20
-89.170000
10
24.380000
20
-89.170000
10
24.440000
20
-89.310000
10
24.440000
20
-89.310000
10
24.520000
20
-89.440000
10
24.520000
20
-89.440000
10
24.610000
20
-89.560000
10
24.610000
20
-89.560000
10
24.710000
20
-89.660000
10
24.710000
20
-89.660000
10
24.820000
20
-89.740000
10
24.820000
20
-89.740000
10
24.940000
20
-89.810000
10
24.940000
20
-89.810000
10
25.080000
20
-89.870000
10
25.080000
20
-89.870000
10
25.220000
20
-89.910000
10
25.220000
20
-89.910000
10
25.370000
20
-89.930000
10
25.370000
20
-89.930000
10
25.530000
20
-89.940000
10
25.530000
20
-89.940000
10
25.630000
20
-89.940000
10
25.630000
20
-89.940000
10
25.810000
20
-89.920000
10
25.810000
20
-89.920000
10
25.900000
20
-89.900000
10
25.900000
20
-89.900000
10
25.990000
20
-89.870000
10
25.990000
20
-89.870000
10
26.150000
20
-89.810000
10
26.150000
20
-89.810000
10
26.220000
20
-89.770000
10
26.220000
20
-89.770000
10
26.290000
20
-89.720000
10
26.290000
20
-89.720000
10
26.410000
20
-89.620000
10
26.410000
20
-89.620000
10
26.460000
20
-89.560000
10
26.460000
20
-89.560000
10
26.510000
20
-89.490000
10
26.510000
20
-89.490000
10
26.540000
20
-89.430000
10
26.540000
20
-89.430000
10
26.550000
20
-89.430000
10
26.550000
20
-89.430000
10
26.520000
20
-89.840000
10
26.520000
20
-89.840000
10
26.460000
20
-90.190000
10
26.460000
20
-90.190000
10
26.370000
20
-90.480000
10
26.370000
20
-90.480000
10
26.240000
20
-90.700000
10
26.240000
20
-90.700000
10
26.080000
20
-90.860000
10
26.080000
20
-90.860000
10
25.890000
20
-90.960000
10
25.890000
20
-90.960000
10
25.660000
20
-90.990000
10
25.660000
20
-90.990000
10
25.520000
20
-90.980000
10
25.520000
20
-90.980000
10
25.400000
20
-90.950000
10
25.400000
20
-90.950000
10
25.290000
20
-90.900000
10
25.290000
20
-90.900000
10
25.190000
20
-90.830000
10
25.190000
20
-90.830000
10
25.110000
20
-90.740000
10
25.110000
20
-90.740000
10
25.050000
20
-90.630000
10
25.050000
20
-90.630000
10
25.000000
20
-90.520000
10
25.000000
20
-90.520000
10
24.930000
20
-90.520000
10
24.930000
20
-90.520000
10
24.310000
20
-90.610000
10
24.310000
20
-90.610000
10
24.350000
20
-90.740000
10
24.350000
20
-90.740000
10
24.400000
20
-90.860000
10
24.400000
20
-90.860000
10
24.520000
20
-91.080000
10
24.520000
20
-91.080000
10
24.600000
20
-91.170000
10
24.600000
20
-91.170000
10
24.680000
20
-91.250000
10
24.680000
20
-91.250000
10
24.760000
20
-91.320000
10
24.760000
20
-91.320000
10
24.860000
20
-91.390000
10
24.860000
20
-91.390000
10
24.970000
20
-91.440000
10
24.970000
20
-91.440000
10
25.090000
20
-91.480000
10
25.090000
20
-91.480000
10
25.210000
20
-91.510000
10
25.210000
20
-91.510000
10
25.350000
20
-91.540000
10
25.350000
20
-91.540000
10
25.490000
20
-91.550000
10
25.490000
20
-91.550000
10
25.650000
20
-91.560000
10
25.650000
20
-91.560000
10
25.870000
20
-91.540000
10
25.870000
20
-91.540000
10
26.070000
20
-91.510000
10
26.070000
20
-91.510000
10
26.260000
20
-91.450000
10
26.260000
20
-91.450000
10
26.430000
20
-91.370000
10
26.430000
20
-91.370000
10
26.580000
20
-91.260000
10
26.580000
20
-91.260000
10
26.720000
20
-91.130000
10
26.720000
20
-91.130000
10
26.850000
20
-90.970000
10
26.850000
20
-90.970000
10
26.960000
20
-90.790000
10
26.960000
20
-90.790000
10
27.050000
20
-90.590000
10
27.050000
20
-90.590000
10
27.130000
20
-90.360000
10
27.130000
20
-90.360000
10
27.190000
20
-90.110000
10
27.190000
20
-90.110000
10
27.230000
20
-89.840000
10
27.230000
20
-89.840000
10
27.250000
20
-89.540000
10
27.250000
20
-89.540000
10
27.260000
20
-89.220000
10
27.260000
20
-89.220000
10
27.250000
20
-88.920000
10
27.250000
20
-88.920000
10
27.230000
20
-88.630000
10
27.230000
20
-88.630000
10
27.190000
20
-88.370000
10
27.190000
20
-88.370000
10
27.140000
20
-88.140000
10
27.140000
20
-88.140000
10
27.070000
20
-87.930000
10
27.070000
20
-87.930000
10
26.980000
20
-87.740000
10
26.980000
20
-87.740000
10
26.880000
20
-87.570000
10
26.880000
20
-87.570000
10
26.760000
20
-87.430000
10
26.760000
20
-87.430000
10
26.630000
20
-87.300000
10
26.630000
20
-87.300000
10
26.480000
20
-87.200000
10
26.480000
20
-87.200000
10
26.320000
20
-87.120000
10
26.320000
20
-87.120000
10
26.140000
20
-87.070000
10
26.140000
20
-87.070000
10
25.950000
20
-87.030000
10
25.950000
20
-87.030000
10
25.750000
20
-87.020000
0
LWPOLYLINE
5
2043
100
AcDbEntity
8
0
100
AcDbPolyline
90
16
70
0
43
0.000000
10
38.310000
20
-87.090000
10
37.430000
20
-87.090000
10
37.430000
20
-87.090000
10
35.780000
20
-91.510000
10
35.780000
20
-91.510000
10
36.540000
20
-91.510000
10
36.540000
20
-91.510000
10
36.980000
20
-90.290000
10
36.980000
20
-90.290000
10
38.740000
20
-90.290000
10
38.740000
20
-90.290000
10
39.190000
20
-91.510000
10
39.190000
20
-91.510000
10
39.940000
20
-91.510000
10
39.940000
20
-91.510000
10
38.310000
20
-87.090000
0
LWPOLYLINE
5
2044
100
AcDbEntity
8
0
100
AcDbPolyline
90
134
70
0
43
0.000000
10
54.680000
20
-82.470000
10
55.170000
20
-82.230000
10
55.170000
20
-82.230000
10
55.170000
20
-82.000000
10
55.170000
20
-82.000000
10
55.160000
20
-81.790000
10
55.160000
20
-81.790000
10
55.160000
20
-81.600000
10
55.160000
20
-81.600000
10
55.160000
20
-81.440000
10
55.160000
20
-81.440000
10
55.150000
20
-81.290000
10
55.150000
20
-81.290000
10
55.150000
20
-81.170000
10
55.150000
20
-81.170000
10
55.150000
20
-81.070000
10
55.150000
20
-81.070000
10
55.150000
20
-75.360000
10
55.150000
20
-75.360000
10
58.020000
20
-75.360000
10
58.020000
20
-75.360000
10
58.020000
20
-81.540000
10
58.020000
20
-81.540000
10
58.010000
20
-81.570000
10
58.010000
20
-81.570000
10
58.010000
20
-81.610000
10
58.010000
20
-81.610000
10
57.990000
20
-81.640000
10
57.990000
20
-81.640000
10
57.970000
20
-81.660000
10
57.970000
20
-81.660000
10
57.940000
20
-81.680000
10
57.940000
20
-81.680000
10
57.900000
20
-81.700000
10
57.900000
20
-81.700000
10
57.860000
20
-81.720000
10
57.860000
20
-81.720000
10
57.800000
20
-81.720000
10
57.800000
20
-81.720000
10
57.720000
20
-81.720000
10
57.720000
20
-81.720000
10
57.610000
20
-81.710000
10
57.610000
20
-81.710000
10
57.470000
20
-81.700000
10
57.470000
20
-81.700000
10
57.300000
20
-81.680000
10
57.300000
20
-81.680000
10
57.110000
20
-81.660000
10
57.110000
20
-81.660000
10
56.880000
20
-81.630000
10
56.880000
20
-81.630000
10
56.880000
20
-81.780000
10
56.880000
20
-81.780000
10
57.120000
20
-81.850000
10
57.120000
20
-81.850000
10
57.320000
20
-81.920000
10
57.320000
20
-81.920000
10
57.490000
20
-82.010000
10
57.490000
20
-82.010000
10
57.640000
20
-82.110000
10
57.640000
20
-82.110000
10
57.750000
20
-82.220000
10
57.750000
20
-82.220000
10
57.830000
20
-82.340000
10
57.830000
20
-82.340000
10
57.880000
20
-82.470000
10
57.880000
20
-82.470000
10
57.970000
20
-82.430000
10
57.970000
20
-82.430000
10
58.050000
20
-82.390000
10
58.050000
20
-82.390000
10
58.120000
20
-82.340000
10
58.120000
20
-82.340000
10
58.190000
20
-82.290000
10
58.190000
20
-82.290000
10
58.250000
20
-82.240000
10
58.250000
20
-82.240000
10
58.300000
20
-82.180000
10
58.300000
20
-82.180000
10
58.350000
20
-82.120000
10
58.350000
20
-82.120000
10
58.390000
20
-82.060000
10
58.390000
20
-82.060000
10
58.420000
20
-82.000000
10
58.420000
20
-82.000000
10
58.440000
20
-81.940000
10
58.440000
20
-81.940000
10
58.460000
20
-81.870000
10
58.460000
20
-81.870000
10
58.470000
20
-81.810000
10
58.470000
20
-81.810000
10
58.480000
20
-81.740000
10
58.480000
20
-81.740000
10
58.480000
20
-81.670000
10
58.480000
20
-81.670000
10
58.480000
20
-75.490000
10
58.480000
20
-75.490000
10
58.730000
20
-75.320000
10
58.730000
20
-75.320000
10
58.260000
20
-74.870000
10
58.260000
20
-74.870000
10
57.950000
20
-75.180000
10
57.950000
20
-75.180000
10
55.150000
20
-75.180000
10
55.150000
20
-75.180000
10
54.680000
20
-74.870000
10
54.680000
20
-74.870000
10
54.700000
20
-75.300000
10
54.700000
20
-75.300000
10
54.710000
20
-75.760000
10
54.710000
20
-75.760000
10
54.710000
20
-76.260000
10
54.710000
20
-76.260000
10
54.720000
20
-76.790000
10
54.720000
20
-76.790000
10
54.730000
20
-77.350000
10
54.730000
20
-77.350000
10
54.730000
20
-77.950000
10
54.730000
20
-77.950000
10
54.730000
20
-78.580000
10
54.730000
20
-78.580000
10
54.730000
20
-79.210000
10
54.730000
20
-79.210000
10
54.730000
20
-79.820000
10
54.730000
20
-79.820000
10
54.720000
20
-80.400000
10
54.720000
20
-80.400000
10
54.710000
20
-80.950000
10
54.710000
20
-80.950000
10
54.710000
20
-81.480000
10
54.710000
20
-81.480000
10
54.700000
20
-81.990000
10
54.700000
20
-81.990000
10
54.680000
20
-82.470000
0
LWPOLYLINE
5
2045
100
AcDbEntity
8
0
100
AcDbPolyline
90
150
70
0
43
0.000000
10
52.860000
20
-81.250000
10
52.860000
20
-79.250000
10
52.860000
20
-79.250000
10
54.530000
20
-79.250000
10
54.530000
20
-79.250000
10
53.970000
20
-78.690000
10
53.970000
20
-78.690000
10
53.570000
20
-79.070000
10
53.570000
20
-79.070000
10
52.860000
20
-79.070000
10
52.860000
20
-79.070000
10
52.860000
20
-77.650000
10
52.860000
20
-77.650000
10
54.220000
20
-77.650000
10
54.220000
20
-77.650000
10
53.680000
20
-77.120000
10
53.680000
20
-77.120000
10
53.350000
20
-77.470000
10
53.350000
20
-77.470000
10
51.770000
20
-77.470000
10
51.770000
20
-77.470000
10
51.860000
20
-77.340000
10
51.860000
20
-77.340000
10
51.940000
20
-77.190000
10
51.940000
20
-77.190000
10
52.030000
20
-77.040000
10
52.030000
20
-77.040000
10
52.120000
20
-76.870000
10
52.120000
20
-76.870000
10
52.210000
20
-76.690000
10
52.210000
20
-76.690000
10
52.300000
20
-76.500000
10
52.300000
20
-76.500000
10
52.400000
20
-76.290000
10
52.400000
20
-76.290000
10
54.530000
20
-76.290000
10
54.530000
20
-76.290000
10
53.970000
20
-75.740000
10
53.970000
20
-75.740000
10
53.570000
20
-76.120000
10
53.570000
20
-76.120000
10
52.460000
20
-76.120000
10
52.460000
20
-76.120000
10
52.520000
20
-75.970000
10
52.520000
20
-75.970000
10
52.590000
20
-75.830000
10
52.590000
20
-75.830000
10
52.640000
20
-75.700000
10
52.640000
20
-75.700000
10
52.700000
20
-75.570000
10
52.700000
20
-75.570000
10
52.760000
20
-75.440000
10
52.760000
20
-75.440000
10
52.810000
20
-75.320000
10
52.810000
20
-75.320000
10
52.860000
20
-75.200000
10
52.860000
20
-75.200000
10
53.130000
20
-74.960000
10
53.130000
20
-74.960000
10
52.440000
20
-74.580000
10
52.440000
20
-74.580000
10
52.290000
20
-75.210000
10
52.290000
20
-75.210000
10
52.110000
20
-75.810000
10
52.110000
20
-75.810000
10
51.910000
20
-76.380000
10
51.910000
20
-76.380000
10
51.680000
20
-76.930000
10
51.680000
20
-76.930000
10
51.420000
20
-77.460000
10
51.420000
20
-77.460000
10
51.140000
20
-77.970000
10
51.140000
20
-77.970000
10
50.840000
20
-78.450000
10
50.840000
20
-78.450000
10
50.950000
20
-78.520000
10
50.950000
20
-78.520000
10
51.060000
20
-78.390000
10
51.060000
20
-78.390000
10
51.170000
20
-78.270000
10
51.170000
20
-78.270000
10
51.270000
20
-78.150000
10
51.270000
20
-78.150000
10
51.380000
20
-78.030000
10
51.380000
20
-78.030000
10
51.480000
20
-77.900000
10
51.480000
20
-77.900000
10
51.580000
20
-77.780000
10
51.580000
20
-77.780000
10
51.680000
20
-77.650000
10
51.680000
20
-77.650000
10
52.370000
20
-77.650000
10
52.370000
20
-77.650000
10
52.370000
20
-79.070000
10
52.370000
20
-79.070000
10
50.950000
20
-79.070000
10
50.950000
20
-79.070000
10
51.220000
20
-79.340000
10
51.220000
20
-79.340000
10
51.310000
20
-79.310000
10
51.310000
20
-79.310000
10
51.400000
20
-79.290000
10
51.400000
20
-79.290000
10
51.500000
20
-79.280000
10
51.500000
20
-79.280000
10
51.600000
20
-79.270000
10
51.600000
20
-79.270000
10
51.700000
20
-79.260000
10
51.700000
20
-79.260000
10
51.800000
20
-79.250000
10
51.800000
20
-79.250000
10
51.910000
20
-79.250000
10
51.910000
20
-79.250000
10
52.370000
20
-79.250000
10
52.370000
20
-79.250000
10
52.370000
20
-81.160000
10
52.370000
20
-81.160000
10
52.370000
20
-81.250000
10
52.370000
20
-81.250000
10
52.360000
20
-81.340000
10
52.360000
20
-81.340000
10
52.350000
20
-81.420000
10
52.350000
20
-81.420000
10
52.330000
20
-81.490000
10
52.330000
20
-81.490000
10
52.310000
20
-81.560000
10
52.310000
20
-81.560000
10
52.280000
20
-81.620000
10
52.280000
20
-81.620000
10
52.240000
20
-81.670000
10
52.240000
20
-81.670000
10
52.640000
20
-82.180000
10
52.640000
20
-82.180000
10
52.800000
20
-81.990000
10
52.800000
20
-81.990000
10
52.980000
20
-81.770000
10
52.980000
20
-81.770000
10
53.210000
20
-81.530000
10
53.210000
20
-81.530000
10
53.460000
20
-81.270000
10
53.460000
20
-81.270000
10
53.750000
20
-80.990000
10
53.750000
20
-80.990000
10
54.070000
20
-80.690000
10
54.070000
20
-80.690000
10
54.420000
20
-80.360000
10
54.420000
20
-80.360000
10
54.350000
20
-80.250000
10
54.350000
20
-80.250000
10
52.860000
20
-81.250000
0
LWPOLYLINE
5
2046
100
AcDbEntity
8
0
100
AcDbPolyline
90
162
70
0
43
0.000000
10
55.460000
20
-76.430000
10
55.400000
20
-76.540000
10
55.400000
20
-76.540000
10
55.600000
20
-76.830000
10
55.600000
20
-76.830000
10
55.790000
20
-77.110000
10
55.790000
20
-77.110000
10
55.960000
20
-77.370000
10
55.960000
20
-77.370000
10
56.120000
20
-77.620000
10
56.120000
20
-77.620000
10
56.260000
20
-77.850000
10
56.260000
20
-77.850000
10
56.390000
20
-78.070000
10
56.390000
20
-78.070000
10
56.510000
20
-78.270000
10
56.510000
20
-78.270000
10
56.410000
20
-78.560000
10
56.410000
20
-78.560000
10
56.290000
20
-78.860000
10
56.290000
20
-78.860000
10
56.150000
20
-79.180000
10
56.150000
20
-79.180000
10
55.990000
20
-79.510000
10
55.990000
20
-79.510000
10
55.800000
20
-79.860000
10
55.800000
20
-79.860000
10
55.590000
20
-80.230000
10
55.590000
20
-80.230000
10
55.350000
20
-80.600000
10
55.350000
20
-80.600000
10
55.460000
20
-80.670000
10
55.460000
20
-80.670000
10
55.670000
20
-80.420000
10
55.670000
20
-80.420000
10
55.870000
20
-80.160000
10
55.870000
20
-80.160000
10
56.060000
20
-79.890000
10
56.060000
20
-79.890000
10
56.240000
20
-79.600000
10
56.240000
20
-79.600000
10
56.420000
20
-79.300000
10
56.420000
20
-79.300000
10
56.590000
20
-78.980000
10
56.590000
20
-78.980000
10
56.750000
20
-78.650000
10
56.750000
20
-78.650000
10
56.820000
20
-78.810000
10
56.820000
20
-78.810000
10
56.890000
20
-78.980000
10
56.890000
20
-78.980000
10
56.960000
20
-79.150000
10
56.960000
20
-79.150000
10
57.010000
20
-79.320000
10
57.010000
20
-79.320000
10
57.060000
20
-79.500000
10
57.060000
20
-79.500000
10
57.110000
20
-79.680000
10
57.110000
20
-79.680000
10
57.150000
20
-79.870000
10
57.150000
20
-79.870000
10
57.180000
20
-80.040000
10
57.180000
20
-80.040000
10
57.220000
20
-80.180000
10
57.220000
20
-80.180000
10
57.260000
20
-80.280000
10
57.260000
20
-80.280000
10
57.300000
20
-80.350000
10
57.300000
20
-80.350000
10
57.340000
20
-80.400000
10
57.340000
20
-80.400000
10
57.390000
20
-80.400000
10
57.390000
20
-80.400000
10
57.440000
20
-80.380000
10
57.440000
20
-80.380000
10
57.490000
20
-80.340000
10
57.490000
20
-80.340000
10
57.530000
20
-80.290000
10
57.530000
20
-80.290000
10
57.560000
20
-80.240000
10
57.560000
20
-80.240000
10
57.590000
20
-80.180000
10
57.590000
20
-80.180000
10
57.610000
20
-80.110000
10
57.610000
20
-80.110000
10
57.630000
20
-80.040000
10
57.630000
20
-80.040000
10
57.640000
20
-79.960000
10
57.640000
20
-79.960000
10
57.650000
20
-79.880000
10
57.650000
20
-79.880000
10
57.650000
20
-79.800000
10
57.650000
20
-79.800000
10
57.640000
20
-79.700000
10
57.640000
20
-79.700000
10
57.620000
20
-79.600000
10
57.620000
20
-79.600000
10
57.590000
20
-79.500000
10
57.590000
20
-79.500000
10
57.550000
20
-79.390000
10
57.550000
20
-79.390000
10
57.510000
20
-79.270000
10
57.510000
20
-79.270000
10
57.450000
20
-79.150000
10
57.450000
20
-79.150000
10
57.390000
20
-79.010000
10
57.390000
20
-79.010000
10
57.310000
20
-78.870000
10
57.310000
20
-78.870000
10
57.220000
20
-78.720000
10
57.220000
20
-78.720000
10
57.130000
20
-78.550000
10
57.130000
20
-78.550000
10
57.020000
20
-78.380000
10
57.020000
20
-78.380000
10
56.910000
20
-78.200000
10
56.910000
20
-78.200000
10
56.970000
20
-78.020000
10
56.970000
20
-78.020000
10
57.040000
20
-77.830000
10
57.040000
20
-77.830000
10
57.120000
20
-77.610000
10
57.120000
20
-77.610000
10
57.200000
20
-77.370000
10
57.200000
20
-77.370000
10
57.280000
20
-77.120000
10
57.280000
20
-77.120000
10
57.370000
20
-76.850000
10
57.370000
20
-76.850000
10
57.460000
20
-76.560000
10
57.460000
20
-76.560000
10
57.680000
20
-76.380000
10
57.680000
20
-76.380000
10
57.060000
20
-76.000000
10
57.060000
20
-76.000000
10
57.030000
20
-76.220000
10
57.030000
20
-76.220000
10
56.980000
20
-76.450000
10
56.980000
20
-76.450000
10
56.930000
20
-76.700000
10
56.930000
20
-76.700000
10
56.870000
20
-76.970000
10
56.870000
20
-76.970000
10
56.800000
20
-77.250000
10
56.800000
20
-77.250000
10
56.720000
20
-77.540000
10
56.720000
20
-77.540000
10
56.640000
20
-77.850000
10
56.640000
20
-77.850000
10
56.450000
20
-77.610000
10
56.450000
20
-77.610000
10
56.270000
20
-77.380000
10
56.270000
20
-77.380000
10
56.100000
20
-77.160000
10
56.100000
20
-77.160000
10
55.930000
20
-76.960000
10
55.930000
20
-76.960000
10
55.770000
20
-76.770000
10
55.770000
20
-76.770000
10
55.610000
20
-76.590000
10
55.610000
20
-76.590000
10
55.460000
20
-76.430000
0
LWPOLYLINE
5
2047
100
AcDbEntity
8
0
100
AcDbPolyline
90
148
70
0
43
0.000000
10
62.680000
20
-77.340000
10
68.130000
20
-77.340000
10
68.130000
20
-77.340000
10
67.510000
20
-76.630000
10
67.510000
20
-76.630000
10
66.970000
20
-77.160000
10
66.970000
20
-77.160000
10
65.550000
20
-77.160000
10
65.550000
20
-77.160000
10
65.550000
20
-75.140000
10
65.550000
20
-75.140000
10
65.840000
20
-74.870000
10
65.840000
20
-74.870000
10
65.040000
20
-74.490000
10
65.040000
20
-74.490000
10
65.050000
20
-74.770000
10
65.050000
20
-74.770000
10
65.050000
20
-75.070000
10
65.050000
20
-75.070000
10
65.060000
20
-75.420000
10
65.060000
20
-75.420000
10
65.060000
20
-75.800000
10
65.060000
20
-75.800000
10
65.060000
20
-76.220000
10
65.060000
20
-76.220000
10
65.060000
20
-76.670000
10
65.060000
20
-76.670000
10
65.060000
20
-77.160000
10
65.060000
20
-77.160000
10
62.680000
20
-77.160000
10
62.680000
20
-77.160000
10
62.680000
20
-75.490000
10
62.680000
20
-75.490000
10
63.000000
20
-75.250000
10
63.000000
20
-75.250000
10
62.150000
20
-74.830000
10
62.150000
20
-74.830000
10
62.160000
20
-75.140000
10
62.160000
20
-75.140000
10
62.170000
20
-75.470000
10
62.170000
20
-75.470000
10
62.180000
20
-75.830000
10
62.180000
20
-75.830000
10
62.180000
20
-76.210000
10
62.180000
20
-76.210000
10
62.180000
20
-76.610000
10
62.180000
20
-76.610000
10
62.180000
20
-77.040000
10
62.180000
20
-77.040000
10
62.170000
20
-77.490000
10
62.170000
20
-77.490000
10
62.160000
20
-77.940000
10
62.160000
20
-77.940000
10
62.140000
20
-78.360000
10
62.140000
20
-78.360000
10
62.110000
20
-78.760000
10
62.110000
20
-78.760000
10
62.070000
20
-79.130000
10
62.070000
20
-79.130000
10
62.020000
20
-79.480000
10
62.020000
20
-79.480000
10
61.960000
20
-79.810000
10
61.960000
20
-79.810000
10
61.880000
20
-80.120000
10
61.880000
20
-80.120000
10
61.790000
20
-80.410000
10
61.790000
20
-80.410000
10
61.650000
20
-80.710000
10
61.650000
20
-80.710000
10
61.490000
20
-81.010000
10
61.490000
20
-81.010000
10
61.290000
20
-81.330000
10
61.290000
20
-81.330000
10
61.050000
20
-81.660000
10
61.050000
20
-81.660000
10
60.790000
20
-81.990000
10
60.790000
20
-81.990000
10
60.480000
20
-82.340000
10
60.480000
20
-82.340000
10
60.550000
20
-82.430000
10
60.550000
20
-82.430000
10
61.060000
20
-82.050000
10
61.060000
20
-82.050000
10
61.490000
20
-81.630000
10
61.490000
20
-81.630000
10
61.850000
20
-81.180000
10
61.850000
20
-81.180000
10
62.140000
20
-80.700000
10
62.140000
20
-80.700000
10
62.370000
20
-80.180000
10
62.370000
20
-80.180000
10
62.520000
20
-79.620000
10
62.520000
20
-79.620000
10
62.600000
20
-79.030000
10
62.600000
20
-79.030000
10
65.550000
20
-79.030000
10
65.550000
20
-79.030000
10
65.550000
20
-79.720000
10
65.550000
20
-79.720000
10
65.550000
20
-80.350000
10
65.550000
20
-80.350000
10
65.550000
20
-80.920000
10
65.550000
20
-80.920000
10
65.540000
20
-81.440000
10
65.540000
20
-81.440000
10
65.540000
20
-81.890000
10
65.540000
20
-81.890000
10
65.530000
20
-82.280000
10
65.530000
20
-82.280000
10
65.530000
20
-82.600000
10
65.530000
20
-82.600000
10
66.080000
20
-82.400000
10
66.080000
20
-82.400000
10
66.070000
20
-82.120000
10
66.070000
20
-82.120000
10
66.060000
20
-81.770000
10
66.060000
20
-81.770000
10
66.050000
20
-81.360000
10
66.050000
20
-81.360000
10
66.050000
20
-80.900000
10
66.050000
20
-80.900000
10
66.040000
20
-80.380000
10
66.040000
20
-80.380000
10
66.040000
20
-79.800000
10
66.040000
20
-79.800000
10
66.040000
20
-79.160000
10
66.040000
20
-79.160000
10
66.330000
20
-78.940000
10
66.330000
20
-78.940000
10
65.680000
20
-78.470000
10
65.680000
20
-78.470000
10
65.460000
20
-78.850000
10
65.460000
20
-78.850000
10
62.600000
20
-78.850000
10
62.600000
20
-78.850000
10
62.620000
20
-78.660000
10
62.620000
20
-78.660000
10
62.640000
20
-78.460000
10
62.640000
20
-78.460000
10
62.660000
20
-78.260000
10
62.660000
20
-78.260000
10
62.670000
20
-78.040000
10
62.670000
20
-78.040000
10
62.680000
20
-77.820000
10
62.680000
20
-77.820000
10
62.680000
20
-77.580000
10
62.680000
20
-77.580000
10
62.680000
20
-77.340000
0
LWPOLYLINE
5
2048
100
AcDbEntity
8
0
100
AcDbPolyline
90
152
70
0
43
0.000000
10
-69.250000
20
-67.250000
10
-70.320000
20
-64.650000
10
-70.320000
20
-64.650000
10
-71.350000
20
-64.650000
10
-71.350000
20
-64.650000
10
-71.350000
20
-69.070000
10
-71.350000
20
-69.070000
10
-70.650000
20
-69.070000
10
-70.650000
20
-69.070000
10
-70.650000
20
-66.130000
10
-70.650000
20
-66.130000
10
-70.650000
20
-66.080000
10
-70.650000
20
-66.080000
10
-70.650000
20
-66.020000
10
-70.650000
20
-66.020000
10
-70.650000
20
-65.960000
10
-70.650000
20
-65.960000
10
-70.660000
20
-65.910000
10
-70.660000
20
-65.910000
10
-70.660000
20
-65.860000
10
-70.660000
20
-65.860000
10
-70.660000
20
-65.800000
10
-70.660000
20
-65.800000
10
-70.670000
20
-65.750000
10
-70.670000
20
-65.750000
10
-70.670000
20
-65.690000
10
-70.670000
20
-65.690000
10
-70.670000
20
-65.640000
10
-70.670000
20
-65.640000
10
-70.670000
20
-65.580000
10
-70.670000
20
-65.580000
10
-70.670000
20
-65.530000
10
-70.670000
20
-65.530000
10
-70.670000
20
-65.470000
10
-70.670000
20
-65.470000
10
-70.670000
20
-65.420000
10
-70.670000
20
-65.420000
10
-70.670000
20
-65.370000
10
-70.670000
20
-65.370000
10
-70.630000
20
-65.470000
10
-70.630000
20
-65.470000
10
-70.600000
20
-65.580000
10
-70.600000
20
-65.580000
10
-70.560000
20
-65.690000
10
-70.560000
20
-65.690000
10
-70.510000
20
-65.800000
10
-70.510000
20
-65.800000
10
-70.470000
20
-65.930000
10
-70.470000
20
-65.930000
10
-70.420000
20
-66.050000
10
-70.420000
20
-66.050000
10
-70.370000
20
-66.180000
10
-70.370000
20
-66.180000
10
-69.220000
20
-69.070000
10
-69.220000
20
-69.070000
10
-68.630000
20
-69.070000
10
-68.630000
20
-69.070000
10
-67.520000
20
-66.220000
10
-67.520000
20
-66.220000
10
-67.480000
20
-66.110000
10
-67.480000
20
-66.110000
10
-67.440000
20
-66.010000
10
-67.440000
20
-66.010000
10
-67.410000
20
-65.920000
10
-67.410000
20
-65.920000
10
-67.380000
20
-65.850000
10
-67.380000
20
-65.850000
10
-67.350000
20
-65.780000
10
-67.350000
20
-65.780000
10
-67.330000
20
-65.730000
10
-67.330000
20
-65.730000
10
-67.320000
20
-65.680000
10
-67.320000
20
-65.680000
10
-67.300000
20
-65.650000
10
-67.300000
20
-65.650000
10
-67.290000
20
-65.610000
10
-67.290000
20
-65.610000
10
-67.270000
20
-65.570000
10
-67.270000
20
-65.570000
10
-67.250000
20
-65.520000
10
-67.250000
20
-65.520000
10
-67.240000
20
-65.470000
10
-67.240000
20
-65.470000
10
-67.220000
20
-65.420000
10
-67.220000
20
-65.420000
10
-67.200000
20
-65.370000
10
-67.200000
20
-65.370000
10
-67.200000
20
-65.420000
10
-67.200000
20
-65.420000
10
-67.200000
20
-65.470000
10
-67.200000
20
-65.470000
10
-67.200000
20
-65.530000
10
-67.200000
20
-65.530000
10
-67.200000
20
-65.580000
10
-67.200000
20
-65.580000
10
-67.200000
20
-65.640000
10
-67.200000
20
-65.640000
10
-67.200000
20
-65.690000
10
-67.200000
20
-65.690000
10
-67.200000
20
-65.750000
10
-67.200000
20
-65.750000
10
-67.210000
20
-65.810000
10
-67.210000
20
-65.810000
10
-67.210000
20
-65.860000
10
-67.210000
20
-65.860000
10
-67.210000
20
-65.920000
10
-67.210000
20
-65.920000
10
-67.210000
20
-65.970000
10
-67.210000
20
-65.970000
10
-67.220000
20
-66.030000
10
-67.220000
20
-66.030000
10
-67.220000
20
-66.080000
10
-67.220000
20
-66.080000
10
-67.220000
20
-66.130000
10
-67.220000
20
-66.130000
10
-67.220000
20
-69.070000
10
-67.220000
20
-69.070000
10
-66.520000
20
-69.070000
10
-66.520000
20
-69.070000
10
-66.520000
20
-64.650000
10
-66.520000
20
-64.650000
10
-67.550000
20
-64.650000
10
-67.550000
20
-64.650000
10
-68.570000
20
-67.250000
10
-68.570000
20
-67.250000
10
-68.640000
20
-67.420000
10
-68.640000
20
-67.420000
10
-68.700000
20
-67.580000
10
-68.700000
20
-67.580000
10
-68.760000
20
-67.730000
10
-68.760000
20
-67.730000
10
-68.810000
20
-67.860000
10
-68.810000
20
-67.860000
10
-68.850000
20
-67.980000
10
-68.850000
20
-67.980000
10
-68.890000
20
-68.090000
10
-68.890000
20
-68.090000
10
-68.920000
20
-68.180000
10
-68.920000
20
-68.180000
10
-68.990000
20
-67.980000
10
-68.990000
20
-67.980000
10
-69.050000
20
-67.800000
10
-69.050000
20
-67.800000
10
-69.110000
20
-67.640000
10
-69.110000
20
-67.640000
10
-69.160000
20
-67.510000
10
-69.160000
20
-67.510000
10
-69.200000
20
-67.400000
10
-69.200000
20
-67.400000
10
-69.230000
20
-67.310000
10
-69.230000
20
-67.310000
10
-69.250000
20
-67.250000
0
LWPOLYLINE
5
2049
100
AcDbEntity
8
0
100
AcDbPolyline
90
24
70
0
43
0.000000
10
-54.950000
20
-69.070000
10
-52.420000
20
-69.070000
10
-52.420000
20
-69.070000
10
-52.420000
20
-68.470000
10
-52.420000
20
-68.470000
10
-54.190000
20
-68.470000
10
-54.190000
20
-68.470000
10
-54.190000
20
-67.120000
10
-54.190000
20
-67.120000
10
-52.740000
20
-67.120000
10
-52.740000
20
-67.120000
10
-52.740000
20
-66.520000
10
-52.740000
20
-66.520000
10
-54.190000
20
-66.520000
10
-54.190000
20
-66.520000
10
-54.190000
20
-65.270000
10
-54.190000
20
-65.270000
10
-52.550000
20
-65.270000
10
-52.550000
20
-65.270000
10
-52.550000
20
-64.650000
10
-52.550000
20
-64.650000
10
-54.950000
20
-64.650000
10
-54.950000
20
-64.650000
10
-54.950000
20
-69.070000
0
LWPOLYLINE
5
2050
100
AcDbEntity
8
0
100
AcDbPolyline
90
12
70
0
43
0.000000
10
-50.510000
20
-68.450000
10
-50.510000
20
-64.650000
10
-50.510000
20
-64.650000
10
-51.280000
20
-64.650000
10
-51.280000
20
-64.650000
10
-51.280000
20
-69.070000
10
-51.280000
20
-69.070000
10
-48.810000
20
-69.070000
10
-48.810000
20
-69.070000
10
-48.810000
20
-68.450000
10
-48.810000
20
-68.450000
10
-50.510000
20
-68.450000
0
LWPOLYLINE
5
2051
100
AcDbEntity
8
0
100
AcDbPolyline
90
8
70
0
43
0.000000
10
-47.940000
20
-68.300000
10
-47.940000
20
-69.070000
10
-47.940000
20
-69.070000
10
-47.190000
20
-69.070000
10
-47.190000
20
-69.070000
10
-47.190000
20
-68.300000
10
-47.190000
20
-68.300000
10
-47.940000
20
-68.300000
0
LWPOLYLINE
5
2052
100
AcDbEntity
8
0
100
AcDbPolyline
90
8
70
0
43
0.000000
10
-47.940000
20
-65.870000
10
-47.940000
20
-66.630000
10
-47.940000
20
-66.630000
10
-47.190000
20
-66.630000
10
-47.190000
20
-66.630000
10
-47.190000
20
-65.870000
10
-47.190000
20
-65.870000
10
-47.940000
20
-65.870000
0
LWPOLYLINE
5
2053
100
AcDbEntity
8
0
100
AcDbPolyline
90
124
70
0
43
0.000000
10
-44.460000
20
-69.110000
10
-44.220000
20
-69.120000
10
-44.220000
20
-69.120000
10
-43.980000
20
-69.110000
10
-43.980000
20
-69.110000
10
-43.750000
20
-69.080000
10
-43.750000
20
-69.080000
10
-43.540000
20
-69.030000
10
-43.540000
20
-69.030000
10
-43.350000
20
-68.970000
10
-43.350000
20
-68.970000
10
-43.170000
20
-68.890000
10
-43.170000
20
-68.890000
10
-43.010000
20
-68.790000
10
-43.010000
20
-68.790000
10
-42.870000
20
-68.670000
10
-42.870000
20
-68.670000
10
-42.750000
20
-68.530000
10
-42.750000
20
-68.530000
10
-42.640000
20
-68.380000
10
-42.640000
20
-68.380000
10
-42.560000
20
-68.210000
10
-42.560000
20
-68.210000
10
-42.490000
20
-68.030000
10
-42.490000
20
-68.030000
10
-42.440000
20
-67.830000
10
-42.440000
20
-67.830000
10
-42.410000
20
-67.610000
10
-42.410000
20
-67.610000
10
-42.400000
20
-67.380000
10
-42.400000
20
-67.380000
10
-42.400000
20
-64.650000
10
-42.400000
20
-64.650000
10
-43.150000
20
-64.650000
10
-43.150000
20
-64.650000
10
-43.150000
20
-67.330000
10
-43.150000
20
-67.330000
10
-43.160000
20
-67.490000
10
-43.160000
20
-67.490000
10
-43.180000
20
-67.640000
10
-43.180000
20
-67.640000
10
-43.200000
20
-67.770000
10
-43.200000
20
-67.770000
10
-43.240000
20
-67.900000
10
-43.240000
20
-67.900000
10
-43.290000
20
-68.020000
10
-43.290000
20
-68.020000
10
-43.350000
20
-68.120000
10
-43.350000
20
-68.120000
10
-43.420000
20
-68.220000
10
-43.420000
20
-68.220000
10
-43.500000
20
-68.300000
10
-43.500000
20
-68.300000
10
-43.590000
20
-68.360000
10
-43.590000
20
-68.360000
10
-43.690000
20
-68.420000
10
-43.690000
20
-68.420000
10
-43.800000
20
-68.460000
10
-43.800000
20
-68.460000
10
-43.920000
20
-68.490000
10
-43.920000
20
-68.490000
10
-44.050000
20
-68.510000
10
-44.050000
20
-68.510000
10
-44.190000
20
-68.520000
10
-44.190000
20
-68.520000
10
-44.320000
20
-68.510000
10
-44.320000
20
-68.510000
10
-44.450000
20
-68.490000
10
-44.450000
20
-68.490000
10
-44.560000
20
-68.460000
10
-44.560000
20
-68.460000
10
-44.670000
20
-68.420000
10
-44.670000
20
-68.420000
10
-44.770000
20
-68.360000
10
-44.770000
20
-68.360000
10
-44.860000
20
-68.300000
10
-44.860000
20
-68.300000
10
-44.940000
20
-68.220000
10
-44.940000
20
-68.220000
10
-45.010000
20
-68.130000
10
-45.010000
20
-68.130000
10
-45.070000
20
-68.030000
10
-45.070000
20
-68.030000
10
-45.120000
20
-67.920000
10
-45.120000
20
-67.920000
10
-45.150000
20
-67.800000
10
-45.150000
20
-67.800000
10
-45.180000
20
-67.670000
10
-45.180000
20
-67.670000
10
-45.200000
20
-67.530000
10
-45.200000
20
-67.530000
10
-45.200000
20
-67.380000
10
-45.200000
20
-67.380000
10
-45.200000
20
-64.650000
10
-45.200000
20
-64.650000
10
-45.950000
20
-64.650000
10
-45.950000
20
-64.650000
10
-45.950000
20
-67.430000
10
-45.950000
20
-67.430000
10
-45.950000
20
-67.660000
10
-45.950000
20
-67.660000
10
-45.920000
20
-67.880000
10
-45.920000
20
-67.880000
10
-45.870000
20
-68.070000
10
-45.870000
20
-68.070000
10
-45.810000
20
-68.250000
10
-45.810000
20
-68.250000
10
-45.730000
20
-68.410000
10
-45.730000
20
-68.410000
10
-45.640000
20
-68.560000
10
-45.640000
20
-68.560000
10
-45.520000
20
-68.680000
10
-45.520000
20
-68.680000
10
-45.380000
20
-68.800000
10
-45.380000
20
-68.800000
10
-45.230000
20
-68.900000
10
-45.230000
20
-68.900000
10
-45.060000
20
-68.980000
10
-45.060000
20
-68.980000
10
-44.880000
20
-69.040000
10
-44.880000
20
-69.040000
10
-44.670000
20
-69.080000
10
-44.670000
20
-69.080000
10
-44.460000
20
-69.110000
0
LWPOLYLINE
5
2054
100
AcDbEntity
8
0
100
AcDbPolyline
90
382
70
0
43
0.000000
10
-38.290000
20
-67.990000
10
-38.280000
20
-67.820000
10
-38.280000
20
-67.820000
10
-38.280000
20
-67.750000
10
-38.280000
20
-67.750000
10
-38.290000
20
-67.680000
10
-38.290000
20
-67.680000
10
-38.290000
20
-67.610000
10
-38.290000
20
-67.610000
10
-38.300000
20
-67.550000
10
-38.300000
20
-67.550000
10
-38.320000
20
-67.480000
10
-38.320000
20
-67.480000
10
-38.330000
20
-67.420000
10
-38.330000
20
-67.420000
10
-38.350000
20
-67.370000
10
-38.350000
20
-67.370000
10
-38.370000
20
-67.310000
10
-38.370000
20
-67.310000
10
-38.390000
20
-67.260000
10
-38.390000
20
-67.260000
10
-38.420000
20
-67.210000
10
-38.420000
20
-67.210000
10
-38.450000
20
-67.160000
10
-38.450000
20
-67.160000
10
-38.480000
20
-67.110000
10
-38.480000
20
-67.110000
10
-38.510000
20
-67.070000
10
-38.510000
20
-67.070000
10
-38.550000
20
-67.030000
10
-38.550000
20
-67.030000
10
-38.590000
20
-66.990000
10
-38.590000
20
-66.990000
10
-38.630000
20
-66.950000
10
-38.630000
20
-66.950000
10
-38.680000
20
-66.910000
10
-38.680000
20
-66.910000
10
-38.730000
20
-66.870000
10
-38.730000
20
-66.870000
10
-38.780000
20
-66.840000
10
-38.780000
20
-66.840000
10
-38.840000
20
-66.800000
10
-38.840000
20
-66.800000
10
-38.900000
20
-66.770000
10
-38.900000
20
-66.770000
10
-38.970000
20
-66.730000
10
-38.970000
20
-66.730000
10
-39.050000
20
-66.690000
10
-39.050000
20
-66.690000
10
-39.140000
20
-66.650000
10
-39.140000
20
-66.650000
10
-39.240000
20
-66.610000
10
-39.240000
20
-66.610000
10
-39.360000
20
-66.570000
10
-39.360000
20
-66.570000
10
-39.490000
20
-66.530000
10
-39.490000
20
-66.530000
10
-39.630000
20
-66.480000
10
-39.630000
20
-66.480000
10
-39.750000
20
-66.450000
10
-39.750000
20
-66.450000
10
-39.860000
20
-66.410000
10
-39.860000
20
-66.410000
10
-39.950000
20
-66.380000
10
-39.950000
20
-66.380000
10
-40.030000
20
-66.340000
10
-40.030000
20
-66.340000
10
-40.110000
20
-66.310000
10
-40.110000
20
-66.310000
10
-40.170000
20
-66.280000
10
-40.170000
20
-66.280000
10
-40.220000
20
-66.250000
10
-40.220000
20
-66.250000
10
-40.260000
20
-66.230000
10
-40.260000
20
-66.230000
10
-40.300000
20
-66.200000
10
-40.300000
20
-66.200000
10
-40.330000
20
-66.170000
10
-40.330000
20
-66.170000
10
-40.370000
20
-66.140000
10
-40.370000
20
-66.140000
10
-40.400000
20
-66.110000
10
-40.400000
20
-66.110000
10
-40.420000
20
-66.070000
10
-40.420000
20
-66.070000
10
-40.450000
20
-66.030000
10
-40.450000
20
-66.030000
10
-40.470000
20
-66.000000
10
-40.470000
20
-66.000000
10
-40.480000
20
-65.960000
10
-40.480000
20
-65.960000
10
-40.490000
20
-65.920000
10
-40.490000
20
-65.920000
10
-40.500000
20
-65.880000
10
-40.500000
20
-65.880000
10
-40.510000
20
-65.830000
10
-40.510000
20
-65.830000
10
-40.510000
20
-65.780000
10
-40.510000
20
-65.780000
10
-40.520000
20
-65.730000
10
-40.520000
20
-65.730000
10
-40.510000
20
-65.660000
10
-40.510000
20
-65.660000
10
-40.500000
20
-65.580000
10
-40.500000
20
-65.580000
10
-40.480000
20
-65.510000
10
-40.480000
20
-65.510000
10
-40.460000
20
-65.450000
10
-40.460000
20
-65.450000
10
-40.430000
20
-65.400000
10
-40.430000
20
-65.400000
10
-40.390000
20
-65.350000
10
-40.390000
20
-65.350000
10
-40.350000
20
-65.300000
10
-40.350000
20
-65.300000
10
-40.300000
20
-65.260000
10
-40.300000
20
-65.260000
10
-40.240000
20
-65.230000
10
-40.240000
20
-65.230000
10
-40.180000
20
-65.200000
10
-40.180000
20
-65.200000
10
-40.110000
20
-65.180000
10
-40.110000
20
-65.180000
10
-40.030000
20
-65.160000
10
-40.030000
20
-65.160000
10
-39.950000
20
-65.150000
10
-39.950000
20
-65.150000
10
-39.870000
20
-65.150000
10
-39.870000
20
-65.150000
10
-39.700000
20
-65.160000
10
-39.700000
20
-65.160000
10
-39.550000
20
-65.200000
10
-39.550000
20
-65.200000
10
-39.430000
20
-65.260000
10
-39.430000
20
-65.260000
10
-39.320000
20
-65.350000
10
-39.320000
20
-65.350000
10
-39.230000
20
-65.460000
10
-39.230000
20
-65.460000
10
-39.160000
20
-65.590000
10
-39.160000
20
-65.590000
10
-39.120000
20
-65.750000
10
-39.120000
20
-65.750000
10
-38.400000
20
-65.620000
10
-38.400000
20
-65.620000
10
-38.440000
20
-65.470000
10
-38.440000
20
-65.470000
10
-38.490000
20
-65.330000
10
-38.490000
20
-65.330000
10
-38.550000
20
-65.210000
10
-38.550000
20
-65.210000
10
-38.620000
20
-65.100000
10
-38.620000
20
-65.100000
10
-38.700000
20
-65.000000
10
-38.700000
20
-65.000000
10
-38.790000
20
-64.910000
10
-38.790000
20
-64.910000
10
-38.880000
20
-64.830000
10
-38.880000
20
-64.830000
10
-38.990000
20
-64.770000
10
-38.990000
20
-64.770000
10
-39.110000
20
-64.710000
10
-39.110000
20
-64.710000
10
-39.230000
20
-64.660000
10
-39.230000
20
-64.660000
10
-39.370000
20
-64.630000
10
-39.370000
20
-64.630000
10
-39.530000
20
-64.600000
10
-39.530000
20
-64.600000
10
-39.690000
20
-64.590000
10
-39.690000
20
-64.590000
10
-39.870000
20
-64.580000
10
-39.870000
20
-64.580000
10
-40.050000
20
-64.590000
10
-40.050000
20
-64.590000
10
-40.210000
20
-64.610000
10
-40.210000
20
-64.610000
10
-40.370000
20
-64.640000
10
-40.370000
20
-64.640000
10
-40.520000
20
-64.690000
10
-40.520000
20
-64.690000
10
-40.650000
20
-64.740000
10
-40.650000
20
-64.740000
10
-40.770000
20
-64.820000
10
-40.770000
20
-64.820000
10
-40.880000
20
-64.900000
10
-40.880000
20
-64.900000
10
-40.980000
20
-65.000000
10
-40.980000
20
-65.000000
10
-41.060000
20
-65.100000
10
-41.060000
20
-65.100000
10
-41.130000
20
-65.210000
10
-41.130000
20
-65.210000
10
-41.180000
20
-65.340000
10
-41.180000
20
-65.340000
10
-41.220000
20
-65.470000
10
-41.220000
20
-65.470000
10
-41.240000
20
-65.610000
10
-41.240000
20
-65.610000
10
-41.250000
20
-65.770000
10
-41.250000
20
-65.770000
10
-41.250000
20
-65.860000
10
-41.250000
20
-65.860000
10
-41.240000
20
-65.960000
10
-41.240000
20
-65.960000
10
-41.230000
20
-66.050000
10
-41.230000
20
-66.050000
10
-41.210000
20
-66.130000
10
-41.210000
20
-66.130000
10
-41.190000
20
-66.220000
10
-41.190000
20
-66.220000
10
-41.160000
20
-66.290000
10
-41.160000
20
-66.290000
10
-41.130000
20
-66.370000
10
-41.130000
20
-66.370000
10
-41.100000
20
-66.430000
10
-41.100000
20
-66.430000
10
-41.060000
20
-66.490000
10
-41.060000
20
-66.490000
10
-41.010000
20
-66.550000
10
-41.010000
20
-66.550000
10
-40.960000
20
-66.610000
10
-40.960000
20
-66.610000
10
-40.910000
20
-66.670000
10
-40.910000
20
-66.670000
10
-40.850000
20
-66.720000
10
-40.850000
20
-66.720000
10
-40.780000
20
-66.770000
10
-40.780000
20
-66.770000
10
-40.710000
20
-66.810000
10
-40.710000
20
-66.810000
10
-40.630000
20
-66.850000
10
-40.630000
20
-66.850000
10
-40.530000
20
-66.900000
10
-40.530000
20
-66.900000
10
-40.420000
20
-66.940000
10
-40.420000
20
-66.940000
10
-40.300000
20
-66.980000
10
-40.300000
20
-66.980000
10
-40.170000
20
-67.020000
10
-40.170000
20
-67.020000
10
-40.030000
20
-67.070000
10
-40.030000
20
-67.070000
10
-39.970000
20
-67.090000
10
-39.970000
20
-67.090000
10
-39.910000
20
-67.100000
10
-39.910000
20
-67.100000
10
-39.850000
20
-67.120000
10
-39.850000
20
-67.120000
10
-39.800000
20
-67.140000
10
-39.800000
20
-67.140000
10
-39.740000
20
-67.150000
10
-39.740000
20
-67.150000
10
-39.690000
20
-67.170000
10
-39.690000
20
-67.170000
10
-39.630000
20
-67.180000
10
-39.630000
20
-67.180000
10
-39.580000
20
-67.200000
10
-39.580000
20
-67.200000
10
-39.530000
20
-67.220000
10
-39.530000
20
-67.220000
10
-39.480000
20
-67.240000
10
-39.480000
20
-67.240000
10
-39.440000
20
-67.260000
10
-39.440000
20
-67.260000
10
-39.400000
20
-67.290000
10
-39.400000
20
-67.290000
10
-39.350000
20
-67.310000
10
-39.350000
20
-67.310000
10
-39.320000
20
-67.330000
10
-39.320000
20
-67.330000
10
-39.280000
20
-67.360000
10
-39.280000
20
-67.360000
10
-39.240000
20
-67.380000
10
-39.240000
20
-67.380000
10
-39.210000
20
-67.410000
10
-39.210000
20
-67.410000
10
-39.180000
20
-67.440000
10
-39.180000
20
-67.440000
10
-39.150000
20
-67.470000
10
-39.150000
20
-67.470000
10
-39.120000
20
-67.500000
10
-39.120000
20
-67.500000
10
-39.100000
20
-67.530000
10
-39.100000
20
-67.530000
10
-39.080000
20
-67.570000
10
-39.080000
20
-67.570000
10
-39.060000
20
-67.610000
10
-39.060000
20
-67.610000
10
-39.040000
20
-67.660000
10
-39.040000
20
-67.660000
10
-39.030000
20
-67.710000
10
-39.030000
20
-67.710000
10
-39.020000
20
-67.760000
10
-39.020000
20
-67.760000
10
-39.020000
20
-67.810000
10
-39.020000
20
-67.810000
10
-39.020000
20
-67.870000
10
-39.020000
20
-67.870000
10
-39.030000
20
-68.050000
10
-39.030000
20
-68.050000
10
-39.080000
20
-68.200000
10
-39.080000
20
-68.200000
10
-39.160000
20
-68.330000
10
-39.160000
20
-68.330000
10
-39.280000
20
-68.420000
10
-39.280000
20
-68.420000
10
-39.420000
20
-68.490000
10
-39.420000
20
-68.490000
10
-39.600000
20
-68.540000
10
-39.600000
20
-68.540000
10
-39.820000
20
-68.550000
10
-39.820000
20
-68.550000
10
-40.010000
20
-68.540000
10
-40.010000
20
-68.540000
10
-40.190000
20
-68.490000
10
-40.190000
20
-68.490000
10
-40.340000
20
-68.420000
10
-40.340000
20
-68.420000
10
-40.460000
20
-68.320000
10
-40.460000
20
-68.320000
10
-40.570000
20
-68.180000
10
-40.570000
20
-68.180000
10
-40.640000
20
-68.020000
10
-40.640000
20
-68.020000
10
-40.700000
20
-67.830000
10
-40.700000
20
-67.830000
10
-41.400000
20
-67.950000
10
-41.400000
20
-67.950000
10
-41.360000
20
-68.110000
10
-41.360000
20
-68.110000
10
-41.310000
20
-68.260000
10
-41.310000
20
-68.260000
10
-41.250000
20
-68.400000
10
-41.250000
20
-68.400000
10
-41.180000
20
-68.520000
10
-41.180000
20
-68.520000
10
-41.100000
20
-68.640000
10
-41.100000
20
-68.640000
10
-41.000000
20
-68.740000
10
-41.000000
20
-68.740000
10
-40.900000
20
-68.830000
10
-40.900000
20
-68.830000
10
-40.780000
20
-68.910000
10
-40.780000
20
-68.910000
10
-40.660000
20
-68.970000
10
-40.660000
20
-68.970000
10
-40.520000
20
-69.020000
10
-40.520000
20
-69.020000
10
-40.370000
20
-69.060000
10
-40.370000
20
-69.060000
10
-40.210000
20
-69.090000
10
-40.210000
20
-69.090000
10
-40.030000
20
-69.110000
10
-40.030000
20
-69.110000
10
-39.850000
20
-69.120000
10
-39.850000
20
-69.120000
10
-39.640000
20
-69.110000
10
-39.640000
20
-69.110000
10
-39.450000
20
-69.090000
10
-39.450000
20
-69.090000
10
-39.270000
20
-69.060000
10
-39.270000
20
-69.060000
10
-39.110000
20
-69.010000
10
-39.110000
20
-69.010000
10
-38.960000
20
-68.950000
10
-38.960000
20
-68.950000
10
-38.820000
20
-68.870000
10
-38.820000
20
-68.870000
10
-38.700000
20
-68.780000
10
-38.700000
20
-68.780000
10
-38.590000
20
-68.680000
10
-38.590000
20
-68.680000
10
-38.490000
20
-68.570000
10
-38.490000
20
-68.570000
10
-38.420000
20
-68.440000
10
-38.420000
20
-68.440000
10
-38.360000
20
-68.300000
10
-38.360000
20
-68.300000
10
-38.320000
20
-68.150000
10
-38.320000
20
-68.150000
10
-38.290000
20
-67.990000
0
LWPOLYLINE
5
2055
100
AcDbEntity
8
0
100
AcDbPolyline
90
8
70
0
43
0.000000
10
-33.570000
20
-69.620000
10
-33.570000
20
-69.900000
10
-33.570000
20
-69.900000
10
-30.810000
20
-69.900000
10
-30.810000
20
-69.900000
10
-30.810000
20
-69.620000
10
-30.810000
20
-69.620000
10
-33.570000
20
-69.620000
0
LWPOLYLINE
5
2056
100
AcDbEntity
8
0
100
AcDbPolyline
90
214
70
0
43
0.000000
10
-24.470000
20
-69.100000
10
-24.230000
20
-69.120000
10
-24.230000
20
-69.120000
10
-23.900000
20
-69.090000
10
-23.900000
20
-69.090000
10
-23.610000
20
-69.020000
10
-23.610000
20
-69.020000
10
-23.340000
20
-68.900000
10
-23.340000
20
-68.900000
10
-23.110000
20
-68.740000
10
-23.110000
20
-68.740000
10
-22.910000
20
-68.520000
10
-22.910000
20
-68.520000
10
-22.740000
20
-68.260000
10
-22.740000
20
-68.260000
10
-22.600000
20
-67.950000
10
-22.600000
20
-67.950000
10
-23.260000
20
-67.700000
10
-23.260000
20
-67.700000
10
-23.300000
20
-67.810000
10
-23.300000
20
-67.810000
10
-23.340000
20
-67.910000
10
-23.340000
20
-67.910000
10
-23.390000
20
-68.000000
10
-23.390000
20
-68.000000
10
-23.440000
20
-68.080000
10
-23.440000
20
-68.080000
10
-23.500000
20
-68.160000
10
-23.500000
20
-68.160000
10
-23.560000
20
-68.230000
10
-23.560000
20
-68.230000
10
-23.630000
20
-68.300000
10
-23.630000
20
-68.300000
10
-23.700000
20
-68.360000
10
-23.700000
20
-68.360000
10
-23.780000
20
-68.410000
10
-23.780000
20
-68.410000
10
-23.860000
20
-68.450000
10
-23.860000
20
-68.450000
10
-23.950000
20
-68.480000
10
-23.950000
20
-68.480000
10
-24.040000
20
-68.500000
10
-24.040000
20
-68.500000
10
-24.130000
20
-68.510000
10
-24.130000
20
-68.510000
10
-24.230000
20
-68.520000
10
-24.230000
20
-68.520000
10
-24.370000
20
-68.510000
10
-24.370000
20
-68.510000
10
-24.510000
20
-68.480000
10
-24.510000
20
-68.480000
10
-24.630000
20
-68.430000
10
-24.630000
20
-68.430000
10
-24.740000
20
-68.370000
10
-24.740000
20
-68.370000
10
-24.850000
20
-68.290000
10
-24.850000
20
-68.290000
10
-24.940000
20
-68.190000
10
-24.940000
20
-68.190000
10
-25.030000
20
-68.070000
10
-25.030000
20
-68.070000
10
-25.110000
20
-67.930000
10
-25.110000
20
-67.930000
10
-25.180000
20
-67.780000
10
-25.180000
20
-67.780000
10
-25.230000
20
-67.620000
10
-25.230000
20
-67.620000
10
-25.270000
20
-67.440000
10
-25.270000
20
-67.440000
10
-25.300000
20
-67.250000
10
-25.300000
20
-67.250000
10
-25.320000
20
-67.050000
10
-25.320000
20
-67.050000
10
-25.330000
20
-66.830000
10
-25.330000
20
-66.830000
10
-25.320000
20
-66.620000
10
-25.320000
20
-66.620000
10
-25.310000
20
-66.410000
10
-25.310000
20
-66.410000
10
-25.280000
20
-66.230000
10
-25.280000
20
-66.230000
10
-25.240000
20
-66.050000
10
-25.240000
20
-66.050000
10
-25.180000
20
-65.890000
10
-25.180000
20
-65.890000
10
-25.120000
20
-65.750000
10
-25.120000
20
-65.750000
10
-25.050000
20
-65.620000
10
-25.050000
20
-65.620000
10
-24.960000
20
-65.510000
10
-24.960000
20
-65.510000
10
-24.860000
20
-65.410000
10
-24.860000
20
-65.410000
10
-24.760000
20
-65.340000
10
-24.760000
20
-65.340000
10
-24.640000
20
-65.280000
10
-24.640000
20
-65.280000
10
-24.510000
20
-65.230000
10
-24.510000
20
-65.230000
10
-24.380000
20
-65.210000
10
-24.380000
20
-65.210000
10
-24.230000
20
-65.200000
10
-24.230000
20
-65.200000
10
-24.130000
20
-65.200000
10
-24.130000
20
-65.200000
10
-24.040000
20
-65.210000
10
-24.040000
20
-65.210000
10
-23.950000
20
-65.230000
10
-23.950000
20
-65.230000
10
-23.860000
20
-65.260000
10
-23.860000
20
-65.260000
10
-23.780000
20
-65.290000
10
-23.780000
20
-65.290000
10
-23.700000
20
-65.330000
10
-23.700000
20
-65.330000
10
-23.630000
20
-65.380000
10
-23.630000
20
-65.380000
10
-23.560000
20
-65.440000
10
-23.560000
20
-65.440000
10
-23.510000
20
-65.510000
10
-23.510000
20
-65.510000
10
-23.450000
20
-65.590000
10
-23.450000
20
-65.590000
10
-23.400000
20
-65.670000
10
-23.400000
20
-65.670000
10
-23.360000
20
-65.750000
10
-23.360000
20
-65.750000
10
-23.310000
20
-65.850000
10
-23.310000
20
-65.850000
10
-23.280000
20
-65.950000
10
-23.280000
20
-65.950000
10
-22.610000
20
-65.720000
10
-22.610000
20
-65.720000
10
-22.670000
20
-65.560000
10
-22.670000
20
-65.560000
10
-22.740000
20
-65.410000
10
-22.740000
20
-65.410000
10
-22.820000
20
-65.270000
10
-22.820000
20
-65.270000
10
-22.910000
20
-65.150000
10
-22.910000
20
-65.150000
10
-23.010000
20
-65.040000
10
-23.010000
20
-65.040000
10
-23.110000
20
-64.950000
10
-23.110000
20
-64.950000
10
-23.230000
20
-64.870000
10
-23.230000
20
-64.870000
10
-23.350000
20
-64.790000
10
-23.350000
20
-64.790000
10
-23.480000
20
-64.730000
10
-23.480000
20
-64.730000
10
-23.610000
20
-64.680000
10
-23.610000
20
-64.680000
10
-23.760000
20
-64.640000
10
-23.760000
20
-64.640000
10
-23.910000
20
-64.610000
10
-23.910000
20
-64.610000
10
-24.070000
20
-64.590000
10
-24.070000
20
-64.590000
10
-24.250000
20
-64.580000
10
-24.250000
20
-64.580000
10
-24.490000
20
-64.600000
10
-24.490000
20
-64.600000
10
-24.720000
20
-64.630000
10
-24.720000
20
-64.630000
10
-24.930000
20
-64.690000
10
-24.930000
20
-64.690000
10
-25.120000
20
-64.780000
10
-25.120000
20
-64.780000
10
-25.300000
20
-64.890000
10
-25.300000
20
-64.890000
10
-25.470000
20
-65.020000
10
-25.470000
20
-65.020000
10
-25.610000
20
-65.180000
10
-25.610000
20
-65.180000
10
-25.740000
20
-65.360000
10
-25.740000
20
-65.360000
10
-25.850000
20
-65.560000
10
-25.850000
20
-65.560000
10
-25.940000
20
-65.770000
10
-25.940000
20
-65.770000
10
-26.010000
20
-66.010000
10
-26.010000
20
-66.010000
10
-26.060000
20
-66.260000
10
-26.060000
20
-66.260000
10
-26.090000
20
-66.540000
10
-26.090000
20
-66.540000
10
-26.100000
20
-66.830000
10
-26.100000
20
-66.830000
10
-26.090000
20
-67.130000
10
-26.090000
20
-67.130000
10
-26.060000
20
-67.410000
10
-26.060000
20
-67.410000
10
-26.010000
20
-67.670000
10
-26.010000
20
-67.670000
10
-25.940000
20
-67.910000
10
-25.940000
20
-67.910000
10
-25.850000
20
-68.130000
10
-25.850000
20
-68.130000
10
-25.740000
20
-68.340000
10
-25.740000
20
-68.340000
10
-25.610000
20
-68.520000
10
-25.610000
20
-68.520000
10
-25.460000
20
-68.680000
10
-25.460000
20
-68.680000
10
-25.300000
20
-68.810000
10
-25.300000
20
-68.810000
10
-25.110000
20
-68.920000
10
-25.110000
20
-68.920000
10
-24.920000
20
-69.010000
10
-24.920000
20
-69.010000
10
-24.700000
20
-69.070000
10
-24.700000
20
-69.070000
10
-24.470000
20
-69.100000
0
LWPOLYLINE
5
2057
100
AcDbEntity
8
0
100
AcDbPolyline
90
8
70
0
43
0.000000
10
-21.540000
20
-69.070000
10
-20.790000
20
-69.070000
10
-20.790000
20
-69.070000
10
-20.790000
20
-64.650000
10
-20.790000
20
-64.650000
10
-21.540000
20
-64.650000
10
-21.540000
20
-64.650000
10
-21.540000
20
-69.070000
0
LWPOLYLINE
5
2058
100
AcDbEntity
8
0
100
AcDbPolyline
90
24
70
0
43
0.000000
10
-19.340000
20
-69.070000
10
-16.800000
20
-69.070000
10
-16.800000
20
-69.070000
10
-16.800000
20
-68.470000
10
-16.800000
20
-68.470000
10
-18.570000
20
-68.470000
10
-18.570000
20
-68.470000
10
-18.570000
20
-67.120000
10
-18.570000
20
-67.120000
10
-17.120000
20
-67.120000
10
-17.120000
20
-67.120000
10
-17.120000
20
-66.520000
10
-17.120000
20
-66.520000
10
-18.570000
20
-66.520000
10
-18.570000
20
-66.520000
10
-18.570000
20
-65.270000
10
-18.570000
20
-65.270000
10
-16.940000
20
-65.270000
10
-16.940000
20
-65.270000
10
-16.940000
20
-64.650000
10
-16.940000
20
-64.650000
10
-19.340000
20
-64.650000
10
-19.340000
20
-64.650000
10
-19.340000
20
-69.070000
0
LWPOLYLINE
5
2059
100
AcDbEntity
8
0
100
AcDbPolyline
90
8
70
0
43
0.000000
10
-16.260000
20
-69.620000
10
-16.260000
20
-69.900000
10
-16.260000
20
-69.900000
10
-13.500000
20
-69.900000
10
-13.500000
20
-69.900000
10
-13.500000
20
-69.620000
10
-13.500000
20
-69.620000
10
-16.260000
20
-69.620000
0
LWPOLYLINE
5
2060
100
AcDbEntity
8
0
100
AcDbPolyline
90
24
70
0
43
0.000000
10
-12.660000
20
-69.070000
10
-10.130000
20
-69.070000
10
-10.130000
20
-69.070000
10
-10.130000
20
-68.470000
10
-10.130000
20
-68.470000
10
-11.890000
20
-68.470000
10
-11.890000
20
-68.470000
10
-11.890000
20
-67.120000
10
-11.890000
20
-67.120000
10
-10.440000
20
-67.120000
10
-10.440000
20
-67.120000
10
-10.440000
20
-66.520000
10
-10.440000
20
-66.520000
10
-11.890000
20
-66.520000
10
-11.890000
20
-66.520000
10
-11.890000
20
-65.270000
10
-11.890000
20
-65.270000
10
-10.260000
20
-65.270000
10
-10.260000
20
-65.270000
10
-10.260000
20
-64.650000
10
-10.260000
20
-64.650000
10
-12.660000
20
-64.650000
10
-12.660000
20
-64.650000
10
-12.660000
20
-69.070000
0
LWPOLYLINE
5
2061
100
AcDbEntity
8
0
100
AcDbPolyline
90
24
70
0
43
0.000000
10
-7.200000
20
-65.850000
10
-7.940000
20
-67.030000
10
-7.940000
20
-67.030000
10
-8.670000
20
-65.850000
10
-8.670000
20
-65.850000
10
-9.450000
20
-65.850000
10
-9.450000
20
-65.850000
10
-8.340000
20
-67.420000
10
-8.340000
20
-67.420000
10
-9.500000
20
-69.070000
10
-9.500000
20
-69.070000
10
-8.740000
20
-69.070000
10
-8.740000
20
-69.070000
10
-7.940000
20
-67.830000
10
-7.940000
20
-67.830000
10
-7.140000
20
-69.070000
10
-7.140000
20
-69.070000
10
-6.350000
20
-69.070000
10
-6.350000
20
-69.070000
10
-7.520000
20
-67.400000
10
-7.520000
20
-67.400000
10
-6.420000
20
-65.850000
10
-6.420000
20
-65.850000
10
-7.200000
20
-65.850000
0
LWPOLYLINE
5
2062
100
AcDbEntity
8
0
100
AcDbPolyline
90
156
70
0
43
0.000000
10
4.490000
20
-67.270000
10
4.490000
20
-69.070000
10
4.490000
20
-69.070000
10
5.230000
20
-69.070000
10
5.230000
20
-69.070000
10
5.230000
20
-67.080000
10
5.230000
20
-67.080000
10
5.220000
20
-66.900000
10
5.220000
20
-66.900000
10
5.210000
20
-66.730000
10
5.210000
20
-66.730000
10
5.180000
20
-66.580000
10
5.180000
20
-66.580000
10
5.140000
20
-66.440000
10
5.140000
20
-66.440000
10
5.090000
20
-66.310000
10
5.090000
20
-66.310000
10
5.030000
20
-66.200000
10
5.030000
20
-66.200000
10
4.960000
20
-66.100000
10
4.960000
20
-66.100000
10
4.880000
20
-66.020000
10
4.880000
20
-66.020000
10
4.790000
20
-65.940000
10
4.790000
20
-65.940000
10
4.680000
20
-65.890000
10
4.680000
20
-65.890000
10
4.570000
20
-65.840000
10
4.570000
20
-65.840000
10
4.440000
20
-65.810000
10
4.440000
20
-65.810000
10
4.310000
20
-65.790000
10
4.310000
20
-65.790000
10
4.160000
20
-65.780000
10
4.160000
20
-65.780000
10
4.050000
20
-65.790000
10
4.050000
20
-65.790000
10
3.950000
20
-65.800000
10
3.950000
20
-65.800000
10
3.860000
20
-65.810000
10
3.860000
20
-65.810000
10
3.770000
20
-65.840000
10
3.770000
20
-65.840000
10
3.680000
20
-65.870000
10
3.680000
20
-65.870000
10
3.600000
20
-65.910000
10
3.600000
20
-65.910000
10
3.530000
20
-65.950000
10
3.530000
20
-65.950000
10
3.460000
20
-66.000000
10
3.460000
20
-66.000000
10
3.390000
20
-66.060000
10
3.390000
20
-66.060000
10
3.330000
20
-66.130000
10
3.330000
20
-66.130000
10
3.260000
20
-66.200000
10
3.260000
20
-66.200000
10
3.200000
20
-66.280000
10
3.200000
20
-66.280000
10
3.150000
20
-66.370000
10
3.150000
20
-66.370000
10
3.090000
20
-66.470000
10
3.090000
20
-66.470000
10
3.080000
20
-66.470000
10
3.080000
20
-66.470000
10
3.080000
20
-66.420000
10
3.080000
20
-66.420000
10
3.080000
20
-66.360000
10
3.080000
20
-66.360000
10
3.070000
20
-66.280000
10
3.070000
20
-66.280000
10
3.070000
20
-66.190000
10
3.070000
20
-66.190000
10
3.060000
20
-66.090000
10
3.060000
20
-66.090000
10
3.050000
20
-65.980000
10
3.050000
20
-65.980000
10
3.040000
20
-65.850000
10
3.040000
20
-65.850000
10
2.360000
20
-65.850000
10
2.360000
20
-65.850000
10
2.370000
20
-65.960000
10
2.370000
20
-65.960000
10
2.380000
20
-66.060000
10
2.380000
20
-66.060000
10
2.380000
20
-66.170000
10
2.380000
20
-66.170000
10
2.390000
20
-66.270000
10
2.390000
20
-66.270000
10
2.390000
20
-66.380000
10
2.390000
20
-66.380000
10
2.390000
20
-66.490000
10
2.390000
20
-66.490000
10
2.390000
20
-66.600000
10
2.390000
20
-66.600000
10
2.390000
20
-69.070000
10
2.390000
20
-69.070000
10
3.110000
20
-69.070000
10
3.110000
20
-69.070000
10
3.110000
20
-67.370000
10
3.110000
20
-67.370000
10
3.120000
20
-67.240000
10
3.120000
20
-67.240000
10
3.130000
20
-67.120000
10
3.130000
20
-67.120000
10
3.150000
20
-67.000000
10
3.150000
20
-67.000000
10
3.180000
20
-66.900000
10
3.180000
20
-66.900000
10
3.210000
20
-66.800000
10
3.210000
20
-66.800000
10
3.260000
20
-66.710000
10
3.260000
20
-66.710000
10
3.310000
20
-66.630000
10
3.310000
20
-66.630000
10
3.370000
20
-66.560000
10
3.370000
20
-66.560000
10
3.440000
20
-66.490000
10
3.440000
20
-66.490000
10
3.510000
20
-66.440000
10
3.510000
20
-66.440000
10
3.590000
20
-66.400000
10
3.590000
20
-66.400000
10
3.680000
20
-66.370000
10
3.680000
20
-66.370000
10
3.780000
20
-66.360000
10
3.780000
20
-66.360000
10
3.880000
20
-66.350000
10
3.880000
20
-66.350000
10
3.960000
20
-66.350000
10
3.960000
20
-66.350000
10
4.050000
20
-66.370000
10
4.050000
20
-66.370000
10
4.120000
20
-66.390000
10
4.120000
20
-66.390000
10
4.190000
20
-66.420000
10
4.190000
20
-66.420000
10
4.250000
20
-66.460000
10
4.250000
20
-66.460000
10
4.300000
20
-66.510000
10
4.300000
20
-66.510000
10
4.340000
20
-66.570000
10
4.340000
20
-66.570000
10
4.380000
20
-66.630000
10
4.380000
20
-66.630000
10
4.420000
20
-66.710000
10
4.420000
20
-66.710000
10
4.450000
20
-66.800000
10
4.450000
20
-66.800000
10
4.470000
20
-66.900000
10
4.470000
20
-66.900000
10
4.480000
20
-67.010000
10
4.480000
20
-67.010000
10
4.490000
20
-67.130000
10
4.490000
20
-67.130000
10
4.490000
20
-67.270000
0
LWPOLYLINE
5
2063
100
AcDbEntity
8
0
100
AcDbPolyline
90
382
70
0
43
0.000000
10
8.540000
20
-68.260000
10
8.550000
20
-68.130000
10
8.550000
20
-68.130000
10
8.550000
20
-68.060000
10
8.550000
20
-68.060000
10
8.540000
20
-67.990000
10
8.540000
20
-67.990000
10
8.530000
20
-67.920000
10
8.530000
20
-67.920000
10
8.520000
20
-67.860000
10
8.520000
20
-67.860000
10
8.510000
20
-67.790000
10
8.510000
20
-67.790000
10
8.490000
20
-67.740000
10
8.490000
20
-67.740000
10
8.470000
20
-67.680000
10
8.470000
20
-67.680000
10
8.440000
20
-67.640000
10
8.440000
20
-67.640000
10
8.400000
20
-67.590000
10
8.400000
20
-67.590000
10
8.370000
20
-67.550000
10
8.370000
20
-67.550000
10
8.330000
20
-67.510000
10
8.330000
20
-67.510000
10
8.290000
20
-67.470000
10
8.290000
20
-67.470000
10
8.250000
20
-67.430000
10
8.250000
20
-67.430000
10
8.200000
20
-67.400000
10
8.200000
20
-67.400000
10
8.140000
20
-67.370000
10
8.140000
20
-67.370000
10
8.080000
20
-67.330000
10
8.080000
20
-67.330000
10
8.000000
20
-67.300000
10
8.000000
20
-67.300000
10
7.920000
20
-67.270000
10
7.920000
20
-67.270000
10
7.830000
20
-67.230000
10
7.830000
20
-67.230000
10
7.730000
20
-67.200000
10
7.730000
20
-67.200000
10
7.620000
20
-67.170000
10
7.620000
20
-67.170000
10
7.520000
20
-67.130000
10
7.520000
20
-67.130000
10
7.430000
20
-67.110000
10
7.430000
20
-67.110000
10
7.350000
20
-67.080000
10
7.350000
20
-67.080000
10
7.280000
20
-67.060000
10
7.280000
20
-67.060000
10
7.220000
20
-67.030000
10
7.220000
20
-67.030000
10
7.170000
20
-67.020000
10
7.170000
20
-67.020000
10
7.130000
20
-67.000000
10
7.130000
20
-67.000000
10
7.110000
20
-66.980000
10
7.110000
20
-66.980000
10
7.080000
20
-66.960000
10
7.080000
20
-66.960000
10
7.060000
20
-66.940000
10
7.060000
20
-66.940000
10
7.030000
20
-66.920000
10
7.030000
20
-66.920000
10
7.020000
20
-66.900000
10
7.020000
20
-66.900000
10
7.000000
20
-66.890000
10
7.000000
20
-66.890000
10
6.980000
20
-66.870000
10
6.980000
20
-66.870000
10
6.970000
20
-66.840000
10
6.970000
20
-66.840000
10
6.950000
20
-66.810000
10
6.950000
20
-66.810000
10
6.940000
20
-66.790000
10
6.940000
20
-66.790000
10
6.930000
20
-66.760000
10
6.930000
20
-66.760000
10
6.920000
20
-66.720000
10
6.920000
20
-66.720000
10
6.920000
20
-66.690000
10
6.920000
20
-66.690000
10
6.920000
20
-66.650000
10
6.920000
20
-66.650000
10
6.930000
20
-66.550000
10
6.930000
20
-66.550000
10
6.950000
20
-66.460000
10
6.950000
20
-66.460000
10
7.000000
20
-66.390000
10
7.000000
20
-66.390000
10
7.060000
20
-66.340000
10
7.060000
20
-66.340000
10
7.150000
20
-66.300000
10
7.150000
20
-66.300000
10
7.250000
20
-66.270000
10
7.250000
20
-66.270000
10
7.370000
20
-66.270000
10
7.370000
20
-66.270000
10
7.420000
20
-66.270000
10
7.420000
20
-66.270000
10
7.470000
20
-66.270000
10
7.470000
20
-66.270000
10
7.520000
20
-66.280000
10
7.520000
20
-66.280000
10
7.570000
20
-66.290000
10
7.570000
20
-66.290000
10
7.610000
20
-66.300000
10
7.610000
20
-66.300000
10
7.650000
20
-66.320000
10
7.650000
20
-66.320000
10
7.680000
20
-66.330000
10
7.680000
20
-66.330000
10
7.710000
20
-66.360000
10
7.710000
20
-66.360000
10
7.740000
20
-66.390000
10
7.740000
20
-66.390000
10
7.770000
20
-66.420000
10
7.770000
20
-66.420000
10
7.790000
20
-66.460000
10
7.790000
20
-66.460000
10
7.810000
20
-66.500000
10
7.810000
20
-66.500000
10
7.820000
20
-66.550000
10
7.820000
20
-66.550000
10
7.830000
20
-66.600000
10
7.830000
20
-66.600000
10
8.450000
20
-66.530000
10
8.450000
20
-66.530000
10
8.430000
20
-66.430000
10
8.430000
20
-66.430000
10
8.390000
20
-66.330000
10
8.390000
20
-66.330000
10
8.360000
20
-66.240000
10
8.360000
20
-66.240000
10
8.310000
20
-66.160000
10
8.310000
20
-66.160000
10
8.250000
20
-66.090000
10
8.250000
20
-66.090000
10
8.190000
20
-66.020000
10
8.190000
20
-66.020000
10
8.120000
20
-65.970000
10
8.120000
20
-65.970000
10
8.040000
20
-65.920000
10
8.040000
20
-65.920000
10
7.940000
20
-65.880000
10
7.940000
20
-65.880000
10
7.840000
20
-65.840000
10
7.840000
20
-65.840000
10
7.740000
20
-65.820000
10
7.740000
20
-65.820000
10
7.620000
20
-65.800000
10
7.620000
20
-65.800000
10
7.490000
20
-65.790000
10
7.490000
20
-65.790000
10
7.350000
20
-65.780000
10
7.350000
20
-65.780000
10
7.200000
20
-65.790000
10
7.200000
20
-65.790000
10
7.070000
20
-65.800000
10
7.070000
20
-65.800000
10
6.940000
20
-65.830000
10
6.940000
20
-65.830000
10
6.820000
20
-65.860000
10
6.820000
20
-65.860000
10
6.720000
20
-65.910000
10
6.720000
20
-65.910000
10
6.620000
20
-65.970000
10
6.620000
20
-65.970000
10
6.530000
20
-66.030000
10
6.530000
20
-66.030000
10
6.460000
20
-66.110000
10
6.460000
20
-66.110000
10
6.400000
20
-66.190000
10
6.400000
20
-66.190000
10
6.350000
20
-66.280000
10
6.350000
20
-66.280000
10
6.320000
20
-66.380000
10
6.320000
20
-66.380000
10
6.290000
20
-66.490000
10
6.290000
20
-66.490000
10
6.270000
20
-66.610000
10
6.270000
20
-66.610000
10
6.270000
20
-66.730000
10
6.270000
20
-66.730000
10
6.270000
20
-66.800000
10
6.270000
20
-66.800000
10
6.270000
20
-66.870000
10
6.270000
20
-66.870000
10
6.280000
20
-66.940000
10
6.280000
20
-66.940000
10
6.290000
20
-67.000000
10
6.290000
20
-67.000000
10
6.310000
20
-67.060000
10
6.310000
20
-67.060000
10
6.330000
20
-67.110000
10
6.330000
20
-67.110000
10
6.350000
20
-67.170000
10
6.350000
20
-67.170000
10
6.380000
20
-67.210000
10
6.380000
20
-67.210000
10
6.410000
20
-67.260000
10
6.410000
20
-67.260000
10
6.450000
20
-67.300000
10
6.450000
20
-67.300000
10
6.490000
20
-67.340000
10
6.490000
20
-67.340000
10
6.530000
20
-67.380000
10
6.530000
20
-67.380000
10
6.570000
20
-67.420000
10
6.570000
20
-67.420000
10
6.620000
20
-67.450000
10
6.620000
20
-67.450000
10
6.670000
20
-67.480000
10
6.670000
20
-67.480000
10
6.720000
20
-67.510000
10
6.720000
20
-67.510000
10
6.790000
20
-67.540000
10
6.790000
20
-67.540000
10
6.860000
20
-67.570000
10
6.860000
20
-67.570000
10
6.940000
20
-67.600000
10
6.940000
20
-67.600000
10
7.020000
20
-67.630000
10
7.020000
20
-67.630000
10
7.120000
20
-67.650000
10
7.120000
20
-67.650000
10
7.220000
20
-67.680000
10
7.220000
20
-67.680000
10
7.310000
20
-67.700000
10
7.310000
20
-67.700000
10
7.400000
20
-67.730000
10
7.400000
20
-67.730000
10
7.470000
20
-67.750000
10
7.470000
20
-67.750000
10
7.530000
20
-67.780000
10
7.530000
20
-67.780000
10
7.580000
20
-67.800000
10
7.580000
20
-67.800000
10
7.620000
20
-67.820000
10
7.620000
20
-67.820000
10
7.650000
20
-67.840000
10
7.650000
20
-67.840000
10
7.690000
20
-67.860000
10
7.690000
20
-67.860000
10
7.720000
20
-67.880000
10
7.720000
20
-67.880000
10
7.750000
20
-67.900000
10
7.750000
20
-67.900000
10
7.770000
20
-67.930000
10
7.770000
20
-67.930000
10
7.800000
20
-67.960000
10
7.800000
20
-67.960000
10
7.820000
20
-67.980000
10
7.820000
20
-67.980000
10
7.830000
20
-68.010000
10
7.830000
20
-68.010000
10
7.850000
20
-68.040000
10
7.850000
20
-68.040000
10
7.860000
20
-68.070000
10
7.860000
20
-68.070000
10
7.870000
20
-68.100000
10
7.870000
20
-68.100000
10
7.880000
20
-68.140000
10
7.880000
20
-68.140000
10
7.880000
20
-68.180000
10
7.880000
20
-68.180000
10
7.880000
20
-68.220000
10
7.880000
20
-68.220000
10
7.880000
20
-68.280000
10
7.880000
20
-68.280000
10
7.870000
20
-68.340000
10
7.870000
20
-68.340000
10
7.860000
20
-68.390000
10
7.860000
20
-68.390000
10
7.830000
20
-68.440000
10
7.830000
20
-68.440000
10
7.810000
20
-68.480000
10
7.810000
20
-68.480000
10
7.770000
20
-68.520000
10
7.770000
20
-68.520000
10
7.730000
20
-68.550000
10
7.730000
20
-68.550000
10
7.690000
20
-68.580000
10
7.690000
20
-68.580000
10
7.640000
20
-68.600000
10
7.640000
20
-68.600000
10
7.590000
20
-68.620000
10
7.590000
20
-68.620000
10
7.530000
20
-68.630000
10
7.530000
20
-68.630000
10
7.480000
20
-68.640000
10
7.480000
20
-68.640000
10
7.410000
20
-68.650000
10
7.410000
20
-68.650000
10
7.350000
20
-68.650000
10
7.350000
20
-68.650000
10
7.280000
20
-68.650000
10
7.280000
20
-68.650000
10
7.210000
20
-68.640000
10
7.210000
20
-68.640000
10
7.140000
20
-68.630000
10
7.140000
20
-68.630000
10
7.080000
20
-68.620000
10
7.080000
20
-68.620000
10
7.030000
20
-68.600000
10
7.030000
20
-68.600000
10
6.980000
20
-68.580000
10
6.980000
20
-68.580000
10
6.930000
20
-68.550000
10
6.930000
20
-68.550000
10
6.900000
20
-68.520000
10
6.900000
20
-68.520000
10
6.860000
20
-68.490000
10
6.860000
20
-68.490000
10
6.830000
20
-68.450000
10
6.830000
20
-68.450000
10
6.810000
20
-68.410000
10
6.810000
20
-68.410000
10
6.780000
20
-68.360000
10
6.780000
20
-68.360000
10
6.770000
20
-68.310000
10
6.770000
20
-68.310000
10
6.750000
20
-68.250000
10
6.750000
20
-68.250000
10
6.130000
20
-68.350000
10
6.130000
20
-68.350000
10
6.160000
20
-68.460000
10
6.160000
20
-68.460000
10
6.200000
20
-68.560000
10
6.200000
20
-68.560000
10
6.240000
20
-68.650000
10
6.240000
20
-68.650000
10
6.290000
20
-68.740000
10
6.290000
20
-68.740000
10
6.350000
20
-68.810000
10
6.350000
20
-68.810000
10
6.420000
20
-68.880000
10
6.420000
20
-68.880000
10
6.500000
20
-68.930000
10
6.500000
20
-68.930000
10
6.580000
20
-68.980000
10
6.580000
20
-68.980000
10
6.680000
20
-69.020000
10
6.680000
20
-69.020000
10
6.790000
20
-69.060000
10
6.790000
20
-69.060000
10
6.910000
20
-69.080000
10
6.910000
20
-69.080000
10
7.050000
20
-69.100000
10
7.050000
20
-69.100000
10
7.200000
20
-69.110000
10
7.200000
20
-69.110000
10
7.370000
20
-69.120000
10
7.370000
20
-69.120000
10
7.520000
20
-69.110000
10
7.520000
20
-69.110000
10
7.670000
20
-69.100000
10
7.670000
20
-69.100000
10
7.800000
20
-69.070000
10
7.800000
20
-69.070000
10
7.930000
20
-69.030000
10
7.930000
20
-69.030000
10
8.040000
20
-68.990000
10
8.040000
20
-68.990000
10
8.140000
20
-68.930000
10
8.140000
20
-68.930000
10
8.230000
20
-68.870000
10
8.230000
20
-68.870000
10
8.320000
20
-68.790000
10
8.320000
20
-68.790000
10
8.390000
20
-68.700000
10
8.390000
20
-68.700000
10
8.450000
20
-68.600000
10
8.450000
20
-68.600000
10
8.490000
20
-68.500000
10
8.490000
20
-68.500000
10
8.520000
20
-68.380000
10
8.520000
20
-68.380000
10
8.540000
20
-68.260000
0
LWPOLYLINE
5
2064
100
AcDbEntity
8
0
100
AcDbPolyline
90
8
70
0
43
0.000000
10
9.620000
20
-65.850000
10
9.620000
20
-69.070000
10
9.620000
20
-69.070000
10
10.340000
20
-69.070000
10
10.340000
20
-69.070000
10
10.340000
20
-65.850000
10
10.340000
20
-65.850000
10
9.620000
20
-65.850000
0
LWPOLYLINE
5
2065
100
AcDbEntity
8
0
100
AcDbPolyline
90
8
70
0
43
0.000000
10
9.620000
20
-64.520000
10
9.620000
20
-65.130000
10
9.620000
20
-65.130000
10
10.340000
20
-65.130000
10
10.340000
20
-65.130000
10
10.340000
20
-64.520000
10
10.340000
20
-64.520000
10
9.620000
20
-64.520000
0
LWPOLYLINE
5
2066
100
AcDbEntity
8
0
100
AcDbPolyline
90
156
70
0
43
0.000000
10
17.900000
20
-67.270000
10
17.900000
20
-69.070000
10
17.900000
20
-69.070000
10
18.630000
20
-69.070000
10
18.630000
20
-69.070000
10
18.630000
20
-67.080000
10
18.630000
20
-67.080000
10
18.630000
20
-66.900000
10
18.630000
20
-66.900000
10
18.610000
20
-66.730000
10
18.610000
20
-66.730000
10
18.580000
20
-66.580000
10
18.580000
20
-66.580000
10
18.540000
20
-66.440000
10
18.540000
20
-66.440000
10
18.500000
20
-66.310000
10
18.500000
20
-66.310000
10
18.440000
20
-66.200000
10
18.440000
20
-66.200000
10
18.360000
20
-66.100000
10
18.360000
20
-66.100000
10
18.280000
20
-66.020000
10
18.280000
20
-66.020000
10
18.190000
20
-65.940000
10
18.190000
20
-65.940000
10
18.090000
20
-65.890000
10
18.090000
20
-65.890000
10
17.970000
20
-65.840000
10
17.970000
20
-65.840000
10
17.850000
20
-65.810000
10
17.850000
20
-65.810000
10
17.710000
20
-65.790000
10
17.710000
20
-65.790000
10
17.560000
20
-65.780000
10
17.560000
20
-65.780000
10
17.460000
20
-65.790000
10
17.460000
20
-65.790000
10
17.360000
20
-65.800000
10
17.360000
20
-65.800000
10
17.260000
20
-65.810000
10
17.260000
20
-65.810000
10
17.170000
20
-65.840000
10
17.170000
20
-65.840000
10
17.080000
20
-65.870000
10
17.080000
20
-65.870000
10
17.010000
20
-65.910000
10
17.010000
20
-65.910000
10
16.930000
20
-65.950000
10
16.930000
20
-65.950000
10
16.860000
20
-66.000000
10
16.860000
20
-66.000000
10
16.790000
20
-66.060000
10
16.790000
20
-66.060000
10
16.730000
20
-66.130000
10
16.730000
20
-66.130000
10
16.670000
20
-66.200000
10
16.670000
20
-66.200000
10
16.610000
20
-66.280000
10
16.610000
20
-66.280000
10
16.550000
20
-66.370000
10
16.550000
20
-66.370000
10
16.500000
20
-66.470000
10
16.500000
20
-66.470000
10
16.480000
20
-66.470000
10
16.480000
20
-66.470000
10
16.480000
20
-66.420000
10
16.480000
20
-66.420000
10
16.480000
20
-66.360000
10
16.480000
20
-66.360000
10
16.470000
20
-66.280000
10
16.470000
20
-66.280000
10
16.470000
20
-66.190000
10
16.470000
20
-66.190000
10
16.460000
20
-66.090000
10
16.460000
20
-66.090000
10
16.460000
20
-65.980000
10
16.460000
20
-65.980000
10
16.450000
20
-65.850000
10
16.450000
20
-65.850000
10
15.760000
20
-65.850000
10
15.760000
20
-65.850000
10
15.770000
20
-65.960000
10
15.770000
20
-65.960000
10
15.780000
20
-66.060000
10
15.780000
20
-66.060000
10
15.790000
20
-66.170000
10
15.790000
20
-66.170000
10
15.790000
20
-66.270000
10
15.790000
20
-66.270000
10
15.800000
20
-66.380000
10
15.800000
20
-66.380000
10
15.800000
20
-66.490000
10
15.800000
20
-66.490000
10
15.800000
20
-66.600000
10
15.800000
20
-66.600000
10
15.800000
20
-69.070000
10
15.800000
20
-69.070000
10
16.510000
20
-69.070000
10
16.510000
20
-69.070000
10
16.510000
20
-67.370000
10
16.510000
20
-67.370000
10
16.520000
20
-67.240000
10
16.520000
20
-67.240000
10
16.530000
20
-67.120000
10
16.530000
20
-67.120000
10
16.550000
20
-67.000000
10
16.550000
20
-67.000000
10
16.580000
20
-66.900000
10
16.580000
20
-66.900000
10
16.620000
20
-66.800000
10
16.620000
20
-66.800000
10
16.660000
20
-66.710000
10
16.660000
20
-66.710000
10
16.710000
20
-66.630000
10
16.710000
20
-66.630000
10
16.770000
20
-66.560000
10
16.770000
20
-66.560000
10
16.840000
20
-66.490000
10
16.840000
20
-66.490000
10
16.920000
20
-66.440000
10
16.920000
20
-66.440000
10
17.000000
20
-66.400000
10
17.000000
20
-66.400000
10
17.090000
20
-66.370000
10
17.090000
20
-66.370000
10
17.180000
20
-66.360000
10
17.180000
20
-66.360000
10
17.280000
20
-66.350000
10
17.280000
20
-66.350000
10
17.370000
20
-66.350000
10
17.370000
20
-66.350000
10
17.450000
20
-66.370000
10
17.450000
20
-66.370000
10
17.520000
20
-66.390000
10
17.520000
20
-66.390000
10
17.590000
20
-66.420000
10
17.590000
20
-66.420000
10
17.650000
20
-66.460000
10
17.650000
20
-66.460000
10
17.700000
20
-66.510000
10
17.700000
20
-66.510000
10
17.750000
20
-66.570000
10
17.750000
20
-66.570000
10
17.790000
20
-66.630000
10
17.790000
20
-66.630000
10
17.820000
20
-66.710000
10
17.820000
20
-66.710000
10
17.850000
20
-66.800000
10
17.850000
20
-66.800000
10
17.870000
20
-66.900000
10
17.870000
20
-66.900000
10
17.890000
20
-67.010000
10
17.890000
20
-67.010000
10
17.890000
20
-67.130000
10
17.890000
20
-67.130000
10
17.900000
20
-67.270000
0
LWPOLYLINE
5
2067
100
AcDbEntity
8
0
100
AcDbPolyline
90
8
70
0
43
0.000000
10
19.350000
20
-69.620000
10
19.350000
20
-69.900000
10
19.350000
20
-69.900000
10
22.120000
20
-69.900000
10
22.120000
20
-69.900000
10
22.120000
20
-69.620000
10
22.120000
20
-69.620000
10
19.350000
20
-69.620000
0
LWPOLYLINE
5
2068
100
AcDbEntity
8
0
100
AcDbPolyline
90
214
70
0
43
0.000000
10
24.360000
20
-69.100000
10
24.610000
20
-69.120000
10
24.610000
20
-69.120000
10
24.930000
20
-69.090000
10
24.930000
20
-69.090000
10
25.230000
20
-69.020000
10
25.230000
20
-69.020000
10
25.500000
20
-68.900000
10
25.500000
20
-68.900000
10
25.730000
20
-68.740000
10
25.730000
20
-68.740000
10
25.930000
20
-68.520000
10
25.930000
20
-68.520000
10
26.100000
20
-68.260000
10
26.100000
20
-68.260000
10
26.240000
20
-67.950000
10
26.240000
20
-67.950000
10
25.570000
20
-67.700000
10
25.570000
20
-67.700000
10
25.540000
20
-67.810000
10
25.540000
20
-67.810000
10
25.500000
20
-67.910000
10
25.500000
20
-67.910000
10
25.450000
20
-68.000000
10
25.450000
20
-68.000000
10
25.400000
20
-68.080000
10
25.400000
20
-68.080000
10
25.340000
20
-68.160000
10
25.340000
20
-68.160000
10
25.280000
20
-68.230000
10
25.280000
20
-68.230000
10
25.210000
20
-68.300000
10
25.210000
20
-68.300000
10
25.130000
20
-68.360000
10
25.130000
20
-68.360000
10
25.060000
20
-68.410000
10
25.060000
20
-68.410000
10
24.980000
20
-68.450000
10
24.980000
20
-68.450000
10
24.890000
20
-68.480000
10
24.890000
20
-68.480000
10
24.800000
20
-68.500000
10
24.800000
20
-68.500000
10
24.710000
20
-68.510000
10
24.710000
20
-68.510000
10
24.610000
20
-68.520000
10
24.610000
20
-68.520000
10
24.460000
20
-68.510000
10
24.460000
20
-68.510000
10
24.330000
20
-68.480000
10
24.330000
20
-68.480000
10
24.210000
20
-68.430000
10
24.210000
20
-68.430000
10
24.090000
20
-68.370000
10
24.090000
20
-68.370000
10
23.990000
20
-68.290000
10
23.990000
20
-68.290000
10
23.890000
20
-68.190000
10
23.890000
20
-68.190000
10
23.810000
20
-68.070000
10
23.810000
20
-68.070000
10
23.730000
20
-67.930000
10
23.730000
20
-67.930000
10
23.660000
20
-67.780000
10
23.660000
20
-67.780000
10
23.610000
20
-67.620000
10
23.610000
20
-67.620000
10
23.560000
20
-67.440000
10
23.560000
20
-67.440000
10
23.530000
20
-67.250000
10
23.530000
20
-67.250000
10
23.510000
20
-67.050000
10
23.510000
20
-67.050000
10
23.510000
20
-66.830000
10
23.510000
20
-66.830000
10
23.510000
20
-66.620000
10
23.510000
20
-66.620000
10
23.530000
20
-66.410000
10
23.530000
20
-66.410000
10
23.560000
20
-66.230000
10
23.560000
20
-66.230000
10
23.600000
20
-66.050000
10
23.600000
20
-66.050000
10
23.650000
20
-65.890000
10
23.650000
20
-65.890000
10
23.720000
20
-65.750000
10
23.720000
20
-65.750000
10
23.790000
20
-65.620000
10
23.790000
20
-65.620000
10
23.880000
20
-65.510000
10
23.880000
20
-65.510000
10
23.970000
20
-65.410000
10
23.970000
20
-65.410000
10
24.080000
20
-65.340000
10
24.080000
20
-65.340000
10
24.200000
20
-65.280000
10
24.200000
20
-65.280000
10
24.320000
20
-65.230000
10
24.320000
20
-65.230000
10
24.460000
20
-65.210000
10
24.460000
20
-65.210000
10
24.610000
20
-65.200000
10
24.610000
20
-65.200000
10
24.710000
20
-65.200000
10
24.710000
20
-65.200000
10
24.800000
20
-65.210000
10
24.800000
20
-65.210000
10
24.890000
20
-65.230000
10
24.890000
20
-65.230000
10
24.980000
20
-65.260000
10
24.980000
20
-65.260000
10
25.060000
20
-65.290000
10
25.060000
20
-65.290000
10
25.130000
20
-65.330000
10
25.130000
20
-65.330000
10
25.210000
20
-65.380000
10
25.210000
20
-65.380000
10
25.270000
20
-65.440000
10
25.270000
20
-65.440000
10
25.330000
20
-65.510000
10
25.330000
20
-65.510000
10
25.390000
20
-65.590000
10
25.390000
20
-65.590000
10
25.440000
20
-65.670000
10
25.440000
20
-65.670000
10
25.480000
20
-65.750000
10
25.480000
20
-65.750000
10
25.520000
20
-65.850000
10
25.520000
20
-65.850000
10
25.560000
20
-65.950000
10
25.560000
20
-65.950000
10
26.220000
20
-65.720000
10
26.220000
20
-65.720000
10
26.160000
20
-65.560000
10
26.160000
20
-65.560000
10
26.090000
20
-65.410000
10
26.090000
20
-65.410000
10
26.010000
20
-65.270000
10
26.010000
20
-65.270000
10
25.930000
20
-65.150000
10
25.930000
20
-65.150000
10
25.830000
20
-65.040000
10
25.830000
20
-65.040000
10
25.720000
20
-64.950000
10
25.720000
20
-64.950000
10
25.610000
20
-64.870000
10
25.610000
20
-64.870000
10
25.490000
20
-64.790000
10
25.490000
20
-64.790000
10
25.360000
20
-64.730000
10
25.360000
20
-64.730000
10
25.230000
20
-64.680000
10
25.230000
20
-64.680000
10
25.080000
20
-64.640000
10
25.080000
20
-64.640000
10
24.930000
20
-64.610000
10
24.930000
20
-64.610000
10
24.760000
20
-64.590000
10
24.760000
20
-64.590000
10
24.590000
20
-64.580000
10
24.590000
20
-64.580000
10
24.350000
20
-64.600000
10
24.350000
20
-64.600000
10
24.120000
20
-64.630000
10
24.120000
20
-64.630000
10
23.910000
20
-64.690000
10
23.910000
20
-64.690000
10
23.710000
20
-64.780000
10
23.710000
20
-64.780000
10
23.530000
20
-64.890000
10
23.530000
20
-64.890000
10
23.370000
20
-65.020000
10
23.370000
20
-65.020000
10
23.220000
20
-65.180000
10
23.220000
20
-65.180000
10
23.100000
20
-65.360000
10
23.100000
20
-65.360000
10
22.990000
20
-65.560000
10
22.990000
20
-65.560000
10
22.900000
20
-65.770000
10
22.900000
20
-65.770000
10
22.830000
20
-66.010000
10
22.830000
20
-66.010000
10
22.780000
20
-66.260000
10
22.780000
20
-66.260000
10
22.750000
20
-66.540000
10
22.750000
20
-66.540000
10
22.740000
20
-66.830000
10
22.740000
20
-66.830000
10
22.750000
20
-67.130000
10
22.750000
20
-67.130000
10
22.780000
20
-67.410000
10
22.780000
20
-67.410000
10
22.830000
20
-67.670000
10
22.830000
20
-67.670000
10
22.900000
20
-67.910000
10
22.900000
20
-67.910000
10
22.990000
20
-68.130000
10
22.990000
20
-68.130000
10
23.100000
20
-68.340000
10
23.100000
20
-68.340000
10
23.220000
20
-68.520000
10
23.220000
20
-68.520000
10
23.380000
20
-68.680000
10
23.380000
20
-68.680000
10
23.540000
20
-68.810000
10
23.540000
20
-68.810000
10
23.720000
20
-68.920000
10
23.720000
20
-68.920000
10
23.920000
20
-69.010000
10
23.920000
20
-69.010000
10
24.130000
20
-69.070000
10
24.130000
20
-69.070000
10
24.360000
20
-69.100000
0
LWPOLYLINE
5
2069
100
AcDbEntity
8
0
100
AcDbPolyline
90
124
70
0
43
0.000000
10
32.290000
20
-66.390000
10
32.380000
20
-66.380000
10
32.380000
20
-66.380000
10
32.430000
20
-66.380000
10
32.430000
20
-66.380000
10
32.480000
20
-66.390000
10
32.480000
20
-66.390000
10
32.530000
20
-66.390000
10
32.530000
20
-66.390000
10
32.570000
20
-66.390000
10
32.570000
20
-66.390000
10
32.620000
20
-66.400000
10
32.620000
20
-66.400000
10
32.670000
20
-66.410000
10
32.670000
20
-66.410000
10
32.720000
20
-66.420000
10
32.720000
20
-66.420000
10
32.720000
20
-65.830000
10
32.720000
20
-65.830000
10
32.690000
20
-65.820000
10
32.690000
20
-65.820000
10
32.660000
20
-65.810000
10
32.660000
20
-65.810000
10
32.620000
20
-65.800000
10
32.620000
20
-65.800000
10
32.590000
20
-65.790000
10
32.590000
20
-65.790000
10
32.550000
20
-65.790000
10
32.550000
20
-65.790000
10
32.510000
20
-65.780000
10
32.510000
20
-65.780000
10
32.470000
20
-65.780000
10
32.470000
20
-65.780000
10
32.380000
20
-65.790000
10
32.380000
20
-65.790000
10
32.300000
20
-65.800000
10
32.300000
20
-65.800000
10
32.220000
20
-65.820000
10
32.220000
20
-65.820000
10
32.140000
20
-65.840000
10
32.140000
20
-65.840000
10
32.070000
20
-65.880000
10
32.070000
20
-65.880000
10
32.010000
20
-65.920000
10
32.010000
20
-65.920000
10
31.950000
20
-65.970000
10
31.950000
20
-65.970000
10
31.890000
20
-66.020000
10
31.890000
20
-66.020000
10
31.840000
20
-66.080000
10
31.840000
20
-66.080000
10
31.790000
20
-66.160000
10
31.790000
20
-66.160000
10
31.740000
20
-66.250000
10
31.740000
20
-66.250000
10
31.690000
20
-66.350000
10
31.690000
20
-66.350000
10
31.640000
20
-66.460000
10
31.640000
20
-66.460000
10
31.600000
20
-66.580000
10
31.600000
20
-66.580000
10
31.580000
20
-66.580000
10
31.580000
20
-66.580000
10
31.580000
20
-66.480000
10
31.580000
20
-66.480000
10
31.580000
20
-66.380000
10
31.580000
20
-66.380000
10
31.580000
20
-66.280000
10
31.580000
20
-66.280000
10
31.570000
20
-66.170000
10
31.570000
20
-66.170000
10
31.570000
20
-66.070000
10
31.570000
20
-66.070000
10
31.560000
20
-65.960000
10
31.560000
20
-65.960000
10
31.550000
20
-65.850000
10
31.550000
20
-65.850000
10
30.870000
20
-65.850000
10
30.870000
20
-65.850000
10
30.880000
20
-65.940000
10
30.880000
20
-65.940000
10
30.880000
20
-66.030000
10
30.880000
20
-66.030000
10
30.890000
20
-66.140000
10
30.890000
20
-66.140000
10
30.890000
20
-66.250000
10
30.890000
20
-66.250000
10
30.900000
20
-66.370000
10
30.900000
20
-66.370000
10
30.900000
20
-66.510000
10
30.900000
20
-66.510000
10
30.900000
20
-66.650000
10
30.900000
20
-66.650000
10
30.900000
20
-69.070000
10
30.900000
20
-69.070000
10
31.620000
20
-69.070000
10
31.620000
20
-69.070000
10
31.620000
20
-67.520000
10
31.620000
20
-67.520000
10
31.620000
20
-67.370000
10
31.620000
20
-67.370000
10
31.630000
20
-67.240000
10
31.630000
20
-67.240000
10
31.650000
20
-67.110000
10
31.650000
20
-67.110000
10
31.680000
20
-67.000000
10
31.680000
20
-67.000000
10
31.720000
20
-66.890000
10
31.720000
20
-66.890000
10
31.760000
20
-66.790000
10
31.760000
20
-66.790000
10
31.820000
20
-66.700000
10
31.820000
20
-66.700000
10
31.880000
20
-66.620000
10
31.880000
20
-66.620000
10
31.950000
20
-66.540000
10
31.950000
20
-66.540000
10
32.030000
20
-66.490000
10
32.030000
20
-66.490000
10
32.110000
20
-66.440000
10
32.110000
20
-66.440000
10
32.200000
20
-66.410000
10
32.200000
20
-66.410000
10
32.290000
20
-66.390000
0
LWPOLYLINE
5
2070
100
AcDbEntity
8
0
100
AcDbPolyline
90
8
70
0
43
0.000000
10
37.290000
20
-69.620000
10
37.290000
20
-69.900000
10
37.290000
20
-69.900000
10
40.060000
20
-69.900000
10
40.060000
20
-69.900000
10
40.060000
20
-69.620000
10
40.060000
20
-69.620000
10
37.290000
20
-69.620000
0
LWPOLYLINE
5
2071
100
AcDbEntity
8
0
100
AcDbPolyline
90
124
70
0
43
0.000000
10
54.300000
20
-66.390000
10
54.400000
20
-66.380000
10
54.400000
20
-66.380000
10
54.450000
20
-66.380000
10
54.450000
20
-66.380000
10
54.490000
20
-66.390000
10
54.490000
20
-66.390000
10
54.540000
20
-66.390000
10
54.540000
20
-66.390000
10
54.590000
20
-66.390000
10
54.590000
20
-66.390000
10
54.640000
20
-66.400000
10
54.640000
20
-66.400000
10
54.680000
20
-66.410000
10
54.680000
20
-66.410000
10
54.730000
20
-66.420000
10
54.730000
20
-66.420000
10
54.730000
20
-65.830000
10
54.730000
20
-65.830000
10
54.700000
20
-65.820000
10
54.700000
20
-65.820000
10
54.670000
20
-65.810000
10
54.670000
20
-65.810000
10
54.640000
20
-65.800000
10
54.640000
20
-65.800000
10
54.600000
20
-65.790000
10
54.600000
20
-65.790000
10
54.560000
20
-65.790000
10
54.560000
20
-65.790000
10
54.520000
20
-65.780000
10
54.520000
20
-65.780000
10
54.480000
20
-65.780000
10
54.480000
20
-65.780000
10
54.390000
20
-65.790000
10
54.390000
20
-65.790000
10
54.310000
20
-65.800000
10
54.310000
20
-65.800000
10
54.230000
20
-65.820000
10
54.230000
20
-65.820000
10
54.160000
20
-65.840000
10
54.160000
20
-65.840000
10
54.090000
20
-65.880000
10
54.090000
20
-65.880000
10
54.020000
20
-65.920000
10
54.020000
20
-65.920000
10
53.960000
20
-65.970000
10
53.960000
20
-65.970000
10
53.910000
20
-66.020000
10
53.910000
20
-66.020000
10
53.850000
20
-66.080000
10
53.850000
20
-66.080000
10
53.800000
20
-66.160000
10
53.800000
20
-66.160000
10
53.750000
20
-66.250000
10
53.750000
20
-66.250000
10
53.700000
20
-66.350000
10
53.700000
20
-66.350000
10
53.660000
20
-66.460000
10
53.660000
20
-66.460000
10
53.610000
20
-66.580000
10
53.610000
20
-66.580000
10
53.600000
20
-66.580000
10
53.600000
20
-66.580000
10
53.600000
20
-66.480000
10
53.600000
20
-66.480000
10
53.600000
20
-66.380000
10
53.600000
20
-66.380000
10
53.590000
20
-66.280000
10
53.590000
20
-66.280000
10
53.590000
20
-66.170000
10
53.590000
20
-66.170000
10
53.580000
20
-66.070000
10
53.580000
20
-66.070000
10
53.570000
20
-65.960000
10
53.570000
20
-65.960000
10
53.560000
20
-65.850000
10
53.560000
20
-65.850000
10
52.880000
20
-65.850000
10
52.880000
20
-65.850000
10
52.890000
20
-65.940000
10
52.890000
20
-65.940000
10
52.900000
20
-66.030000
10
52.900000
20
-66.030000
10
52.900000
20
-66.140000
10
52.900000
20
-66.140000
10
52.910000
20
-66.250000
10
52.910000
20
-66.250000
10
52.910000
20
-66.370000
10
52.910000
20
-66.370000
10
52.910000
20
-66.510000
10
52.910000
20
-66.510000
10
52.910000
20
-66.650000
10
52.910000
20
-66.650000
10
52.910000
20
-69.070000
10
52.910000
20
-69.070000
10
53.630000
20
-69.070000
10
53.630000
20
-69.070000
10
53.630000
20
-67.520000
10
53.630000
20
-67.520000
10
53.640000
20
-67.370000
10
53.640000
20
-67.370000
10
53.650000
20
-67.240000
10
53.650000
20
-67.240000
10
53.670000
20
-67.110000
10
53.670000
20
-67.110000
10
53.700000
20
-67.000000
10
53.700000
20
-67.000000
10
53.730000
20
-66.890000
10
53.730000
20
-66.890000
10
53.780000
20
-66.790000
10
53.780000
20
-66.790000
10
53.830000
20
-66.700000
10
53.830000
20
-66.700000
10
53.900000
20
-66.620000
10
53.900000
20
-66.620000
10
53.970000
20
-66.540000
10
53.970000
20
-66.540000
10
54.040000
20
-66.490000
10
54.040000
20
-66.490000
10
54.120000
20
-66.440000
10
54.120000
20
-66.440000
10
54.210000
20
-66.410000
10
54.210000
20
-66.410000
10
54.300000
20
-66.390000
0
LWPOLYLINE
5
2072
100
AcDbEntity
8
0
100
AcDbPolyline
90
8
70
0
43
0.000000
10
59.310000
20
-69.620000
10
59.310000
20
-69.900000
10
59.310000
20
-69.900000
10
62.070000
20
-69.900000
10
62.070000
20
-69.900000
10
62.070000
20
-69.620000
10
62.070000
20
-69.620000
10
59.310000
20
-69.620000
0
LWPOLYLINE
5
2073
100
AcDbEntity
8
0
100
AcDbPolyline
90
8
70
0
43
0.000000
10
66.670000
20
-68.230000
10
66.670000
20
-69.070000
10
66.670000
20
-69.070000
10
67.420000
20
-69.070000
10
67.420000
20
-69.070000
10
67.420000
20
-68.230000
10
67.420000
20
-68.230000
10
66.670000
20
-68.230000
0
LWPOLYLINE
5
2074
100
AcDbEntity
8
0
100
AcDbPolyline
90
22
70
0
43
0.000000
10
69.770000
20
-68.480000
10
68.640000
20
-68.480000
10
68.640000
20
-68.480000
10
68.640000
20
-69.070000
10
68.640000
20
-69.070000
10
71.460000
20
-69.070000
10
71.460000
20
-69.070000
10
71.460000
20
-68.480000
10
71.460000
20
-68.480000
10
70.490000
20
-68.480000
10
70.490000
20
-68.480000
10
70.490000
20
-64.650000
10
70.490000
20
-64.650000
10
69.820000
20
-64.650000
10
69.820000
20
-64.650000
10
68.740000
20
-65.370000
10
68.740000
20
-65.370000
10
68.740000
20
-65.970000
10
68.740000
20
-65.970000
10
69.770000
20
-65.320000
10
69.770000
20
-65.320000
10
69.770000
20
-68.480000
0
LWPOLYLINE
5
2075
100
AcDbEntity
8
0
100
AcDbPolyline
90
8
70
0
43
0.000000
10
72.030000
20
-69.620000
10
72.030000
20
-69.900000
10
72.030000
20
-69.900000
10
74.790000
20
-69.900000
10
74.790000
20
-69.900000
10
74.790000
20
-69.620000
10
74.790000
20
-69.620000
10
72.030000
20
-69.620000
0
LWPOLYLINE
5
2076
100
AcDbEntity
8
0
100
AcDbPolyline
90
18
70
0
43
0.000000
10
77.980000
20
-64.650000
10
76.950000
20
-66.630000
10
76.950000
20
-66.630000
10
75.920000
20
-64.650000
10
75.920000
20
-64.650000
10
75.100000
20
-64.650000
10
75.100000
20
-64.650000
10
76.570000
20
-67.250000
10
76.570000
20
-67.250000
10
76.570000
20
-69.070000
10
76.570000
20
-69.070000
10
77.320000
20
-69.070000
10
77.320000
20
-69.070000
10
77.320000
20
-67.250000
10
77.320000
20
-67.250000
10
78.780000
20
-64.650000
10
78.780000
20
-64.650000
10
77.980000
20
-64.650000
0
LWPOLYLINE
5
2077
100
AcDbEntity
8
0
100
AcDbPolyline
90
22
70
0
43
0.000000
10
80.740000
20
-68.480000
10
79.600000
20
-68.480000
10
79.600000
20
-68.480000
10
79.600000
20
-69.070000
10
79.600000
20
-69.070000
10
82.420000
20
-69.070000
10
82.420000
20
-69.070000
10
82.420000
20
-68.480000
10
82.420000
20
-68.480000
10
81.450000
20
-68.480000
10
81.450000
20
-68.480000
10
81.450000
20
-64.650000
10
81.450000
20
-64.650000
10
80.790000
20
-64.650000
10
80.790000
20
-64.650000
10
79.700000
20
-65.370000
10
79.700000
20
-65.370000
10
79.700000
20
-65.970000
10
79.700000
20
-65.970000
10
80.740000
20
-65.320000
10
80.740000
20
-65.320000
10
80.740000
20
-68.480000
0
LWPOLYLINE
5
2078
100
AcDbEntity
8
0
100
AcDbPolyline
90
8
70
0
43
0.000000
10
87.650000
20
-67.120000
10
87.650000
20
-67.750000
10
87.650000
20
-67.750000
10
89.460000
20
-67.750000
10
89.460000
20
-67.750000
10
89.460000
20
-67.120000
10
89.460000
20
-67.120000
10
87.650000
20
-67.120000
0
LWPOLYLINE
5
2079
100
AcDbEntity
8
0
100
AcDbPolyline
90
16
70
0
43
0.000000
10
93.970000
20
-65.270000
10
93.970000
20
-64.650000
10
93.970000
20
-64.650000
10
90.590000
20
-64.650000
10
90.590000
20
-64.650000
10
90.590000
20
-65.270000
10
90.590000
20
-65.270000
10
91.890000
20
-65.270000
10
91.890000
20
-65.270000
10
91.890000
20
-69.070000
10
91.890000
20
-69.070000
10
92.650000
20
-69.070000
10
92.650000
20
-69.070000
10
92.650000
20
-65.270000
10
92.650000
20
-65.270000
10
93.970000
20
-65.270000
0
LWPOLYLINE
5
2080
100
AcDbEntity
8
0
100
AcDbPolyline
90
382
70
0
43
0.000000
10
-68.610000
20
-75.470000
10
-68.600000
20
-75.300000
10
-68.600000
20
-75.300000
10
-68.600000
20
-75.230000
10
-68.600000
20
-75.230000
10
-68.610000
20
-75.160000
10
-68.610000
20
-75.160000
10
-68.610000
20
-75.090000
10
-68.610000
20
-75.090000
10
-68.620000
20
-75.030000
10
-68.620000
20
-75.030000
10
-68.630000
20
-74.960000
10
-68.630000
20
-74.960000
10
-68.650000
20
-74.900000
10
-68.650000
20
-74.900000
10
-68.670000
20
-74.850000
10
-68.670000
20
-74.850000
10
-68.690000
20
-74.790000
10
-68.690000
20
-74.790000
10
-68.710000
20
-74.740000
10
-68.710000
20
-74.740000
10
-68.740000
20
-74.690000
10
-68.740000
20
-74.690000
10
-68.770000
20
-74.640000
10
-68.770000
20
-74.640000
10
-68.800000
20
-74.590000
10
-68.800000
20
-74.590000
10
-68.830000
20
-74.550000
10
-68.830000
20
-74.550000
10
-68.870000
20
-74.510000
10
-68.870000
20
-74.510000
10
-68.910000
20
-74.470000
10
-68.910000
20
-74.470000
10
-68.950000
20
-74.430000
10
-68.950000
20
-74.430000
10
-69.000000
20
-74.390000
10
-69.000000
20
-74.390000
10
-69.050000
20
-74.350000
10
-69.050000
20
-74.350000
10
-69.100000
20
-74.320000
10
-69.100000
20
-74.320000
10
-69.160000
20
-74.280000
10
-69.160000
20
-74.280000
10
-69.220000
20
-74.250000
10
-69.220000
20
-74.250000
10
-69.290000
20
-74.210000
10
-69.290000
20
-74.210000
10
-69.370000
20
-74.170000
10
-69.370000
20
-74.170000
10
-69.460000
20
-74.130000
10
-69.460000
20
-74.130000
10
-69.560000
20
-74.090000
10
-69.560000
20
-74.090000
10
-69.680000
20
-74.050000
10
-69.680000
20
-74.050000
10
-69.810000
20
-74.010000
10
-69.810000
20
-74.010000
10
-69.950000
20
-73.960000
10
-69.950000
20
-73.960000
10
-70.070000
20
-73.930000
10
-70.070000
20
-73.930000
10
-70.180000
20
-73.890000
10
-70.180000
20
-73.890000
10
-70.270000
20
-73.860000
10
-70.270000
20
-73.860000
10
-70.350000
20
-73.820000
10
-70.350000
20
-73.820000
10
-70.430000
20
-73.790000
10
-70.430000
20
-73.790000
10
-70.490000
20
-73.760000
10
-70.490000
20
-73.760000
10
-70.530000
20
-73.730000
10
-70.530000
20
-73.730000
10
-70.580000
20
-73.710000
10
-70.580000
20
-73.710000
10
-70.610000
20
-73.680000
10
-70.610000
20
-73.680000
10
-70.650000
20
-73.650000
10
-70.650000
20
-73.650000
10
-70.680000
20
-73.620000
10
-70.680000
20
-73.620000
10
-70.710000
20
-73.590000
10
-70.710000
20
-73.590000
10
-70.740000
20
-73.550000
10
-70.740000
20
-73.550000
10
-70.770000
20
-73.510000
10
-70.770000
20
-73.510000
10
-70.780000
20
-73.480000
10
-70.780000
20
-73.480000
10
-70.800000
20
-73.440000
10
-70.800000
20
-73.440000
10
-70.810000
20
-73.400000
10
-70.810000
20
-73.400000
10
-70.820000
20
-73.360000
10
-70.820000
20
-73.360000
10
-70.830000
20
-73.310000
10
-70.830000
20
-73.310000
10
-70.830000
20
-73.260000
10
-70.830000
20
-73.260000
10
-70.830000
20
-73.210000
10
-70.830000
20
-73.210000
10
-70.830000
20
-73.140000
10
-70.830000
20
-73.140000
10
-70.820000
20
-73.060000
10
-70.820000
20
-73.060000
10
-70.800000
20
-72.990000
10
-70.800000
20
-72.990000
10
-70.780000
20
-72.930000
10
-70.780000
20
-72.930000
10
-70.750000
20
-72.880000
10
-70.750000
20
-72.880000
10
-70.710000
20
-72.830000
10
-70.710000
20
-72.830000
10
-70.670000
20
-72.780000
10
-70.670000
20
-72.780000
10
-70.620000
20
-72.740000
10
-70.620000
20
-72.740000
10
-70.560000
20
-72.710000
10
-70.560000
20
-72.710000
10
-70.500000
20
-72.680000
10
-70.500000
20
-72.680000
10
-70.430000
20
-72.660000
10
-70.430000
20
-72.660000
10
-70.350000
20
-72.640000
10
-70.350000
20
-72.640000
10
-70.270000
20
-72.630000
10
-70.270000
20
-72.630000
10
-70.180000
20
-72.630000
10
-70.180000
20
-72.630000
10
-70.020000
20
-72.640000
10
-70.020000
20
-72.640000
10
-69.870000
20
-72.680000
10
-69.870000
20
-72.680000
10
-69.740000
20
-72.740000
10
-69.740000
20
-72.740000
10
-69.640000
20
-72.830000
10
-69.640000
20
-72.830000
10
-69.550000
20
-72.940000
10
-69.550000
20
-72.940000
10
-69.480000
20
-73.070000
10
-69.480000
20
-73.070000
10
-69.430000
20
-73.230000
10
-69.430000
20
-73.230000
10
-68.720000
20
-73.100000
10
-68.720000
20
-73.100000
10
-68.760000
20
-72.950000
10
-68.760000
20
-72.950000
10
-68.810000
20
-72.810000
10
-68.810000
20
-72.810000
10
-68.870000
20
-72.690000
10
-68.870000
20
-72.690000
10
-68.940000
20
-72.580000
10
-68.940000
20
-72.580000
10
-69.020000
20
-72.480000
10
-69.020000
20
-72.480000
10
-69.110000
20
-72.390000
10
-69.110000
20
-72.390000
10
-69.200000
20
-72.310000
10
-69.200000
20
-72.310000
10
-69.310000
20
-72.250000
10
-69.310000
20
-72.250000
10
-69.420000
20
-72.190000
10
-69.420000
20
-72.190000
10
-69.550000
20
-72.140000
10
-69.550000
20
-72.140000
10
-69.690000
20
-72.110000
10
-69.690000
20
-72.110000
10
-69.850000
20
-72.080000
10
-69.850000
20
-72.080000
10
-70.010000
20
-72.070000
10
-70.010000
20
-72.070000
10
-70.180000
20
-72.060000
10
-70.180000
20
-72.060000
10
-70.360000
20
-72.070000
10
-70.360000
20
-72.070000
10
-70.530000
20
-72.090000
10
-70.530000
20
-72.090000
10
-70.690000
20
-72.120000
10
-70.690000
20
-72.120000
10
-70.830000
20
-72.170000
10
-70.830000
20
-72.170000
10
-70.970000
20
-72.220000
10
-70.970000
20
-72.220000
10
-71.090000
20
-72.300000
10
-71.090000
20
-72.300000
10
-71.200000
20
-72.380000
10
-71.200000
20
-72.380000
10
-71.300000
20
-72.480000
10
-71.300000
20
-72.480000
10
-71.380000
20
-72.580000
10
-71.380000
20
-72.580000
10
-71.450000
20
-72.690000
10
-71.450000
20
-72.690000
10
-71.500000
20
-72.820000
10
-71.500000
20
-72.820000
10
-71.540000
20
-72.950000
10
-71.540000
20
-72.950000
10
-71.560000
20
-73.090000
10
-71.560000
20
-73.090000
10
-71.570000
20
-73.250000
10
-71.570000
20
-73.250000
10
-71.560000
20
-73.340000
10
-71.560000
20
-73.340000
10
-71.560000
20
-73.440000
10
-71.560000
20
-73.440000
10
-71.550000
20
-73.530000
10
-71.550000
20
-73.530000
10
-71.530000
20
-73.610000
10
-71.530000
20
-73.610000
10
-71.510000
20
-73.700000
10
-71.510000
20
-73.700000
10
-71.480000
20
-73.770000
10
-71.480000
20
-73.770000
10
-71.450000
20
-73.850000
10
-71.450000
20
-73.850000
10
-71.410000
20
-73.910000
10
-71.410000
20
-73.910000
10
-71.370000
20
-73.970000
10
-71.370000
20
-73.970000
10
-71.330000
20
-74.030000
10
-71.330000
20
-74.030000
10
-71.280000
20
-74.090000
10
-71.280000
20
-74.090000
10
-71.220000
20
-74.150000
10
-71.220000
20
-74.150000
10
-71.160000
20
-74.200000
10
-71.160000
20
-74.200000
10
-71.100000
20
-74.250000
10
-71.100000
20
-74.250000
10
-71.030000
20
-74.290000
10
-71.030000
20
-74.290000
10
-70.940000
20
-74.330000
10
-70.940000
20
-74.330000
10
-70.850000
20
-74.380000
10
-70.850000
20
-74.380000
10
-70.740000
20
-74.420000
10
-70.740000
20
-74.420000
10
-70.620000
20
-74.460000
10
-70.620000
20
-74.460000
10
-70.490000
20
-74.500000
10
-70.490000
20
-74.500000
10
-70.350000
20
-74.550000
10
-70.350000
20
-74.550000
10
-70.290000
20
-74.570000
10
-70.290000
20
-74.570000
10
-70.230000
20
-74.580000
10
-70.230000
20
-74.580000
10
-70.170000
20
-74.600000
10
-70.170000
20
-74.600000
10
-70.110000
20
-74.620000
10
-70.110000
20
-74.620000
10
-70.060000
20
-74.630000
10
-70.060000
20
-74.630000
10
-70.000000
20
-74.650000
10
-70.000000
20
-74.650000
10
-69.950000
20
-74.660000
10
-69.950000
20
-74.660000
10
-69.900000
20
-74.680000
10
-69.900000
20
-74.680000
10
-69.850000
20
-74.700000
10
-69.850000
20
-74.700000
10
-69.800000
20
-74.720000
10
-69.800000
20
-74.720000
10
-69.760000
20
-74.740000
10
-69.760000
20
-74.740000
10
-69.710000
20
-74.770000
10
-69.710000
20
-74.770000
10
-69.670000
20
-74.790000
10
-69.670000
20
-74.790000
10
-69.630000
20
-74.810000
10
-69.630000
20
-74.810000
10
-69.600000
20
-74.840000
10
-69.600000
20
-74.840000
10
-69.560000
20
-74.860000
10
-69.560000
20
-74.860000
10
-69.530000
20
-74.890000
10
-69.530000
20
-74.890000
10
-69.500000
20
-74.920000
10
-69.500000
20
-74.920000
10
-69.470000
20
-74.950000
10
-69.470000
20
-74.950000
10
-69.440000
20
-74.980000
10
-69.440000
20
-74.980000
10
-69.420000
20
-75.010000
10
-69.420000
20
-75.010000
10
-69.400000
20
-75.050000
10
-69.400000
20
-75.050000
10
-69.380000
20
-75.090000
10
-69.380000
20
-75.090000
10
-69.360000
20
-75.140000
10
-69.360000
20
-75.140000
10
-69.350000
20
-75.190000
10
-69.350000
20
-75.190000
10
-69.340000
20
-75.240000
10
-69.340000
20
-75.240000
10
-69.340000
20
-75.290000
10
-69.340000
20
-75.290000
10
-69.330000
20
-75.350000
10
-69.330000
20
-75.350000
10
-69.350000
20
-75.530000
10
-69.350000
20
-75.530000
10
-69.400000
20
-75.680000
10
-69.400000
20
-75.680000
10
-69.480000
20
-75.810000
10
-69.480000
20
-75.810000
10
-69.600000
20
-75.900000
10
-69.600000
20
-75.900000
10
-69.740000
20
-75.970000
10
-69.740000
20
-75.970000
10
-69.920000
20
-76.020000
10
-69.920000
20
-76.020000
10
-70.130000
20
-76.030000
10
-70.130000
20
-76.030000
10
-70.330000
20
-76.020000
10
-70.330000
20
-76.020000
10
-70.510000
20
-75.970000
10
-70.510000
20
-75.970000
10
-70.660000
20
-75.900000
10
-70.660000
20
-75.900000
10
-70.780000
20
-75.800000
10
-70.780000
20
-75.800000
10
-70.880000
20
-75.660000
10
-70.880000
20
-75.660000
10
-70.960000
20
-75.500000
10
-70.960000
20
-75.500000
10
-71.020000
20
-75.310000
10
-71.020000
20
-75.310000
10
-71.720000
20
-75.430000
10
-71.720000
20
-75.430000
10
-71.680000
20
-75.590000
10
-71.680000
20
-75.590000
10
-71.630000
20
-75.740000
10
-71.630000
20
-75.740000
10
-71.570000
20
-75.880000
10
-71.570000
20
-75.880000
10
-71.500000
20
-76.000000
10
-71.500000
20
-76.000000
10
-71.410000
20
-76.120000
10
-71.410000
20
-76.120000
10
-71.320000
20
-76.220000
10
-71.320000
20
-76.220000
10
-71.220000
20
-76.310000
10
-71.220000
20
-76.310000
10
-71.100000
20
-76.390000
10
-71.100000
20
-76.390000
10
-70.980000
20
-76.450000
10
-70.980000
20
-76.450000
10
-70.840000
20
-76.500000
10
-70.840000
20
-76.500000
10
-70.690000
20
-76.540000
10
-70.690000
20
-76.540000
10
-70.530000
20
-76.570000
10
-70.530000
20
-76.570000
10
-70.350000
20
-76.590000
10
-70.350000
20
-76.590000
10
-70.170000
20
-76.600000
10
-70.170000
20
-76.600000
10
-69.960000
20
-76.590000
10
-69.960000
20
-76.590000
10
-69.770000
20
-76.570000
10
-69.770000
20
-76.570000
10
-69.590000
20
-76.540000
10
-69.590000
20
-76.540000
10
-69.420000
20
-76.490000
10
-69.420000
20
-76.490000
10
-69.270000
20
-76.430000
10
-69.270000
20
-76.430000
10
-69.140000
20
-76.350000
10
-69.140000
20
-76.350000
10
-69.020000
20
-76.260000
10
-69.020000
20
-76.260000
10
-68.910000
20
-76.160000
10
-68.910000
20
-76.160000
10
-68.810000
20
-76.050000
10
-68.810000
20
-76.050000
10
-68.740000
20
-75.920000
10
-68.740000
20
-75.920000
10
-68.680000
20
-75.780000
10
-68.680000
20
-75.780000
10
-68.630000
20
-75.630000
10
-68.630000
20
-75.630000
10
-68.610000
20
-75.470000
0
LWPOLYLINE
5
2081
100
AcDbEntity
8
0
100
AcDbPolyline
90
8
70
0
43
0.000000
10
-67.500000
20
-76.550000
10
-66.750000
20
-76.550000
10
-66.750000
20
-76.550000
10
-66.750000
20
-72.130000
10
-66.750000
20
-72.130000
10
-67.500000
20
-72.130000
10
-67.500000
20
-72.130000
10
-67.500000
20
-76.550000
0
LWPOLYLINE
5
2082
100
AcDbEntity
8
0
100
AcDbPolyline
90
20
70
0
43
0.000000
10
-65.670000
20
-76.000000
10
-65.670000
20
-76.550000
10
-65.670000
20
-76.550000
10
-62.220000
20
-76.550000
10
-62.220000
20
-76.550000
10
-62.220000
20
-75.930000
10
-62.220000
20
-75.930000
10
-64.810000
20
-75.930000
10
-64.810000
20
-75.930000
10
-62.390000
20
-72.680000
10
-62.390000
20
-72.680000
10
-62.390000
20
-72.130000
10
-62.390000
20
-72.130000
10
-65.420000
20
-72.130000
10
-65.420000
20
-72.130000
10
-65.420000
20
-72.750000
10
-65.420000
20
-72.750000
10
-63.240000
20
-72.750000
10
-63.240000
20
-72.750000
10
-65.670000
20
-76.000000
0
LWPOLYLINE
5
2083
100
AcDbEntity
8
0
100
AcDbPolyline
90
24
70
0
43
0.000000
10
-61.190000
20
-76.550000
10
-58.650000
20
-76.550000
10
-58.650000
20
-76.550000
10
-58.650000
20
-75.950000
10
-58.650000
20
-75.950000
10
-60.420000
20
-75.950000
10
-60.420000
20
-75.950000
10
-60.420000
20
-74.600000
10
-60.420000
20
-74.600000
10
-58.970000
20
-74.600000
10
-58.970000
20
-74.600000
10
-58.970000
20
-74.000000
10
-58.970000
20
-74.000000
10
-60.420000
20
-74.000000
10
-60.420000
20
-74.000000
10
-60.420000
20
-72.750000
10
-60.420000
20
-72.750000
10
-58.790000
20
-72.750000
10
-58.790000
20
-72.750000
10
-58.790000
20
-72.130000
10
-58.790000
20
-72.130000
10
-61.190000
20
-72.130000
10
-61.190000
20
-72.130000
10
-61.190000
20
-76.550000
0
LWPOLYLINE
5
2084
100
AcDbEntity
8
0
100
AcDbPolyline
90
8
70
0
43
0.000000
10
-57.660000
20
-75.780000
10
-57.660000
20
-76.550000
10
-57.660000
20
-76.550000
10
-56.910000
20
-76.550000
10
-56.910000
20
-76.550000
10
-56.910000
20
-75.780000
10
-56.910000
20
-75.780000
10
-57.660000
20
-75.780000
0
LWPOLYLINE
5
2085
100
AcDbEntity
8
0
100
AcDbPolyline
90
8
70
0
43
0.000000
10
-57.660000
20
-73.350000
10
-57.660000
20
-74.110000
10
-57.660000
20
-74.110000
10
-56.910000
20
-74.110000
10
-56.910000
20
-74.110000
10
-56.910000
20
-73.350000
10
-56.910000
20
-73.350000
10
-57.660000
20
-73.350000
0
LWPOLYLINE
5
2086
100
AcDbEntity
8
0
100
AcDbPolyline
90
22
70
0
43
0.000000
10
-54.560000
20
-75.960000
10
-55.690000
20
-75.960000
10
-55.690000
20
-75.960000
10
-55.690000
20
-76.550000
10
-55.690000
20
-76.550000
10
-52.880000
20
-76.550000
10
-52.880000
20
-76.550000
10
-52.880000
20
-75.960000
10
-52.880000
20
-75.960000
10
-53.840000
20
-75.960000
10
-53.840000
20
-75.960000
10
-53.840000
20
-72.130000
10
-53.840000
20
-72.130000
10
-54.510000
20
-72.130000
10
-54.510000
20
-72.130000
10
-55.590000
20
-72.850000
10
-55.590000
20
-72.850000
10
-55.590000
20
-73.450000
10
-55.590000
20
-73.450000
10
-54.560000
20
-72.800000
10
-54.560000
20
-72.800000
10
-54.560000
20
-75.960000
0
LWPOLYLINE
5
2087
100
AcDbEntity
8
0
100
AcDbPolyline
90
24
70
0
43
0.000000
10
-43.890000
20
-73.330000
10
-44.630000
20
-74.510000
10
-44.630000
20
-74.510000
10
-45.360000
20
-73.330000
10
-45.360000
20
-73.330000
10
-46.140000
20
-73.330000
10
-46.140000
20
-73.330000
10
-45.030000
20
-74.900000
10
-45.030000
20
-74.900000
10
-46.190000
20
-76.550000
10
-46.190000
20
-76.550000
10
-45.430000
20
-76.550000
10
-45.430000
20
-76.550000
10
-44.630000
20
-75.310000
10
-44.630000
20
-75.310000
10
-43.830000
20
-76.550000
10
-43.830000
20
-76.550000
10
-43.040000
20
-76.550000
10
-43.040000
20
-76.550000
10
-44.210000
20
-74.880000
10
-44.210000
20
-74.880000
10
-43.110000
20
-73.330000
10
-43.110000
20
-73.330000
10
-43.890000
20
-73.330000
0
LWPOLYLINE
5
2088
100
AcDbEntity
8
0
100
AcDbPolyline
90
22
70
0
43
0.000000
10
-38.950000
20
-75.960000
10
-40.080000
20
-75.960000
10
-40.080000
20
-75.960000
10
-40.080000
20
-76.550000
10
-40.080000
20
-76.550000
10
-37.270000
20
-76.550000
10
-37.270000
20
-76.550000
10
-37.270000
20
-75.960000
10
-37.270000
20
-75.960000
10
-38.230000
20
-75.960000
10
-38.230000
20
-75.960000
10
-38.230000
20
-72.130000
10
-38.230000
20
-72.130000
10
-38.900000
20
-72.130000
10
-38.900000
20
-72.130000
10
-39.980000
20
-72.850000
10
-39.980000
20
-72.850000
10
-39.980000
20
-73.450000
10
-39.980000
20
-73.450000
10
-38.950000
20
-72.800000
10
-38.950000
20
-72.800000
10
-38.950000
20
-75.960000
0
LWPOLYLINE
5
2089
100
AcDbEntity
8
0
100
AcDbPolyline
90
334
70
0
43
0.000000
10
-33.390000
20
-75.490000
10
-33.380000
20
-75.310000
10
-33.380000
20
-75.310000
10
-33.380000
20
-75.200000
10
-33.380000
20
-75.200000
10
-33.400000
20
-75.090000
10
-33.400000
20
-75.090000
10
-33.430000
20
-74.980000
10
-33.430000
20
-74.980000
10
-33.470000
20
-74.880000
10
-33.470000
20
-74.880000
10
-33.520000
20
-74.790000
10
-33.520000
20
-74.790000
10
-33.590000
20
-74.700000
10
-33.590000
20
-74.700000
10
-33.660000
20
-74.610000
10
-33.660000
20
-74.610000
10
-33.740000
20
-74.540000
10
-33.740000
20
-74.540000
10
-33.830000
20
-74.480000
10
-33.830000
20
-74.480000
10
-33.930000
20
-74.420000
10
-33.930000
20
-74.420000
10
-34.040000
20
-74.380000
10
-34.040000
20
-74.380000
10
-34.150000
20
-74.340000
10
-34.150000
20
-74.340000
10
-34.280000
20
-74.320000
10
-34.280000
20
-74.320000
10
-34.410000
20
-74.300000
10
-34.410000
20
-74.300000
10
-34.410000
20
-74.280000
10
-34.410000
20
-74.280000
10
-34.280000
20
-74.250000
10
-34.280000
20
-74.250000
10
-34.170000
20
-74.210000
10
-34.170000
20
-74.210000
10
-34.060000
20
-74.160000
10
-34.060000
20
-74.160000
10
-33.960000
20
-74.110000
10
-33.960000
20
-74.110000
10
-33.870000
20
-74.050000
10
-33.870000
20
-74.050000
10
-33.800000
20
-73.990000
10
-33.800000
20
-73.990000
10
-33.730000
20
-73.910000
10
-33.730000
20
-73.910000
10
-33.670000
20
-73.830000
10
-33.670000
20
-73.830000
10
-33.610000
20
-73.740000
10
-33.610000
20
-73.740000
10
-33.570000
20
-73.650000
10
-33.570000
20
-73.650000
10
-33.540000
20
-73.560000
10
-33.540000
20
-73.560000
10
-33.510000
20
-73.460000
10
-33.510000
20
-73.460000
10
-33.500000
20
-73.350000
10
-33.500000
20
-73.350000
10
-33.500000
20
-73.250000
10
-33.500000
20
-73.250000
10
-33.500000
20
-73.090000
10
-33.500000
20
-73.090000
10
-33.530000
20
-72.940000
10
-33.530000
20
-72.940000
10
-33.560000
20
-72.810000
10
-33.560000
20
-72.810000
10
-33.620000
20
-72.690000
10
-33.620000
20
-72.690000
10
-33.680000
20
-72.570000
10
-33.680000
20
-72.570000
10
-33.760000
20
-72.470000
10
-33.760000
20
-72.470000
10
-33.860000
20
-72.380000
10
-33.860000
20
-72.380000
10
-33.970000
20
-72.300000
10
-33.970000
20
-72.300000
10
-34.090000
20
-72.220000
10
-34.090000
20
-72.220000
10
-34.220000
20
-72.170000
10
-34.220000
20
-72.170000
10
-34.370000
20
-72.120000
10
-34.370000
20
-72.120000
10
-34.520000
20
-72.090000
10
-34.520000
20
-72.090000
10
-34.690000
20
-72.070000
10
-34.690000
20
-72.070000
10
-34.880000
20
-72.060000
10
-34.880000
20
-72.060000
10
-35.050000
20
-72.070000
10
-35.050000
20
-72.070000
10
-35.210000
20
-72.090000
10
-35.210000
20
-72.090000
10
-35.360000
20
-72.120000
10
-35.360000
20
-72.120000
10
-35.510000
20
-72.170000
10
-35.510000
20
-72.170000
10
-35.640000
20
-72.220000
10
-35.640000
20
-72.220000
10
-35.760000
20
-72.300000
10
-35.760000
20
-72.300000
10
-35.880000
20
-72.380000
10
-35.880000
20
-72.380000
10
-35.980000
20
-72.480000
10
-35.980000
20
-72.480000
10
-36.070000
20
-72.580000
10
-36.070000
20
-72.580000
10
-36.150000
20
-72.690000
10
-36.150000
20
-72.690000
10
-36.210000
20
-72.820000
10
-36.210000
20
-72.820000
10
-36.260000
20
-72.950000
10
-36.260000
20
-72.950000
10
-36.300000
20
-73.090000
10
-36.300000
20
-73.090000
10
-36.330000
20
-73.250000
10
-36.330000
20
-73.250000
10
-35.610000
20
-73.300000
10
-35.610000
20
-73.300000
10
-35.580000
20
-73.120000
10
-35.580000
20
-73.120000
10
-35.530000
20
-72.980000
10
-35.530000
20
-72.980000
10
-35.450000
20
-72.860000
10
-35.450000
20
-72.860000
10
-35.350000
20
-72.770000
10
-35.350000
20
-72.770000
10
-35.220000
20
-72.700000
10
-35.220000
20
-72.700000
10
-35.070000
20
-72.660000
10
-35.070000
20
-72.660000
10
-34.900000
20
-72.650000
10
-34.900000
20
-72.650000
10
-34.810000
20
-72.650000
10
-34.810000
20
-72.650000
10
-34.730000
20
-72.660000
10
-34.730000
20
-72.660000
10
-34.650000
20
-72.680000
10
-34.650000
20
-72.680000
10
-34.580000
20
-72.700000
10
-34.580000
20
-72.700000
10
-34.510000
20
-72.730000
10
-34.510000
20
-72.730000
10
-34.450000
20
-72.770000
10
-34.450000
20
-72.770000
10
-34.400000
20
-72.810000
10
-34.400000
20
-72.810000
10
-34.350000
20
-72.860000
10
-34.350000
20
-72.860000
10
-34.310000
20
-72.920000
10
-34.310000
20
-72.920000
10
-34.280000
20
-72.990000
10
-34.280000
20
-72.990000
10
-34.260000
20
-73.060000
10
-34.260000
20
-73.060000
10
-34.240000
20
-73.140000
10
-34.240000
20
-73.140000
10
-34.230000
20
-73.230000
10
-34.230000
20
-73.230000
10
-34.230000
20
-73.330000
10
-34.230000
20
-73.330000
10
-34.230000
20
-73.420000
10
-34.230000
20
-73.420000
10
-34.250000
20
-73.500000
10
-34.250000
20
-73.500000
10
-34.270000
20
-73.580000
10
-34.270000
20
-73.580000
10
-34.300000
20
-73.650000
10
-34.300000
20
-73.650000
10
-34.340000
20
-73.710000
10
-34.340000
20
-73.710000
10
-34.390000
20
-73.770000
10
-34.390000
20
-73.770000
10
-34.450000
20
-73.830000
10
-34.450000
20
-73.830000
10
-34.520000
20
-73.870000
10
-34.520000
20
-73.870000
10
-34.590000
20
-73.910000
10
-34.590000
20
-73.910000
10
-34.680000
20
-73.940000
10
-34.680000
20
-73.940000
10
-34.770000
20
-73.970000
10
-34.770000
20
-73.970000
10
-34.870000
20
-73.980000
10
-34.870000
20
-73.980000
10
-34.980000
20
-73.990000
10
-34.980000
20
-73.990000
10
-35.100000
20
-74.000000
10
-35.100000
20
-74.000000
10
-35.400000
20
-74.000000
10
-35.400000
20
-74.000000
10
-35.400000
20
-74.600000
10
-35.400000
20
-74.600000
10
-35.080000
20
-74.600000
10
-35.080000
20
-74.600000
10
-34.950000
20
-74.600000
10
-34.950000
20
-74.600000
10
-34.830000
20
-74.610000
10
-34.830000
20
-74.610000
10
-34.720000
20
-74.630000
10
-34.720000
20
-74.630000
10
-34.620000
20
-74.660000
10
-34.620000
20
-74.660000
10
-34.520000
20
-74.690000
10
-34.520000
20
-74.690000
10
-34.440000
20
-74.730000
10
-34.440000
20
-74.730000
10
-34.360000
20
-74.780000
10
-34.360000
20
-74.780000
10
-34.300000
20
-74.840000
10
-34.300000
20
-74.840000
10
-34.250000
20
-74.900000
10
-34.250000
20
-74.900000
10
-34.210000
20
-74.960000
10
-34.210000
20
-74.960000
10
-34.170000
20
-75.030000
10
-34.170000
20
-75.030000
10
-34.150000
20
-75.110000
10
-34.150000
20
-75.110000
10
-34.130000
20
-75.190000
10
-34.130000
20
-75.190000
10
-34.130000
20
-75.280000
10
-34.130000
20
-75.280000
10
-34.130000
20
-75.380000
10
-34.130000
20
-75.380000
10
-34.140000
20
-75.470000
10
-34.140000
20
-75.470000
10
-34.160000
20
-75.560000
10
-34.160000
20
-75.560000
10
-34.190000
20
-75.640000
10
-34.190000
20
-75.640000
10
-34.220000
20
-75.710000
10
-34.220000
20
-75.710000
10
-34.260000
20
-75.770000
10
-34.260000
20
-75.770000
10
-34.310000
20
-75.830000
10
-34.310000
20
-75.830000
10
-34.370000
20
-75.880000
10
-34.370000
20
-75.880000
10
-34.440000
20
-75.920000
10
-34.440000
20
-75.920000
10
-34.510000
20
-75.950000
10
-34.510000
20
-75.950000
10
-34.600000
20
-75.980000
10
-34.600000
20
-75.980000
10
-34.680000
20
-76.000000
10
-34.680000
20
-76.000000
10
-34.780000
20
-76.010000
10
-34.780000
20
-76.010000
10
-34.880000
20
-76.010000
10
-34.880000
20
-76.010000
10
-34.980000
20
-76.010000
10
-34.980000
20
-76.010000
10
-35.070000
20
-76.000000
10
-35.070000
20
-76.000000
10
-35.160000
20
-75.980000
10
-35.160000
20
-75.980000
10
-35.240000
20
-75.960000
10
-35.240000
20
-75.960000
10
-35.320000
20
-75.930000
10
-35.320000
20
-75.930000
10
-35.390000
20
-75.890000
10
-35.390000
20
-75.890000
10
-35.450000
20
-75.850000
10
-35.450000
20
-75.850000
10
-35.500000
20
-75.790000
10
-35.500000
20
-75.790000
10
-35.550000
20
-75.740000
10
-35.550000
20
-75.740000
10
-35.590000
20
-75.670000
10
-35.590000
20
-75.670000
10
-35.630000
20
-75.590000
10
-35.630000
20
-75.590000
10
-35.650000
20
-75.510000
10
-35.650000
20
-75.510000
10
-35.680000
20
-75.410000
10
-35.680000
20
-75.410000
10
-35.700000
20
-75.310000
10
-35.700000
20
-75.310000
10
-36.430000
20
-75.380000
10
-36.430000
20
-75.380000
10
-36.400000
20
-75.550000
10
-36.400000
20
-75.550000
10
-36.360000
20
-75.710000
10
-36.360000
20
-75.710000
10
-36.300000
20
-75.850000
10
-36.300000
20
-75.850000
10
-36.240000
20
-75.980000
10
-36.240000
20
-75.980000
10
-36.160000
20
-76.100000
10
-36.160000
20
-76.100000
10
-36.070000
20
-76.200000
10
-36.070000
20
-76.200000
10
-35.960000
20
-76.300000
10
-35.960000
20
-76.300000
10
-35.840000
20
-76.380000
10
-35.840000
20
-76.380000
10
-35.710000
20
-76.440000
10
-35.710000
20
-76.440000
10
-35.570000
20
-76.500000
10
-35.570000
20
-76.500000
10
-35.410000
20
-76.540000
10
-35.410000
20
-76.540000
10
-35.250000
20
-76.570000
10
-35.250000
20
-76.570000
10
-35.070000
20
-76.590000
10
-35.070000
20
-76.590000
10
-34.880000
20
-76.600000
10
-34.880000
20
-76.600000
10
-34.680000
20
-76.590000
10
-34.680000
20
-76.590000
10
-34.500000
20
-76.570000
10
-34.500000
20
-76.570000
10
-34.320000
20
-76.540000
10
-34.320000
20
-76.540000
10
-34.160000
20
-76.490000
10
-34.160000
20
-76.490000
10
-34.020000
20
-76.440000
10
-34.020000
20
-76.440000
10
-33.880000
20
-76.360000
10
-33.880000
20
-76.360000
10
-33.760000
20
-76.280000
10
-33.760000
20
-76.280000
10
-33.660000
20
-76.180000
10
-33.660000
20
-76.180000
10
-33.570000
20
-76.060000
10
-33.570000
20
-76.060000
10
-33.500000
20
-75.940000
10
-33.500000
20
-75.940000
10
-33.450000
20
-75.800000
10
-33.450000
20
-75.800000
10
-33.410000
20
-75.650000
10
-33.410000
20
-75.650000
10
-33.390000
20
-75.490000
0
LWPOLYLINE
5
2090
100
AcDbEntity
8
0
100
AcDbPolyline
90
214
70
0
43
0.000000
10
-28.660000
20
-76.580000
10
-28.420000
20
-76.600000
10
-28.420000
20
-76.600000
10
-28.090000
20
-76.570000
10
-28.090000
20
-76.570000
10
-27.800000
20
-76.500000
10
-27.800000
20
-76.500000
10
-27.530000
20
-76.380000
10
-27.530000
20
-76.380000
10
-27.300000
20
-76.220000
10
-27.300000
20
-76.220000
10
-27.100000
20
-76.000000
10
-27.100000
20
-76.000000
10
-26.930000
20
-75.740000
10
-26.930000
20
-75.740000
10
-26.790000
20
-75.430000
10
-26.790000
20
-75.430000
10
-27.450000
20
-75.180000
10
-27.450000
20
-75.180000
10
-27.490000
20
-75.290000
10
-27.490000
20
-75.290000
10
-27.530000
20
-75.390000
10
-27.530000
20
-75.390000
10
-27.580000
20
-75.480000
10
-27.580000
20
-75.480000
10
-27.630000
20
-75.560000
10
-27.630000
20
-75.560000
10
-27.690000
20
-75.640000
10
-27.690000
20
-75.640000
10
-27.750000
20
-75.710000
10
-27.750000
20
-75.710000
10
-27.820000
20
-75.780000
10
-27.820000
20
-75.780000
10
-27.890000
20
-75.840000
10
-27.890000
20
-75.840000
10
-27.970000
20
-75.890000
10
-27.970000
20
-75.890000
10
-28.050000
20
-75.930000
10
-28.050000
20
-75.930000
10
-28.140000
20
-75.960000
10
-28.140000
20
-75.960000
10
-28.230000
20
-75.980000
10
-28.230000
20
-75.980000
10
-28.320000
20
-75.990000
10
-28.320000
20
-75.990000
10
-28.420000
20
-76.000000
10
-28.420000
20
-76.000000
10
-28.560000
20
-75.990000
10
-28.560000
20
-75.990000
10
-28.700000
20
-75.960000
10
-28.700000
20
-75.960000
10
-28.820000
20
-75.910000
10
-28.820000
20
-75.910000
10
-28.930000
20
-75.850000
10
-28.930000
20
-75.850000
10
-29.040000
20
-75.770000
10
-29.040000
20
-75.770000
10
-29.130000
20
-75.670000
10
-29.130000
20
-75.670000
10
-29.220000
20
-75.550000
10
-29.220000
20
-75.550000
10
-29.300000
20
-75.410000
10
-29.300000
20
-75.410000
10
-29.370000
20
-75.260000
10
-29.370000
20
-75.260000
10
-29.420000
20
-75.100000
10
-29.420000
20
-75.100000
10
-29.460000
20
-74.920000
10
-29.460000
20
-74.920000
10
-29.490000
20
-74.730000
10
-29.490000
20
-74.730000
10
-29.510000
20
-74.530000
10
-29.510000
20
-74.530000
10
-29.520000
20
-74.310000
10
-29.520000
20
-74.310000
10
-29.510000
20
-74.100000
10
-29.510000
20
-74.100000
10
-29.500000
20
-73.890000
10
-29.500000
20
-73.890000
10
-29.470000
20
-73.710000
10
-29.470000
20
-73.710000
10
-29.430000
20
-73.530000
10
-29.430000
20
-73.530000
10
-29.370000
20
-73.370000
10
-29.370000
20
-73.370000
10
-29.310000
20
-73.230000
10
-29.310000
20
-73.230000
10
-29.240000
20
-73.100000
10
-29.240000
20
-73.100000
10
-29.150000
20
-72.990000
10
-29.150000
20
-72.990000
10
-29.050000
20
-72.890000
10
-29.050000
20
-72.890000
10
-28.950000
20
-72.820000
10
-28.950000
20
-72.820000
10
-28.830000
20
-72.760000
10
-28.830000
20
-72.760000
10
-28.700000
20
-72.710000
10
-28.700000
20
-72.710000
10
-28.570000
20
-72.690000
10
-28.570000
20
-72.690000
10
-28.420000
20
-72.680000
10
-28.420000
20
-72.680000
10
-28.320000
20
-72.680000
10
-28.320000
20
-72.680000
10
-28.230000
20
-72.690000
10
-28.230000
20
-72.690000
10
-28.140000
20
-72.710000
10
-28.140000
20
-72.710000
10
-28.050000
20
-72.740000
10
-28.050000
20
-72.740000
10
-27.970000
20
-72.770000
10
-27.970000
20
-72.770000
10
-27.890000
20
-72.810000
10
-27.890000
20
-72.810000
10
-27.820000
20
-72.860000
10
-27.820000
20
-72.860000
10
-27.750000
20
-72.920000
10
-27.750000
20
-72.920000
10
-27.700000
20
-72.990000
10
-27.700000
20
-72.990000
10
-27.640000
20
-73.070000
10
-27.640000
20
-73.070000
10
-27.590000
20
-73.150000
10
-27.590000
20
-73.150000
10
-27.550000
20
-73.230000
10
-27.550000
20
-73.230000
10
-27.500000
20
-73.330000
10
-27.500000
20
-73.330000
10
-27.470000
20
-73.430000
10
-27.470000
20
-73.430000
10
-26.800000
20
-73.200000
10
-26.800000
20
-73.200000
10
-26.860000
20
-73.040000
10
-26.860000
20
-73.040000
10
-26.930000
20
-72.890000
10
-26.930000
20
-72.890000
10
-27.010000
20
-72.750000
10
-27.010000
20
-72.750000
10
-27.100000
20
-72.630000
10
-27.100000
20
-72.630000
10
-27.200000
20
-72.520000
10
-27.200000
20
-72.520000
10
-27.300000
20
-72.430000
10
-27.300000
20
-72.430000
10
-27.420000
20
-72.350000
10
-27.420000
20
-72.350000
10
-27.540000
20
-72.270000
10
-27.540000
20
-72.270000
10
-27.670000
20
-72.210000
10
-27.670000
20
-72.210000
10
-27.800000
20
-72.160000
10
-27.800000
20
-72.160000
10
-27.950000
20
-72.120000
10
-27.950000
20
-72.120000
10
-28.100000
20
-72.090000
10
-28.100000
20
-72.090000
10
-28.260000
20
-72.070000
10
-28.260000
20
-72.070000
10
-28.440000
20
-72.060000
10
-28.440000
20
-72.060000
10
-28.680000
20
-72.080000
10
-28.680000
20
-72.080000
10
-28.910000
20
-72.110000
10
-28.910000
20
-72.110000
10
-29.120000
20
-72.170000
10
-29.120000
20
-72.170000
10
-29.310000
20
-72.260000
10
-29.310000
20
-72.260000
10
-29.490000
20
-72.370000
10
-29.490000
20
-72.370000
10
-29.660000
20
-72.500000
10
-29.660000
20
-72.500000
10
-29.800000
20
-72.660000
10
-29.800000
20
-72.660000
10
-29.930000
20
-72.840000
10
-29.930000
20
-72.840000
10
-30.040000
20
-73.040000
10
-30.040000
20
-73.040000
10
-30.130000
20
-73.250000
10
-30.130000
20
-73.250000
10
-30.200000
20
-73.490000
10
-30.200000
20
-73.490000
10
-30.250000
20
-73.740000
10
-30.250000
20
-73.740000
10
-30.280000
20
-74.020000
10
-30.280000
20
-74.020000
10
-30.290000
20
-74.310000
10
-30.290000
20
-74.310000
10
-30.280000
20
-74.610000
10
-30.280000
20
-74.610000
10
-30.250000
20
-74.890000
10
-30.250000
20
-74.890000
10
-30.200000
20
-75.150000
10
-30.200000
20
-75.150000
10
-30.130000
20
-75.390000
10
-30.130000
20
-75.390000
10
-30.040000
20
-75.610000
10
-30.040000
20
-75.610000
10
-29.930000
20
-75.820000
10
-29.930000
20
-75.820000
10
-29.800000
20
-76.000000
10
-29.800000
20
-76.000000
10
-29.650000
20
-76.160000
10
-29.650000
20
-76.160000
10
-29.490000
20
-76.290000
10
-29.490000
20
-76.290000
10
-29.300000
20
-76.400000
10
-29.300000
20
-76.400000
10
-29.110000
20
-76.490000
10
-29.110000
20
-76.490000
10
-28.890000
20
-76.550000
10
-28.890000
20
-76.550000
10
-28.660000
20
-76.580000
0
LWPOLYLINE
5
2091
100
AcDbEntity
8
0
100
AcDbPolyline
90
152
70
0
43
0.000000
10
-23.650000
20
-74.730000
10
-24.710000
20
-72.130000
10
-24.710000
20
-72.130000
10
-25.750000
20
-72.130000
10
-25.750000
20
-72.130000
10
-25.750000
20
-76.550000
10
-25.750000
20
-76.550000
10
-25.050000
20
-76.550000
10
-25.050000
20
-76.550000
10
-25.050000
20
-73.610000
10
-25.050000
20
-73.610000
10
-25.050000
20
-73.560000
10
-25.050000
20
-73.560000
10
-25.050000
20
-73.500000
10
-25.050000
20
-73.500000
10
-25.050000
20
-73.440000
10
-25.050000
20
-73.440000
10
-25.050000
20
-73.390000
10
-25.050000
20
-73.390000
10
-25.060000
20
-73.340000
10
-25.060000
20
-73.340000
10
-25.060000
20
-73.280000
10
-25.060000
20
-73.280000
10
-25.060000
20
-73.230000
10
-25.060000
20
-73.230000
10
-25.060000
20
-73.170000
10
-25.060000
20
-73.170000
10
-25.060000
20
-73.120000
10
-25.060000
20
-73.120000
10
-25.060000
20
-73.060000
10
-25.060000
20
-73.060000
10
-25.060000
20
-73.010000
10
-25.060000
20
-73.010000
10
-25.060000
20
-72.950000
10
-25.060000
20
-72.950000
10
-25.060000
20
-72.900000
10
-25.060000
20
-72.900000
10
-25.060000
20
-72.850000
10
-25.060000
20
-72.850000
10
-25.030000
20
-72.950000
10
-25.030000
20
-72.950000
10
-24.990000
20
-73.060000
10
-24.990000
20
-73.060000
10
-24.950000
20
-73.170000
10
-24.950000
20
-73.170000
10
-24.910000
20
-73.280000
10
-24.910000
20
-73.280000
10
-24.860000
20
-73.410000
10
-24.860000
20
-73.410000
10
-24.810000
20
-73.530000
10
-24.810000
20
-73.530000
10
-24.760000
20
-73.660000
10
-24.760000
20
-73.660000
10
-23.610000
20
-76.550000
10
-23.610000
20
-76.550000
10
-23.030000
20
-76.550000
10
-23.030000
20
-76.550000
10
-21.910000
20
-73.700000
10
-21.910000
20
-73.700000
10
-21.870000
20
-73.590000
10
-21.870000
20
-73.590000
10
-21.840000
20
-73.490000
10
-21.840000
20
-73.490000
10
-21.800000
20
-73.400000
10
-21.800000
20
-73.400000
10
-21.780000
20
-73.330000
10
-21.780000
20
-73.330000
10
-21.750000
20
-73.260000
10
-21.750000
20
-73.260000
10
-21.730000
20
-73.210000
10
-21.730000
20
-73.210000
10
-21.710000
20
-73.160000
10
-21.710000
20
-73.160000
10
-21.700000
20
-73.130000
10
-21.700000
20
-73.130000
10
-21.680000
20
-73.090000
10
-21.680000
20
-73.090000
10
-21.670000
20
-73.050000
10
-21.670000
20
-73.050000
10
-21.650000
20
-73.000000
10
-21.650000
20
-73.000000
10
-21.630000
20
-72.950000
10
-21.630000
20
-72.950000
10
-21.620000
20
-72.900000
10
-21.620000
20
-72.900000
10
-21.600000
20
-72.850000
10
-21.600000
20
-72.850000
10
-21.600000
20
-72.900000
10
-21.600000
20
-72.900000
10
-21.600000
20
-72.950000
10
-21.600000
20
-72.950000
10
-21.600000
20
-73.010000
10
-21.600000
20
-73.010000
10
-21.600000
20
-73.060000
10
-21.600000
20
-73.060000
10
-21.600000
20
-73.120000
10
-21.600000
20
-73.120000
10
-21.600000
20
-73.170000
10
-21.600000
20
-73.170000
10
-21.600000
20
-73.230000
10
-21.600000
20
-73.230000
10
-21.600000
20
-73.290000
10
-21.600000
20
-73.290000
10
-21.610000
20
-73.340000
10
-21.610000
20
-73.340000
10
-21.610000
20
-73.400000
10
-21.610000
20
-73.400000
10
-21.610000
20
-73.450000
10
-21.610000
20
-73.450000
10
-21.610000
20
-73.510000
10
-21.610000
20
-73.510000
10
-21.610000
20
-73.560000
10
-21.610000
20
-73.560000
10
-21.610000
20
-73.610000
10
-21.610000
20
-73.610000
10
-21.610000
20
-76.550000
10
-21.610000
20
-76.550000
10
-20.910000
20
-76.550000
10
-20.910000
20
-76.550000
10
-20.910000
20
-72.130000
10
-20.910000
20
-72.130000
10
-21.950000
20
-72.130000
10
-21.950000
20
-72.130000
10
-22.960000
20
-74.730000
10
-22.960000
20
-74.730000
10
-23.040000
20
-74.900000
10
-23.040000
20
-74.900000
10
-23.100000
20
-75.060000
10
-23.100000
20
-75.060000
10
-23.160000
20
-75.210000
10
-23.160000
20
-75.210000
10
-23.210000
20
-75.340000
10
-23.210000
20
-75.340000
10
-23.250000
20
-75.460000
10
-23.250000
20
-75.460000
10
-23.290000
20
-75.570000
10
-23.290000
20
-75.570000
10
-23.310000
20
-75.660000
10
-23.310000
20
-75.660000
10
-23.390000
20
-75.460000
10
-23.390000
20
-75.460000
10
-23.450000
20
-75.280000
10
-23.450000
20
-75.280000
10
-23.510000
20
-75.120000
10
-23.510000
20
-75.120000
10
-23.550000
20
-74.990000
10
-23.550000
20
-74.990000
10
-23.590000
20
-74.880000
10
-23.590000
20
-74.880000
10
-23.620000
20
-74.790000
10
-23.620000
20
-74.790000
10
-23.650000
20
-74.730000
0
LWPOLYLINE
5
2092
100
AcDbEntity
8
0
100
AcDbPolyline
90
16
70
0
43
0.000000
10
-8.070000
20
-72.750000
10
-8.070000
20
-72.130000
10
-8.070000
20
-72.130000
10
-11.460000
20
-72.130000
10
-11.460000
20
-72.130000
10
-11.460000
20
-72.750000
10
-11.460000
20
-72.750000
10
-10.160000
20
-72.750000
10
-10.160000
20
-72.750000
10
-10.160000
20
-76.550000
10
-10.160000
20
-76.550000
10
-9.390000
20
-76.550000
10
-9.390000
20
-76.550000
10
-9.390000
20
-72.750000
10
-9.390000
20
-72.750000
10
-8.070000
20
-72.750000
0
LWPOLYLINE
5
2093
100
AcDbEntity
8
0
100
AcDbPolyline
90
8
70
0
43
0.000000
10
-4.910000
20
-74.960000
10
-4.910000
20
-75.550000
10
-4.910000
20
-75.550000
10
-1.700000
20
-75.550000
10
-1.700000
20
-75.550000
10
-1.700000
20
-74.960000
10
-1.700000
20
-74.960000
10
-4.910000
20
-74.960000
0
LWPOLYLINE
5
2094
100
AcDbEntity
8
0
100
AcDbPolyline
90
8
70
0
43
0.000000
10
-4.910000
20
-73.310000
10
-4.910000
20
-73.880000
10
-4.910000
20
-73.880000
10
-1.700000
20
-73.880000
10
-1.700000
20
-73.880000
10
-1.700000
20
-73.310000
10
-1.700000
20
-73.310000
10
-4.910000
20
-73.310000
0
LWPOLYLINE
5
2095
100
AcDbEntity
8
0
100
AcDbPolyline
90
8
70
0
43
0.000000
10
5.700000
20
-75.710000
10
5.700000
20
-76.550000
10
5.700000
20
-76.550000
10
6.450000
20
-76.550000
10
6.450000
20
-76.550000
10
6.450000
20
-75.710000
10
6.450000
20
-75.710000
10
5.700000
20
-75.710000
0
LWPOLYLINE
5
2096
100
AcDbEntity
8
0
100
AcDbPolyline
90
22
70
0
43
0.000000
10
8.810000
20
-75.960000
10
7.670000
20
-75.960000
10
7.670000
20
-75.960000
10
7.670000
20
-76.550000
10
7.670000
20
-76.550000
10
10.490000
20
-76.550000
10
10.490000
20
-76.550000
10
10.490000
20
-75.960000
10
10.490000
20
-75.960000
10
9.520000
20
-75.960000
10
9.520000
20
-75.960000
10
9.520000
20
-72.130000
10
9.520000
20
-72.130000
10
8.860000
20
-72.130000
10
8.860000
20
-72.130000
10
7.770000
20
-72.850000
10
7.770000
20
-72.850000
10
7.770000
20
-73.450000
10
7.770000
20
-73.450000
10
8.810000
20
-72.800000
10
8.810000
20
-72.800000
10
8.810000
20
-75.960000
0
LWPOLYLINE
5
2097
100
AcDbEntity
8
0
100
AcDbPolyline
90
152
70
0
43
0.000000
10
17.670000
20
-74.730000
10
16.600000
20
-72.130000
10
16.600000
20
-72.130000
10
15.570000
20
-72.130000
10
15.570000
20
-72.130000
10
15.570000
20
-76.550000
10
15.570000
20
-76.550000
10
16.270000
20
-76.550000
10
16.270000
20
-76.550000
10
16.270000
20
-73.610000
10
16.270000
20
-73.610000
10
16.270000
20
-73.560000
10
16.270000
20
-73.560000
10
16.270000
20
-73.500000
10
16.270000
20
-73.500000
10
16.260000
20
-73.440000
10
16.260000
20
-73.440000
10
16.260000
20
-73.390000
10
16.260000
20
-73.390000
10
16.260000
20
-73.340000
10
16.260000
20
-73.340000
10
16.260000
20
-73.280000
10
16.260000
20
-73.280000
10
16.250000
20
-73.230000
10
16.250000
20
-73.230000
10
16.250000
20
-73.170000
10
16.250000
20
-73.170000
10
16.250000
20
-73.120000
10
16.250000
20
-73.120000
10
16.250000
20
-73.060000
10
16.250000
20
-73.060000
10
16.250000
20
-73.010000
10
16.250000
20
-73.010000
10
16.250000
20
-72.950000
10
16.250000
20
-72.950000
10
16.250000
20
-72.900000
10
16.250000
20
-72.900000
10
16.250000
20
-72.850000
10
16.250000
20
-72.850000
10
16.290000
20
-72.950000
10
16.290000
20
-72.950000
10
16.320000
20
-73.060000
10
16.320000
20
-73.060000
10
16.360000
20
-73.170000
10
16.360000
20
-73.170000
10
16.410000
20
-73.280000
10
16.410000
20
-73.280000
10
16.450000
20
-73.410000
10
16.450000
20
-73.410000
10
16.500000
20
-73.530000
10
16.500000
20
-73.530000
10
16.550000
20
-73.660000
10
16.550000
20
-73.660000
10
17.700000
20
-76.550000
10
17.700000
20
-76.550000
10
18.280000
20
-76.550000
10
18.280000
20
-76.550000
10
19.400000
20
-73.700000
10
19.400000
20
-73.700000
10
19.440000
20
-73.590000
10
19.440000
20
-73.590000
10
19.480000
20
-73.490000
10
19.480000
20
-73.490000
10
19.510000
20
-73.400000
10
19.510000
20
-73.400000
10
19.540000
20
-73.330000
10
19.540000
20
-73.330000
10
19.560000
20
-73.260000
10
19.560000
20
-73.260000
10
19.580000
20
-73.210000
10
19.580000
20
-73.210000
10
19.600000
20
-73.160000
10
19.600000
20
-73.160000
10
19.620000
20
-73.130000
10
19.620000
20
-73.130000
10
19.630000
20
-73.090000
10
19.630000
20
-73.090000
10
19.650000
20
-73.050000
10
19.650000
20
-73.050000
10
19.660000
20
-73.000000
10
19.660000
20
-73.000000
10
19.680000
20
-72.950000
10
19.680000
20
-72.950000
10
19.700000
20
-72.900000
10
19.700000
20
-72.900000
10
19.720000
20
-72.850000
10
19.720000
20
-72.850000
10
19.720000
20
-72.900000
10
19.720000
20
-72.900000
10
19.720000
20
-72.950000
10
19.720000
20
-72.950000
10
19.720000
20
-73.010000
10
19.720000
20
-73.010000
10
19.720000
20
-73.060000
10
19.720000
20
-73.060000
10
19.720000
20
-73.120000
10
19.720000
20
-73.120000
10
19.720000
20
-73.170000
10
19.720000
20
-73.170000
10
19.720000
20
-73.230000
10
19.720000
20
-73.230000
10
19.710000
20
-73.290000
10
19.710000
20
-73.290000
10
19.710000
20
-73.340000
10
19.710000
20
-73.340000
10
19.710000
20
-73.400000
10
19.710000
20
-73.400000
10
19.700000
20
-73.450000
10
19.700000
20
-73.450000
10
19.700000
20
-73.510000
10
19.700000
20
-73.510000
10
19.700000
20
-73.560000
10
19.700000
20
-73.560000
10
19.700000
20
-73.610000
10
19.700000
20
-73.610000
10
19.700000
20
-76.550000
10
19.700000
20
-76.550000
10
20.400000
20
-76.550000
10
20.400000
20
-76.550000
10
20.400000
20
-72.130000
10
20.400000
20
-72.130000
10
19.370000
20
-72.130000
10
19.370000
20
-72.130000
10
18.350000
20
-74.730000
10
18.350000
20
-74.730000
10
18.280000
20
-74.900000
10
18.280000
20
-74.900000
10
18.210000
20
-75.060000
10
18.210000
20
-75.060000
10
18.160000
20
-75.210000
10
18.160000
20
-75.210000
10
18.110000
20
-75.340000
10
18.110000
20
-75.340000
10
18.060000
20
-75.460000
10
18.060000
20
-75.460000
10
18.030000
20
-75.570000
10
18.030000
20
-75.570000
10
18.000000
20
-75.660000
10
18.000000
20
-75.660000
10
17.930000
20
-75.460000
10
17.930000
20
-75.460000
10
17.870000
20
-75.280000
10
17.870000
20
-75.280000
10
17.810000
20
-75.120000
10
17.810000
20
-75.120000
10
17.760000
20
-74.990000
10
17.760000
20
-74.990000
10
17.720000
20
-74.880000
10
17.720000
20
-74.880000
10
17.690000
20
-74.790000
10
17.690000
20
-74.790000
10
17.670000
20
-74.730000
0
LWPOLYLINE
5
2098
100
AcDbEntity
8
0
100
AcDbPolyline
90
152
70
0
43
0.000000
10
23.940000
20
-74.730000
10
22.870000
20
-72.130000
10
22.870000
20
-72.130000
10
21.840000
20
-72.130000
10
21.840000
20
-72.130000
10
21.840000
20
-76.550000
10
21.840000
20
-76.550000
10
22.540000
20
-76.550000
10
22.540000
20
-76.550000
10
22.540000
20
-73.610000
10
22.540000
20
-73.610000
10
22.540000
20
-73.560000
10
22.540000
20
-73.560000
10
22.540000
20
-73.500000
10
22.540000
20
-73.500000
10
22.540000
20
-73.440000
10
22.540000
20
-73.440000
10
22.530000
20
-73.390000
10
22.530000
20
-73.390000
10
22.530000
20
-73.340000
10
22.530000
20
-73.340000
10
22.530000
20
-73.280000
10
22.530000
20
-73.280000
10
22.520000
20
-73.230000
10
22.520000
20
-73.230000
10
22.520000
20
-73.170000
10
22.520000
20
-73.170000
10
22.520000
20
-73.120000
10
22.520000
20
-73.120000
10
22.520000
20
-73.060000
10
22.520000
20
-73.060000
10
22.520000
20
-73.010000
10
22.520000
20
-73.010000
10
22.520000
20
-72.950000
10
22.520000
20
-72.950000
10
22.520000
20
-72.900000
10
22.520000
20
-72.900000
10
22.520000
20
-72.850000
10
22.520000
20
-72.850000
10
22.560000
20
-72.950000
10
22.560000
20
-72.950000
10
22.590000
20
-73.060000
10
22.590000
20
-73.060000
10
22.630000
20
-73.170000
10
22.630000
20
-73.170000
10
22.680000
20
-73.280000
10
22.680000
20
-73.280000
10
22.720000
20
-73.410000
10
22.720000
20
-73.410000
10
22.770000
20
-73.530000
10
22.770000
20
-73.530000
10
22.820000
20
-73.660000
10
22.820000
20
-73.660000
10
23.970000
20
-76.550000
10
23.970000
20
-76.550000
10
24.560000
20
-76.550000
10
24.560000
20
-76.550000
10
25.670000
20
-73.700000
10
25.670000
20
-73.700000
10
25.710000
20
-73.590000
10
25.710000
20
-73.590000
10
25.750000
20
-73.490000
10
25.750000
20
-73.490000
10
25.780000
20
-73.400000
10
25.780000
20
-73.400000
10
25.810000
20
-73.330000
10
25.810000
20
-73.330000
10
25.840000
20
-73.260000
10
25.840000
20
-73.260000
10
25.860000
20
-73.210000
10
25.860000
20
-73.210000
10
25.870000
20
-73.160000
10
25.870000
20
-73.160000
10
25.890000
20
-73.130000
10
25.890000
20
-73.130000
10
25.900000
20
-73.090000
10
25.900000
20
-73.090000
10
25.920000
20
-73.050000
10
25.920000
20
-73.050000
10
25.940000
20
-73.000000
10
25.940000
20
-73.000000
10
25.950000
20
-72.950000
10
25.950000
20
-72.950000
10
25.970000
20
-72.900000
10
25.970000
20
-72.900000
10
25.990000
20
-72.850000
10
25.990000
20
-72.850000
10
25.990000
20
-72.900000
10
25.990000
20
-72.900000
10
25.990000
20
-72.950000
10
25.990000
20
-72.950000
10
25.990000
20
-73.010000
10
25.990000
20
-73.010000
10
25.990000
20
-73.060000
10
25.990000
20
-73.060000
10
25.990000
20
-73.120000
10
25.990000
20
-73.120000
10
25.990000
20
-73.170000
10
25.990000
20
-73.170000
10
25.990000
20
-73.230000
10
25.990000
20
-73.230000
10
25.980000
20
-73.290000
10
25.980000
20
-73.290000
10
25.980000
20
-73.340000
10
25.980000
20
-73.340000
10
25.980000
20
-73.400000
10
25.980000
20
-73.400000
10
25.980000
20
-73.450000
10
25.980000
20
-73.450000
10
25.970000
20
-73.510000
10
25.970000
20
-73.510000
10
25.970000
20
-73.560000
10
25.970000
20
-73.560000
10
25.970000
20
-73.610000
10
25.970000
20
-73.610000
10
25.970000
20
-76.550000
10
25.970000
20
-76.550000
10
26.670000
20
-76.550000
10
26.670000
20
-76.550000
10
26.670000
20
-72.130000
10
26.670000
20
-72.130000
10
25.640000
20
-72.130000
10
25.640000
20
-72.130000
10
24.620000
20
-74.730000
10
24.620000
20
-74.730000
10
24.550000
20
-74.900000
10
24.550000
20
-74.900000
10
24.490000
20
-75.060000
10
24.490000
20
-75.060000
10
24.430000
20
-75.210000
10
24.430000
20
-75.210000
10
24.380000
20
-75.340000
10
24.380000
20
-75.340000
10
24.340000
20
-75.460000
10
24.340000
20
-75.460000
10
24.300000
20
-75.570000
10
24.300000
20
-75.570000
10
24.270000
20
-75.660000
10
24.270000
20
-75.660000
10
24.200000
20
-75.460000
10
24.200000
20
-75.460000
10
24.140000
20
-75.280000
10
24.140000
20
-75.280000
10
24.080000
20
-75.120000
10
24.080000
20
-75.120000
10
24.030000
20
-74.990000
10
24.030000
20
-74.990000
10
23.990000
20
-74.880000
10
23.990000
20
-74.880000
10
23.960000
20
-74.790000
10
23.960000
20
-74.790000
10
23.940000
20
-74.730000
0
LWPOLYLINE
5
2099
100
AcDbEntity
8
0
100
AcDbPolyline
90
16
70
0
43
0.000000
10
-58.840000
20
-80.230000
10
-58.840000
20
-79.610000
10
-58.840000
20
-79.610000
10
-62.220000
20
-79.610000
10
-62.220000
20
-79.610000
10
-62.220000
20
-80.230000
10
-62.220000
20
-80.230000
10
-60.920000
20
-80.230000
10
-60.920000
20
-80.230000
10
-60.920000
20
-84.030000
10
-60.920000
20
-84.030000
10
-60.160000
20
-84.030000
10
-60.160000
20
-84.030000
10
-60.160000
20
-80.230000
10
-60.160000
20
-80.230000
10
-58.840000
20
-80.230000
0
LWPOLYLINE
5
2100
100
AcDbEntity
8
0
100
AcDbPolyline
90
24
70
0
43
0.000000
10
-57.870000
20
-84.030000
10
-55.340000
20
-84.030000
10
-55.340000
20
-84.030000
10
-55.340000
20
-83.430000
10
-55.340000
20
-83.430000
10
-57.100000
20
-83.430000
10
-57.100000
20
-83.430000
10
-57.100000
20
-82.080000
10
-57.100000
20
-82.080000
10
-55.650000
20
-82.080000
10
-55.650000
20
-82.080000
10
-55.650000
20
-81.480000
10
-55.650000
20
-81.480000
10
-57.100000
20
-81.480000
10
-57.100000
20
-81.480000
10
-57.100000
20
-80.230000
10
-57.100000
20
-80.230000
10
-55.470000
20
-80.230000
10
-55.470000
20
-80.230000
10
-55.470000
20
-79.610000
10
-55.470000
20
-79.610000
10
-57.870000
20
-79.610000
10
-57.870000
20
-79.610000
10
-57.870000
20
-84.030000
0
LWPOLYLINE
5
2101
100
AcDbEntity
8
0
100
AcDbPolyline
90
8
70
0
43
0.000000
10
-54.350000
20
-83.260000
10
-54.350000
20
-84.030000
10
-54.350000
20
-84.030000
10
-53.600000
20
-84.030000
10
-53.600000
20
-84.030000
10
-53.600000
20
-83.260000
10
-53.600000
20
-83.260000
10
-54.350000
20
-83.260000
0
LWPOLYLINE
5
2102
100
AcDbEntity
8
0
100
AcDbPolyline
90
8
70
0
43
0.000000
10
-54.350000
20
-80.830000
10
-54.350000
20
-81.590000
10
-54.350000
20
-81.590000
10
-53.600000
20
-81.590000
10
-53.600000
20
-81.590000
10
-53.600000
20
-80.830000
10
-53.600000
20
-80.830000
10
-54.350000
20
-80.830000
0
LWPOLYLINE
5
2103
100
AcDbEntity
8
0
100
AcDbPolyline
90
220
70
0
43
0.000000
10
-52.540000
20
-83.510000
10
-52.540000
20
-84.030000
10
-52.540000
20
-84.030000
10
-49.580000
20
-84.030000
10
-49.580000
20
-84.030000
10
-49.580000
20
-83.410000
10
-49.580000
20
-83.410000
10
-51.730000
20
-83.410000
10
-51.730000
20
-83.410000
10
-51.660000
20
-83.290000
10
-51.660000
20
-83.290000
10
-51.560000
20
-83.150000
10
-51.560000
20
-83.150000
10
-51.440000
20
-83.010000
10
-51.440000
20
-83.010000
10
-51.300000
20
-82.860000
10
-51.300000
20
-82.860000
10
-51.130000
20
-82.700000
10
-51.130000
20
-82.700000
10
-50.940000
20
-82.540000
10
-50.940000
20
-82.540000
10
-50.730000
20
-82.360000
10
-50.730000
20
-82.360000
10
-50.600000
20
-82.260000
10
-50.600000
20
-82.260000
10
-50.490000
20
-82.160000
10
-50.490000
20
-82.160000
10
-50.390000
20
-82.070000
10
-50.390000
20
-82.070000
10
-50.290000
20
-81.980000
10
-50.290000
20
-81.980000
10
-50.210000
20
-81.900000
10
-50.210000
20
-81.900000
10
-50.140000
20
-81.830000
10
-50.140000
20
-81.830000
10
-50.080000
20
-81.760000
10
-50.080000
20
-81.760000
10
-50.020000
20
-81.690000
10
-50.020000
20
-81.690000
10
-49.960000
20
-81.630000
10
-49.960000
20
-81.630000
10
-49.910000
20
-81.560000
10
-49.910000
20
-81.560000
10
-49.870000
20
-81.490000
10
-49.870000
20
-81.490000
10
-49.830000
20
-81.430000
10
-49.830000
20
-81.430000
10
-49.790000
20
-81.360000
10
-49.790000
20
-81.360000
10
-49.760000
20
-81.290000
10
-49.760000
20
-81.290000
10
-49.730000
20
-81.220000
10
-49.730000
20
-81.220000
10
-49.700000
20
-81.150000
10
-49.700000
20
-81.150000
10
-49.680000
20
-81.080000
10
-49.680000
20
-81.080000
10
-49.660000
20
-81.000000
10
-49.660000
20
-81.000000
10
-49.650000
20
-80.930000
10
-49.650000
20
-80.930000
10
-49.640000
20
-80.850000
10
-49.640000
20
-80.850000
10
-49.640000
20
-80.780000
10
-49.640000
20
-80.780000
10
-49.650000
20
-80.620000
10
-49.650000
20
-80.620000
10
-49.670000
20
-80.470000
10
-49.670000
20
-80.470000
10
-49.710000
20
-80.330000
10
-49.710000
20
-80.330000
10
-49.770000
20
-80.200000
10
-49.770000
20
-80.200000
10
-49.840000
20
-80.080000
10
-49.840000
20
-80.080000
10
-49.920000
20
-79.970000
10
-49.920000
20
-79.970000
10
-50.030000
20
-79.880000
10
-50.030000
20
-79.880000
10
-50.140000
20
-79.790000
10
-50.140000
20
-79.790000
10
-50.270000
20
-79.710000
10
-50.270000
20
-79.710000
10
-50.410000
20
-79.650000
10
-50.410000
20
-79.650000
10
-50.560000
20
-79.600000
10
-50.560000
20
-79.600000
10
-50.720000
20
-79.570000
10
-50.720000
20
-79.570000
10
-50.890000
20
-79.550000
10
-50.890000
20
-79.550000
10
-51.080000
20
-79.540000
10
-51.080000
20
-79.540000
10
-51.250000
20
-79.550000
10
-51.250000
20
-79.550000
10
-51.410000
20
-79.570000
10
-51.410000
20
-79.570000
10
-51.560000
20
-79.600000
10
-51.560000
20
-79.600000
10
-51.700000
20
-79.650000
10
-51.700000
20
-79.650000
10
-51.830000
20
-79.710000
10
-51.830000
20
-79.710000
10
-51.950000
20
-79.790000
10
-51.950000
20
-79.790000
10
-52.060000
20
-79.880000
10
-52.060000
20
-79.880000
10
-52.160000
20
-79.970000
10
-52.160000
20
-79.970000
10
-52.240000
20
-80.080000
10
-52.240000
20
-80.080000
10
-52.320000
20
-80.190000
10
-52.320000
20
-80.190000
10
-52.380000
20
-80.320000
10
-52.380000
20
-80.320000
10
-52.430000
20
-80.460000
10
-52.430000
20
-80.460000
10
-52.470000
20
-80.600000
10
-52.470000
20
-80.600000
10
-52.490000
20
-80.760000
10
-52.490000
20
-80.760000
10
-51.780000
20
-80.810000
10
-51.780000
20
-80.810000
10
-51.740000
20
-80.630000
10
-51.740000
20
-80.630000
10
-51.680000
20
-80.480000
10
-51.680000
20
-80.480000
10
-51.600000
20
-80.350000
10
-51.600000
20
-80.350000
10
-51.500000
20
-80.250000
10
-51.500000
20
-80.250000
10
-51.380000
20
-80.180000
10
-51.380000
20
-80.180000
10
-51.230000
20
-80.140000
10
-51.230000
20
-80.140000
10
-51.060000
20
-80.130000
10
-51.060000
20
-80.130000
10
-50.970000
20
-80.130000
10
-50.970000
20
-80.130000
10
-50.890000
20
-80.140000
10
-50.890000
20
-80.140000
10
-50.810000
20
-80.160000
10
-50.810000
20
-80.160000
10
-50.740000
20
-80.190000
10
-50.740000
20
-80.190000
10
-50.670000
20
-80.220000
10
-50.670000
20
-80.220000
10
-50.610000
20
-80.260000
10
-50.610000
20
-80.260000
10
-50.560000
20
-80.310000
10
-50.560000
20
-80.310000
10
-50.510000
20
-80.360000
10
-50.510000
20
-80.360000
10
-50.470000
20
-80.420000
10
-50.470000
20
-80.420000
10
-50.440000
20
-80.480000
10
-50.440000
20
-80.480000
10
-50.410000
20
-80.550000
10
-50.410000
20
-80.550000
10
-50.390000
20
-80.620000
10
-50.390000
20
-80.620000
10
-50.380000
20
-80.710000
10
-50.380000
20
-80.710000
10
-50.380000
20
-80.790000
10
-50.380000
20
-80.790000
10
-50.380000
20
-80.870000
10
-50.380000
20
-80.870000
10
-50.390000
20
-80.940000
10
-50.390000
20
-80.940000
10
-50.410000
20
-81.010000
10
-50.410000
20
-81.010000
10
-50.440000
20
-81.080000
10
-50.440000
20
-81.080000
10
-50.470000
20
-81.160000
10
-50.470000
20
-81.160000
10
-50.510000
20
-81.230000
10
-50.510000
20
-81.230000
10
-50.560000
20
-81.310000
10
-50.560000
20
-81.310000
10
-50.620000
20
-81.390000
10
-50.620000
20
-81.390000
10
-50.700000
20
-81.480000
10
-50.700000
20
-81.480000
10
-50.800000
20
-81.580000
10
-50.800000
20
-81.580000
10
-50.910000
20
-81.690000
10
-50.910000
20
-81.690000
10
-51.030000
20
-81.800000
10
-51.030000
20
-81.800000
10
-51.170000
20
-81.930000
10
-51.170000
20
-81.930000
10
-51.330000
20
-82.060000
10
-51.330000
20
-82.060000
10
-51.460000
20
-82.170000
10
-51.460000
20
-82.170000
10
-51.590000
20
-82.280000
10
-51.590000
20
-82.280000
10
-51.700000
20
-82.390000
10
-51.700000
20
-82.390000
10
-51.810000
20
-82.500000
10
-51.810000
20
-82.500000
10
-51.910000
20
-82.610000
10
-51.910000
20
-82.610000
10
-52.010000
20
-82.710000
10
-52.010000
20
-82.710000
10
-52.090000
20
-82.810000
10
-52.090000
20
-82.810000
10
-52.170000
20
-82.910000
10
-52.170000
20
-82.910000
10
-52.250000
20
-83.010000
10
-52.250000
20
-83.010000
10
-52.320000
20
-83.110000
10
-52.320000
20
-83.110000
10
-52.390000
20
-83.210000
10
-52.390000
20
-83.210000
10
-52.440000
20
-83.310000
10
-52.440000
20
-83.310000
10
-52.500000
20
-83.410000
10
-52.500000
20
-83.410000
10
-52.540000
20
-83.510000
0
LWPOLYLINE
5
2104
100
AcDbEntity
8
0
100
AcDbPolyline
90
220
70
0
43
0.000000
10
-44.730000
20
-83.510000
10
-44.730000
20
-84.030000
10
-44.730000
20
-84.030000
10
-41.770000
20
-84.030000
10
-41.770000
20
-84.030000
10
-41.770000
20
-83.410000
10
-41.770000
20
-83.410000
10
-43.920000
20
-83.410000
10
-43.920000
20
-83.410000
10
-43.850000
20
-83.290000
10
-43.850000
20
-83.290000
10
-43.750000
20
-83.150000
10
-43.750000
20
-83.150000
10
-43.630000
20
-83.010000
10
-43.630000
20
-83.010000
10
-43.490000
20
-82.860000
10
-43.490000
20
-82.860000
10
-43.320000
20
-82.700000
10
-43.320000
20
-82.700000
10
-43.130000
20
-82.540000
10
-43.130000
20
-82.540000
10
-42.920000
20
-82.360000
10
-42.920000
20
-82.360000
10
-42.790000
20
-82.260000
10
-42.790000
20
-82.260000
10
-42.680000
20
-82.160000
10
-42.680000
20
-82.160000
10
-42.580000
20
-82.070000
10
-42.580000
20
-82.070000
10
-42.480000
20
-81.980000
10
-42.480000
20
-81.980000
10
-42.400000
20
-81.900000
10
-42.400000
20
-81.900000
10
-42.330000
20
-81.830000
10
-42.330000
20
-81.830000
10
-42.270000
20
-81.760000
10
-42.270000
20
-81.760000
10
-42.210000
20
-81.690000
10
-42.210000
20
-81.690000
10
-42.150000
20
-81.630000
10
-42.150000
20
-81.630000
10
-42.100000
20
-81.560000
10
-42.100000
20
-81.560000
10
-42.060000
20
-81.490000
10
-42.060000
20
-81.490000
10
-42.020000
20
-81.430000
10
-42.020000
20
-81.430000
10
-41.980000
20
-81.360000
10
-41.980000
20
-81.360000
10
-41.950000
20
-81.290000
10
-41.950000
20
-81.290000
10
-41.920000
20
-81.220000
10
-41.920000
20
-81.220000
10
-41.890000
20
-81.150000
10
-41.890000
20
-81.150000
10
-41.870000
20
-81.080000
10
-41.870000
20
-81.080000
10
-41.850000
20
-81.000000
10
-41.850000
20
-81.000000
10
-41.840000
20
-80.930000
10
-41.840000
20
-80.930000
10
-41.830000
20
-80.850000
10
-41.830000
20
-80.850000
10
-41.830000
20
-80.780000
10
-41.830000
20
-80.780000
10
-41.840000
20
-80.620000
10
-41.840000
20
-80.620000
10
-41.860000
20
-80.470000
10
-41.860000
20
-80.470000
10
-41.900000
20
-80.330000
10
-41.900000
20
-80.330000
10
-41.960000
20
-80.200000
10
-41.960000
20
-80.200000
10
-42.030000
20
-80.080000
10
-42.030000
20
-80.080000
10
-42.110000
20
-79.970000
10
-42.110000
20
-79.970000
10
-42.220000
20
-79.880000
10
-42.220000
20
-79.880000
10
-42.330000
20
-79.790000
10
-42.330000
20
-79.790000
10
-42.460000
20
-79.710000
10
-42.460000
20
-79.710000
10
-42.600000
20
-79.650000
10
-42.600000
20
-79.650000
10
-42.750000
20
-79.600000
10
-42.750000
20
-79.600000
10
-42.910000
20
-79.570000
10
-42.910000
20
-79.570000
10
-43.080000
20
-79.550000
10
-43.080000
20
-79.550000
10
-43.270000
20
-79.540000
10
-43.270000
20
-79.540000
10
-43.440000
20
-79.550000
10
-43.440000
20
-79.550000
10
-43.600000
20
-79.570000
10
-43.600000
20
-79.570000
10
-43.750000
20
-79.600000
10
-43.750000
20
-79.600000
10
-43.890000
20
-79.650000
10
-43.890000
20
-79.650000
10
-44.020000
20
-79.710000
10
-44.020000
20
-79.710000
10
-44.140000
20
-79.790000
10
-44.140000
20
-79.790000
10
-44.250000
20
-79.880000
10
-44.250000
20
-79.880000
10
-44.350000
20
-79.970000
10
-44.350000
20
-79.970000
10
-44.430000
20
-80.080000
10
-44.430000
20
-80.080000
10
-44.510000
20
-80.190000
10
-44.510000
20
-80.190000
10
-44.570000
20
-80.320000
10
-44.570000
20
-80.320000
10
-44.620000
20
-80.460000
10
-44.620000
20
-80.460000
10
-44.660000
20
-80.600000
10
-44.660000
20
-80.600000
10
-44.680000
20
-80.760000
10
-44.680000
20
-80.760000
10
-43.970000
20
-80.810000
10
-43.970000
20
-80.810000
10
-43.930000
20
-80.630000
10
-43.930000
20
-80.630000
10
-43.870000
20
-80.480000
10
-43.870000
20
-80.480000
10
-43.790000
20
-80.350000
10
-43.790000
20
-80.350000
10
-43.690000
20
-80.250000
10
-43.690000
20
-80.250000
10
-43.570000
20
-80.180000
10
-43.570000
20
-80.180000
10
-43.420000
20
-80.140000
10
-43.420000
20
-80.140000
10
-43.250000
20
-80.130000
10
-43.250000
20
-80.130000
10
-43.160000
20
-80.130000
10
-43.160000
20
-80.130000
10
-43.080000
20
-80.140000
10
-43.080000
20
-80.140000
10
-43.000000
20
-80.160000
10
-43.000000
20
-80.160000
10
-42.930000
20
-80.190000
10
-42.930000
20
-80.190000
10
-42.860000
20
-80.220000
10
-42.860000
20
-80.220000
10
-42.800000
20
-80.260000
10
-42.800000
20
-80.260000
10
-42.750000
20
-80.310000
10
-42.750000
20
-80.310000
10
-42.700000
20
-80.360000
10
-42.700000
20
-80.360000
10
-42.660000
20
-80.420000
10
-42.660000
20
-80.420000
10
-42.630000
20
-80.480000
10
-42.630000
20
-80.480000
10
-42.600000
20
-80.550000
10
-42.600000
20
-80.550000
10
-42.580000
20
-80.620000
10
-42.580000
20
-80.620000
10
-42.570000
20
-80.710000
10
-42.570000
20
-80.710000
10
-42.570000
20
-80.790000
10
-42.570000
20
-80.790000
10
-42.570000
20
-80.870000
10
-42.570000
20
-80.870000
10
-42.580000
20
-80.940000
10
-42.580000
20
-80.940000
10
-42.600000
20
-81.010000
10
-42.600000
20
-81.010000
10
-42.630000
20
-81.080000
10
-42.630000
20
-81.080000
10
-42.660000
20
-81.160000
10
-42.660000
20
-81.160000
10
-42.700000
20
-81.230000
10
-42.700000
20
-81.230000
10
-42.750000
20
-81.310000
10
-42.750000
20
-81.310000
10
-42.810000
20
-81.390000
10
-42.810000
20
-81.390000
10
-42.890000
20
-81.480000
10
-42.890000
20
-81.480000
10
-42.990000
20
-81.580000
10
-42.990000
20
-81.580000
10
-43.100000
20
-81.690000
10
-43.100000
20
-81.690000
10
-43.220000
20
-81.800000
10
-43.220000
20
-81.800000
10
-43.360000
20
-81.930000
10
-43.360000
20
-81.930000
10
-43.520000
20
-82.060000
10
-43.520000
20
-82.060000
10
-43.650000
20
-82.170000
10
-43.650000
20
-82.170000
10
-43.780000
20
-82.280000
10
-43.780000
20
-82.280000
10
-43.890000
20
-82.390000
10
-43.890000
20
-82.390000
10
-44.000000
20
-82.500000
10
-44.000000
20
-82.500000
10
-44.100000
20
-82.610000
10
-44.100000
20
-82.610000
10
-44.200000
20
-82.710000
10
-44.200000
20
-82.710000
10
-44.280000
20
-82.810000
10
-44.280000
20
-82.810000
10
-44.360000
20
-82.910000
10
-44.360000
20
-82.910000
10
-44.440000
20
-83.010000
10
-44.440000
20
-83.010000
10
-44.510000
20
-83.110000
10
-44.510000
20
-83.110000
10
-44.580000
20
-83.210000
10
-44.580000
20
-83.210000
10
-44.630000
20
-83.310000
10
-44.630000
20
-83.310000
10
-44.690000
20
-83.410000
10
-44.690000
20
-83.410000
10
-44.730000
20
-83.510000
0
LWPOLYLINE
5
2105
100
AcDbEntity
8
0
100
AcDbPolyline
90
8
70
0
43
0.000000
10
-36.520000
20
-82.080000
10
-36.520000
20
-82.710000
10
-36.520000
20
-82.710000
10
-34.710000
20
-82.710000
10
-34.710000
20
-82.710000
10
-34.710000
20
-82.080000
10
-34.710000
20
-82.080000
10
-36.520000
20
-82.080000
0
LWPOLYLINE
5
2106
100
AcDbEntity
8
0
100
AcDbPolyline
90
8
70
0
43
0.000000
10
-25.160000
20
-82.080000
10
-25.160000
20
-82.710000
10
-25.160000
20
-82.710000
10
-23.340000
20
-82.710000
10
-23.340000
20
-82.710000
10
-23.340000
20
-82.080000
10
-23.340000
20
-82.080000
10
-25.160000
20
-82.080000
0
LWPOLYLINE
5
2107
100
AcDbEntity
8
0
100
AcDbPolyline
90
334
70
0
43
0.000000
10
-19.040000
20
-82.970000
10
-19.040000
20
-82.790000
10
-19.040000
20
-82.790000
10
-19.040000
20
-82.680000
10
-19.040000
20
-82.680000
10
-19.060000
20
-82.570000
10
-19.060000
20
-82.570000
10
-19.090000
20
-82.460000
10
-19.090000
20
-82.460000
10
-19.130000
20
-82.360000
10
-19.130000
20
-82.360000
10
-19.180000
20
-82.270000
10
-19.180000
20
-82.270000
10
-19.240000
20
-82.180000
10
-19.240000
20
-82.180000
10
-19.320000
20
-82.090000
10
-19.320000
20
-82.090000
10
-19.400000
20
-82.020000
10
-19.400000
20
-82.020000
10
-19.490000
20
-81.960000
10
-19.490000
20
-81.960000
10
-19.590000
20
-81.900000
10
-19.590000
20
-81.900000
10
-19.690000
20
-81.860000
10
-19.690000
20
-81.860000
10
-19.810000
20
-81.820000
10
-19.810000
20
-81.820000
10
-19.940000
20
-81.800000
10
-19.940000
20
-81.800000
10
-20.070000
20
-81.780000
10
-20.070000
20
-81.780000
10
-20.070000
20
-81.760000
10
-20.070000
20
-81.760000
10
-19.940000
20
-81.730000
10
-19.940000
20
-81.730000
10
-19.820000
20
-81.690000
10
-19.820000
20
-81.690000
10
-19.710000
20
-81.640000
10
-19.710000
20
-81.640000
10
-19.620000
20
-81.590000
10
-19.620000
20
-81.590000
10
-19.530000
20
-81.530000
10
-19.530000
20
-81.530000
10
-19.450000
20
-81.470000
10
-19.450000
20
-81.470000
10
-19.390000
20
-81.390000
10
-19.390000
20
-81.390000
10
-19.320000
20
-81.310000
10
-19.320000
20
-81.310000
10
-19.270000
20
-81.220000
10
-19.270000
20
-81.220000
10
-19.230000
20
-81.130000
10
-19.230000
20
-81.130000
10
-19.200000
20
-81.040000
10
-19.200000
20
-81.040000
10
-19.170000
20
-80.940000
10
-19.170000
20
-80.940000
10
-19.160000
20
-80.830000
10
-19.160000
20
-80.830000
10
-19.150000
20
-80.730000
10
-19.150000
20
-80.730000
10
-19.160000
20
-80.570000
10
-19.160000
20
-80.570000
10
-19.180000
20
-80.420000
10
-19.180000
20
-80.420000
10
-19.220000
20
-80.290000
10
-19.220000
20
-80.290000
10
-19.270000
20
-80.170000
10
-19.270000
20
-80.170000
10
-19.340000
20
-80.050000
10
-19.340000
20
-80.050000
10
-19.420000
20
-79.950000
10
-19.420000
20
-79.950000
10
-19.520000
20
-79.860000
10
-19.520000
20
-79.860000
10
-19.630000
20
-79.780000
10
-19.630000
20
-79.780000
10
-19.740000
20
-79.700000
10
-19.740000
20
-79.700000
10
-19.880000
20
-79.650000
10
-19.880000
20
-79.650000
10
-20.020000
20
-79.600000
10
-20.020000
20
-79.600000
10
-20.180000
20
-79.570000
10
-20.180000
20
-79.570000
10
-20.350000
20
-79.550000
10
-20.350000
20
-79.550000
10
-20.540000
20
-79.540000
10
-20.540000
20
-79.540000
10
-20.710000
20
-79.550000
10
-20.710000
20
-79.550000
10
-20.870000
20
-79.570000
10
-20.870000
20
-79.570000
10
-21.020000
20
-79.600000
10
-21.020000
20
-79.600000
10
-21.160000
20
-79.650000
10
-21.160000
20
-79.650000
10
-21.300000
20
-79.700000
10
-21.300000
20
-79.700000
10
-21.420000
20
-79.780000
10
-21.420000
20
-79.780000
10
-21.540000
20
-79.860000
10
-21.540000
20
-79.860000
10
-21.640000
20
-79.960000
10
-21.640000
20
-79.960000
10
-21.730000
20
-80.060000
10
-21.730000
20
-80.060000
10
-21.810000
20
-80.170000
10
-21.810000
20
-80.170000
10
-21.870000
20
-80.300000
10
-21.870000
20
-80.300000
10
-21.920000
20
-80.430000
10
-21.920000
20
-80.430000
10
-21.960000
20
-80.570000
10
-21.960000
20
-80.570000
10
-21.990000
20
-80.730000
10
-21.990000
20
-80.730000
10
-21.270000
20
-80.780000
10
-21.270000
20
-80.780000
10
-21.240000
20
-80.600000
10
-21.240000
20
-80.600000
10
-21.180000
20
-80.460000
10
-21.180000
20
-80.460000
10
-21.100000
20
-80.340000
10
-21.100000
20
-80.340000
10
-21.000000
20
-80.250000
10
-21.000000
20
-80.250000
10
-20.880000
20
-80.180000
10
-20.880000
20
-80.180000
10
-20.730000
20
-80.140000
10
-20.730000
20
-80.140000
10
-20.550000
20
-80.130000
10
-20.550000
20
-80.130000
10
-20.460000
20
-80.130000
10
-20.460000
20
-80.130000
10
-20.380000
20
-80.140000
10
-20.380000
20
-80.140000
10
-20.310000
20
-80.160000
10
-20.310000
20
-80.160000
10
-20.230000
20
-80.180000
10
-20.230000
20
-80.180000
10
-20.170000
20
-80.210000
10
-20.170000
20
-80.210000
10
-20.110000
20
-80.250000
10
-20.110000
20
-80.250000
10
-20.050000
20
-80.290000
10
-20.050000
20
-80.290000
10
-20.010000
20
-80.340000
10
-20.010000
20
-80.340000
10
-19.970000
20
-80.400000
10
-19.970000
20
-80.400000
10
-19.940000
20
-80.470000
10
-19.940000
20
-80.470000
10
-19.920000
20
-80.540000
10
-19.920000
20
-80.540000
10
-19.900000
20
-80.620000
10
-19.900000
20
-80.620000
10
-19.890000
20
-80.710000
10
-19.890000
20
-80.710000
10
-19.890000
20
-80.810000
10
-19.890000
20
-80.810000
10
-19.890000
20
-80.900000
10
-19.890000
20
-80.900000
10
-19.900000
20
-80.980000
10
-19.900000
20
-80.980000
10
-19.930000
20
-81.060000
10
-19.930000
20
-81.060000
10
-19.960000
20
-81.130000
10
-19.960000
20
-81.130000
10
-20.000000
20
-81.190000
10
-20.000000
20
-81.190000
10
-20.040000
20
-81.250000
10
-20.040000
20
-81.250000
10
-20.100000
20
-81.310000
10
-20.100000
20
-81.310000
10
-20.170000
20
-81.350000
10
-20.170000
20
-81.350000
10
-20.250000
20
-81.390000
10
-20.250000
20
-81.390000
10
-20.340000
20
-81.420000
10
-20.340000
20
-81.420000
10
-20.430000
20
-81.450000
10
-20.430000
20
-81.450000
10
-20.530000
20
-81.460000
10
-20.530000
20
-81.460000
10
-20.640000
20
-81.470000
10
-20.640000
20
-81.470000
10
-20.750000
20
-81.480000
10
-20.750000
20
-81.480000
10
-21.050000
20
-81.480000
10
-21.050000
20
-81.480000
10
-21.050000
20
-82.080000
10
-21.050000
20
-82.080000
10
-20.740000
20
-82.080000
10
-20.740000
20
-82.080000
10
-20.610000
20
-82.080000
10
-20.610000
20
-82.080000
10
-20.490000
20
-82.090000
10
-20.490000
20
-82.090000
10
-20.380000
20
-82.110000
10
-20.380000
20
-82.110000
10
-20.270000
20
-82.140000
10
-20.270000
20
-82.140000
10
-20.180000
20
-82.170000
10
-20.180000
20
-82.170000
10
-20.090000
20
-82.210000
10
-20.090000
20
-82.210000
10
-20.020000
20
-82.260000
10
-20.020000
20
-82.260000
10
-19.960000
20
-82.320000
10
-19.960000
20
-82.320000
10
-19.900000
20
-82.380000
10
-19.900000
20
-82.380000
10
-19.860000
20
-82.440000
10
-19.860000
20
-82.440000
10
-19.830000
20
-82.510000
10
-19.830000
20
-82.510000
10
-19.800000
20
-82.590000
10
-19.800000
20
-82.590000
10
-19.790000
20
-82.670000
10
-19.790000
20
-82.670000
10
-19.790000
20
-82.760000
10
-19.790000
20
-82.760000
10
-19.790000
20
-82.860000
10
-19.790000
20
-82.860000
10
-19.800000
20
-82.950000
10
-19.800000
20
-82.950000
10
-19.820000
20
-83.040000
10
-19.820000
20
-83.040000
10
-19.850000
20
-83.120000
10
-19.850000
20
-83.120000
10
-19.880000
20
-83.190000
10
-19.880000
20
-83.190000
10
-19.920000
20
-83.250000
10
-19.920000
20
-83.250000
10
-19.970000
20
-83.310000
10
-19.970000
20
-83.310000
10
-20.030000
20
-83.360000
10
-20.030000
20
-83.360000
10
-20.100000
20
-83.400000
10
-20.100000
20
-83.400000
10
-20.170000
20
-83.430000
10
-20.170000
20
-83.430000
10
-20.250000
20
-83.460000
10
-20.250000
20
-83.460000
10
-20.340000
20
-83.480000
10
-20.340000
20
-83.480000
10
-20.430000
20
-83.490000
10
-20.430000
20
-83.490000
10
-20.540000
20
-83.490000
10
-20.540000
20
-83.490000
10
-20.640000
20
-83.490000
10
-20.640000
20
-83.490000
10
-20.730000
20
-83.480000
10
-20.730000
20
-83.480000
10
-20.820000
20
-83.460000
10
-20.820000
20
-83.460000
10
-20.900000
20
-83.440000
10
-20.900000
20
-83.440000
10
-20.970000
20
-83.410000
10
-20.970000
20
-83.410000
10
-21.040000
20
-83.370000
10
-21.040000
20
-83.370000
10
-21.100000
20
-83.330000
10
-21.100000
20
-83.330000
10
-21.160000
20
-83.270000
10
-21.160000
20
-83.270000
10
-21.200000
20
-83.220000
10
-21.200000
20
-83.220000
10
-21.250000
20
-83.150000
10
-21.250000
20
-83.150000
10
-21.280000
20
-83.070000
10
-21.280000
20
-83.070000
10
-21.310000
20
-82.990000
10
-21.310000
20
-82.990000
10
-21.330000
20
-82.890000
10
-21.330000
20
-82.890000
10
-21.350000
20
-82.790000
10
-21.350000
20
-82.790000
10
-22.090000
20
-82.860000
10
-22.090000
20
-82.860000
10
-22.060000
20
-83.030000
10
-22.060000
20
-83.030000
10
-22.010000
20
-83.190000
10
-22.010000
20
-83.190000
10
-21.960000
20
-83.330000
10
-21.960000
20
-83.330000
10
-21.890000
20
-83.460000
10
-21.890000
20
-83.460000
10
-21.810000
20
-83.580000
10
-21.810000
20
-83.580000
10
-21.720000
20
-83.680000
10
-21.720000
20
-83.680000
10
-21.620000
20
-83.780000
10
-21.620000
20
-83.780000
10
-21.500000
20
-83.860000
10
-21.500000
20
-83.860000
10
-21.370000
20
-83.920000
10
-21.370000
20
-83.920000
10
-21.220000
20
-83.980000
10
-21.220000
20
-83.980000
10
-21.070000
20
-84.020000
10
-21.070000
20
-84.020000
10
-20.900000
20
-84.050000
10
-20.900000
20
-84.050000
10
-20.730000
20
-84.070000
10
-20.730000
20
-84.070000
10
-20.540000
20
-84.080000
10
-20.540000
20
-84.080000
10
-20.340000
20
-84.070000
10
-20.340000
20
-84.070000
10
-20.150000
20
-84.050000
10
-20.150000
20
-84.050000
10
-19.980000
20
-84.020000
10
-19.980000
20
-84.020000
10
-19.820000
20
-83.970000
10
-19.820000
20
-83.970000
10
-19.670000
20
-83.920000
10
-19.670000
20
-83.920000
10
-19.540000
20
-83.840000
10
-19.540000
20
-83.840000
10
-19.420000
20
-83.760000
10
-19.420000
20
-83.760000
10
-19.320000
20
-83.660000
10
-19.320000
20
-83.660000
10
-19.230000
20
-83.540000
10
-19.230000
20
-83.540000
10
-19.160000
20
-83.420000
10
-19.160000
20
-83.420000
10
-19.110000
20
-83.280000
10
-19.110000
20
-83.280000
10
-19.070000
20
-83.130000
10
-19.070000
20
-83.130000
10
-19.040000
20
-82.970000
0
LWPOLYLINE
5
2108
100
AcDbEntity
8
0
100
AcDbPolyline
90
22
70
0
43
0.000000
10
-16.800000
20
-83.440000
10
-17.930000
20
-83.440000
10
-17.930000
20
-83.440000
10
-17.930000
20
-84.030000
10
-17.930000
20
-84.030000
10
-15.110000
20
-84.030000
10
-15.110000
20
-84.030000
10
-15.110000
20
-83.440000
10
-15.110000
20
-83.440000
10
-16.080000
20
-83.440000
10
-16.080000
20
-83.440000
10
-16.080000
20
-79.610000
10
-16.080000
20
-79.610000
10
-16.750000
20
-79.610000
10
-16.750000
20
-79.610000
10
-17.830000
20
-80.330000
10
-17.830000
20
-80.330000
10
-17.830000
20
-80.930000
10
-17.830000
20
-80.930000
10
-16.800000
20
-80.280000
10
-16.800000
20
-80.280000
10
-16.800000
20
-83.440000
0
LWPOLYLINE
5
2109
100
AcDbEntity
8
0
100
AcDbPolyline
90
22
70
0
43
0.000000
10
-10.770000
20
-83.440000
10
-11.900000
20
-83.440000
10
-11.900000
20
-83.440000
10
-11.900000
20
-84.030000
10
-11.900000
20
-84.030000
10
-9.090000
20
-84.030000
10
-9.090000
20
-84.030000
10
-9.090000
20
-83.440000
10
-9.090000
20
-83.440000
10
-10.050000
20
-83.440000
10
-10.050000
20
-83.440000
10
-10.050000
20
-79.610000
10
-10.050000
20
-79.610000
10
-10.720000
20
-79.610000
10
-10.720000
20
-79.610000
10
-11.800000
20
-80.330000
10
-11.800000
20
-80.330000
10
-11.800000
20
-80.930000
10
-11.800000
20
-80.930000
10
-10.770000
20
-80.280000
10
-10.770000
20
-80.280000
10
-10.770000
20
-83.440000
0
LWPOLYLINE
5
2110
100
AcDbEntity
8
0
100
AcDbPolyline
90
220
70
0
43
0.000000
10
-8.170000
20
-83.510000
10
-8.170000
20
-84.030000
10
-8.170000
20
-84.030000
10
-5.200000
20
-84.030000
10
-5.200000
20
-84.030000
10
-5.200000
20
-83.410000
10
-5.200000
20
-83.410000
10
-7.350000
20
-83.410000
10
-7.350000
20
-83.410000
10
-7.280000
20
-83.290000
10
-7.280000
20
-83.290000
10
-7.190000
20
-83.150000
10
-7.190000
20
-83.150000
10
-7.070000
20
-83.010000
10
-7.070000
20
-83.010000
10
-6.920000
20
-82.860000
10
-6.920000
20
-82.860000
10
-6.760000
20
-82.700000
10
-6.760000
20
-82.700000
10
-6.570000
20
-82.540000
10
-6.570000
20
-82.540000
10
-6.350000
20
-82.360000
10
-6.350000
20
-82.360000
10
-6.230000
20
-82.260000
10
-6.230000
20
-82.260000
10
-6.110000
20
-82.160000
10
-6.110000
20
-82.160000
10
-6.010000
20
-82.070000
10
-6.010000
20
-82.070000
10
-5.920000
20
-81.980000
10
-5.920000
20
-81.980000
10
-5.830000
20
-81.900000
10
-5.830000
20
-81.900000
10
-5.760000
20
-81.830000
10
-5.760000
20
-81.830000
10
-5.700000
20
-81.760000
10
-5.700000
20
-81.760000
10
-5.640000
20
-81.690000
10
-5.640000
20
-81.690000
10
-5.580000
20
-81.630000
10
-5.580000
20
-81.630000
10
-5.530000
20
-81.560000
10
-5.530000
20
-81.560000
10
-5.490000
20
-81.490000
10
-5.490000
20
-81.490000
10
-5.450000
20
-81.430000
10
-5.450000
20
-81.430000
10
-5.410000
20
-81.360000
10
-5.410000
20
-81.360000
10
-5.380000
20
-81.290000
10
-5.380000
20
-81.290000
10
-5.350000
20
-81.220000
10
-5.350000
20
-81.220000
10
-5.330000
20
-81.150000
10
-5.330000
20
-81.150000
10
-5.300000
20
-81.080000
10
-5.300000
20
-81.080000
10
-5.290000
20
-81.000000
10
-5.290000
20
-81.000000
10
-5.280000
20
-80.930000
10
-5.280000
20
-80.930000
10
-5.270000
20
-80.850000
10
-5.270000
20
-80.850000
10
-5.270000
20
-80.780000
10
-5.270000
20
-80.780000
10
-5.270000
20
-80.620000
10
-5.270000
20
-80.620000
10
-5.300000
20
-80.470000
10
-5.300000
20
-80.470000
10
-5.340000
20
-80.330000
10
-5.340000
20
-80.330000
10
-5.390000
20
-80.200000
10
-5.390000
20
-80.200000
10
-5.460000
20
-80.080000
10
-5.460000
20
-80.080000
10
-5.550000
20
-79.970000
10
-5.550000
20
-79.970000
10
-5.650000
20
-79.880000
10
-5.650000
20
-79.880000
10
-5.760000
20
-79.790000
10
-5.760000
20
-79.790000
10
-5.890000
20
-79.710000
10
-5.890000
20
-79.710000
10
-6.030000
20
-79.650000
10
-6.030000
20
-79.650000
10
-6.180000
20
-79.600000
10
-6.180000
20
-79.600000
10
-6.340000
20
-79.570000
10
-6.340000
20
-79.570000
10
-6.510000
20
-79.550000
10
-6.510000
20
-79.550000
10
-6.700000
20
-79.540000
10
-6.700000
20
-79.540000
10
-6.870000
20
-79.550000
10
-6.870000
20
-79.550000
10
-7.030000
20
-79.570000
10
-7.030000
20
-79.570000
10
-7.180000
20
-79.600000
10
-7.180000
20
-79.600000
10
-7.320000
20
-79.650000
10
-7.320000
20
-79.650000
10
-7.450000
20
-79.710000
10
-7.450000
20
-79.710000
10
-7.570000
20
-79.790000
10
-7.570000
20
-79.790000
10
-7.680000
20
-79.880000
10
-7.680000
20
-79.880000
10
-7.780000
20
-79.970000
10
-7.780000
20
-79.970000
10
-7.870000
20
-80.080000
10
-7.870000
20
-80.080000
10
-7.940000
20
-80.190000
10
-7.940000
20
-80.190000
10
-8.000000
20
-80.320000
10
-8.000000
20
-80.320000
10
-8.050000
20
-80.460000
10
-8.050000
20
-80.460000
10
-8.090000
20
-80.600000
10
-8.090000
20
-80.600000
10
-8.120000
20
-80.760000
10
-8.120000
20
-80.760000
10
-7.400000
20
-80.810000
10
-7.400000
20
-80.810000
10
-7.360000
20
-80.630000
10
-7.360000
20
-80.630000
10
-7.310000
20
-80.480000
10
-7.310000
20
-80.480000
10
-7.230000
20
-80.350000
10
-7.230000
20
-80.350000
10
-7.120000
20
-80.250000
10
-7.120000
20
-80.250000
10
-7.000000
20
-80.180000
10
-7.000000
20
-80.180000
10
-6.850000
20
-80.140000
10
-6.850000
20
-80.140000
10
-6.680000
20
-80.130000
10
-6.680000
20
-80.130000
10
-6.590000
20
-80.130000
10
-6.590000
20
-80.130000
10
-6.510000
20
-80.140000
10
-6.510000
20
-80.140000
10
-6.440000
20
-80.160000
10
-6.440000
20
-80.160000
10
-6.360000
20
-80.190000
10
-6.360000
20
-80.190000
10
-6.300000
20
-80.220000
10
-6.300000
20
-80.220000
10
-6.240000
20
-80.260000
10
-6.240000
20
-80.260000
10
-6.180000
20
-80.310000
10
-6.180000
20
-80.310000
10
-6.130000
20
-80.360000
10
-6.130000
20
-80.360000
10
-6.090000
20
-80.420000
10
-6.090000
20
-80.420000
10
-6.060000
20
-80.480000
10
-6.060000
20
-80.480000
10
-6.030000
20
-80.550000
10
-6.030000
20
-80.550000
10
-6.010000
20
-80.620000
10
-6.010000
20
-80.620000
10
-6.000000
20
-80.710000
10
-6.000000
20
-80.710000
10
-6.000000
20
-80.790000
10
-6.000000
20
-80.790000
10
-6.000000
20
-80.870000
10
-6.000000
20
-80.870000
10
-6.010000
20
-80.940000
10
-6.010000
20
-80.940000
10
-6.030000
20
-81.010000
10
-6.030000
20
-81.010000
10
-6.060000
20
-81.080000
10
-6.060000
20
-81.080000
10
-6.090000
20
-81.160000
10
-6.090000
20
-81.160000
10
-6.130000
20
-81.230000
10
-6.130000
20
-81.230000
10
-6.180000
20
-81.310000
10
-6.180000
20
-81.310000
10
-6.250000
20
-81.390000
10
-6.250000
20
-81.390000
10
-6.330000
20
-81.480000
10
-6.330000
20
-81.480000
10
-6.420000
20
-81.580000
10
-6.420000
20
-81.580000
10
-6.530000
20
-81.690000
10
-6.530000
20
-81.690000
10
-6.660000
20
-81.800000
10
-6.660000
20
-81.800000
10
-6.790000
20
-81.930000
10
-6.790000
20
-81.930000
10
-6.950000
20
-82.060000
10
-6.950000
20
-82.060000
10
-7.080000
20
-82.170000
10
-7.080000
20
-82.170000
10
-7.210000
20
-82.280000
10
-7.210000
20
-82.280000
10
-7.330000
20
-82.390000
10
-7.330000
20
-82.390000
10
-7.440000
20
-82.500000
10
-7.440000
20
-82.500000
10
-7.540000
20
-82.610000
10
-7.540000
20
-82.610000
10
-7.630000
20
-82.710000
10
-7.630000
20
-82.710000
10
-7.720000
20
-82.810000
10
-7.720000
20
-82.810000
10
-7.800000
20
-82.910000
10
-7.800000
20
-82.910000
10
-7.870000
20
-83.010000
10
-7.870000
20
-83.010000
10
-7.950000
20
-83.110000
10
-7.950000
20
-83.110000
10
-8.010000
20
-83.210000
10
-8.010000
20
-83.210000
10
-8.070000
20
-83.310000
10
-8.070000
20
-83.310000
10
-8.120000
20
-83.410000
10
-8.120000
20
-83.410000
10
-8.170000
20
-83.510000
0
LWPOLYLINE
5
2111
100
AcDbEntity
8
0
100
AcDbPolyline
90
8
70
0
43
0.000000
10
-4.160000
20
-83.260000
10
-4.160000
20
-84.030000
10
-4.160000
20
-84.030000
10
-3.410000
20
-84.030000
10
-3.410000
20
-84.030000
10
-3.410000
20
-83.260000
10
-3.410000
20
-83.260000
10
-4.160000
20
-83.260000
0
LWPOLYLINE
5
2112
100
AcDbEntity
8
0
100
AcDbPolyline
90
8
70
0
43
0.000000
10
-4.160000
20
-80.830000
10
-4.160000
20
-81.590000
10
-4.160000
20
-81.590000
10
-3.410000
20
-81.590000
10
-3.410000
20
-81.590000
10
-3.410000
20
-80.830000
10
-3.410000
20
-80.830000
10
-4.160000
20
-80.830000
0
LWPOLYLINE
5
2113
100
AcDbEntity
8
0
100
AcDbPolyline
90
76
70
0
43
0.000000
10
-70.680000
20
-87.940000
10
-68.450000
20
-91.510000
10
-68.450000
20
-91.510000
10
-67.530000
20
-91.510000
10
-67.530000
20
-91.510000
10
-67.530000
20
-87.090000
10
-67.530000
20
-87.090000
10
-68.220000
20
-87.090000
10
-68.220000
20
-87.090000
10
-68.220000
20
-89.820000
10
-68.220000
20
-89.820000
10
-68.220000
20
-89.900000
10
-68.220000
20
-89.900000
10
-68.220000
20
-89.980000
10
-68.220000
20
-89.980000
10
-68.220000
20
-90.050000
10
-68.220000
20
-90.050000
10
-68.220000
20
-90.120000
10
-68.220000
20
-90.120000
10
-68.220000
20
-90.190000
10
-68.220000
20
-90.190000
10
-68.220000
20
-90.250000
10
-68.220000
20
-90.250000
10
-68.220000
20
-90.310000
10
-68.220000
20
-90.310000
10
-68.210000
20
-90.360000
10
-68.210000
20
-90.360000
10
-68.210000
20
-90.420000
10
-68.210000
20
-90.420000
10
-68.200000
20
-90.470000
10
-68.200000
20
-90.470000
10
-68.200000
20
-90.530000
10
-68.200000
20
-90.530000
10
-68.190000
20
-90.580000
10
-68.190000
20
-90.580000
10
-68.190000
20
-90.640000
10
-68.190000
20
-90.640000
10
-68.180000
20
-90.690000
10
-68.180000
20
-90.690000
10
-70.430000
20
-87.090000
10
-70.430000
20
-87.090000
10
-71.350000
20
-87.090000
10
-71.350000
20
-87.090000
10
-71.350000
20
-91.510000
10
-71.350000
20
-91.510000
10
-70.650000
20
-91.510000
10
-70.650000
20
-91.510000
10
-70.650000
20
-88.740000
10
-70.650000
20
-88.740000
10
-70.650000
20
-88.680000
10
-70.650000
20
-88.680000
10
-70.650000
20
-88.630000
10
-70.650000
20
-88.630000
10
-70.650000
20
-88.570000
10
-70.650000
20
-88.570000
10
-70.660000
20
-88.510000
10
-70.660000
20
-88.510000
10
-70.660000
20
-88.450000
10
-70.660000
20
-88.450000
10
-70.660000
20
-88.400000
10
-70.660000
20
-88.400000
10
-70.670000
20
-88.340000
10
-70.670000
20
-88.340000
10
-70.670000
20
-88.280000
10
-70.670000
20
-88.280000
10
-70.670000
20
-88.230000
10
-70.670000
20
-88.230000
10
-70.670000
20
-88.170000
10
-70.670000
20
-88.170000
10
-70.670000
20
-88.110000
10
-70.670000
20
-88.110000
10
-70.680000
20
-88.050000
10
-70.680000
20
-88.050000
10
-70.680000
20
-88.000000
10
-70.680000
20
-88.000000
10
-70.680000
20
-87.940000
0
LWPOLYLINE
5
2114
100
AcDbEntity
8
0
100
AcDbPolyline
90
8
70
0
43
0.000000
10
-61.060000
20
-90.740000
10
-61.060000
20
-91.510000
10
-61.060000
20
-91.510000
10
-60.310000
20
-91.510000
10
-60.310000
20
-91.510000
10
-60.310000
20
-90.740000
10
-60.310000
20
-90.740000
10
-61.060000
20
-90.740000
0
LWPOLYLINE
5
2115
100
AcDbEntity
8
0
100
AcDbPolyline
90
8
70
0
43
0.000000
10
-61.060000
20
-88.310000
10
-61.060000
20
-89.070000
10
-61.060000
20
-89.070000
10
-60.310000
20
-89.070000
10
-60.310000
20
-89.070000
10
-60.310000
20
-88.310000
10
-60.310000
20
-88.310000
10
-61.060000
20
-88.310000
0
LWPOLYLINE
5
2116
100
AcDbEntity
8
0
100
AcDbPolyline
90
382
70
0
43
0.000000
10
-56.260000
20
-90.430000
10
-56.250000
20
-90.260000
10
-56.250000
20
-90.260000
10
-56.250000
20
-90.190000
10
-56.250000
20
-90.190000
10
-56.260000
20
-90.120000
10
-56.260000
20
-90.120000
10
-56.260000
20
-90.050000
10
-56.260000
20
-90.050000
10
-56.270000
20
-89.990000
10
-56.270000
20
-89.990000
10
-56.290000
20
-89.920000
10
-56.290000
20
-89.920000
10
-56.300000
20
-89.860000
10
-56.300000
20
-89.860000
10
-56.320000
20
-89.810000
10
-56.320000
20
-89.810000
10
-56.340000
20
-89.750000
10
-56.340000
20
-89.750000
10
-56.360000
20
-89.700000
10
-56.360000
20
-89.700000
10
-56.390000
20
-89.650000
10
-56.390000
20
-89.650000
10
-56.420000
20
-89.600000
10
-56.420000
20
-89.600000
10
-56.450000
20
-89.550000
10
-56.450000
20
-89.550000
10
-56.480000
20
-89.510000
10
-56.480000
20
-89.510000
10
-56.520000
20
-89.470000
10
-56.520000
20
-89.470000
10
-56.560000
20
-89.430000
10
-56.560000
20
-89.430000
10
-56.600000
20
-89.390000
10
-56.600000
20
-89.390000
10
-56.650000
20
-89.350000
10
-56.650000
20
-89.350000
10
-56.700000
20
-89.310000
10
-56.700000
20
-89.310000
10
-56.750000
20
-89.280000
10
-56.750000
20
-89.280000
10
-56.810000
20
-89.240000
10
-56.810000
20
-89.240000
10
-56.870000
20
-89.210000
10
-56.870000
20
-89.210000
10
-56.940000
20
-89.170000
10
-56.940000
20
-89.170000
10
-57.020000
20
-89.130000
10
-57.020000
20
-89.130000
10
-57.110000
20
-89.090000
10
-57.110000
20
-89.090000
10
-57.210000
20
-89.050000
10
-57.210000
20
-89.050000
10
-57.330000
20
-89.010000
10
-57.330000
20
-89.010000
10
-57.460000
20
-88.970000
10
-57.460000
20
-88.970000
10
-57.600000
20
-88.920000
10
-57.600000
20
-88.920000
10
-57.720000
20
-88.890000
10
-57.720000
20
-88.890000
10
-57.830000
20
-88.850000
10
-57.830000
20
-88.850000
10
-57.920000
20
-88.820000
10
-57.920000
20
-88.820000
10
-58.000000
20
-88.780000
10
-58.000000
20
-88.780000
10
-58.080000
20
-88.750000
10
-58.080000
20
-88.750000
10
-58.140000
20
-88.720000
10
-58.140000
20
-88.720000
10
-58.190000
20
-88.690000
10
-58.190000
20
-88.690000
10
-58.230000
20
-88.670000
10
-58.230000
20
-88.670000
10
-58.270000
20
-88.640000
10
-58.270000
20
-88.640000
10
-58.300000
20
-88.610000
10
-58.300000
20
-88.610000
10
-58.340000
20
-88.580000
10
-58.340000
20
-88.580000
10
-58.370000
20
-88.550000
10
-58.370000
20
-88.550000
10
-58.390000
20
-88.510000
10
-58.390000
20
-88.510000
10
-58.420000
20
-88.470000
10
-58.420000
20
-88.470000
10
-58.440000
20
-88.440000
10
-58.440000
20
-88.440000
10
-58.450000
20
-88.400000
10
-58.450000
20
-88.400000
10
-58.460000
20
-88.360000
10
-58.460000
20
-88.360000
10
-58.470000
20
-88.320000
10
-58.470000
20
-88.320000
10
-58.480000
20
-88.270000
10
-58.480000
20
-88.270000
10
-58.480000
20
-88.220000
10
-58.480000
20
-88.220000
10
-58.490000
20
-88.170000
10
-58.490000
20
-88.170000
10
-58.480000
20
-88.100000
10
-58.480000
20
-88.100000
10
-58.470000
20
-88.020000
10
-58.470000
20
-88.020000
10
-58.450000
20
-87.950000
10
-58.450000
20
-87.950000
10
-58.430000
20
-87.890000
10
-58.430000
20
-87.890000
10
-58.400000
20
-87.840000
10
-58.400000
20
-87.840000
10
-58.360000
20
-87.790000
10
-58.360000
20
-87.790000
10
-58.320000
20
-87.740000
10
-58.320000
20
-87.740000
10
-58.270000
20
-87.700000
10
-58.270000
20
-87.700000
10
-58.210000
20
-87.670000
10
-58.210000
20
-87.670000
10
-58.150000
20
-87.640000
10
-58.150000
20
-87.640000
10
-58.080000
20
-87.620000
10
-58.080000
20
-87.620000
10
-58.000000
20
-87.600000
10
-58.000000
20
-87.600000
10
-57.920000
20
-87.590000
10
-57.920000
20
-87.590000
10
-57.840000
20
-87.590000
10
-57.840000
20
-87.590000
10
-57.670000
20
-87.600000
10
-57.670000
20
-87.600000
10
-57.520000
20
-87.640000
10
-57.520000
20
-87.640000
10
-57.400000
20
-87.700000
10
-57.400000
20
-87.700000
10
-57.290000
20
-87.790000
10
-57.290000
20
-87.790000
10
-57.200000
20
-87.900000
10
-57.200000
20
-87.900000
10
-57.130000
20
-88.030000
10
-57.130000
20
-88.030000
10
-57.090000
20
-88.190000
10
-57.090000
20
-88.190000
10
-56.370000
20
-88.060000
10
-56.370000
20
-88.060000
10
-56.410000
20
-87.910000
10
-56.410000
20
-87.910000
10
-56.460000
20
-87.770000
10
-56.460000
20
-87.770000
10
-56.520000
20
-87.650000
10
-56.520000
20
-87.650000
10
-56.590000
20
-87.540000
10
-56.590000
20
-87.540000
10
-56.670000
20
-87.440000
10
-56.670000
20
-87.440000
10
-56.760000
20
-87.350000
10
-56.760000
20
-87.350000
10
-56.850000
20
-87.270000
10
-56.850000
20
-87.270000
10
-56.960000
20
-87.210000
10
-56.960000
20
-87.210000
10
-57.080000
20
-87.150000
10
-57.080000
20
-87.150000
10
-57.200000
20
-87.100000
10
-57.200000
20
-87.100000
10
-57.340000
20
-87.070000
10
-57.340000
20
-87.070000
10
-57.500000
20
-87.040000
10
-57.500000
20
-87.040000
10
-57.660000
20
-87.030000
10
-57.660000
20
-87.030000
10
-57.840000
20
-87.020000
10
-57.840000
20
-87.020000
10
-58.020000
20
-87.030000
10
-58.020000
20
-87.030000
10
-58.180000
20
-87.050000
10
-58.180000
20
-87.050000
10
-58.340000
20
-87.080000
10
-58.340000
20
-87.080000
10
-58.490000
20
-87.130000
10
-58.490000
20
-87.130000
10
-58.620000
20
-87.180000
10
-58.620000
20
-87.180000
10
-58.740000
20
-87.260000
10
-58.740000
20
-87.260000
10
-58.850000
20
-87.340000
10
-58.850000
20
-87.340000
10
-58.950000
20
-87.440000
10
-58.950000
20
-87.440000
10
-59.030000
20
-87.540000
10
-59.030000
20
-87.540000
10
-59.100000
20
-87.650000
10
-59.100000
20
-87.650000
10
-59.150000
20
-87.780000
10
-59.150000
20
-87.780000
10
-59.190000
20
-87.910000
10
-59.190000
20
-87.910000
10
-59.210000
20
-88.050000
10
-59.210000
20
-88.050000
10
-59.220000
20
-88.210000
10
-59.220000
20
-88.210000
10
-59.220000
20
-88.300000
10
-59.220000
20
-88.300000
10
-59.210000
20
-88.400000
10
-59.210000
20
-88.400000
10
-59.200000
20
-88.490000
10
-59.200000
20
-88.490000
10
-59.180000
20
-88.570000
10
-59.180000
20
-88.570000
10
-59.160000
20
-88.660000
10
-59.160000
20
-88.660000
10
-59.130000
20
-88.730000
10
-59.130000
20
-88.730000
10
-59.100000
20
-88.810000
10
-59.100000
20
-88.810000
10
-59.070000
20
-88.870000
10
-59.070000
20
-88.870000
10
-59.030000
20
-88.930000
10
-59.030000
20
-88.930000
10
-58.980000
20
-88.990000
10
-58.980000
20
-88.990000
10
-58.930000
20
-89.050000
10
-58.930000
20
-89.050000
10
-58.880000
20
-89.110000
10
-58.880000
20
-89.110000
10
-58.820000
20
-89.160000
10
-58.820000
20
-89.160000
10
-58.750000
20
-89.210000
10
-58.750000
20
-89.210000
10
-58.680000
20
-89.250000
10
-58.680000
20
-89.250000
10
-58.600000
20
-89.290000
10
-58.600000
20
-89.290000
10
-58.500000
20
-89.340000
10
-58.500000
20
-89.340000
10
-58.390000
20
-89.380000
10
-58.390000
20
-89.380000
10
-58.270000
20
-89.420000
10
-58.270000
20
-89.420000
10
-58.140000
20
-89.460000
10
-58.140000
20
-89.460000
10
-58.000000
20
-89.510000
10
-58.000000
20
-89.510000
10
-57.940000
20
-89.530000
10
-57.940000
20
-89.530000
10
-57.880000
20
-89.540000
10
-57.880000
20
-89.540000
10
-57.820000
20
-89.560000
10
-57.820000
20
-89.560000
10
-57.770000
20
-89.580000
10
-57.770000
20
-89.580000
10
-57.710000
20
-89.590000
10
-57.710000
20
-89.590000
10
-57.660000
20
-89.610000
10
-57.660000
20
-89.610000
10
-57.600000
20
-89.620000
10
-57.600000
20
-89.620000
10
-57.550000
20
-89.640000
10
-57.550000
20
-89.640000
10
-57.500000
20
-89.660000
10
-57.500000
20
-89.660000
10
-57.450000
20
-89.680000
10
-57.450000
20
-89.680000
10
-57.410000
20
-89.700000
10
-57.410000
20
-89.700000
10
-57.370000
20
-89.730000
10
-57.370000
20
-89.730000
10
-57.320000
20
-89.750000
10
-57.320000
20
-89.750000
10
-57.290000
20
-89.770000
10
-57.290000
20
-89.770000
10
-57.250000
20
-89.800000
10
-57.250000
20
-89.800000
10
-57.210000
20
-89.820000
10
-57.210000
20
-89.820000
10
-57.180000
20
-89.850000
10
-57.180000
20
-89.850000
10
-57.150000
20
-89.880000
10
-57.150000
20
-89.880000
10
-57.120000
20
-89.910000
10
-57.120000
20
-89.910000
10
-57.090000
20
-89.940000
10
-57.090000
20
-89.940000
10
-57.070000
20
-89.970000
10
-57.070000
20
-89.970000
10
-57.050000
20
-90.010000
10
-57.050000
20
-90.010000
10
-57.030000
20
-90.050000
10
-57.030000
20
-90.050000
10
-57.010000
20
-90.100000
10
-57.010000
20
-90.100000
10
-57.000000
20
-90.150000
10
-57.000000
20
-90.150000
10
-56.990000
20
-90.200000
10
-56.990000
20
-90.200000
10
-56.990000
20
-90.250000
10
-56.990000
20
-90.250000
10
-56.990000
20
-90.310000
10
-56.990000
20
-90.310000
10
-57.000000
20
-90.490000
10
-57.000000
20
-90.490000
10
-57.050000
20
-90.640000
10
-57.050000
20
-90.640000
10
-57.130000
20
-90.770000
10
-57.130000
20
-90.770000
10
-57.250000
20
-90.860000
10
-57.250000
20
-90.860000
10
-57.390000
20
-90.930000
10
-57.390000
20
-90.930000
10
-57.570000
20
-90.980000
10
-57.570000
20
-90.980000
10
-57.790000
20
-90.990000
10
-57.790000
20
-90.990000
10
-57.980000
20
-90.980000
10
-57.980000
20
-90.980000
10
-58.160000
20
-90.930000
10
-58.160000
20
-90.930000
10
-58.310000
20
-90.860000
10
-58.310000
20
-90.860000
10
-58.430000
20
-90.760000
10
-58.430000
20
-90.760000
10
-58.540000
20
-90.620000
10
-58.540000
20
-90.620000
10
-58.610000
20
-90.460000
10
-58.610000
20
-90.460000
10
-58.670000
20
-90.270000
10
-58.670000
20
-90.270000
10
-59.370000
20
-90.390000
10
-59.370000
20
-90.390000
10
-59.330000
20
-90.550000
10
-59.330000
20
-90.550000
10
-59.280000
20
-90.700000
10
-59.280000
20
-90.700000
10
-59.220000
20
-90.840000
10
-59.220000
20
-90.840000
10
-59.150000
20
-90.960000
10
-59.150000
20
-90.960000
10
-59.070000
20
-91.080000
10
-59.070000
20
-91.080000
10
-58.970000
20
-91.180000
10
-58.970000
20
-91.180000
10
-58.870000
20
-91.270000
10
-58.870000
20
-91.270000
10
-58.750000
20
-91.350000
10
-58.750000
20
-91.350000
10
-58.630000
20
-91.410000
10
-58.630000
20
-91.410000
10
-58.490000
20
-91.460000
10
-58.490000
20
-91.460000
10
-58.340000
20
-91.500000
10
-58.340000
20
-91.500000
10
-58.180000
20
-91.530000
10
-58.180000
20
-91.530000
10
-58.000000
20
-91.550000
10
-58.000000
20
-91.550000
10
-57.820000
20
-91.560000
10
-57.820000
20
-91.560000
10
-57.610000
20
-91.550000
10
-57.610000
20
-91.550000
10
-57.420000
20
-91.530000
10
-57.420000
20
-91.530000
10
-57.240000
20
-91.500000
10
-57.240000
20
-91.500000
10
-57.080000
20
-91.450000
10
-57.080000
20
-91.450000
10
-56.930000
20
-91.390000
10
-56.930000
20
-91.390000
10
-56.790000
20
-91.310000
10
-56.790000
20
-91.310000
10
-56.670000
20
-91.220000
10
-56.670000
20
-91.220000
10
-56.560000
20
-91.120000
10
-56.560000
20
-91.120000
10
-56.460000
20
-91.010000
10
-56.460000
20
-91.010000
10
-56.390000
20
-90.880000
10
-56.390000
20
-90.880000
10
-56.330000
20
-90.740000
10
-56.330000
20
-90.740000
10
-56.290000
20
-90.590000
10
-56.290000
20
-90.590000
10
-56.260000
20
-90.430000
0
LWPOLYLINE
5
2117
100
AcDbEntity
8
0
100
AcDbPolyline
90
22
70
0
43
0.000000
10
-48.930000
20
-90.920000
10
-50.060000
20
-90.920000
10
-50.060000
20
-90.920000
10
-50.060000
20
-91.510000
10
-50.060000
20
-91.510000
10
-47.240000
20
-91.510000
10
-47.240000
20
-91.510000
10
-47.240000
20
-90.920000
10
-47.240000
20
-90.920000
10
-48.210000
20
-90.920000
10
-48.210000
20
-90.920000
10
-48.210000
20
-87.090000
10
-48.210000
20
-87.090000
10
-48.880000
20
-87.090000
10
-48.880000
20
-87.090000
10
-49.960000
20
-87.810000
10
-49.960000
20
-87.810000
10
-49.960000
20
-88.410000
10
-49.960000
20
-88.410000
10
-48.930000
20
-87.760000
10
-48.930000
20
-87.760000
10
-48.930000
20
-90.920000
0
LWPOLYLINE
5
2118
100
AcDbEntity
8
0
100
AcDbPolyline
90
220
70
0
43
0.000000
10
-46.320000
20
-90.990000
10
-46.320000
20
-91.510000
10
-46.320000
20
-91.510000
10
-43.350000
20
-91.510000
10
-43.350000
20
-91.510000
10
-43.350000
20
-90.890000
10
-43.350000
20
-90.890000
10
-45.500000
20
-90.890000
10
-45.500000
20
-90.890000
10
-45.430000
20
-90.770000
10
-45.430000
20
-90.770000
10
-45.340000
20
-90.630000
10
-45.340000
20
-90.630000
10
-45.220000
20
-90.490000
10
-45.220000
20
-90.490000
10
-45.080000
20
-90.340000
10
-45.080000
20
-90.340000
10
-44.910000
20
-90.180000
10
-44.910000
20
-90.180000
10
-44.720000
20
-90.020000
10
-44.720000
20
-90.020000
10
-44.500000
20
-89.840000
10
-44.500000
20
-89.840000
10
-44.380000
20
-89.740000
10
-44.380000
20
-89.740000
10
-44.270000
20
-89.640000
10
-44.270000
20
-89.640000
10
-44.160000
20
-89.550000
10
-44.160000
20
-89.550000
10
-44.070000
20
-89.460000
10
-44.070000
20
-89.460000
10
-43.990000
20
-89.380000
10
-43.990000
20
-89.380000
10
-43.920000
20
-89.310000
10
-43.920000
20
-89.310000
10
-43.850000
20
-89.240000
10
-43.850000
20
-89.240000
10
-43.790000
20
-89.170000
10
-43.790000
20
-89.170000
10
-43.740000
20
-89.110000
10
-43.740000
20
-89.110000
10
-43.690000
20
-89.040000
10
-43.690000
20
-89.040000
10
-43.640000
20
-88.970000
10
-43.640000
20
-88.970000
10
-43.600000
20
-88.910000
10
-43.600000
20
-88.910000
10
-43.570000
20
-88.840000
10
-43.570000
20
-88.840000
10
-43.540000
20
-88.770000
10
-43.540000
20
-88.770000
10
-43.510000
20
-88.700000
10
-43.510000
20
-88.700000
10
-43.480000
20
-88.630000
10
-43.480000
20
-88.630000
10
-43.460000
20
-88.560000
10
-43.460000
20
-88.560000
10
-43.440000
20
-88.480000
10
-43.440000
20
-88.480000
10
-43.430000
20
-88.410000
10
-43.430000
20
-88.410000
10
-43.420000
20
-88.330000
10
-43.420000
20
-88.330000
10
-43.420000
20
-88.260000
10
-43.420000
20
-88.260000
10
-43.430000
20
-88.100000
10
-43.430000
20
-88.100000
10
-43.450000
20
-87.950000
10
-43.450000
20
-87.950000
10
-43.490000
20
-87.810000
10
-43.490000
20
-87.810000
10
-43.550000
20
-87.680000
10
-43.550000
20
-87.680000
10
-43.620000
20
-87.560000
10
-43.620000
20
-87.560000
10
-43.700000
20
-87.450000
10
-43.700000
20
-87.450000
10
-43.800000
20
-87.360000
10
-43.800000
20
-87.360000
10
-43.920000
20
-87.270000
10
-43.920000
20
-87.270000
10
-44.050000
20
-87.190000
10
-44.050000
20
-87.190000
10
-44.180000
20
-87.130000
10
-44.180000
20
-87.130000
10
-44.330000
20
-87.080000
10
-44.330000
20
-87.080000
10
-44.500000
20
-87.050000
10
-44.500000
20
-87.050000
10
-44.670000
20
-87.030000
10
-44.670000
20
-87.030000
10
-44.850000
20
-87.020000
10
-44.850000
20
-87.020000
10
-45.030000
20
-87.030000
10
-45.030000
20
-87.030000
10
-45.190000
20
-87.050000
10
-45.190000
20
-87.050000
10
-45.340000
20
-87.080000
10
-45.340000
20
-87.080000
10
-45.480000
20
-87.130000
10
-45.480000
20
-87.130000
10
-45.610000
20
-87.190000
10
-45.610000
20
-87.190000
10
-45.730000
20
-87.270000
10
-45.730000
20
-87.270000
10
-45.840000
20
-87.360000
10
-45.840000
20
-87.360000
10
-45.940000
20
-87.450000
10
-45.940000
20
-87.450000
10
-46.020000
20
-87.560000
10
-46.020000
20
-87.560000
10
-46.100000
20
-87.670000
10
-46.100000
20
-87.670000
10
-46.160000
20
-87.800000
10
-46.160000
20
-87.800000
10
-46.210000
20
-87.940000
10
-46.210000
20
-87.940000
10
-46.250000
20
-88.080000
10
-46.250000
20
-88.080000
10
-46.270000
20
-88.240000
10
-46.270000
20
-88.240000
10
-45.550000
20
-88.290000
10
-45.550000
20
-88.290000
10
-45.520000
20
-88.110000
10
-45.520000
20
-88.110000
10
-45.460000
20
-87.960000
10
-45.460000
20
-87.960000
10
-45.380000
20
-87.830000
10
-45.380000
20
-87.830000
10
-45.280000
20
-87.730000
10
-45.280000
20
-87.730000
10
-45.150000
20
-87.660000
10
-45.150000
20
-87.660000
10
-45.010000
20
-87.620000
10
-45.010000
20
-87.620000
10
-44.840000
20
-87.610000
10
-44.840000
20
-87.610000
10
-44.750000
20
-87.610000
10
-44.750000
20
-87.610000
10
-44.670000
20
-87.620000
10
-44.670000
20
-87.620000
10
-44.590000
20
-87.640000
10
-44.590000
20
-87.640000
10
-44.520000
20
-87.670000
10
-44.520000
20
-87.670000
10
-44.450000
20
-87.700000
10
-44.450000
20
-87.700000
10
-44.390000
20
-87.740000
10
-44.390000
20
-87.740000
10
-44.340000
20
-87.790000
10
-44.340000
20
-87.790000
10
-44.290000
20
-87.840000
10
-44.290000
20
-87.840000
10
-44.250000
20
-87.900000
10
-44.250000
20
-87.900000
10
-44.210000
20
-87.960000
10
-44.210000
20
-87.960000
10
-44.190000
20
-88.030000
10
-44.190000
20
-88.030000
10
-44.170000
20
-88.100000
10
-44.170000
20
-88.100000
10
-44.160000
20
-88.190000
10
-44.160000
20
-88.190000
10
-44.150000
20
-88.270000
10
-44.150000
20
-88.270000
10
-44.160000
20
-88.350000
10
-44.160000
20
-88.350000
10
-44.170000
20
-88.420000
10
-44.170000
20
-88.420000
10
-44.190000
20
-88.490000
10
-44.190000
20
-88.490000
10
-44.210000
20
-88.560000
10
-44.210000
20
-88.560000
10
-44.250000
20
-88.640000
10
-44.250000
20
-88.640000
10
-44.290000
20
-88.710000
10
-44.290000
20
-88.710000
10
-44.340000
20
-88.790000
10
-44.340000
20
-88.790000
10
-44.400000
20
-88.870000
10
-44.400000
20
-88.870000
10
-44.480000
20
-88.960000
10
-44.480000
20
-88.960000
10
-44.580000
20
-89.060000
10
-44.580000
20
-89.060000
10
-44.690000
20
-89.170000
10
-44.690000
20
-89.170000
10
-44.810000
20
-89.280000
10
-44.810000
20
-89.280000
10
-44.950000
20
-89.410000
10
-44.950000
20
-89.410000
10
-45.100000
20
-89.540000
10
-45.100000
20
-89.540000
10
-45.240000
20
-89.650000
10
-45.240000
20
-89.650000
10
-45.360000
20
-89.760000
10
-45.360000
20
-89.760000
10
-45.480000
20
-89.870000
10
-45.480000
20
-89.870000
10
-45.590000
20
-89.980000
10
-45.590000
20
-89.980000
10
-45.690000
20
-90.090000
10
-45.690000
20
-90.090000
10
-45.790000
20
-90.190000
10
-45.790000
20
-90.190000
10
-45.870000
20
-90.290000
10
-45.870000
20
-90.290000
10
-45.950000
20
-90.390000
10
-45.950000
20
-90.390000
10
-46.030000
20
-90.490000
10
-46.030000
20
-90.490000
10
-46.100000
20
-90.590000
10
-46.100000
20
-90.590000
10
-46.160000
20
-90.690000
10
-46.160000
20
-90.690000
10
-46.220000
20
-90.790000
10
-46.220000
20
-90.790000
10
-46.270000
20
-90.890000
10
-46.270000
20
-90.890000
10
-46.320000
20
-90.990000
0
LWPOLYLINE
5
2119
100
AcDbEntity
8
0
100
AcDbPolyline
90
220
70
0
43
0.000000
10
-30.700000
20
-90.990000
10
-30.700000
20
-91.510000
10
-30.700000
20
-91.510000
10
-27.730000
20
-91.510000
10
-27.730000
20
-91.510000
10
-27.730000
20
-90.890000
10
-27.730000
20
-90.890000
10
-29.880000
20
-90.890000
10
-29.880000
20
-90.890000
10
-29.810000
20
-90.770000
10
-29.810000
20
-90.770000
10
-29.720000
20
-90.630000
10
-29.720000
20
-90.630000
10
-29.600000
20
-90.490000
10
-29.600000
20
-90.490000
10
-29.460000
20
-90.340000
10
-29.460000
20
-90.340000
10
-29.290000
20
-90.180000
10
-29.290000
20
-90.180000
10
-29.100000
20
-90.020000
10
-29.100000
20
-90.020000
10
-28.880000
20
-89.840000
10
-28.880000
20
-89.840000
10
-28.760000
20
-89.740000
10
-28.760000
20
-89.740000
10
-28.650000
20
-89.640000
10
-28.650000
20
-89.640000
10
-28.540000
20
-89.550000
10
-28.540000
20
-89.550000
10
-28.450000
20
-89.460000
10
-28.450000
20
-89.460000
10
-28.370000
20
-89.380000
10
-28.370000
20
-89.380000
10
-28.300000
20
-89.310000
10
-28.300000
20
-89.310000
10
-28.230000
20
-89.240000
10
-28.230000
20
-89.240000
10
-28.170000
20
-89.170000
10
-28.170000
20
-89.170000
10
-28.120000
20
-89.110000
10
-28.120000
20
-89.110000
10
-28.070000
20
-89.040000
10
-28.070000
20
-89.040000
10
-28.020000
20
-88.970000
10
-28.020000
20
-88.970000
10
-27.980000
20
-88.910000
10
-27.980000
20
-88.910000
10
-27.950000
20
-88.840000
10
-27.950000
20
-88.840000
10
-27.920000
20
-88.770000
10
-27.920000
20
-88.770000
10
-27.890000
20
-88.700000
10
-27.890000
20
-88.700000
10
-27.860000
20
-88.630000
10
-27.860000
20
-88.630000
10
-27.840000
20
-88.560000
10
-27.840000
20
-88.560000
10
-27.820000
20
-88.480000
10
-27.820000
20
-88.480000
10
-27.810000
20
-88.410000
10
-27.810000
20
-88.410000
10
-27.800000
20
-88.330000
10
-27.800000
20
-88.330000
10
-27.800000
20
-88.260000
10
-27.800000
20
-88.260000
10
-27.810000
20
-88.100000
10
-27.810000
20
-88.100000
10
-27.830000
20
-87.950000
10
-27.830000
20
-87.950000
10
-27.870000
20
-87.810000
10
-27.870000
20
-87.810000
10
-27.930000
20
-87.680000
10
-27.930000
20
-87.680000
10
-28.000000
20
-87.560000
10
-28.000000
20
-87.560000
10
-28.080000
20
-87.450000
10
-28.080000
20
-87.450000
10
-28.180000
20
-87.360000
10
-28.180000
20
-87.360000
10
-28.300000
20
-87.270000
10
-28.300000
20
-87.270000
10
-28.430000
20
-87.190000
10
-28.430000
20
-87.190000
10
-28.560000
20
-87.130000
10
-28.560000
20
-87.130000
10
-28.710000
20
-87.080000
10
-28.710000
20
-87.080000
10
-28.880000
20
-87.050000
10
-28.880000
20
-87.050000
10
-29.050000
20
-87.030000
10
-29.050000
20
-87.030000
10
-29.230000
20
-87.020000
10
-29.230000
20
-87.020000
10
-29.410000
20
-87.030000
10
-29.410000
20
-87.030000
10
-29.570000
20
-87.050000
10
-29.570000
20
-87.050000
10
-29.720000
20
-87.080000
10
-29.720000
20
-87.080000
10
-29.860000
20
-87.130000
10
-29.860000
20
-87.130000
10
-29.990000
20
-87.190000
10
-29.990000
20
-87.190000
10
-30.110000
20
-87.270000
10
-30.110000
20
-87.270000
10
-30.220000
20
-87.360000
10
-30.220000
20
-87.360000
10
-30.320000
20
-87.450000
10
-30.320000
20
-87.450000
10
-30.400000
20
-87.560000
10
-30.400000
20
-87.560000
10
-30.480000
20
-87.670000
10
-30.480000
20
-87.670000
10
-30.540000
20
-87.800000
10
-30.540000
20
-87.800000
10
-30.590000
20
-87.940000
10
-30.590000
20
-87.940000
10
-30.630000
20
-88.080000
10
-30.630000
20
-88.080000
10
-30.650000
20
-88.240000
10
-30.650000
20
-88.240000
10
-29.930000
20
-88.290000
10
-29.930000
20
-88.290000
10
-29.900000
20
-88.110000
10
-29.900000
20
-88.110000
10
-29.840000
20
-87.960000
10
-29.840000
20
-87.960000
10
-29.760000
20
-87.830000
10
-29.760000
20
-87.830000
10
-29.660000
20
-87.730000
10
-29.660000
20
-87.730000
10
-29.530000
20
-87.660000
10
-29.530000
20
-87.660000
10
-29.390000
20
-87.620000
10
-29.390000
20
-87.620000
10
-29.220000
20
-87.610000
10
-29.220000
20
-87.610000
10
-29.130000
20
-87.610000
10
-29.130000
20
-87.610000
10
-29.050000
20
-87.620000
10
-29.050000
20
-87.620000
10
-28.970000
20
-87.640000
10
-28.970000
20
-87.640000
10
-28.900000
20
-87.670000
10
-28.900000
20
-87.670000
10
-28.830000
20
-87.700000
10
-28.830000
20
-87.700000
10
-28.770000
20
-87.740000
10
-28.770000
20
-87.740000
10
-28.720000
20
-87.790000
10
-28.720000
20
-87.790000
10
-28.670000
20
-87.840000
10
-28.670000
20
-87.840000
10
-28.630000
20
-87.900000
10
-28.630000
20
-87.900000
10
-28.590000
20
-87.960000
10
-28.590000
20
-87.960000
10
-28.570000
20
-88.030000
10
-28.570000
20
-88.030000
10
-28.550000
20
-88.100000
10
-28.550000
20
-88.100000
10
-28.540000
20
-88.190000
10
-28.540000
20
-88.190000
10
-28.530000
20
-88.270000
10
-28.530000
20
-88.270000
10
-28.540000
20
-88.350000
10
-28.540000
20
-88.350000
10
-28.550000
20
-88.420000
10
-28.550000
20
-88.420000
10
-28.570000
20
-88.490000
10
-28.570000
20
-88.490000
10
-28.590000
20
-88.560000
10
-28.590000
20
-88.560000
10
-28.630000
20
-88.640000
10
-28.630000
20
-88.640000
10
-28.670000
20
-88.710000
10
-28.670000
20
-88.710000
10
-28.720000
20
-88.790000
10
-28.720000
20
-88.790000
10
-28.780000
20
-88.870000
10
-28.780000
20
-88.870000
10
-28.860000
20
-88.960000
10
-28.860000
20
-88.960000
10
-28.960000
20
-89.060000
10
-28.960000
20
-89.060000
10
-29.070000
20
-89.170000
10
-29.070000
20
-89.170000
10
-29.190000
20
-89.280000
10
-29.190000
20
-89.280000
10
-29.330000
20
-89.410000
10
-29.330000
20
-89.410000
10
-29.480000
20
-89.540000
10
-29.480000
20
-89.540000
10
-29.620000
20
-89.650000
10
-29.620000
20
-89.650000
10
-29.740000
20
-89.760000
10
-29.740000
20
-89.760000
10
-29.860000
20
-89.870000
10
-29.860000
20
-89.870000
10
-29.970000
20
-89.980000
10
-29.970000
20
-89.980000
10
-30.070000
20
-90.090000
10
-30.070000
20
-90.090000
10
-30.170000
20
-90.190000
10
-30.170000
20
-90.190000
10
-30.250000
20
-90.290000
10
-30.250000
20
-90.290000
10
-30.330000
20
-90.390000
10
-30.330000
20
-90.390000
10
-30.410000
20
-90.490000
10
-30.410000
20
-90.490000
10
-30.480000
20
-90.590000
10
-30.480000
20
-90.590000
10
-30.540000
20
-90.690000
10
-30.540000
20
-90.690000
10
-30.600000
20
-90.790000
10
-30.600000
20
-90.790000
10
-30.650000
20
-90.890000
10
-30.650000
20
-90.890000
10
-30.700000
20
-90.990000
0
LWPOLYLINE
5
2120
100
AcDbEntity
8
0
100
AcDbPolyline
90
334
70
0
43
0.000000
10
-12.120000
20
-90.450000
10
-12.110000
20
-90.270000
10
-12.110000
20
-90.270000
10
-12.120000
20
-90.160000
10
-12.120000
20
-90.160000
10
-12.140000
20
-90.050000
10
-12.140000
20
-90.050000
10
-12.170000
20
-89.940000
10
-12.170000
20
-89.940000
10
-12.210000
20
-89.840000
10
-12.210000
20
-89.840000
10
-12.260000
20
-89.750000
10
-12.260000
20
-89.750000
10
-12.320000
20
-89.660000
10
-12.320000
20
-89.660000
10
-12.400000
20
-89.570000
10
-12.400000
20
-89.570000
10
-12.480000
20
-89.500000
10
-12.480000
20
-89.500000
10
-12.570000
20
-89.440000
10
-12.570000
20
-89.440000
10
-12.670000
20
-89.380000
10
-12.670000
20
-89.380000
10
-12.770000
20
-89.340000
10
-12.770000
20
-89.340000
10
-12.890000
20
-89.300000
10
-12.890000
20
-89.300000
10
-13.010000
20
-89.280000
10
-13.010000
20
-89.280000
10
-13.150000
20
-89.260000
10
-13.150000
20
-89.260000
10
-13.150000
20
-89.240000
10
-13.150000
20
-89.240000
10
-13.020000
20
-89.210000
10
-13.020000
20
-89.210000
10
-12.900000
20
-89.170000
10
-12.900000
20
-89.170000
10
-12.790000
20
-89.120000
10
-12.790000
20
-89.120000
10
-12.700000
20
-89.070000
10
-12.700000
20
-89.070000
10
-12.610000
20
-89.010000
10
-12.610000
20
-89.010000
10
-12.530000
20
-88.950000
10
-12.530000
20
-88.950000
10
-12.460000
20
-88.870000
10
-12.460000
20
-88.870000
10
-12.400000
20
-88.790000
10
-12.400000
20
-88.790000
10
-12.350000
20
-88.700000
10
-12.350000
20
-88.700000
10
-12.310000
20
-88.610000
10
-12.310000
20
-88.610000
10
-12.270000
20
-88.520000
10
-12.270000
20
-88.520000
10
-12.250000
20
-88.420000
10
-12.250000
20
-88.420000
10
-12.240000
20
-88.310000
10
-12.240000
20
-88.310000
10
-12.230000
20
-88.210000
10
-12.230000
20
-88.210000
10
-12.240000
20
-88.050000
10
-12.240000
20
-88.050000
10
-12.260000
20
-87.900000
10
-12.260000
20
-87.900000
10
-12.300000
20
-87.770000
10
-12.300000
20
-87.770000
10
-12.350000
20
-87.650000
10
-12.350000
20
-87.650000
10
-12.420000
20
-87.530000
10
-12.420000
20
-87.530000
10
-12.500000
20
-87.430000
10
-12.500000
20
-87.430000
10
-12.600000
20
-87.340000
10
-12.600000
20
-87.340000
10
-12.700000
20
-87.260000
10
-12.700000
20
-87.260000
10
-12.820000
20
-87.180000
10
-12.820000
20
-87.180000
10
-12.960000
20
-87.130000
10
-12.960000
20
-87.130000
10
-13.100000
20
-87.080000
10
-13.100000
20
-87.080000
10
-13.260000
20
-87.050000
10
-13.260000
20
-87.050000
10
-13.430000
20
-87.030000
10
-13.430000
20
-87.030000
10
-13.610000
20
-87.020000
10
-13.610000
20
-87.020000
10
-13.790000
20
-87.030000
10
-13.790000
20
-87.030000
10
-13.950000
20
-87.050000
10
-13.950000
20
-87.050000
10
-14.100000
20
-87.080000
10
-14.100000
20
-87.080000
10
-14.240000
20
-87.130000
10
-14.240000
20
-87.130000
10
-14.380000
20
-87.180000
10
-14.380000
20
-87.180000
10
-14.500000
20
-87.260000
10
-14.500000
20
-87.260000
10
-14.610000
20
-87.340000
10
-14.610000
20
-87.340000
10
-14.720000
20
-87.440000
10
-14.720000
20
-87.440000
10
-14.810000
20
-87.540000
10
-14.810000
20
-87.540000
10
-14.880000
20
-87.650000
10
-14.880000
20
-87.650000
10
-14.950000
20
-87.780000
10
-14.950000
20
-87.780000
10
-15.000000
20
-87.910000
10
-15.000000
20
-87.910000
10
-15.040000
20
-88.050000
10
-15.040000
20
-88.050000
10
-15.060000
20
-88.210000
10
-15.060000
20
-88.210000
10
-14.350000
20
-88.260000
10
-14.350000
20
-88.260000
10
-14.320000
20
-88.080000
10
-14.320000
20
-88.080000
10
-14.260000
20
-87.940000
10
-14.260000
20
-87.940000
10
-14.180000
20
-87.820000
10
-14.180000
20
-87.820000
10
-14.080000
20
-87.730000
10
-14.080000
20
-87.730000
10
-13.950000
20
-87.660000
10
-13.950000
20
-87.660000
10
-13.800000
20
-87.620000
10
-13.800000
20
-87.620000
10
-13.630000
20
-87.610000
10
-13.630000
20
-87.610000
10
-13.540000
20
-87.610000
10
-13.540000
20
-87.610000
10
-13.460000
20
-87.620000
10
-13.460000
20
-87.620000
10
-13.380000
20
-87.640000
10
-13.380000
20
-87.640000
10
-13.310000
20
-87.660000
10
-13.310000
20
-87.660000
10
-13.250000
20
-87.690000
10
-13.250000
20
-87.690000
10
-13.190000
20
-87.730000
10
-13.190000
20
-87.730000
10
-13.130000
20
-87.770000
10
-13.130000
20
-87.770000
10
-13.090000
20
-87.820000
10
-13.090000
20
-87.820000
10
-13.050000
20
-87.880000
10
-13.050000
20
-87.880000
10
-13.020000
20
-87.950000
10
-13.020000
20
-87.950000
10
-12.990000
20
-88.020000
10
-12.990000
20
-88.020000
10
-12.980000
20
-88.100000
10
-12.980000
20
-88.100000
10
-12.970000
20
-88.190000
10
-12.970000
20
-88.190000
10
-12.960000
20
-88.290000
10
-12.960000
20
-88.290000
10
-12.970000
20
-88.380000
10
-12.970000
20
-88.380000
10
-12.980000
20
-88.460000
10
-12.980000
20
-88.460000
10
-13.000000
20
-88.540000
10
-13.000000
20
-88.540000
10
-13.030000
20
-88.610000
10
-13.030000
20
-88.610000
10
-13.070000
20
-88.670000
10
-13.070000
20
-88.670000
10
-13.120000
20
-88.730000
10
-13.120000
20
-88.730000
10
-13.180000
20
-88.790000
10
-13.180000
20
-88.790000
10
-13.250000
20
-88.830000
10
-13.250000
20
-88.830000
10
-13.330000
20
-88.870000
10
-13.330000
20
-88.870000
10
-13.410000
20
-88.900000
10
-13.410000
20
-88.900000
10
-13.510000
20
-88.930000
10
-13.510000
20
-88.930000
10
-13.610000
20
-88.940000
10
-13.610000
20
-88.940000
10
-13.720000
20
-88.950000
10
-13.720000
20
-88.950000
10
-13.830000
20
-88.960000
10
-13.830000
20
-88.960000
10
-14.130000
20
-88.960000
10
-14.130000
20
-88.960000
10
-14.130000
20
-89.560000
10
-14.130000
20
-89.560000
10
-13.810000
20
-89.560000
10
-13.810000
20
-89.560000
10
-13.690000
20
-89.560000
10
-13.690000
20
-89.560000
10
-13.560000
20
-89.570000
10
-13.560000
20
-89.570000
10
-13.450000
20
-89.590000
10
-13.450000
20
-89.590000
10
-13.350000
20
-89.620000
10
-13.350000
20
-89.620000
10
-13.260000
20
-89.650000
10
-13.260000
20
-89.650000
10
-13.170000
20
-89.690000
10
-13.170000
20
-89.690000
10
-13.100000
20
-89.740000
10
-13.100000
20
-89.740000
10
-13.040000
20
-89.800000
10
-13.040000
20
-89.800000
10
-12.980000
20
-89.860000
10
-12.980000
20
-89.860000
10
-12.940000
20
-89.920000
10
-12.940000
20
-89.920000
10
-12.910000
20
-89.990000
10
-12.910000
20
-89.990000
10
-12.880000
20
-90.070000
10
-12.880000
20
-90.070000
10
-12.870000
20
-90.150000
10
-12.870000
20
-90.150000
10
-12.860000
20
-90.240000
10
-12.860000
20
-90.240000
10
-12.870000
20
-90.340000
10
-12.870000
20
-90.340000
10
-12.880000
20
-90.430000
10
-12.880000
20
-90.430000
10
-12.900000
20
-90.520000
10
-12.900000
20
-90.520000
10
-12.920000
20
-90.600000
10
-12.920000
20
-90.600000
10
-12.960000
20
-90.670000
10
-12.960000
20
-90.670000
10
-13.000000
20
-90.730000
10
-13.000000
20
-90.730000
10
-13.050000
20
-90.790000
10
-13.050000
20
-90.790000
10
-13.110000
20
-90.840000
10
-13.110000
20
-90.840000
10
-13.180000
20
-90.880000
10
-13.180000
20
-90.880000
10
-13.250000
20
-90.910000
10
-13.250000
20
-90.910000
10
-13.330000
20
-90.940000
10
-13.330000
20
-90.940000
10
-13.420000
20
-90.960000
10
-13.420000
20
-90.960000
10
-13.510000
20
-90.970000
10
-13.510000
20
-90.970000
10
-13.610000
20
-90.970000
10
-13.610000
20
-90.970000
10
-13.720000
20
-90.970000
10
-13.720000
20
-90.970000
10
-13.810000
20
-90.960000
10
-13.810000
20
-90.960000
10
-13.900000
20
-90.940000
10
-13.900000
20
-90.940000
10
-13.980000
20
-90.920000
10
-13.980000
20
-90.920000
10
-14.050000
20
-90.890000
10
-14.050000
20
-90.890000
10
-14.120000
20
-90.850000
10
-14.120000
20
-90.850000
10
-14.180000
20
-90.810000
10
-14.180000
20
-90.810000
10
-14.230000
20
-90.750000
10
-14.230000
20
-90.750000
10
-14.280000
20
-90.700000
10
-14.280000
20
-90.700000
10
-14.320000
20
-90.630000
10
-14.320000
20
-90.630000
10
-14.360000
20
-90.550000
10
-14.360000
20
-90.550000
10
-14.390000
20
-90.470000
10
-14.390000
20
-90.470000
10
-14.410000
20
-90.370000
10
-14.410000
20
-90.370000
10
-14.430000
20
-90.270000
10
-14.430000
20
-90.270000
10
-15.160000
20
-90.340000
10
-15.160000
20
-90.340000
10
-15.130000
20
-90.510000
10
-15.130000
20
-90.510000
10
-15.090000
20
-90.670000
10
-15.090000
20
-90.670000
10
-15.040000
20
-90.810000
10
-15.040000
20
-90.810000
10
-14.970000
20
-90.940000
10
-14.970000
20
-90.940000
10
-14.890000
20
-91.060000
10
-14.890000
20
-91.060000
10
-14.800000
20
-91.160000
10
-14.800000
20
-91.160000
10
-14.700000
20
-91.260000
10
-14.700000
20
-91.260000
10
-14.580000
20
-91.340000
10
-14.580000
20
-91.340000
10
-14.450000
20
-91.400000
10
-14.450000
20
-91.400000
10
-14.300000
20
-91.460000
10
-14.300000
20
-91.460000
10
-14.150000
20
-91.500000
10
-14.150000
20
-91.500000
10
-13.980000
20
-91.530000
10
-13.980000
20
-91.530000
10
-13.800000
20
-91.550000
10
-13.800000
20
-91.550000
10
-13.610000
20
-91.560000
10
-13.610000
20
-91.560000
10
-13.420000
20
-91.550000
10
-13.420000
20
-91.550000
10
-13.230000
20
-91.530000
10
-13.230000
20
-91.530000
10
-13.060000
20
-91.500000
10
-13.060000
20
-91.500000
10
-12.900000
20
-91.450000
10
-12.900000
20
-91.450000
10
-12.750000
20
-91.400000
10
-12.750000
20
-91.400000
10
-12.620000
20
-91.320000
10
-12.620000
20
-91.320000
10
-12.500000
20
-91.240000
10
-12.500000
20
-91.240000
10
-12.400000
20
-91.140000
10
-12.400000
20
-91.140000
10
-12.310000
20
-91.020000
10
-12.310000
20
-91.020000
10
-12.240000
20
-90.900000
10
-12.240000
20
-90.900000
10
-12.180000
20
-90.760000
10
-12.180000
20
-90.760000
10
-12.150000
20
-90.610000
10
-12.150000
20
-90.610000
10
-12.120000
20
-90.450000
0
LWPOLYLINE
5
2121
100
AcDbEntity
8
0
100
AcDbPolyline
90
334
70
0
43
0.000000
10
-8.220000
20
-90.450000
10
-8.210000
20
-90.270000
10
-8.210000
20
-90.270000
10
-8.210000
20
-90.160000
10
-8.210000
20
-90.160000
10
-8.230000
20
-90.050000
10
-8.230000
20
-90.050000
10
-8.260000
20
-89.940000
10
-8.260000
20
-89.940000
10
-8.300000
20
-89.840000
10
-8.300000
20
-89.840000
10
-8.350000
20
-89.750000
10
-8.350000
20
-89.750000
10
-8.420000
20
-89.660000
10
-8.420000
20
-89.660000
10
-8.490000
20
-89.570000
10
-8.490000
20
-89.570000
10
-8.570000
20
-89.500000
10
-8.570000
20
-89.500000
10
-8.660000
20
-89.440000
10
-8.660000
20
-89.440000
10
-8.760000
20
-89.380000
10
-8.760000
20
-89.380000
10
-8.870000
20
-89.340000
10
-8.870000
20
-89.340000
10
-8.980000
20
-89.300000
10
-8.980000
20
-89.300000
10
-9.110000
20
-89.280000
10
-9.110000
20
-89.280000
10
-9.240000
20
-89.260000
10
-9.240000
20
-89.260000
10
-9.240000
20
-89.240000
10
-9.240000
20
-89.240000
10
-9.110000
20
-89.210000
10
-9.110000
20
-89.210000
10
-9.000000
20
-89.170000
10
-9.000000
20
-89.170000
10
-8.890000
20
-89.120000
10
-8.890000
20
-89.120000
10
-8.790000
20
-89.070000
10
-8.790000
20
-89.070000
10
-8.700000
20
-89.010000
10
-8.700000
20
-89.010000
10
-8.630000
20
-88.950000
10
-8.630000
20
-88.950000
10
-8.560000
20
-88.870000
10
-8.560000
20
-88.870000
10
-8.500000
20
-88.790000
10
-8.500000
20
-88.790000
10
-8.440000
20
-88.700000
10
-8.440000
20
-88.700000
10
-8.400000
20
-88.610000
10
-8.400000
20
-88.610000
10
-8.370000
20
-88.520000
10
-8.370000
20
-88.520000
10
-8.340000
20
-88.420000
10
-8.340000
20
-88.420000
10
-8.330000
20
-88.310000
10
-8.330000
20
-88.310000
10
-8.330000
20
-88.210000
10
-8.330000
20
-88.210000
10
-8.330000
20
-88.050000
10
-8.330000
20
-88.050000
10
-8.360000
20
-87.900000
10
-8.360000
20
-87.900000
10
-8.390000
20
-87.770000
10
-8.390000
20
-87.770000
10
-8.450000
20
-87.650000
10
-8.450000
20
-87.650000
10
-8.510000
20
-87.530000
10
-8.510000
20
-87.530000
10
-8.590000
20
-87.430000
10
-8.590000
20
-87.430000
10
-8.690000
20
-87.340000
10
-8.690000
20
-87.340000
10
-8.800000
20
-87.260000
10
-8.800000
20
-87.260000
10
-8.920000
20
-87.180000
10
-8.920000
20
-87.180000
10
-9.050000
20
-87.130000
10
-9.050000
20
-87.130000
10
-9.200000
20
-87.080000
10
-9.200000
20
-87.080000
10
-9.350000
20
-87.050000
10
-9.350000
20
-87.050000
10
-9.520000
20
-87.030000
10
-9.520000
20
-87.030000
10
-9.710000
20
-87.020000
10
-9.710000
20
-87.020000
10
-9.880000
20
-87.030000
10
-9.880000
20
-87.030000
10
-10.040000
20
-87.050000
10
-10.040000
20
-87.050000
10
-10.190000
20
-87.080000
10
-10.190000
20
-87.080000
10
-10.340000
20
-87.130000
10
-10.340000
20
-87.130000
10
-10.470000
20
-87.180000
10
-10.470000
20
-87.180000
10
-10.590000
20
-87.260000
10
-10.590000
20
-87.260000
10
-10.710000
20
-87.340000
10
-10.710000
20
-87.340000
10
-10.810000
20
-87.440000
10
-10.810000
20
-87.440000
10
-10.900000
20
-87.540000
10
-10.900000
20
-87.540000
10
-10.980000
20
-87.650000
10
-10.980000
20
-87.650000
10
-11.040000
20
-87.780000
10
-11.040000
20
-87.780000
10
-11.090000
20
-87.910000
10
-11.090000
20
-87.910000
10
-11.130000
20
-88.050000
10
-11.130000
20
-88.050000
10
-11.160000
20
-88.210000
10
-11.160000
20
-88.210000
10
-10.440000
20
-88.260000
10
-10.440000
20
-88.260000
10
-10.410000
20
-88.080000
10
-10.410000
20
-88.080000
10
-10.360000
20
-87.940000
10
-10.360000
20
-87.940000
10
-10.280000
20
-87.820000
10
-10.280000
20
-87.820000
10
-10.180000
20
-87.730000
10
-10.180000
20
-87.730000
10
-10.050000
20
-87.660000
10
-10.050000
20
-87.660000
10
-9.900000
20
-87.620000
10
-9.900000
20
-87.620000
10
-9.730000
20
-87.610000
10
-9.730000
20
-87.610000
10
-9.640000
20
-87.610000
10
-9.640000
20
-87.610000
10
-9.560000
20
-87.620000
10
-9.560000
20
-87.620000
10
-9.480000
20
-87.640000
10
-9.480000
20
-87.640000
10
-9.410000
20
-87.660000
10
-9.410000
20
-87.660000
10
-9.340000
20
-87.690000
10
-9.340000
20
-87.690000
10
-9.280000
20
-87.730000
10
-9.280000
20
-87.730000
10
-9.230000
20
-87.770000
10
-9.230000
20
-87.770000
10
-9.180000
20
-87.820000
10
-9.180000
20
-87.820000
10
-9.140000
20
-87.880000
10
-9.140000
20
-87.880000
10
-9.110000
20
-87.950000
10
-9.110000
20
-87.950000
10
-9.090000
20
-88.020000
10
-9.090000
20
-88.020000
10
-9.070000
20
-88.100000
10
-9.070000
20
-88.100000
10
-9.060000
20
-88.190000
10
-9.060000
20
-88.190000
10
-9.060000
20
-88.290000
10
-9.060000
20
-88.290000
10
-9.060000
20
-88.380000
10
-9.060000
20
-88.380000
10
-9.080000
20
-88.460000
10
-9.080000
20
-88.460000
10
-9.100000
20
-88.540000
10
-9.100000
20
-88.540000
10
-9.130000
20
-88.610000
10
-9.130000
20
-88.610000
10
-9.170000
20
-88.670000
10
-9.170000
20
-88.670000
10
-9.220000
20
-88.730000
10
-9.220000
20
-88.730000
10
-9.280000
20
-88.790000
10
-9.280000
20
-88.790000
10
-9.350000
20
-88.830000
10
-9.350000
20
-88.830000
10
-9.420000
20
-88.870000
10
-9.420000
20
-88.870000
10
-9.510000
20
-88.900000
10
-9.510000
20
-88.900000
10
-9.600000
20
-88.930000
10
-9.600000
20
-88.930000
10
-9.700000
20
-88.940000
10
-9.700000
20
-88.940000
10
-9.810000
20
-88.950000
10
-9.810000
20
-88.950000
10
-9.930000
20
-88.960000
10
-9.930000
20
-88.960000
10
-10.230000
20
-88.960000
10
-10.230000
20
-88.960000
10
-10.230000
20
-89.560000
10
-10.230000
20
-89.560000
10
-9.910000
20
-89.560000
10
-9.910000
20
-89.560000
10
-9.780000
20
-89.560000
10
-9.780000
20
-89.560000
10
-9.660000
20
-89.570000
10
-9.660000
20
-89.570000
10
-9.550000
20
-89.590000
10
-9.550000
20
-89.590000
10
-9.450000
20
-89.620000
10
-9.450000
20
-89.620000
10
-9.350000
20
-89.650000
10
-9.350000
20
-89.650000
10
-9.270000
20
-89.690000
10
-9.270000
20
-89.690000
10
-9.190000
20
-89.740000
10
-9.190000
20
-89.740000
10
-9.130000
20
-89.800000
10
-9.130000
20
-89.800000
10
-9.080000
20
-89.860000
10
-9.080000
20
-89.860000
10
-9.040000
20
-89.920000
10
-9.040000
20
-89.920000
10
-9.000000
20
-89.990000
10
-9.000000
20
-89.990000
10
-8.980000
20
-90.070000
10
-8.980000
20
-90.070000
10
-8.960000
20
-90.150000
10
-8.960000
20
-90.150000
10
-8.960000
20
-90.240000
10
-8.960000
20
-90.240000
10
-8.960000
20
-90.340000
10
-8.960000
20
-90.340000
10
-8.970000
20
-90.430000
10
-8.970000
20
-90.430000
10
-8.990000
20
-90.520000
10
-8.990000
20
-90.520000
10
-9.020000
20
-90.600000
10
-9.020000
20
-90.600000
10
-9.050000
20
-90.670000
10
-9.050000
20
-90.670000
10
-9.090000
20
-90.730000
10
-9.090000
20
-90.730000
10
-9.140000
20
-90.790000
10
-9.140000
20
-90.790000
10
-9.200000
20
-90.840000
10
-9.200000
20
-90.840000
10
-9.270000
20
-90.880000
10
-9.270000
20
-90.880000
10
-9.340000
20
-90.910000
10
-9.340000
20
-90.910000
10
-9.430000
20
-90.940000
10
-9.430000
20
-90.940000
10
-9.510000
20
-90.960000
10
-9.510000
20
-90.960000
10
-9.610000
20
-90.970000
10
-9.610000
20
-90.970000
10
-9.710000
20
-90.970000
10
-9.710000
20
-90.970000
10
-9.810000
20
-90.970000
10
-9.810000
20
-90.970000
10
-9.900000
20
-90.960000
10
-9.900000
20
-90.960000
10
-9.990000
20
-90.940000
10
-9.990000
20
-90.940000
10
-10.070000
20
-90.920000
10
-10.070000
20
-90.920000
10
-10.150000
20
-90.890000
10
-10.150000
20
-90.890000
10
-10.220000
20
-90.850000
10
-10.220000
20
-90.850000
10
-10.280000
20
-90.810000
10
-10.280000
20
-90.810000
10
-10.330000
20
-90.750000
10
-10.330000
20
-90.750000
10
-10.380000
20
-90.700000
10
-10.380000
20
-90.700000
10
-10.420000
20
-90.630000
10
-10.420000
20
-90.630000
10
-10.460000
20
-90.550000
10
-10.460000
20
-90.550000
10
-10.480000
20
-90.470000
10
-10.480000
20
-90.470000
10
-10.510000
20
-90.370000
10
-10.510000
20
-90.370000
10
-10.530000
20
-90.270000
10
-10.530000
20
-90.270000
10
-11.260000
20
-90.340000
10
-11.260000
20
-90.340000
10
-11.230000
20
-90.510000
10
-11.230000
20
-90.510000
10
-11.190000
20
-90.670000
10
-11.190000
20
-90.670000
10
-11.130000
20
-90.810000
10
-11.130000
20
-90.810000
10
-11.070000
20
-90.940000
10
-11.070000
20
-90.940000
10
-10.990000
20
-91.060000
10
-10.990000
20
-91.060000
10
-10.900000
20
-91.160000
10
-10.900000
20
-91.160000
10
-10.790000
20
-91.260000
10
-10.790000
20
-91.260000
10
-10.670000
20
-91.340000
10
-10.670000
20
-91.340000
10
-10.540000
20
-91.400000
10
-10.540000
20
-91.400000
10
-10.400000
20
-91.460000
10
-10.400000
20
-91.460000
10
-10.240000
20
-91.500000
10
-10.240000
20
-91.500000
10
-10.080000
20
-91.530000
10
-10.080000
20
-91.530000
10
-9.900000
20
-91.550000
10
-9.900000
20
-91.550000
10
-9.710000
20
-91.560000
10
-9.710000
20
-91.560000
10
-9.510000
20
-91.550000
10
-9.510000
20
-91.550000
10
-9.330000
20
-91.530000
10
-9.330000
20
-91.530000
10
-9.150000
20
-91.500000
10
-9.150000
20
-91.500000
10
-8.990000
20
-91.450000
10
-8.990000
20
-91.450000
10
-8.850000
20
-91.400000
10
-8.850000
20
-91.400000
10
-8.710000
20
-91.320000
10
-8.710000
20
-91.320000
10
-8.590000
20
-91.240000
10
-8.590000
20
-91.240000
10
-8.490000
20
-91.140000
10
-8.490000
20
-91.140000
10
-8.400000
20
-91.020000
10
-8.400000
20
-91.020000
10
-8.330000
20
-90.900000
10
-8.330000
20
-90.900000
10
-8.280000
20
-90.760000
10
-8.280000
20
-90.760000
10
-8.240000
20
-90.610000
10
-8.240000
20
-90.610000
10
-8.220000
20
-90.450000
0
LWPOLYLINE
5
2122
100
AcDbEntity
8
0
100
AcDbPolyline
90
8
70
0
43
0.000000
10
-6.870000
20
-89.560000
10
-6.870000
20
-90.190000
10
-6.870000
20
-90.190000
10
-5.050000
20
-90.190000
10
-5.050000
20
-90.190000
10
-5.050000
20
-89.560000
10
-5.050000
20
-89.560000
10
-6.870000
20
-89.560000
0
LWPOLYLINE
5
2123
100
AcDbEntity
8
0
100
AcDbPolyline
90
22
70
0
43
0.000000
10
-2.420000
20
-90.920000
10
-3.550000
20
-90.920000
10
-3.550000
20
-90.920000
10
-3.550000
20
-91.510000
10
-3.550000
20
-91.510000
10
-0.730000
20
-91.510000
10
-0.730000
20
-91.510000
10
-0.730000
20
-90.920000
10
-0.730000
20
-90.920000
10
-1.700000
20
-90.920000
10
-1.700000
20
-90.920000
10
-1.700000
20
-87.090000
10
-1.700000
20
-87.090000
10
-2.370000
20
-87.090000
10
-2.370000
20
-87.090000
10
-3.450000
20
-87.810000
10
-3.450000
20
-87.810000
10
-3.450000
20
-88.410000
10
-3.450000
20
-88.410000
10
-2.420000
20
-87.760000
10
-2.420000
20
-87.760000
10
-2.420000
20
-90.920000
0
LWPOLYLINE
5
2124
100
AcDbEntity
8
0
100
AcDbPolyline
90
238
70
0
43
0.000000
10
11.670000
20
-90.250000
10
11.680000
20
-90.060000
10
11.680000
20
-90.060000
10
11.670000
20
-89.870000
10
11.670000
20
-89.870000
10
11.650000
20
-89.700000
10
11.650000
20
-89.700000
10
11.610000
20
-89.540000
10
11.610000
20
-89.540000
10
11.560000
20
-89.390000
10
11.560000
20
-89.390000
10
11.500000
20
-89.260000
10
11.500000
20
-89.260000
10
11.420000
20
-89.130000
10
11.420000
20
-89.130000
10
11.330000
20
-89.020000
10
11.330000
20
-89.020000
10
11.220000
20
-88.920000
10
11.220000
20
-88.920000
10
11.100000
20
-88.840000
10
11.100000
20
-88.840000
10
10.970000
20
-88.770000
10
10.970000
20
-88.770000
10
10.830000
20
-88.710000
10
10.830000
20
-88.710000
10
10.670000
20
-88.670000
10
10.670000
20
-88.670000
10
10.510000
20
-88.650000
10
10.510000
20
-88.650000
10
10.340000
20
-88.640000
10
10.340000
20
-88.640000
10
10.200000
20
-88.650000
10
10.200000
20
-88.650000
10
10.060000
20
-88.660000
10
10.060000
20
-88.660000
10
9.940000
20
-88.690000
10
9.940000
20
-88.690000
10
9.820000
20
-88.730000
10
9.820000
20
-88.730000
10
9.710000
20
-88.780000
10
9.710000
20
-88.780000
10
9.600000
20
-88.840000
10
9.600000
20
-88.840000
10
9.510000
20
-88.910000
10
9.510000
20
-88.910000
10
9.580000
20
-87.690000
10
9.580000
20
-87.690000
10
11.430000
20
-87.690000
10
11.430000
20
-87.690000
10
11.430000
20
-87.090000
10
11.430000
20
-87.090000
10
8.960000
20
-87.090000
10
8.960000
20
-87.090000
10
8.810000
20
-89.510000
10
8.810000
20
-89.510000
10
9.490000
20
-89.510000
10
9.490000
20
-89.510000
10
9.540000
20
-89.470000
10
9.540000
20
-89.470000
10
9.590000
20
-89.430000
10
9.590000
20
-89.430000
10
9.640000
20
-89.390000
10
9.640000
20
-89.390000
10
9.680000
20
-89.360000
10
9.680000
20
-89.360000
10
9.730000
20
-89.330000
10
9.730000
20
-89.330000
10
9.780000
20
-89.310000
10
9.780000
20
-89.310000
10
9.830000
20
-89.290000
10
9.830000
20
-89.290000
10
9.870000
20
-89.270000
10
9.870000
20
-89.270000
10
9.920000
20
-89.260000
10
9.920000
20
-89.260000
10
9.970000
20
-89.250000
10
9.970000
20
-89.250000
10
10.020000
20
-89.240000
10
10.020000
20
-89.240000
10
10.070000
20
-89.230000
10
10.070000
20
-89.230000
10
10.130000
20
-89.220000
10
10.130000
20
-89.220000
10
10.190000
20
-89.220000
10
10.190000
20
-89.220000
10
10.290000
20
-89.230000
10
10.290000
20
-89.230000
10
10.380000
20
-89.240000
10
10.380000
20
-89.240000
10
10.470000
20
-89.270000
10
10.470000
20
-89.270000
10
10.540000
20
-89.300000
10
10.540000
20
-89.300000
10
10.620000
20
-89.340000
10
10.620000
20
-89.340000
10
10.680000
20
-89.390000
10
10.680000
20
-89.390000
10
10.740000
20
-89.460000
10
10.740000
20
-89.460000
10
10.800000
20
-89.520000
10
10.800000
20
-89.520000
10
10.840000
20
-89.590000
10
10.840000
20
-89.590000
10
10.880000
20
-89.670000
10
10.880000
20
-89.670000
10
10.910000
20
-89.760000
10
10.910000
20
-89.760000
10
10.930000
20
-89.850000
10
10.930000
20
-89.850000
10
10.940000
20
-89.950000
10
10.940000
20
-89.950000
10
10.940000
20
-90.060000
10
10.940000
20
-90.060000
10
10.940000
20
-90.180000
10
10.940000
20
-90.180000
10
10.930000
20
-90.300000
10
10.930000
20
-90.300000
10
10.910000
20
-90.410000
10
10.910000
20
-90.410000
10
10.880000
20
-90.510000
10
10.880000
20
-90.510000
10
10.840000
20
-90.600000
10
10.840000
20
-90.600000
10
10.800000
20
-90.680000
10
10.800000
20
-90.680000
10
10.740000
20
-90.760000
10
10.740000
20
-90.760000
10
10.680000
20
-90.820000
10
10.680000
20
-90.820000
10
10.610000
20
-90.870000
10
10.610000
20
-90.870000
10
10.530000
20
-90.910000
10
10.530000
20
-90.910000
10
10.440000
20
-90.950000
10
10.440000
20
-90.950000
10
10.350000
20
-90.970000
10
10.350000
20
-90.970000
10
10.250000
20
-90.990000
10
10.250000
20
-90.990000
10
10.140000
20
-90.990000
10
10.140000
20
-90.990000
10
10.080000
20
-90.990000
10
10.080000
20
-90.990000
10
10.020000
20
-90.980000
10
10.020000
20
-90.980000
10
9.970000
20
-90.980000
10
9.970000
20
-90.980000
10
9.920000
20
-90.970000
10
9.920000
20
-90.970000
10
9.870000
20
-90.960000
10
9.870000
20
-90.960000
10
9.820000
20
-90.940000
10
9.820000
20
-90.940000
10
9.780000
20
-90.920000
10
9.780000
20
-90.920000
10
9.740000
20
-90.900000
10
9.740000
20
-90.900000
10
9.700000
20
-90.880000
10
9.700000
20
-90.880000
10
9.670000
20
-90.860000
10
9.670000
20
-90.860000
10
9.630000
20
-90.830000
10
9.630000
20
-90.830000
10
9.600000
20
-90.800000
10
9.600000
20
-90.800000
10
9.570000
20
-90.770000
10
9.570000
20
-90.770000
10
9.540000
20
-90.740000
10
9.540000
20
-90.740000
10
9.520000
20
-90.700000
10
9.520000
20
-90.700000
10
9.500000
20
-90.660000
10
9.500000
20
-90.660000
10
9.470000
20
-90.620000
10
9.470000
20
-90.620000
10
9.450000
20
-90.570000
10
9.450000
20
-90.570000
10
9.430000
20
-90.510000
10
9.430000
20
-90.510000
10
9.410000
20
-90.450000
10
9.410000
20
-90.450000
10
9.390000
20
-90.390000
10
9.390000
20
-90.390000
10
8.680000
20
-90.460000
10
8.680000
20
-90.460000
10
8.710000
20
-90.610000
10
8.710000
20
-90.610000
10
8.750000
20
-90.750000
10
8.750000
20
-90.750000
10
8.810000
20
-90.880000
10
8.810000
20
-90.880000
10
8.870000
20
-90.990000
10
8.870000
20
-90.990000
10
8.950000
20
-91.100000
10
8.950000
20
-91.100000
10
9.030000
20
-91.190000
10
9.030000
20
-91.190000
10
9.130000
20
-91.270000
10
9.130000
20
-91.270000
10
9.240000
20
-91.350000
10
9.240000
20
-91.350000
10
9.360000
20
-91.410000
10
9.360000
20
-91.410000
10
9.490000
20
-91.460000
10
9.490000
20
-91.460000
10
9.630000
20
-91.500000
10
9.630000
20
-91.500000
10
9.780000
20
-91.530000
10
9.780000
20
-91.530000
10
9.940000
20
-91.550000
10
9.940000
20
-91.550000
10
10.110000
20
-91.560000
10
10.110000
20
-91.560000
10
10.310000
20
-91.550000
10
10.310000
20
-91.550000
10
10.500000
20
-91.520000
10
10.500000
20
-91.520000
10
10.680000
20
-91.480000
10
10.680000
20
-91.480000
10
10.840000
20
-91.430000
10
10.840000
20
-91.430000
10
11.000000
20
-91.350000
10
11.000000
20
-91.350000
10
11.130000
20
-91.260000
10
11.130000
20
-91.260000
10
11.260000
20
-91.160000
10
11.260000
20
-91.160000
10
11.370000
20
-91.040000
10
11.370000
20
-91.040000
10
11.460000
20
-90.900000
10
11.460000
20
-90.900000
10
11.540000
20
-90.760000
10
11.540000
20
-90.760000
10
11.600000
20
-90.600000
10
11.600000
20
-90.600000
10
11.640000
20
-90.430000
10
11.640000
20
-90.430000
10
11.670000
20
-90.250000
0
LWPOLYLINE
5
2125
100
AcDbEntity
8
0
100
AcDbPolyline
90
238
70
0
43
0.000000
10
19.480000
20
-90.250000
10
19.490000
20
-90.060000
10
19.490000
20
-90.060000
10
19.480000
20
-89.870000
10
19.480000
20
-89.870000
10
19.460000
20
-89.700000
10
19.460000
20
-89.700000
10
19.420000
20
-89.540000
10
19.420000
20
-89.540000
10
19.370000
20
-89.390000
10
19.370000
20
-89.390000
10
19.310000
20
-89.260000
10
19.310000
20
-89.260000
10
19.230000
20
-89.130000
10
19.230000
20
-89.130000
10
19.140000
20
-89.020000
10
19.140000
20
-89.020000
10
19.030000
20
-88.920000
10
19.030000
20
-88.920000
10
18.910000
20
-88.840000
10
18.910000
20
-88.840000
10
18.780000
20
-88.770000
10
18.780000
20
-88.770000
10
18.640000
20
-88.710000
10
18.640000
20
-88.710000
10
18.480000
20
-88.670000
10
18.480000
20
-88.670000
10
18.320000
20
-88.650000
10
18.320000
20
-88.650000
10
18.150000
20
-88.640000
10
18.150000
20
-88.640000
10
18.010000
20
-88.650000
10
18.010000
20
-88.650000
10
17.870000
20
-88.660000
10
17.870000
20
-88.660000
10
17.750000
20
-88.690000
10
17.750000
20
-88.690000
10
17.630000
20
-88.730000
10
17.630000
20
-88.730000
10
17.520000
20
-88.780000
10
17.520000
20
-88.780000
10
17.410000
20
-88.840000
10
17.410000
20
-88.840000
10
17.320000
20
-88.910000
10
17.320000
20
-88.910000
10
17.390000
20
-87.690000
10
17.390000
20
-87.690000
10
19.240000
20
-87.690000
10
19.240000
20
-87.690000
10
19.240000
20
-87.090000
10
19.240000
20
-87.090000
10
16.770000
20
-87.090000
10
16.770000
20
-87.090000
10
16.620000
20
-89.510000
10
16.620000
20
-89.510000
10
17.300000
20
-89.510000
10
17.300000
20
-89.510000
10
17.350000
20
-89.470000
10
17.350000
20
-89.470000
10
17.400000
20
-89.430000
10
17.400000
20
-89.430000
10
17.450000
20
-89.390000
10
17.450000
20
-89.390000
10
17.490000
20
-89.360000
10
17.490000
20
-89.360000
10
17.540000
20
-89.330000
10
17.540000
20
-89.330000
10
17.590000
20
-89.310000
10
17.590000
20
-89.310000
10
17.640000
20
-89.290000
10
17.640000
20
-89.290000
10
17.680000
20
-89.270000
10
17.680000
20
-89.270000
10
17.730000
20
-89.260000
10
17.730000
20
-89.260000
10
17.780000
20
-89.250000
10
17.780000
20
-89.250000
10
17.830000
20
-89.240000
10
17.830000
20
-89.240000
10
17.880000
20
-89.230000
10
17.880000
20
-89.230000
10
17.940000
20
-89.220000
10
17.940000
20
-89.220000
10
18.000000
20
-89.220000
10
18.000000
20
-89.220000
10
18.100000
20
-89.230000
10
18.100000
20
-89.230000
10
18.190000
20
-89.240000
10
18.190000
20
-89.240000
10
18.280000
20
-89.270000
10
18.280000
20
-89.270000
10
18.350000
20
-89.300000
10
18.350000
20
-89.300000
10
18.430000
20
-89.340000
10
18.430000
20
-89.340000
10
18.490000
20
-89.390000
10
18.490000
20
-89.390000
10
18.550000
20
-89.460000
10
18.550000
20
-89.460000
10
18.610000
20
-89.520000
10
18.610000
20
-89.520000
10
18.650000
20
-89.590000
10
18.650000
20
-89.590000
10
18.690000
20
-89.670000
10
18.690000
20
-89.670000
10
18.720000
20
-89.760000
10
18.720000
20
-89.760000
10
18.740000
20
-89.850000
10
18.740000
20
-89.850000
10
18.750000
20
-89.950000
10
18.750000
20
-89.950000
10
18.750000
20
-90.060000
10
18.750000
20
-90.060000
10
18.750000
20
-90.180000
10
18.750000
20
-90.180000
10
18.740000
20
-90.300000
10
18.740000
20
-90.300000
10
18.720000
20
-90.410000
10
18.720000
20
-90.410000
10
18.690000
20
-90.510000
10
18.690000
20
-90.510000
10
18.650000
20
-90.600000
10
18.650000
20
-90.600000
10
18.610000
20
-90.680000
10
18.610000
20
-90.680000
10
18.550000
20
-90.760000
10
18.550000
20
-90.760000
10
18.490000
20
-90.820000
10
18.490000
20
-90.820000
10
18.420000
20
-90.870000
10
18.420000
20
-90.870000
10
18.340000
20
-90.910000
10
18.340000
20
-90.910000
10
18.250000
20
-90.950000
10
18.250000
20
-90.950000
10
18.160000
20
-90.970000
10
18.160000
20
-90.970000
10
18.060000
20
-90.990000
10
18.060000
20
-90.990000
10
17.950000
20
-90.990000
10
17.950000
20
-90.990000
10
17.890000
20
-90.990000
10
17.890000
20
-90.990000
10
17.830000
20
-90.980000
10
17.830000
20
-90.980000
10
17.780000
20
-90.980000
10
17.780000
20
-90.980000
10
17.730000
20
-90.970000
10
17.730000
20
-90.970000
10
17.680000
20
-90.960000
10
17.680000
20
-90.960000
10
17.630000
20
-90.940000
10
17.630000
20
-90.940000
10
17.590000
20
-90.920000
10
17.590000
20
-90.920000
10
17.550000
20
-90.900000
10
17.550000
20
-90.900000
10
17.510000
20
-90.880000
10
17.510000
20
-90.880000
10
17.480000
20
-90.860000
10
17.480000
20
-90.860000
10
17.440000
20
-90.830000
10
17.440000
20
-90.830000
10
17.410000
20
-90.800000
10
17.410000
20
-90.800000
10
17.380000
20
-90.770000
10
17.380000
20
-90.770000
10
17.350000
20
-90.740000
10
17.350000
20
-90.740000
10
17.330000
20
-90.700000
10
17.330000
20
-90.700000
10
17.310000
20
-90.660000
10
17.310000
20
-90.660000
10
17.280000
20
-90.620000
10
17.280000
20
-90.620000
10
17.260000
20
-90.570000
10
17.260000
20
-90.570000
10
17.240000
20
-90.510000
10
17.240000
20
-90.510000
10
17.220000
20
-90.450000
10
17.220000
20
-90.450000
10
17.200000
20
-90.390000
10
17.200000
20
-90.390000
10
16.490000
20
-90.460000
10
16.490000
20
-90.460000
10
16.520000
20
-90.610000
10
16.520000
20
-90.610000
10
16.560000
20
-90.750000
10
16.560000
20
-90.750000
10
16.620000
20
-90.880000
10
16.620000
20
-90.880000
10
16.680000
20
-90.990000
10
16.680000
20
-90.990000
10
16.760000
20
-91.100000
10
16.760000
20
-91.100000
10
16.840000
20
-91.190000
10
16.840000
20
-91.190000
10
16.940000
20
-91.270000
10
16.940000
20
-91.270000
10
17.050000
20
-91.350000
10
17.050000
20
-91.350000
10
17.170000
20
-91.410000
10
17.170000
20
-91.410000
10
17.300000
20
-91.460000
10
17.300000
20
-91.460000
10
17.440000
20
-91.500000
10
17.440000
20
-91.500000
10
17.590000
20
-91.530000
10
17.590000
20
-91.530000
10
17.750000
20
-91.550000
10
17.750000
20
-91.550000
10
17.920000
20
-91.560000
10
17.920000
20
-91.560000
10
18.120000
20
-91.550000
10
18.120000
20
-91.550000
10
18.310000
20
-91.520000
10
18.310000
20
-91.520000
10
18.490000
20
-91.480000
10
18.490000
20
-91.480000
10
18.650000
20
-91.430000
10
18.650000
20
-91.430000
10
18.810000
20
-91.350000
10
18.810000
20
-91.350000
10
18.940000
20
-91.260000
10
18.940000
20
-91.260000
10
19.070000
20
-91.160000
10
19.070000
20
-91.160000
10
19.180000
20
-91.040000
10
19.180000
20
-91.040000
10
19.270000
20
-90.900000
10
19.270000
20
-90.900000
10
19.350000
20
-90.760000
10
19.350000
20
-90.760000
10
19.410000
20
-90.600000
10
19.410000
20
-90.600000
10
19.450000
20
-90.430000
10
19.450000
20
-90.430000
10
19.480000
20
-90.250000
0
LWPOLYLINE
5
2126
100
AcDbEntity
8
0
100
AcDbPolyline
90
22
70
0
43
0.000000
10
29.500000
20
-90.920000
10
28.370000
20
-90.920000
10
28.370000
20
-90.920000
10
28.370000
20
-91.510000
10
28.370000
20
-91.510000
10
31.180000
20
-91.510000
10
31.180000
20
-91.510000
10
31.180000
20
-90.920000
10
31.180000
20
-90.920000
10
30.220000
20
-90.920000
10
30.220000
20
-90.920000
10
30.220000
20
-87.090000
10
30.220000
20
-87.090000
10
29.550000
20
-87.090000
10
29.550000
20
-87.090000
10
28.470000
20
-87.810000
10
28.470000
20
-87.810000
10
28.470000
20
-88.410000
10
28.470000
20
-88.410000
10
29.500000
20
-87.760000
10
29.500000
20
-87.760000
10
29.500000
20
-90.920000
0
LWPOLYLINE
5
2127
100
AcDbEntity
8
0
100
AcDbPolyline
90
22
70
0
43
0.000000
10
33.410000
20
-90.920000
10
32.270000
20
-90.920000
10
32.270000
20
-90.920000
10
32.270000
20
-91.510000
10
32.270000
20
-91.510000
10
35.090000
20
-91.510000
10
35.090000
20
-91.510000
10
35.090000
20
-90.920000
10
35.090000
20
-90.920000
10
34.120000
20
-90.920000
10
34.120000
20
-90.920000
10
34.120000
20
-87.090000
10
34.120000
20
-87.090000
10
33.460000
20
-87.090000
10
33.460000
20
-87.090000
10
32.370000
20
-87.810000
10
32.370000
20
-87.810000
10
32.370000
20
-88.410000
10
32.370000
20
-88.410000
10
33.410000
20
-87.760000
10
33.410000
20
-87.760000
10
33.410000
20
-90.920000
0
LWPOLYLINE
5
2128
100
AcDbEntity
8
0
100
AcDbPolyline
90
116
70
0
43
0.000000
10
42.790000
20
-89.590000
10
42.790000
20
-89.840000
10
42.790000
20
-89.840000
10
42.790000
20
-90.080000
10
42.790000
20
-90.080000
10
42.810000
20
-90.320000
10
42.810000
20
-90.320000
10
42.830000
20
-90.550000
10
42.830000
20
-90.550000
10
42.860000
20
-90.770000
10
42.860000
20
-90.770000
10
42.910000
20
-90.980000
10
42.910000
20
-90.980000
10
42.960000
20
-91.180000
10
42.960000
20
-91.180000
10
43.020000
20
-91.370000
10
43.020000
20
-91.370000
10
43.100000
20
-91.560000
10
43.100000
20
-91.560000
10
43.190000
20
-91.750000
10
43.190000
20
-91.750000
10
43.290000
20
-91.940000
10
43.290000
20
-91.940000
10
43.400000
20
-92.140000
10
43.400000
20
-92.140000
10
43.530000
20
-92.340000
10
43.530000
20
-92.340000
10
43.670000
20
-92.540000
10
43.670000
20
-92.540000
10
43.820000
20
-92.740000
10
43.820000
20
-92.740000
10
44.500000
20
-92.740000
10
44.500000
20
-92.740000
10
44.350000
20
-92.530000
10
44.350000
20
-92.530000
10
44.210000
20
-92.330000
10
44.210000
20
-92.330000
10
44.090000
20
-92.130000
10
44.090000
20
-92.130000
10
43.970000
20
-91.930000
10
43.970000
20
-91.930000
10
43.870000
20
-91.730000
10
43.870000
20
-91.730000
10
43.780000
20
-91.540000
10
43.780000
20
-91.540000
10
43.700000
20
-91.360000
10
43.700000
20
-91.360000
10
43.640000
20
-91.170000
10
43.640000
20
-91.170000
10
43.590000
20
-90.970000
10
43.590000
20
-90.970000
10
43.550000
20
-90.760000
10
43.550000
20
-90.760000
10
43.510000
20
-90.540000
10
43.510000
20
-90.540000
10
43.490000
20
-90.320000
10
43.490000
20
-90.320000
10
43.480000
20
-90.080000
10
43.480000
20
-90.080000
10
43.470000
20
-89.840000
10
43.470000
20
-89.840000
10
43.480000
20
-89.600000
10
43.480000
20
-89.600000
10
43.490000
20
-89.370000
10
43.490000
20
-89.370000
10
43.510000
20
-89.150000
10
43.510000
20
-89.150000
10
43.550000
20
-88.930000
10
43.550000
20
-88.930000
10
43.590000
20
-88.730000
10
43.590000
20
-88.730000
10
43.640000
20
-88.530000
10
43.640000
20
-88.530000
10
43.700000
20
-88.340000
10
43.700000
20
-88.340000
10
43.780000
20
-88.150000
10
43.780000
20
-88.150000
10
43.870000
20
-87.960000
10
43.870000
20
-87.960000
10
43.970000
20
-87.770000
10
43.970000
20
-87.770000
10
44.090000
20
-87.570000
10
44.090000
20
-87.570000
10
44.210000
20
-87.370000
10
44.210000
20
-87.370000
10
44.350000
20
-87.160000
10
44.350000
20
-87.160000
10
44.500000
20
-86.960000
10
44.500000
20
-86.960000
10
43.820000
20
-86.960000
10
43.820000
20
-86.960000
10
43.670000
20
-87.160000
10
43.670000
20
-87.160000
10
43.530000
20
-87.350000
10
43.530000
20
-87.350000
10
43.410000
20
-87.550000
10
43.410000
20
-87.550000
10
43.300000
20
-87.740000
10
43.300000
20
-87.740000
10
43.200000
20
-87.930000
10
43.200000
20
-87.930000
10
43.110000
20
-88.120000
10
43.110000
20
-88.120000
10
43.040000
20
-88.310000
10
43.040000
20
-88.310000
10
42.970000
20
-88.500000
10
42.970000
20
-88.500000
10
42.920000
20
-88.700000
10
42.920000
20
-88.700000
10
42.870000
20
-88.910000
10
42.870000
20
-88.910000
10
42.830000
20
-89.130000
10
42.830000
20
-89.130000
10
42.810000
20
-89.350000
10
42.810000
20
-89.350000
10
42.790000
20
-89.590000
0
LWPOLYLINE
5
2129
100
AcDbEntity
8
0
100
AcDbPolyline
90
116
70
0
43
0.000000
10
51.750000
20
-90.090000
10
51.750000
20
-89.840000
10
51.750000
20
-89.840000
10
51.750000
20
-89.600000
10
51.750000
20
-89.600000
10
51.730000
20
-89.370000
10
51.730000
20
-89.370000
10
51.710000
20
-89.150000
10
51.710000
20
-89.150000
10
51.680000
20
-88.930000
10
51.680000
20
-88.930000
10
51.630000
20
-88.730000
10
51.630000
20
-88.730000
10
51.580000
20
-88.530000
10
51.580000
20
-88.530000
10
51.520000
20
-88.340000
10
51.520000
20
-88.340000
10
51.440000
20
-88.160000
10
51.440000
20
-88.160000
10
51.350000
20
-87.970000
10
51.350000
20
-87.970000
10
51.250000
20
-87.780000
10
51.250000
20
-87.780000
10
51.140000
20
-87.580000
10
51.140000
20
-87.580000
10
51.010000
20
-87.380000
10
51.010000
20
-87.380000
10
50.870000
20
-87.170000
10
50.870000
20
-87.170000
10
50.720000
20
-86.960000
10
50.720000
20
-86.960000
10
50.020000
20
-86.960000
10
50.020000
20
-86.960000
10
50.170000
20
-87.170000
10
50.170000
20
-87.170000
10
50.320000
20
-87.380000
10
50.320000
20
-87.380000
10
50.440000
20
-87.580000
10
50.440000
20
-87.580000
10
50.560000
20
-87.780000
10
50.560000
20
-87.780000
10
50.660000
20
-87.980000
10
50.660000
20
-87.980000
10
50.750000
20
-88.170000
10
50.750000
20
-88.170000
10
50.820000
20
-88.360000
10
50.820000
20
-88.360000
10
50.890000
20
-88.550000
10
50.890000
20
-88.550000
10
50.940000
20
-88.740000
10
50.940000
20
-88.740000
10
50.990000
20
-88.950000
10
50.990000
20
-88.950000
10
51.020000
20
-89.160000
10
51.020000
20
-89.160000
10
51.050000
20
-89.380000
10
51.050000
20
-89.380000
10
51.060000
20
-89.610000
10
51.060000
20
-89.610000
10
51.070000
20
-89.840000
10
51.070000
20
-89.840000
10
51.060000
20
-90.080000
10
51.060000
20
-90.080000
10
51.050000
20
-90.310000
10
51.050000
20
-90.310000
10
51.020000
20
-90.530000
10
51.020000
20
-90.530000
10
50.990000
20
-90.750000
10
50.990000
20
-90.750000
10
50.940000
20
-90.950000
10
50.940000
20
-90.950000
10
50.890000
20
-91.150000
10
50.890000
20
-91.150000
10
50.820000
20
-91.340000
10
50.820000
20
-91.340000
10
50.750000
20
-91.520000
10
50.750000
20
-91.520000
10
50.660000
20
-91.710000
10
50.660000
20
-91.710000
10
50.560000
20
-91.910000
10
50.560000
20
-91.910000
10
50.440000
20
-92.110000
10
50.440000
20
-92.110000
10
50.320000
20
-92.310000
10
50.320000
20
-92.310000
10
50.170000
20
-92.520000
10
50.170000
20
-92.520000
10
50.020000
20
-92.740000
10
50.020000
20
-92.740000
10
50.720000
20
-92.740000
10
50.720000
20
-92.740000
10
50.870000
20
-92.530000
10
50.870000
20
-92.530000
10
51.010000
20
-92.320000
10
51.010000
20
-92.320000
10
51.130000
20
-92.120000
10
51.130000
20
-92.120000
10
51.240000
20
-91.920000
10
51.240000
20
-91.920000
10
51.340000
20
-91.730000
10
51.340000
20
-91.730000
10
51.430000
20
-91.540000
10
51.430000
20
-91.540000
10
51.500000
20
-91.360000
10
51.500000
20
-91.360000
10
51.570000
20
-91.170000
10
51.570000
20
-91.170000
10
51.630000
20
-90.970000
10
51.630000
20
-90.970000
10
51.670000
20
-90.770000
10
51.670000
20
-90.770000
10
51.710000
20
-90.550000
10
51.710000
20
-90.550000
10
51.730000
20
-90.320000
10
51.730000
20
-90.320000
10
51.750000
20
-90.090000
0
LWPOLYLINE
5
2630
100
AcDbEntity
8
0
100
AcDbPolyline
90
16
70
0
43
0.000000
10
-59.655278
20
72.286846
42
-0.414214
10
-54.655278
20
77.286846
10
-54.655278
20
77.286846
10
75.344717
20
77.286846
10
75.344717
20
77.286846
42
-0.414214
10
80.344722
20
72.286846
10
80.344722
20
72.286846
10
80.344722
20
-47.713154
10
80.344722
20
-47.713154
42
-0.414214
10
75.344717
20
-52.713154
10
75.344717
20
-52.713154
10
-54.655278
20
-52.713154
10
-54.655278
20
-52.713154
42
-0.414214
10
-59.655278
20
-47.713154
10
-59.655278
20
-47.713154
10
-59.655278
20
72.286846
  0
ENDSEC
  0
SECTION
  2
OBJECTS
  0
DICTIONARY
  5
C
330
0
100
AcDbDictionary
  3
ACAD_GROUP
350
D
  3
ACAD_PLOTSTYLENAME
350
E
  3
ACAD_MLINESTYLE
350
17
  3
ACAD_PLOTSETTINGS
350
19
  3
ACAD_LAYOUT
350
1A
  3
ACDBHEADERROUNDTRIPXREC
350
2C
  0
DICTIONARY
  5
4E
330
1F
100
AcDbDictionary
280
     1
  3
ACAD_LAYOUTSELFREF
360
4F
  0
DICTIONARY
  5
4C
330
1B
100
AcDbDictionary
280
     1
  3
ACAD_LAYOUTSELFREF
360
4D
  0
DICTIONARY
  5
D
102
{ACAD_REACTORS
330
C
102
}
330
C
100
AcDbDictionary
  0
ACDBDICTIONARYWDFLT
  5
E
102
{ACAD_REACTORS
330
C
102
}
330
C
100
AcDbDictionary
281
     1
  3
Normal
350
F
100
AcDbDictionaryWithDefault
340
F
  0
DICTIONARY
  5
17
102
{ACAD_REACTORS
330
C
102
}
330
C
100
AcDbDictionary
  3
STANDARD
350
18
  0
DICTIONARY
  5
19
102
{ACAD_REACTORS
330
C
102
}
330
C
100
AcDbDictionary
  0
DICTIONARY
  5
1A
102
{ACAD_REACTORS
330
C
102
}
330
C
100
AcDbDictionary
  0
DICTIONARY
  5
2C
102
{ACAD_REACTORS
330
C
102
}
330
C
100
AcDbDictionary
  3
TSTACKALIGN
350
2D
  3
TSTACKSIZE
350
2E
  3
HYPERLINKBASE
350
2F
  3
STYLESHEET
350
30
  3
LAYOUTDICT
350
31
  3
PLOTSETDICT
350
32
  3
PLOTSTYLNAMDICT
350
33
  3
LWETCUNION
350
34
  3
INSUNITS
350
35
  3
CEPSNTYPE
350
36
  3
FINGERPRINTGUID
350
37
  3
VERSIONGUID
350
38
  3
PSVPSCALE
350
39
  3
PUCSORTHOREF
350
3A
  3
PUCSORTHOVIEW
350
3B
  3
PUCSBASE
350
3C
  3
PUCSORGTOP
350
3D
  3
PUCSORGBOTTOM
350
3E
  3
PUCSORGLEFT
350
3F
  3
PUCSORGRIGHT
350
40
  3
PUCSORGFRONT
350
41
  3
PUCSORGBACK
350
42
  3
UCSORTHOREF
350
43
  3
UCSORTHOVIEW
350
44
  3
UCSBASE
350
45
  3
UCSORGTOP
350
46
  3
UCSORGBOTTOM
350
47
  3
UCSORGLEFT
350
48
  3
UCSORGRIGHT
350
49
  3
UCSORGFRONT
350
4A
  3
UCSORGBACK
350
4B
  0
XRECORD
  5
4F
102
{ACAD_REACTORS
330
4E
102
}
330
4E
100
AcDbXrecord
340
1F
  0
XRECORD
  5
4D
102
{ACAD_REACTORS
330
4C
102
}
330
4C
100
AcDbXrecord
340
1B
  0
ACDBPLACEHOLDER
  5
F
102
{ACAD_REACTORS
330
E
102
}
330
E
100
AcDbPlaceHolder
280
     0
  0
MLINESTYLE
  5
18
102
{ACAD_REACTORS
330
17
102
}
330
17
100
AcDbMlineStyle
  2
STANDARD
 70
     0
  3

 62
   256
 51
90.0
 52
90.0
 71
     2
 49
0.5
 62
   256
  6
BYLAYER
 49
-0.5
 62
   256
  6
BYLAYER
  0
XRECORD
  5
2D
102
{ACAD_REACTORS
330
2C
102
}
330
2C
100
AcDbXrecord
 90
        1
  0
XRECORD
  5
2E
102
{ACAD_REACTORS
330
2C
102
}
330
2C
100
AcDbXrecord
 90
       70
  0
XRECORD
  5
2F
102
{ACAD_REACTORS
330
2C
102
}
330
2C
100
AcDbXrecord
  1

  0
XRECORD
  5
30
102
{ACAD_REACTORS
330
2C
102
}
330
2C
100
AcDbXrecord
  1

  0
XRECORD
  5
31
102
{ACAD_REACTORS
330
2C
102
}
330
2C
100
AcDbXrecord
340
1A
  0
XRECORD
  5
32
102
{ACAD_REACTORS
330
2C
102
}
330
2C
100
AcDbXrecord
340
19
  0
XRECORD
  5
33
102
{ACAD_REACTORS
330
2C
102
}
330
2C
100
AcDbXrecord
340
E
  0
XRECORD
  5
34
102
{ACAD_REACTORS
330
2C
102
}
330
2C
100
AcDbXrecord
 90
    10781
  0
XRECORD
  5
35
102
{ACAD_REACTORS
330
2C
102
}
330
2C
100
AcDbXrecord
 90
        1
  0
XRECORD
  5
36
102
{ACAD_REACTORS
330
2C
102
}
330
2C
100
AcDbXrecord
 90
        0
  0
XRECORD
  5
37
102
{ACAD_REACTORS
330
2C
102
}
330
2C
100
AcDbXrecord
  1
{52E71EDF-FFAA-4562-8346-3267B235A6A4}
  0
XRECORD
  5
38
102
{ACAD_REACTORS
330
2C
102
}
330
2C
100
AcDbXrecord
  1
{9F761B99-1ECE-458C-A54E-C2AD2766E43A}
  0
XRECORD
  5
39
102
{ACAD_REACTORS
330
2C
102
}
330
2C
100
AcDbXrecord
 40
0.0
  0
XRECORD
  5
3A
102
{ACAD_REACTORS
330
2C
102
}
330
2C
100
AcDbXrecord
340
0
  0
XRECORD
  5
3B
102
{ACAD_REACTORS
330
2C
102
}
330
2C
100
AcDbXrecord
 70
     0
  0
XRECORD
  5
3C
102
{ACAD_REACTORS
330
2C
102
}
330
2C
100
AcDbXrecord
340
0
  0
XRECORD
  5
3D
102
{ACAD_REACTORS
330
2C
102
}
330
2C
100
AcDbXrecord
 10
0.0
 20
0.0
 30
0.0
  0
XRECORD
  5
3E
102
{ACAD_REACTORS
330
2C
102
}
330
2C
100
AcDbXrecord
 10
0.0
 20
0.0
 30
0.0
  0
XRECORD
  5
3F
102
{ACAD_REACTORS
330
2C
102
}
330
2C
100
AcDbXrecord
 10
0.0
 20
0.0
 30
0.0
  0
XRECORD
  5
40
102
{ACAD_REACTORS
330
2C
102
}
330
2C
100
AcDbXrecord
 10
0.0
 20
0.0
 30
0.0
  0
XRECORD
  5
41
102
{ACAD_REACTORS
330
2C
102
}
330
2C
100
AcDbXrecord
 10
0.0
 20
0.0
 30
0.0
  0
XRECORD
  5
42
102
{ACAD_REACTORS
330
2C
102
}
330
2C
100
AcDbXrecord
 10
0.0
 20
0.0
 30
0.0
  0
XRECORD
  5
43
102
{ACAD_REACTORS
330
2C
102
}
330
2C
100
AcDbXrecord
340
0
  0
XRECORD
  5
44
102
{ACAD_REACTORS
330
2C
102
}
330
2C
100
AcDbXrecord
 70
     0
  0
XRECORD
  5
45
102
{ACAD_REACTORS
330
2C
102
}
330
2C
100
AcDbXrecord
340
0
  0
XRECORD
  5
46
102
{ACAD_REACTORS
330
2C
102
}
330
2C
100
AcDbXrecord
 10
0.0
 20
0.0
 30
0.0
  0
XRECORD
  5
47
102
{ACAD_REACTORS
330
2C
102
}
330
2C
100
AcDbXrecord
 10
0.0
 20
0.0
 30
0.0
  0
XRECORD
  5
48
102
{ACAD_REACTORS
330
2C
102
}
330
2C
100
AcDbXrecord
 10
0.0
 20
0.0
 30
0.0
  0
XRECORD
  5
49
102
{ACAD_REACTORS
330
2C
102
}
330
2C
100
AcDbXrecord
 10
0.0
 20
0.0
 30
0.0
  0
XRECORD
  5
4A
102
{ACAD_REACTORS
330
2C
102
}
330
2C
100
AcDbXrecord
 10
0.0
 20
0.0
 30
0.0
  0
XRECORD
  5
4B
102
{ACAD_REACTORS
330
2C
102
}
330
2C
100
AcDbXrecord
 10
0.0
 20
0.0
 30
0.0
  0
ENDSEC
  0
EOF
